Application,ProcessID,SwapChainAddress,PresentRuntime,SyncInterval,PresentFlags,AllowsTearing,PresentMode,TimeInMs,MsBetweenSimulationStart,MsBetweenPresents,MsBetweenDisplayChange,MsInPresentAPI,MsRenderPresentLatency,MsUntilDisplayed,CPUStartTimeInMs,MsBetweenAppStart,MsCPUBusy,MsCPUWait,MsGPULatency,MsGPUTime,MsGPUBusy,MsGPUWait,MsAnimationError,AnimationTime,MsFlipDelay,MsAllInputToPhotonLatency,MsClickToPhotonLatency
ZoomTracks.exe,30812,0x1C47021CD80,DXGI,0,512,0,Composed: Flip,3736.6358,NA,24.86940000000000,16.65230000000000,0.99370000000000,2.06670000000000,13.0745,3712.6496,24.9799,23.9862,0.9937,24.4091,1.6438,1.6357,0.0081,NA,3712.6496,NA,NA,NA
ZoomTracks.exe,30812,0x1C47021CD80,DXGI,0,512,0,Composed: Flip,3810.6636,NA,74.02780000000000,75.04750000000000,0.81840000000000,0.82200000000000,14.0942,3737.6295,73.8525,73.0341,0.8184,72.6548,1.2013,0.4824,0.7189,-50.0676,3737.6295,NA,NA,NA
ZoomTracks.exe,30812,0x1C47021CD80,DXGI,0,512,1,Hardware: Independent Flip,3814.9525,NA,4.28890000000000,8.30180000000000,6.23420000000000,6.34520000000000,18.1071,3811.4820,9.7047,3.4705,6.2342,3.4543,6.3614,0.5296,5.8318,65.5507,3811.4820,NA,NA,NA
ZoomTracks.exe,30812,0x1C47021CD80,DXGI,0,512,1,Hardware: Independent Flip,3952.5993,NA,137.64680000000001,120.17520000000000,0.33360000000000,0.53600000000000,0.6355,3821.1867,131.7462,131.4126,0.3336,126.7032,5.2454,0.8473,4.3981,-110.4705,3821.1867,NA,NA,NA
ZoomTracks.exe,30812,0x1C47021CD80,DXGI,0,512,1,Hardware: Independent Flip,3955.0317,NA,2.43240000000000,39.03540000000000,7.94040000000000,8.13000000000000,37.2385,3952.9329,10.0392,2.0988,7.9404,0.2024,10.0264,0.7434,9.2830,92.7108,3952.9329,NA,NA,NA
ZoomTracks.exe,30812,0x1C47021CD80,DXGI,0,512,1,Hardware: Independent Flip,3963.2072,NA,8.17550000000000,0.40130000000000,9.69280000000000,29.39090000000000,29.4643,3962.9721,9.9279,0.2351,9.6928,0.1896,29.4364,29.4050,0.0314,9.6379,3962.9721,NA,NA,NA
ZoomTracks.exe,30812,0x1C47021CD80,DXGI,0,512,1,Hardware: Independent Flip,3995.3637,NA,32.15650000000000,3.19880000000000,0.18620000000000,0.42660000000000,0.5066,3972.9000,22.6499,22.4637,0.1862,19.6981,3.1922,0.4482,2.7440,6.7291,3972.9000,NA,NA,NA
ZoomTracks.exe,30812,0x1C47021CD80,DXGI,0,512,1,Hardware: Independent Flip,3995.6950,NA,0.33130000000000,13.25180000000000,9.87490000000000,13.28550000000000,13.4271,3995.5499,10.0200,0.1451,9.8749,0.2404,13.1902,3.6497,9.5405,9.3981,3995.5499,NA,NA,NA
ZoomTracks.exe,30812,0x1C47021CD80,DXGI,0,512,1,Hardware: Independent Flip,4005.7361,NA,10.04110000000000,6.95020000000000,10.07730000000000,10.25820000000000,10.3362,4005.5699,10.2435,0.1662,10.0773,3.4106,7.0138,0.4336,6.5802,3.0698,4005.5699,NA,NA,NA
ZoomTracks.exe,30812,0x1C47021CD80,DXGI,0,512,1,Hardware: Independent Flip,4016.1077,NA,10.37160000000000,12.81430000000000,9.63130000000000,12.76690000000000,12.7789,4015.8134,9.9256,0.2943,9.6313,0.1809,12.8803,3.7167,9.1636,-2.5708,4015.8134,NA,NA,NA
ZoomTracks.exe,30812,0x1C47021CD80,DXGI,0,512,1,Hardware: Independent Flip,4026.1062,NA,9.99850000000000,7.10210000000000,9.58320000000000,9.78570000000000,9.8825,4025.7390,9.9504,0.3672,9.5832,3.1356,7.0173,0.3821,6.6352,2.8235,4025.7390,NA,NA,NA
ZoomTracks.exe,30812,0x1C47021CD80,DXGI,0,512,1,Hardware: Independent Flip,4036.4883,NA,10.38210000000000,11.96750000000000,9.30290000000000,11.45490000000000,11.4679,4035.6894,10.1018,0.7989,9.3029,0.2025,12.0513,2.8821,9.1692,-2.0171,4035.6894,NA,NA,NA
ZoomTracks.exe,30812,0x1C47021CD80,DXGI,0,512,1,Hardware: Independent Flip,4046.0208,NA,9.53250000000000,9.51370000000000,9.63010000000000,9.78470000000000,11.4491,4045.7912,9.8597,0.2296,9.6301,2.1520,7.8623,0.3140,7.5483,0.5881,4045.7912,NA,NA,NA
ZoomTracks.exe,30812,0x1C47021CD80,DXGI,0,512,1,Hardware: Independent Flip,4056.0191,NA,9.99830000000000,11.20390000000000,9.59270000000000,12.64670000000000,12.6547,4055.6509,9.9609,0.3682,9.5927,0.1546,12.8603,3.5630,9.2973,-1.3442,4055.6509,NA,NA,NA
ZoomTracks.exe,30812,0x1C47021CD80,DXGI,0,512,1,Hardware: Independent Flip,4065.7660,NA,9.74690000000000,9.35300000000000,9.89440000000000,9.99170000000000,12.2608,4065.6118,10.0486,0.1542,9.8944,3.0540,7.0919,0.2856,6.8063,0.6079,4065.6118,NA,NA,NA
ZoomTracks.exe,30812,0x1C47021CD80,DXGI,0,512,1,Hardware: Independent Flip,4075.8704,NA,10.10440000000000,10.85300000000000,9.70620000000000,13.00270000000000,13.0094,4075.6604,9.9162,0.2100,9.7062,0.0973,13.1154,3.7624,9.3530,-0.8044,4075.6604,NA,NA,NA
ZoomTracks.exe,30812,0x1C47021CD80,DXGI,0,512,1,Hardware: Independent Flip,4085.7474,NA,9.87700000000000,9.89800000000000,9.81330000000000,9.97510000000000,13.0304,4085.5766,9.9841,0.1708,9.8133,3.2965,6.8494,0.3040,6.5454,0.0182,4085.5766,NA,NA,NA
ZoomTracks.exe,30812,0x1C47021CD80,DXGI,0,512,1,Hardware: Independent Flip,4095.7634,NA,10.01600000000000,10.09170000000000,9.81180000000000,13.09840000000000,13.1061,4095.5607,10.0145,0.2027,9.8118,0.1618,13.1393,3.6088,9.5305,-0.1076,4095.5607,NA,NA,NA
ZoomTracks.exe,30812,0x1C47021CD80,DXGI,0,512,1,Hardware: Independent Flip,4105.7497,NA,9.98630000000000,9.97600000000000,9.81660000000000,10.03680000000000,13.0958,4105.5752,9.9911,0.1745,9.8166,3.2866,6.9247,0.3261,6.5986,0.0385,4105.5752,NA,NA,NA
ZoomTracks.exe,30812,0x1C47021CD80,DXGI,0,512,1,Hardware: Independent Flip,4115.7987,NA,10.04900000000000,9.99920000000000,9.75860000000000,13.03880000000000,13.0460,4115.5663,9.9910,0.2324,9.7586,0.2202,13.0510,3.5914,9.4596,-0.0081,4115.5663,NA,NA,NA
ZoomTracks.exe,30812,0x1C47021CD80,DXGI,0,512,1,Hardware: Independent Flip,4125.7197,NA,9.92100000000000,10.00670000000000,9.87040000000000,10.06830000000000,13.1317,4125.5573,10.0328,0.1624,9.8704,3.2802,6.9505,0.5140,6.4365,-0.0157,4125.5573,NA,NA,NA
ZoomTracks.exe,30812,0x1C47021CD80,DXGI,0,512,1,Hardware: Independent Flip,4135.8476,NA,10.12790000000000,10.01390000000000,9.72330000000000,13.00110000000000,13.0177,4135.5901,9.9808,0.2575,9.7233,0.1979,13.0607,3.6996,9.3611,0.0189,4135.5901,NA,NA,NA
ZoomTracks.exe,30812,0x1C47021CD80,DXGI,0,512,1,Hardware: Independent Flip,4145.7097,NA,9.86210000000000,9.94040000000000,9.85750000000000,10.03580000000000,13.0960,4145.5709,9.9963,0.1388,9.8575,3.2778,6.8968,0.2765,6.6203,0.0404,4145.5709,NA,NA,NA
ZoomTracks.exe,30812,0x1C47021CD80,DXGI,0,512,1,Hardware: Independent Flip,4155.7918,NA,10.08210000000000,10.07860000000000,9.76910000000000,13.08540000000000,13.0925,4155.5672,9.9937,0.2246,9.7691,0.1783,13.1317,3.7502,9.3815,-0.0823,4155.5672,NA,NA,NA
ZoomTracks.exe,30812,0x1C47021CD80,DXGI,0,512,1,Hardware: Independent Flip,4165.7149,NA,9.92310000000000,9.97650000000000,9.85080000000000,10.08600000000000,13.1459,4165.5609,10.0048,0.1540,9.8508,3.3163,6.9237,0.3792,6.5445,0.0172,4165.5609,NA,NA,NA
ZoomTracks.exe,30812,0x1C47021CD80,DXGI,0,512,1,Hardware: Independent Flip,4175.7111,NA,9.99620000000000,10.00380000000000,9.84500000000000,13.14690000000000,13.1535,4175.5657,9.9904,0.1454,9.8450,0.2352,13.0571,3.5403,9.5168,0.0010,4175.5657,NA,NA,NA
ZoomTracks.exe,30812,0x1C47021CD80,DXGI,0,512,1,Hardware: Independent Flip,4185.7102,NA,9.99910000000000,9.93950000000000,9.86050000000000,10.02580000000000,13.0939,4185.5561,10.0146,0.1541,9.8605,3.3019,6.8780,0.3137,6.5643,0.0509,4185.5561,NA,NA,NA
ZoomTracks.exe,30812,0x1C47021CD80,DXGI,0,512,1,Hardware: Independent Flip,4195.7633,NA,10.05310000000000,10.16030000000000,9.96900000000000,13.19300000000000,13.2011,4195.5707,10.1616,0.1926,9.9690,0.1653,13.2203,3.7154,9.5049,-0.1457,4195.5707,NA,NA,NA
ZoomTracks.exe,30812,0x1C47021CD80,DXGI,0,512,1,Hardware: Independent Flip,4205.8779,NA,10.11460000000000,9.88330000000000,9.67960000000000,9.89980000000000,12.9698,4205.7323,9.8252,0.1456,9.6796,3.2240,6.8214,0.3068,6.5146,0.2783,4205.7323,NA,NA,NA
ZoomTracks.exe,30812,0x1C47021CD80,DXGI,0,512,1,Hardware: Independent Flip,4215.7125,NA,9.83460000000000,7.03330000000000,9.84760000000000,10.07840000000000,10.1685,4215.5575,10.0026,0.1550,9.8476,0.2202,10.0132,0.4572,9.5560,2.7919,4215.5575,NA,NA,NA
ZoomTracks.exe,30812,0x1C47021CD80,DXGI,0,512,1,Hardware: Independent Flip,4225.7187,NA,10.00620000000000,13.10570000000000,10.16650000000000,10.23530000000000,13.2680,4225.5601,10.3251,0.1586,10.1665,0.2308,10.1631,0.4766,9.6865,-3.1031,4225.5601,NA,NA,NA
ZoomTracks.exe,30812,0x1C47021CD80,DXGI,0,512,1,Hardware: Independent Flip,4236.1013,NA,10.38260000000000,6.93010000000000,9.48340000000000,9.75250000000000,9.8155,4235.8852,9.6995,0.2161,9.4834,0.0688,9.8998,0.7550,9.1448,3.3950,4235.8852,NA,NA,NA
ZoomTracks.exe,30812,0x1C47021CD80,DXGI,0,512,1,Hardware: Independent Flip,4245.7337,NA,9.63240000000000,12.17910000000000,9.87100000000000,10.05950000000000,12.3622,4245.5847,10.0200,0.1490,9.8710,0.2691,9.9394,0.4083,9.5311,-2.4796,4245.5847,NA,22.6972,22.6972
ZoomTracks.exe,30812,0x1C47021CD80,DXGI,0,512,1,Hardware: Independent Flip,4255.8320,NA,10.09830000000000,7.80530000000000,9.72840000000000,9.99980000000000,10.0692,4255.6047,9.9557,0.2273,9.7284,0.1885,10.0386,0.7363,9.3023,2.2147,4255.6047,NA,NA,NA
ZoomTracks.exe,30812,0x1C47021CD80,DXGI,0,512,1,Hardware: Independent Flip,4265.7081,NA,9.87610000000000,10.93620000000000,9.85830000000000,10.05000000000000,11.1293,4265.5604,10.0060,0.1477,9.8583,0.2714,9.9263,0.3805,9.5458,-0.9805,4265.5604,NA,27.4816,27.4816
ZoomTracks.exe,30812,0x1C47021CD80,DXGI,0,512,1,Hardware: Independent Flip,4275.7890,NA,10.08090000000000,9.14630000000000,9.76790000000000,10.18600000000000,10.1947,4275.5664,9.9905,0.2226,9.7679,0.1917,10.2169,0.7859,9.4310,0.8597,4275.5664,NA,NA,NA
ZoomTracks.exe,30812,0x1C47021CD80,DXGI,0,512,1,Hardware: Independent Flip,4285.7059,NA,9.91690000000000,9.84900000000000,9.84950000000000,10.10490000000000,10.1268,4285.5569,9.9985,0.1490,9.8495,0.4181,9.8358,0.3398,9.4960,0.1415,4285.5569,NA,NA,NA
ZoomTracks.exe,30812,0x1C47021CD80,DXGI,0,512,1,Hardware: Independent Flip,4295.6804,NA,9.97450000000000,10.42250000000000,9.87490000000000,10.15070000000000,10.5748,4295.5554,9.9999,0.1250,9.8749,0.2554,10.0203,0.6617,9.3586,-0.4240,4295.5554,NA,NA,NA
ZoomTracks.exe,30812,0x1C47021CD80,DXGI,0,512,1,Hardware: Independent Flip,4305.7031,NA,10.02270000000000,9.58240000000000,9.88630000000000,10.11380000000000,10.1345,4305.5553,10.0341,0.1478,9.8863,0.2758,9.9858,0.4438,9.5420,0.4175,4305.5553,NA,NA,NA
ZoomTracks.exe,30812,0x1C47021CD80,DXGI,0,512,1,Hardware: Independent Flip,4315.8682,NA,10.16510000000000,10.11750000000000,9.69260000000000,9.97680000000000,10.0869,4315.5894,9.9714,0.2788,9.6926,0.2275,10.0281,0.6871,9.3410,-0.0834,4315.5894,NA,NA,NA
ZoomTracks.exe,30812,0x1C47021CD80,DXGI,0,512,1,Hardware: Independent Flip,4325.7195,NA,9.85130000000000,9.95280000000000,9.85100000000000,10.09600000000000,10.1884,4325.5608,10.0097,0.1587,9.8510,0.2842,9.9705,0.4380,9.5325,0.0186,4325.5608,NA,23.5344,23.5344
ZoomTracks.exe,30812,0x1C47021CD80,DXGI,0,512,1,Hardware: Independent Flip,4335.7096,NA,9.99010000000000,10.01270000000000,9.87290000000000,10.20200000000000,10.2110,4335.5705,10.0120,0.1391,9.8729,0.2450,10.0961,0.5820,9.5141,-0.0030,4335.5705,NA,NA,NA
ZoomTracks.exe,30812,0x1C47021CD80,DXGI,0,512,1,Hardware: Independent Flip,4345.7627,NA,10.05310000000000,9.92530000000000,9.78860000000000,9.99530000000000,10.0832,4345.5825,9.9688,0.1802,9.7886,0.3291,9.8464,0.3558,9.4906,0.0867,4345.5825,NA,NA,NA
ZoomTracks.exe,30812,0x1C47021CD80,DXGI,0,512,1,Hardware: Independent Flip,4355.8794,NA,10.11670000000000,10.02800000000000,9.68710000000000,9.98600000000000,9.9945,4355.5513,10.0152,0.3281,9.6871,0.2067,10.1074,0.7023,9.4051,-0.0592,4355.5513,NA,NA,NA
ZoomTracks.exe,30812,0x1C47021CD80,DXGI,0,512,1,Hardware: Independent Flip,4365.7198,NA,9.84040000000000,10.11270000000000,9.84460000000000,10.11070000000000,10.2668,4365.5665,9.9979,0.1533,9.8446,0.2989,9.9651,0.4318,9.5333,-0.0975,4365.5665,NA,NA,NA
ZoomTracks.exe,30812,0x1C47021CD80,DXGI,0,512,1,Hardware: Independent Flip,4375.7105,NA,9.99070000000000,9.94630000000000,9.84540000000000,10.20900000000000,10.2224,4375.5644,9.9915,0.1461,9.8454,0.2661,10.0890,0.5924,9.4966,0.0516,4375.5644,NA,28.5674,28.5674
ZoomTracks.exe,30812,0x1C47021CD80,DXGI,0,512,1,Hardware: Independent Flip,4385.7225,NA,10.01200000000000,9.94770000000000,9.84050000000000,10.05370000000000,10.1581,4385.5559,10.0071,0.1666,9.8405,0.3636,9.8567,0.4028,9.4539,0.0438,4385.5559,NA,NA,NA
ZoomTracks.exe,30812,0x1C47021CD80,DXGI,0,512,1,Hardware: Independent Flip,4395.6930,NA,9.97050000000000,10.00740000000000,9.94430000000000,10.17630000000000,10.1950,4395.5630,10.0743,0.1300,9.9443,0.2132,10.0931,0.6474,9.4457,-0.0003,4395.5630,NA,NA,NA
ZoomTracks.exe,30812,0x1C47021CD80,DXGI,0,512,1,Hardware: Independent Flip,4405.9183,NA,10.22530000000000,10.01160000000000,9.65230000000000,9.95610000000000,9.9813,4405.6373,9.9333,0.2810,9.6523,0.2320,10.0051,0.7333,9.2718,0.0627,4405.6373,NA,10.5348,10.5348
ZoomTracks.exe,30812,0x1C47021CD80,DXGI,0,512,1,Hardware: Independent Flip,4415.9090,NA,9.99070000000000,9.97940000000000,9.65230000000000,9.94770000000000,9.9700,4415.5706,9.9907,0.3384,9.6523,0.3038,9.9823,0.7046,9.2777,-0.0461,4415.5706,NA,NA,NA
ZoomTracks.exe,30812,0x1C47021CD80,DXGI,0,512,1,Hardware: Independent Flip,4425.7054,NA,9.79640000000000,9.93970000000000,9.84790000000000,10.05300000000000,10.1133,4425.5613,9.9920,0.1441,9.8479,0.2954,9.9017,0.4018,9.4999,0.0510,4425.5613,NA,25.4250,25.4250
ZoomTracks.exe,30812,0x1C47021CD80,DXGI,0,512,1,Hardware: Independent Flip,4435.7883,NA,10.08290000000000,10.06190000000000,9.77500000000000,10.07040000000000,10.0923,4435.5533,10.0100,0.2350,9.7750,0.2051,10.1003,0.6543,9.4460,-0.0699,4435.5533,NA,NA,NA
ZoomTracks.exe,30812,0x1C47021CD80,DXGI,0,512,1,Hardware: Independent Flip,4445.8957,NA,10.10740000000000,10.00140000000000,9.67420000000000,9.86740000000000,9.9863,4445.5633,10.0066,0.3324,9.6742,0.2954,9.9044,0.6107,9.2937,0.0086,4445.5633,NA,NA,NA
ZoomTracks.exe,30812,0x1C47021CD80,DXGI,0,512,1,Hardware: Independent Flip,4455.7910,NA,9.89530000000000,9.95180000000000,9.76420000000000,10.03540000000000,10.0428,4455.5699,9.9853,0.2211,9.7642,0.1932,10.0633,0.5892,9.4741,0.0548,4455.5699,NA,NA,NA
ZoomTracks.exe,30812,0x1C47021CD80,DXGI,0,512,1,Hardware: Independent Flip,4465.6822,NA,9.89120000000000,10.07090000000000,9.88190000000000,10.21120000000000,10.2225,4465.5552,10.0089,0.1270,9.8819,0.2712,10.0670,0.5122,9.5548,-0.0856,4465.5552,NA,NA,NA
ZoomTracks.exe,30812,0x1C47021CD80,DXGI,0,512,1,Hardware: Independent Flip,4475.6910,NA,10.00880000000000,9.92760000000000,9.88030000000000,10.12110000000000,10.1413,4475.5641,10.0072,0.1269,9.8803,0.3293,9.9187,0.4523,9.4664,0.0813,4475.5641,NA,NA,NA
ZoomTracks.exe,30812,0x1C47021CD80,DXGI,0,512,1,Hardware: Independent Flip,4485.8603,NA,10.16930000000000,9.96350000000000,9.68630000000000,9.91530000000000,9.9355,4485.5713,9.9753,0.2890,9.6863,0.2408,9.9635,0.6082,9.3553,0.0437,4485.5713,NA,NA,NA
ZoomTracks.exe,30812,0x1C47021CD80,DXGI,0,512,1,Hardware: Independent Flip,4495.8215,NA,9.96120000000000,10.05510000000000,9.74320000000000,10.02050000000000,10.0294,4495.5466,10.0181,0.2749,9.7432,0.2290,10.0664,0.6943,9.3721,-0.0798,4495.5466,NA,NA,NA
ZoomTracks.exe,30812,0x1C47021CD80,DXGI,0,512,1,Hardware: Independent Flip,4505.6898,NA,9.86830000000000,9.98600000000000,9.87790000000000,10.13970000000000,10.1471,4505.5647,10.0030,0.1251,9.8779,0.2773,9.9875,0.4477,9.5398,0.0321,4505.5647,NA,24.4522,24.4522
ZoomTracks.exe,30812,0x1C47021CD80,DXGI,0,512,1,Hardware: Independent Flip,4515.7035,NA,10.01370000000000,10.07120000000000,9.87620000000000,10.17840000000000,10.2046,4515.5677,10.0120,0.1358,9.8762,0.2618,10.0524,0.4879,9.5645,-0.0682,4515.5677,NA,NA,NA
ZoomTracks.exe,30812,0x1C47021CD80,DXGI,0,512,1,Hardware: Independent Flip,4525.9320,NA,10.22850000000000,9.97750000000000,9.64140000000000,9.93040000000000,9.9536,4525.5797,9.9937,0.3523,9.6414,0.3022,9.9805,0.7192,9.2613,0.0345,4525.5797,NA,NA,NA
ZoomTracks.exe,30812,0x1C47021CD80,DXGI,0,512,1,Hardware: Independent Flip,4535.9178,NA,9.98580000000000,9.96450000000000,9.63560000000000,9.92330000000000,9.9323,4535.5734,9.9800,0.3444,9.6356,0.2890,9.9787,0.6824,9.2963,0.0292,4535.5734,NA,NA,NA
ZoomTracks.exe,30812,0x1C47021CD80,DXGI,0,512,1,Hardware: Independent Flip,4545.6827,NA,9.76490000000000,10.03290000000000,9.88260000000000,10.07720000000000,10.2003,4545.5534,10.0119,0.1293,9.8826,0.2877,9.9188,0.3886,9.5302,-0.0529,4545.5534,NA,NA,NA
ZoomTracks.exe,30812,0x1C47021CD80,DXGI,0,512,1,Hardware: Independent Flip,4555.8060,NA,10.12330000000000,9.95250000000000,9.75450000000000,10.02150000000000,10.0295,4555.5653,9.9952,0.2407,9.7545,0.1946,10.0676,0.6749,9.3927,0.0594,4555.5653,NA,NA,NA
ZoomTracks.exe,30812,0x1C47021CD80,DXGI,0,512,1,Hardware: Independent Flip,4565.8678,NA,10.06180000000000,10.09010000000000,9.75520000000000,9.92670000000000,10.0578,4565.5605,10.0625,0.3073,9.7552,0.2670,9.9670,0.6452,9.3218,-0.0949,4565.5605,NA,23.5168,23.5168
ZoomTracks.exe,30812,0x1C47021CD80,DXGI,0,512,1,Hardware: Independent Flip,4575.8379,NA,9.97010000000000,9.88290000000000,9.72460000000000,9.95180000000000,9.9706,4575.6230,9.9395,0.2149,9.7246,0.1715,9.9952,0.6515,9.3437,0.1796,4575.6230,NA,NA,NA
ZoomTracks.exe,30812,0x1C47021CD80,DXGI,0,512,1,Hardware: Independent Flip,4585.8439,NA,10.00600000000000,10.13890000000000,9.76340000000000,10.08230000000000,10.1035,4585.5625,10.0448,0.2814,9.7634,0.2272,10.1365,0.7749,9.3616,-0.1994,4585.5625,NA,20.5874,20.5874
ZoomTracks.exe,30812,0x1C47021CD80,DXGI,0,512,1,Hardware: Independent Flip,4595.9724,NA,10.12850000000000,10.02910000000000,9.61640000000000,9.85980000000000,10.0041,4595.6073,9.9815,0.3651,9.6164,0.3189,9.9060,0.6720,9.2340,0.0157,4595.6073,NA,NA,NA
ZoomTracks.exe,30812,0x1C47021CD80,DXGI,0,512,1,Hardware: Independent Flip,4605.8594,NA,9.88700000000000,9.89900000000000,9.70590000000000,9.99110000000000,10.0161,4605.5888,9.9765,0.2706,9.7059,0.2434,10.0183,0.6973,9.3210,0.0825,4605.5888,NA,NA,NA
ZoomTracks.exe,30812,0x1C47021CD80,DXGI,0,512,1,Hardware: Independent Flip,4615.8752,NA,10.01580000000000,10.12840000000000,9.71890000000000,10.10290000000000,10.1287,4615.5653,10.0288,0.3099,9.7189,0.2852,10.1276,0.8073,9.3203,-0.1519,4615.5653,NA,NA,NA
ZoomTracks.exe,30812,0x1C47021CD80,DXGI,0,512,1,Hardware: Independent Flip,4626.0262,NA,10.15100000000000,9.88040000000000,9.55250000000000,9.83560000000000,9.8581,4625.5941,9.9846,0.4321,9.5525,0.3840,9.8837,0.7126,9.1711,0.1484,4625.5941,NA,NA,NA
ZoomTracks.exe,30812,0x1C47021CD80,DXGI,0,512,1,Hardware: Independent Flip,4635.9089,NA,9.88270000000000,9.95940000000000,9.79550000000000,9.92070000000000,9.9348,4635.5787,10.1257,0.3302,9.7955,0.2831,9.9678,0.6747,9.2931,0.0252,4635.5787,NA,NA,NA
ZoomTracks.exe,30812,0x1C47021CD80,DXGI,0,512,1,Hardware: Independent Flip,4645.9767,NA,10.06780000000000,10.02910000000000,9.58580000000000,9.80730000000000,9.8961,4645.7044,9.8581,0.2723,9.5858,0.1252,9.9544,0.6999,9.2545,0.0966,4645.7044,NA,10.4921,10.4921
ZoomTracks.exe,30812,0x1C47021CD80,DXGI,0,512,1,Hardware: Independent Flip,4655.6935,NA,9.71680000000000,9.98180000000000,9.87130000000000,10.15190000000000,10.1611,4655.5625,10.0023,0.1310,9.8713,0.2215,10.0614,0.5154,9.5460,-0.1237,4655.5625,NA,NA,NA
ZoomTracks.exe,30812,0x1C47021CD80,DXGI,0,512,1,Hardware: Independent Flip,4665.8863,NA,10.19280000000000,10.19400000000000,9.69470000000000,10.15410000000000,10.1623,4665.5648,10.0162,0.3215,9.6947,0.2806,10.1950,0.9030,9.2920,-0.1917,4665.5648,NA,NA,NA
ZoomTracks.exe,30812,0x1C47021CD80,DXGI,0,512,1,Hardware: Independent Flip,4675.7382,NA,9.85190000000000,9.92130000000000,9.86790000000000,10.10770000000000,10.2317,4675.5810,10.0251,0.1572,9.8679,0.4594,9.8055,0.3733,9.4322,0.0949,4675.5810,NA,NA,NA
ZoomTracks.exe,30812,0x1C47021CD80,DXGI,0,512,1,Hardware: Independent Flip,4686.0000,NA,10.26180000000000,10.07450000000000,9.59100000000000,10.03520000000000,10.0444,4685.6061,9.9849,0.3939,9.5910,0.2398,10.1893,0.9769,9.2124,-0.0494,4685.6061,NA,NA,NA
ZoomTracks.exe,30812,0x1C47021CD80,DXGI,0,512,1,Hardware: Independent Flip,4695.7503,NA,9.75030000000000,9.94990000000000,9.83410000000000,10.05710000000000,10.2440,4695.5910,9.9934,0.1593,9.8341,0.4442,9.7722,0.3459,9.4263,0.0350,4695.5910,NA,NA,NA
ZoomTracks.exe,30812,0x1C47021CD80,DXGI,0,512,1,Hardware: Independent Flip,4705.8485,NA,10.09820000000000,10.00390000000000,9.81330000000000,10.10820000000000,10.1497,4705.5844,10.0774,0.2641,9.8133,0.2230,10.1493,0.8001,9.3492,-0.0105,4705.5844,NA,NA,NA
ZoomTracks.exe,30812,0x1C47021CD80,DXGI,0,512,1,Hardware: Independent Flip,4715.8030,NA,9.95450000000000,10.04190000000000,9.77460000000000,10.02080000000000,10.2371,4715.6618,9.9158,0.1412,9.7746,0.2949,9.8671,0.6980,9.1691,0.0355,4715.6618,NA,NA,NA
ZoomTracks.exe,30812,0x1C47021CD80,DXGI,0,512,1,Hardware: Independent Flip,4725.7143,NA,9.91130000000000,9.96910000000000,9.86500000000000,10.28750000000000,10.2949,4725.5776,10.0017,0.1367,9.8650,0.2462,10.1780,0.8486,9.3294,-0.0533,4725.5776,NA,20.6235,20.6235
ZoomTracks.exe,30812,0x1C47021CD80,DXGI,0,512,1,Hardware: Independent Flip,4735.7406,NA,10.02630000000000,9.96830000000000,9.84780000000000,10.07520000000000,10.2369,4735.5793,10.0091,0.1613,9.8478,0.4225,9.8140,0.3509,9.4631,0.0334,4735.5793,NA,NA,NA
ZoomTracks.exe,30812,0x1C47021CD80,DXGI,0,512,1,Hardware: Independent Flip,4745.8417,NA,10.10110000000000,9.98360000000000,9.73470000000000,10.10950000000000,10.1194,4745.5884,9.9880,0.2533,9.7347,0.2274,10.1354,0.8071,9.3283,0.0255,4745.5884,NA,NA,NA
ZoomTracks.exe,30812,0x1C47021CD80,DXGI,0,512,1,Hardware: Independent Flip,4755.7135,NA,9.87180000000000,9.95670000000000,9.83880000000000,10.03550000000000,10.2043,4755.5764,9.9759,0.1371,9.8388,0.3748,9.7978,0.3601,9.4377,0.0313,4755.5764,NA,NA,NA
ZoomTracks.exe,30812,0x1C47021CD80,DXGI,0,512,1,Hardware: Independent Flip,4765.7883,NA,10.07480000000000,10.17200000000000,9.79470000000000,10.29290000000000,10.3015,4765.5523,10.0307,0.2360,9.7947,0.1967,10.3322,0.8898,9.4424,-0.1961,4765.5523,NA,NA,NA
ZoomTracks.exe,30812,0x1C47021CD80,DXGI,0,512,1,Hardware: Independent Flip,4775.7497,NA,9.96140000000000,9.96310000000000,9.82430000000000,10.06990000000000,10.3032,4775.5830,9.9910,0.1667,9.8243,0.4982,9.7384,0.3674,9.3710,0.0676,4775.5830,NA,NA,NA
ZoomTracks.exe,30812,0x1C47021CD80,DXGI,0,512,1,Hardware: Independent Flip,4785.8449,NA,10.09520000000000,9.91490000000000,9.74080000000000,10.11550000000000,10.1229,4785.5740,10.0117,0.2709,9.7408,0.2456,10.1408,0.7940,9.3468,0.0761,4785.5740,NA,NA,NA
ZoomTracks.exe,30812,0x1C47021CD80,DXGI,0,512,1,Hardware: Independent Flip,4795.7416,NA,9.89670000000000,9.99440000000000,9.84190000000000,10.03750000000000,10.2206,4795.5857,9.9978,0.1559,9.8419,0.3747,9.8187,0.3707,9.4480,0.0173,4795.5857,NA,NA,NA
ZoomTracks.exe,30812,0x1C47021CD80,DXGI,0,512,1,Hardware: Independent Flip,4805.8041,NA,10.06250000000000,10.04090000000000,9.78010000000000,10.18540000000000,10.1990,4805.5835,10.0007,0.2206,9.7801,0.1956,10.2104,0.7877,9.4227,-0.0431,4805.5835,NA,27.6282,27.6282
ZoomTracks.exe,30812,0x1C47021CD80,DXGI,0,512,1,Hardware: Independent Flip,4816.0266,NA,10.22250000000000,9.98180000000000,9.55510000000000,9.78220000000000,9.9583,4815.5842,9.9975,0.4424,9.5551,0.4053,9.8193,0.6833,9.1360,0.0189,4815.5842,NA,NA,NA
ZoomTracks.exe,30812,0x1C47021CD80,DXGI,0,512,1,Hardware: Independent Flip,4825.8706,NA,9.84400000000000,9.95810000000000,9.70920000000000,10.06430000000000,10.0724,4825.5817,9.9981,0.2889,9.7092,0.2271,10.1261,0.7951,9.3310,0.0394,4825.5817,NA,NA,NA
ZoomTracks.exe,30812,0x1C47021CD80,DXGI,0,512,1,Hardware: Independent Flip,4835.7103,NA,9.83970000000000,10.02900000000000,9.87660000000000,10.09690000000000,10.2617,4835.5798,10.0071,0.1305,9.8766,0.3551,9.8723,0.4097,9.4626,-0.0309,4835.5798,NA,NA,NA
ZoomTracks.exe,30812,0x1C47021CD80,DXGI,0,512,1,Hardware: Independent Flip,4845.8525,NA,10.14220000000000,9.96790000000000,9.72290000000000,10.07930000000000,10.0874,4845.5869,9.9885,0.2656,9.7229,0.2203,10.1246,0.7788,9.3458,0.0392,4845.5869,NA,NA,NA
ZoomTracks.exe,30812,0x1C47021CD80,DXGI,0,512,1,Hardware: Independent Flip,4855.7467,NA,9.89420000000000,9.96750000000000,9.80010000000000,10.01090000000000,10.1607,4855.5754,9.9714,0.1713,9.8001,0.3564,9.8258,0.3612,9.4646,0.0210,4855.5754,NA,NA,NA
ZoomTracks.exe,30812,0x1C47021CD80,DXGI,0,512,1,Hardware: Independent Flip,4865.6860,NA,9.93930000000000,9.98020000000000,9.90630000000000,10.18270000000000,10.2016,4865.5468,10.0455,0.1392,9.9063,0.2108,10.1111,0.5532,9.5579,-0.0088,4865.5468,NA,NA,NA
ZoomTracks.exe,30812,0x1C47021CD80,DXGI,0,512,1,Hardware: Independent Flip,4875.9334,NA,10.24740000000000,10.04700000000000,9.62920000000000,9.85780000000000,10.0012,4875.5923,9.9703,0.3411,9.6292,0.2764,9.9225,0.6084,9.3141,-0.0015,4875.5923,NA,22.5412,22.5412
ZoomTracks.exe,30812,0x1C47021CD80,DXGI,0,512,1,Hardware: Independent Flip,4885.7020,NA,9.76860000000000,9.96500000000000,9.87990000000000,10.16680000000000,10.1976,4885.5626,10.0193,0.1394,9.8799,0.2286,10.0776,0.5556,9.5220,0.0053,4885.5626,NA,NA,NA
ZoomTracks.exe,30812,0x1C47021CD80,DXGI,0,512,1,Hardware: Independent Flip,4895.9463,NA,10.24430000000000,10.02220000000000,9.69920000000000,9.95930000000000,9.9755,4895.5819,10.0636,0.3644,9.6992,0.2869,10.0368,0.7594,9.2774,-0.0029,4895.5819,NA,24.5722,24.5722
ZoomTracks.exe,30812,0x1C47021CD80,DXGI,0,512,1,Hardware: Independent Flip,4906.4987,NA,10.55240000000000,9.91650000000000,9.07820000000000,9.31780000000000,9.3396,4905.6455,9.9314,0.8532,9.0782,0.2601,9.9109,0.9050,9.0059,0.1471,4905.6455,NA,NA,NA
ZoomTracks.exe,30812,0x1C47021CD80,DXGI,0,512,1,Hardware: Independent Flip,4915.8910,NA,9.39230000000000,10.08380000000000,9.70140000000000,10.00650000000000,10.0311,4915.5769,10.0155,0.3141,9.7014,0.2396,10.0810,0.7501,9.3309,-0.1524,4915.5769,NA,NA,NA
ZoomTracks.exe,30812,0x1C47021CD80,DXGI,0,512,1,Hardware: Independent Flip,4925.9482,NA,10.05720000000000,9.94470000000000,9.64870000000000,9.89750000000000,9.9186,4925.5924,10.0045,0.3558,9.6487,0.3051,9.9482,0.7276,9.2206,0.0708,4925.5924,NA,NA,NA
ZoomTracks.exe,30812,0x1C47021CD80,DXGI,0,512,1,Hardware: Independent Flip,4935.9077,NA,9.95950000000000,10.08300000000000,9.68800000000000,10.02020000000000,10.0421,4935.5969,9.9988,0.3108,9.6880,0.2488,10.0822,0.7533,9.3289,-0.0785,4935.5969,NA,NA,NA
ZoomTracks.exe,30812,0x1C47021CD80,DXGI,0,512,1,Hardware: Independent Flip,4945.9759,NA,10.06820000000000,9.95490000000000,9.60640000000000,9.83780000000000,9.9288,4945.5957,9.9866,0.3802,9.6064,0.3322,9.8858,0.6538,9.2320,0.0439,4945.5957,NA,NA,NA
ZoomTracks.exe,30812,0x1C47021CD80,DXGI,0,512,1,Hardware: Independent Flip,4955.8381,NA,9.86220000000000,9.95030000000000,9.75080000000000,10.00900000000000,10.0169,4955.5823,10.0066,0.2558,9.7508,0.2314,10.0334,0.6822,9.3512,0.0363,4955.5823,NA,NA,NA
ZoomTracks.exe,30812,0x1C47021CD80,DXGI,0,512,1,Hardware: Independent Flip,4965.7183,NA,9.88020000000000,10.09030000000000,9.87650000000000,10.11070000000000,10.2270,4965.5889,10.0059,0.1294,9.8765,0.2582,9.9819,0.4507,9.5312,-0.0837,4965.5889,NA,23.5635,23.5635
ZoomTracks.exe,30812,0x1C47021CD80,DXGI,0,512,1,Hardware: Independent Flip,4975.7242,NA,10.00590000000000,9.92080000000000,9.83220000000000,10.11630000000000,10.1419,4975.5948,9.9616,0.1294,9.8322,0.2342,10.0115,0.7310,9.2805,0.0851,4975.5948,NA,20.5100,20.5100
ZoomTracks.exe,30812,0x1C47021CD80,DXGI,0,512,1,Hardware: Independent Flip,4985.9103,NA,10.18610000000000,10.05900000000000,9.69280000000000,9.98560000000000,10.0148,4985.5564,10.0467,0.3539,9.6928,0.2841,10.0554,0.7361,9.3193,-0.0974,4985.5564,NA,NA,NA
ZoomTracks.exe,30812,0x1C47021CD80,DXGI,0,512,1,Hardware: Independent Flip,4995.9427,NA,10.03240000000000,9.98030000000000,9.66150000000000,9.86200000000000,9.9627,4995.6031,10.0011,0.3396,9.6615,0.2928,9.9088,0.6281,9.2807,0.0664,4995.6031,NA,NA,NA
ZoomTracks.exe,30812,0x1C47021CD80,DXGI,0,512,1,Hardware: Independent Flip,5005.9257,NA,9.98300000000000,9.98200000000000,9.65890000000000,9.93720000000000,9.9617,5005.6042,9.9804,0.3215,9.6589,0.2005,10.0582,0.7616,9.2966,0.0191,5005.6042,NA,NA,NA
ZoomTracks.exe,30812,0x1C47021CD80,DXGI,0,512,1,Hardware: Independent Flip,5015.9026,NA,9.97690000000000,9.97910000000000,9.68000000000000,9.87700000000000,9.9639,5015.5846,9.9980,0.3180,9.6800,0.2783,9.9167,0.6089,9.3078,0.0013,5015.5846,NA,NA,NA
ZoomTracks.exe,30812,0x1C47021CD80,DXGI,0,512,1,Hardware: Independent Flip,5025.7080,NA,9.80540000000000,9.95120000000000,9.88710000000000,10.08930000000000,10.1097,5025.5826,10.0125,0.1254,9.8871,0.1970,10.0177,0.6843,9.3334,0.0468,5025.5826,NA,NA,NA
ZoomTracks.exe,30812,0x1C47021CD80,DXGI,0,512,1,Hardware: Independent Flip,5035.8574,NA,10.14940000000000,10.04310000000000,9.72360000000000,9.97730000000000,10.0034,5035.5951,9.9859,0.2623,9.7236,0.2022,10.0374,0.6917,9.3457,-0.0306,5035.5951,NA,NA,NA
ZoomTracks.exe,30812,0x1C47021CD80,DXGI,0,512,1,Hardware: Independent Flip,5045.8886,NA,10.03120000000000,10.02950000000000,9.72900000000000,9.97920000000000,10.0017,5045.5810,10.0366,0.3076,9.7290,0.2537,10.0331,0.7033,9.3298,-0.0436,5045.5810,NA,NA,NA
ZoomTracks.exe,30812,0x1C47021CD80,DXGI,0,512,1,Hardware: Independent Flip,5055.9297,NA,10.04110000000000,9.97000000000000,9.64990000000000,9.90250000000000,9.9306,5055.6176,9.9620,0.3121,9.6499,0.2502,9.9644,0.6696,9.2948,0.0666,5055.6176,NA,27.4938,27.4938
ZoomTracks.exe,30812,0x1C47021CD80,DXGI,0,512,1,Hardware: Independent Flip,5065.8847,NA,9.95500000000000,9.98730000000000,9.70010000000000,9.94090000000000,9.9629,5065.5796,10.0052,0.3051,9.7001,0.2526,9.9934,0.6552,9.3382,-0.0253,5065.5796,NA,NA,NA
ZoomTracks.exe,30812,0x1C47021CD80,DXGI,0,512,1,Hardware: Independent Flip,5075.8679,NA,9.98320000000000,10.03130000000000,9.69970000000000,9.92110000000000,10.0110,5075.5848,9.9828,0.2831,9.6997,0.2408,9.9634,0.6157,9.3477,-0.0261,5075.5848,NA,NA,NA
ZoomTracks.exe,30812,0x1C47021CD80,DXGI,0,512,1,Hardware: Independent Flip,5085.7188,NA,9.85090000000000,10.02330000000000,9.89000000000000,10.15640000000000,10.1834,5085.5676,10.0412,0.1512,9.8900,0.2214,10.0862,0.6145,9.4717,-0.0405,5085.5676,NA,NA,NA
ZoomTracks.exe,30812,0x1C47021CD80,DXGI,0,512,1,Hardware: Independent Flip,5095.9340,NA,10.21520000000000,9.90700000000000,9.64430000000000,9.85820000000000,9.8752,5095.6088,9.9695,0.3252,9.6443,0.2664,9.9170,0.6320,9.2850,0.1342,5095.6088,NA,NA,NA
ZoomTracks.exe,30812,0x1C47021CD80,DXGI,0,512,1,Hardware: Independent Flip,5105.8580,NA,9.92400000000000,10.03520000000000,9.72840000000000,9.96260000000000,9.9864,5105.5783,10.0081,0.2797,9.7284,0.2139,10.0284,0.6530,9.3754,-0.0657,5105.5783,NA,NA,NA
ZoomTracks.exe,30812,0x1C47021CD80,DXGI,0,512,1,Hardware: Independent Flip,5115.8670,NA,10.00900000000000,10.09400000000000,9.72020000000000,9.93990000000000,10.0714,5115.5864,10.0008,0.2806,9.7202,0.2342,9.9863,0.5770,9.4093,-0.0859,5115.5864,NA,NA,NA
ZoomTracks.exe,30812,0x1C47021CD80,DXGI,0,512,1,Hardware: Independent Flip,5125.8327,NA,9.96570000000000,9.94490000000000,9.74540000000000,10.02550000000000,10.0506,5125.5872,9.9909,0.2455,9.7454,0.2197,10.0513,0.7109,9.3404,0.0559,5125.5872,NA,25.5095,25.5095
ZoomTracks.exe,30812,0x1C47021CD80,DXGI,0,512,1,Hardware: Independent Flip,5135.7056,NA,9.87290000000000,10.09760000000000,9.91930000000000,10.24800000000000,10.2753,5135.5781,10.0468,0.1275,9.9193,0.2801,10.0954,0.7674,9.3280,-0.1067,5135.5781,NA,NA,NA
ZoomTracks.exe,30812,0x1C47021CD80,DXGI,0,512,1,Hardware: Independent Flip,5146.0044,NA,10.29880000000000,9.90520000000000,9.57350000000000,9.85580000000000,9.8817,5145.6249,9.9530,0.3795,9.5735,0.3287,9.9066,0.7015,9.2051,0.1416,5145.6249,NA,NA,NA
ZoomTracks.exe,30812,0x1C47021CD80,DXGI,0,512,1,Hardware: Independent Flip,5155.6982,NA,9.69380000000000,10.01590000000000,9.88750000000000,10.18360000000000,10.2038,5155.5779,10.0078,0.1203,9.8875,0.2823,10.0216,0.7017,9.3199,-0.0629,5155.5779,NA,NA,NA
ZoomTracks.exe,30812,0x1C47021CD80,DXGI,0,512,1,Hardware: Independent Flip,5165.9457,NA,10.24750000000000,10.04390000000000,9.64950000000000,9.97420000000000,10.0002,5165.5857,10.0095,0.3600,9.6495,0.2961,10.0381,0.7596,9.2785,-0.0361,5165.5857,NA,NA,NA
ZoomTracks.exe,30812,0x1C47021CD80,DXGI,0,512,1,Hardware: Independent Flip,5175.9733,NA,10.02760000000000,9.88520000000000,9.57950000000000,9.85060000000000,9.8578,5175.5952,9.9576,0.3781,9.5795,0.3247,9.9040,0.6693,9.2347,0.1243,5175.5952,NA,NA,NA
ZoomTracks.exe,30812,0x1C47021CD80,DXGI,0,512,1,Hardware: Independent Flip,5185.6923,NA,9.71900000000000,10.01600000000000,9.86360000000000,10.08750000000000,10.1548,5185.5528,10.0031,0.1395,9.8636,0.2711,9.9559,0.3953,9.5606,-0.0584,5185.5528,NA,NA,NA
ZoomTracks.exe,30812,0x1C47021CD80,DXGI,0,512,1,Hardware: Independent Flip,5195.6878,NA,9.99550000000000,10.02000000000000,9.89960000000000,10.16130000000000,10.1793,5195.5559,10.0315,0.1319,9.8996,0.2239,10.0693,0.5304,9.5389,-0.0169,5195.5559,NA,23.5032,23.5032
ZoomTracks.exe,30812,0x1C47021CD80,DXGI,0,512,1,Hardware: Independent Flip,5205.8924,NA,10.20460000000000,10.44440000000000,9.68760000000000,10.41100000000000,10.4191,5205.5874,9.9926,0.3050,9.6876,0.2617,10.4543,1.1335,9.3208,-0.4129,5205.5874,NA,NA,NA
ZoomTracks.exe,30812,0x1C47021CD80,DXGI,0,512,1,Hardware: Independent Flip,5215.7471,NA,9.85470000000000,9.82240000000000,9.88040000000000,10.11330000000000,10.3868,5215.5800,10.0475,0.1671,9.8804,0.7234,9.5570,0.4382,9.1188,0.1702,5215.5800,NA,24.7704,24.7704
ZoomTracks.exe,30812,0x1C47021CD80,DXGI,0,512,1,Hardware: Independent Flip,5225.7704,NA,10.02330000000000,10.09780000000000,9.81750000000000,10.45120000000000,10.4613,5225.6275,9.9604,0.1429,9.8175,0.2329,10.3612,1.0926,9.2686,-0.0503,5225.6275,NA,NA,NA
ZoomTracks.exe,30812,0x1C47021CD80,DXGI,0,512,1,Hardware: Independent Flip,5235.7315,NA,9.96110000000000,9.97210000000000,9.86120000000000,10.05330000000000,10.4723,5235.5879,10.0048,0.1436,9.8612,0.6337,9.5632,0.3988,9.1644,-0.0117,5235.5879,NA,NA,NA
ZoomTracks.exe,30812,0x1C47021CD80,DXGI,0,512,1,Hardware: Independent Flip,5245.8267,NA,10.09520000000000,10.06600000000000,9.76000000000000,10.43570000000000,10.4431,5245.5927,9.9940,0.2340,9.7600,0.1921,10.4776,1.1627,9.3149,-0.0612,5245.5927,NA,NA,NA
ZoomTracks.exe,30812,0x1C47021CD80,DXGI,0,512,1,Hardware: Independent Flip,5255.7236,NA,9.89690000000000,10.01850000000000,9.86680000000000,10.09350000000000,10.5647,5255.5867,10.0037,0.1369,9.8668,0.6757,9.5547,0.4117,9.1430,-0.0245,5255.5867,NA,NA,NA
ZoomTracks.exe,30812,0x1C47021CD80,DXGI,0,512,1,Hardware: Independent Flip,5265.8446,NA,10.12100000000000,10.04310000000000,9.86700000000000,10.47830000000000,10.4868,5265.5904,10.1212,0.2542,9.8670,0.2267,10.5058,1.1839,9.3219,-0.0394,5265.5904,NA,NA,NA
ZoomTracks.exe,30812,0x1C47021CD80,DXGI,0,512,1,Hardware: Independent Flip,5275.9015,NA,10.05690000000000,9.97530000000000,9.70610000000000,9.92380000000000,10.4052,5275.7116,9.8960,0.1899,9.7061,0.6113,9.5024,0.5064,8.9960,0.1459,5275.7116,NA,NA,NA
ZoomTracks.exe,30812,0x1C47021CD80,DXGI,0,512,1,Hardware: Independent Flip,5285.8721,NA,9.97060000000000,10.00650000000000,9.70820000000000,10.43260000000000,10.4411,5285.6076,9.9727,0.2645,9.7082,0.2177,10.4794,1.1336,9.3458,-0.1105,5285.6076,NA,20.9493,20.9493
ZoomTracks.exe,30812,0x1C47021CD80,DXGI,0,512,1,Hardware: Independent Flip,5295.7281,NA,9.85600000000000,9.98240000000000,9.84470000000000,10.07760000000000,10.5675,5295.5803,9.9925,0.1478,9.8447,0.7244,9.5010,0.3166,9.1844,-0.0097,5295.5803,NA,NA,NA
ZoomTracks.exe,30812,0x1C47021CD80,DXGI,0,512,1,Hardware: Independent Flip,5305.8383,NA,10.11020000000000,9.53710000000000,9.71280000000000,9.98760000000000,9.9944,5305.5728,9.9783,0.2655,9.7128,0.2329,10.0202,0.6870,9.3332,0.4554,5305.5728,NA,29.4842,29.4842
ZoomTracks.exe,30812,0x1C47021CD80,DXGI,0,512,1,Hardware: Independent Flip,5315.7047,NA,9.86640000000000,10.18540000000000,9.87860000000000,10.06500000000000,10.3134,5315.5511,10.0322,0.1536,9.8786,0.2748,9.9438,0.3865,9.5573,-0.2071,5315.5511,NA,NA,NA
ZoomTracks.exe,30812,0x1C47021CD80,DXGI,0,512,1,Hardware: Independent Flip,5325.7946,NA,10.08990000000000,10.26400000000000,9.80450000000000,10.47180000000000,10.4875,5325.5833,10.0158,0.2113,9.8045,0.1864,10.4967,1.0337,9.4630,-0.2318,5325.5833,NA,NA,NA
ZoomTracks.exe,30812,0x1C47021CD80,DXGI,0,512,1,Hardware: Independent Flip,5335.7532,NA,9.95860000000000,9.81880000000000,9.83530000000000,10.06850000000000,10.3477,5335.5991,9.9894,0.1541,9.8353,0.6673,9.5553,0.4194,9.1359,0.1970,5335.5991,NA,NA,NA
ZoomTracks.exe,30812,0x1C47021CD80,DXGI,0,512,1,Hardware: Independent Flip,5345.8673,NA,10.11410000000000,10.18710000000000,9.75970000000000,10.41330000000000,10.4207,5345.5885,10.0385,0.2788,9.7597,0.2332,10.4589,1.1038,9.3551,-0.1977,5345.5885,NA,22.9182,22.9182
ZoomTracks.exe,30812,0x1C47021CD80,DXGI,0,512,1,Hardware: Independent Flip,5355.7853,NA,9.91800000000000,9.95920000000000,9.79570000000000,10.02870000000000,10.4619,5355.6270,9.9540,0.1583,9.7957,0.6536,9.5334,0.3520,9.1814,0.0793,5355.6270,NA,NA,NA
ZoomTracks.exe,30812,0x1C47021CD80,DXGI,0,512,1,Hardware: Independent Flip,5365.8363,NA,10.05100000000000,10.13850000000000,9.74970000000000,10.54000000000000,10.5494,5365.5810,10.0050,0.2553,9.7497,0.2330,10.5623,1.2078,9.3545,-0.1845,5365.5810,NA,NA,NA
ZoomTracks.exe,30812,0x1C47021CD80,DXGI,0,512,1,Hardware: Independent Flip,5375.7211,NA,9.88480000000000,9.95630000000000,9.87240000000000,10.09890000000000,10.6209,5375.5860,10.0075,0.1351,9.8724,0.7903,9.4437,0.3507,9.0930,0.0487,5375.5860,NA,23.9818,23.9818
ZoomTracks.exe,30812,0x1C47021CD80,DXGI,0,512,1,Hardware: Independent Flip,5385.8643,NA,10.14320000000000,9.92270000000000,9.72340000000000,10.39290000000000,10.4004,5385.5935,9.9942,0.2708,9.7234,0.2265,10.4372,1.1063,9.3309,0.0848,5385.5935,NA,NA,NA
ZoomTracks.exe,30812,0x1C47021CD80,DXGI,0,512,1,Hardware: Independent Flip,5395.7609,NA,9.89660000000000,10.03610000000000,9.80540000000000,10.05770000000000,10.5399,5395.5877,9.9786,0.1732,9.8054,0.6695,9.5614,0.3583,9.2031,-0.0419,5395.5877,NA,NA,NA
ZoomTracks.exe,30812,0x1C47021CD80,DXGI,0,512,1,Hardware: Independent Flip,5405.7158,NA,9.95490000000000,9.55930000000000,9.84540000000000,10.13590000000000,10.1443,5405.5663,9.9949,0.1495,9.8454,0.2523,10.0331,0.4745,9.5586,0.4193,5405.5663,NA,NA,NA
ZoomTracks.exe,30812,0x1C47021CD80,DXGI,0,512,1,Hardware: Independent Flip,5415.9109,NA,10.19510000000000,10.19490000000000,9.68420000000000,9.90450000000000,10.1441,5415.5612,10.0339,0.3497,9.6842,0.2905,9.9637,0.6558,9.3079,-0.2000,5415.5612,NA,NA,NA
ZoomTracks.exe,30812,0x1C47021CD80,DXGI,0,512,1,Hardware: Independent Flip,5425.8574,NA,9.94650000000000,9.84890000000000,9.72470000000000,10.01750000000000,10.0465,5425.5951,9.9870,0.2623,9.7247,0.2203,10.0595,0.6838,9.3757,0.1850,5425.5951,NA,NA,NA
ZoomTracks.exe,30812,0x1C47021CD80,DXGI,0,512,1,Hardware: Independent Flip,5436.2498,NA,10.39240000000000,9.99640000000000,9.33720000000000,9.62700000000000,9.6505,5435.5821,10.0049,0.6677,9.3372,0.2928,10.0019,0.7764,9.2255,-0.0094,5435.5821,NA,24.5071,24.5071
ZoomTracks.exe,30812,0x1C47021CD80,DXGI,0,512,1,Hardware: Independent Flip,5445.9233,NA,9.67350000000000,10.03770000000000,9.65190000000000,9.98560000000000,10.0147,5445.5870,9.9882,0.3363,9.6519,0.2898,10.0321,0.7628,9.2693,-0.0328,5445.5870,NA,NA,NA
ZoomTracks.exe,30812,0x1C47021CD80,DXGI,0,512,1,Hardware: Independent Flip,5455.7144,NA,9.79110000000000,9.92880000000000,9.87740000000000,10.13230000000000,10.1524,5455.5752,10.0166,0.1392,9.8774,0.3337,9.9378,0.6817,9.2561,0.0594,5455.5752,NA,NA,NA
ZoomTracks.exe,30812,0x1C47021CD80,DXGI,0,512,1,Hardware: Independent Flip,5465.9019,NA,10.18750000000000,10.02120000000000,9.67570000000000,9.95890000000000,9.9861,5465.5918,9.9858,0.3101,9.6757,0.2549,10.0141,0.7195,9.2946,-0.0046,5465.5918,NA,NA,NA
ZoomTracks.exe,30812,0x1C47021CD80,DXGI,0,512,1,Hardware: Independent Flip,5475.9082,NA,10.00630000000000,9.97180000000000,9.67980000000000,9.85940000000000,9.9516,5475.5776,10.0104,0.3306,9.6798,0.2832,9.9068,0.5912,9.3156,0.0140,5475.5776,NA,NA,NA
ZoomTracks.exe,30812,0x1C47021CD80,DXGI,0,512,1,Hardware: Independent Flip,5485.8104,NA,9.90220000000000,9.98020000000000,9.76570000000000,10.00660000000000,10.0296,5485.5880,9.9881,0.2224,9.7657,0.1796,10.0494,0.5693,9.4801,0.0302,5485.5880,NA,NA,NA
ZoomTracks.exe,30812,0x1C47021CD80,DXGI,0,512,1,Hardware: Independent Flip,5495.8560,NA,10.04560000000000,10.24360000000000,9.72150000000000,10.18970000000000,10.2276,5495.5761,10.0014,0.2799,9.7215,0.2409,10.2287,0.8812,9.3475,-0.2555,5495.5761,NA,28.7260,28.7260
ZoomTracks.exe,30812,0x1C47021CD80,DXGI,0,512,1,Hardware: Independent Flip,5505.7260,NA,9.87000000000000,9.75370000000000,9.83160000000000,10.10290000000000,10.1113,5505.5775,9.9801,0.1485,9.8316,0.4682,9.7832,0.8221,8.9611,0.2477,5505.5775,NA,NA,NA
ZoomTracks.exe,30812,0x1C47021CD80,DXGI,0,512,1,Hardware: Independent Flip,5515.8698,NA,10.14380000000000,10.20320000000000,9.72200000000000,10.16290000000000,10.1707,5515.5576,10.0342,0.3122,9.7220,0.2713,10.2038,0.8907,9.3131,-0.2231,5515.5576,NA,NA,NA
ZoomTracks.exe,30812,0x1C47021CD80,DXGI,0,512,1,Hardware: Independent Flip,5525.7335,NA,9.86370000000000,9.97970000000000,9.84290000000000,10.05120000000000,10.2867,5525.5918,9.9846,0.1417,9.8429,0.4409,9.7520,0.3826,9.3694,0.0545,5525.5918,NA,NA,NA
ZoomTracks.exe,30812,0x1C47021CD80,DXGI,0,512,1,Hardware: Independent Flip,5535.8277,NA,10.09420000000000,10.05850000000000,9.76030000000000,10.24260000000000,10.2510,5535.5764,10.0116,0.2513,9.7603,0.2083,10.2856,0.9034,9.3822,-0.0739,5535.5764,NA,NA,NA
ZoomTracks.exe,30812,0x1C47021CD80,DXGI,0,512,1,Hardware: Independent Flip,5545.7435,NA,9.91580000000000,10.08550000000000,9.87980000000000,10.04670000000000,10.4207,5545.5880,10.0353,0.1555,9.8798,0.4823,9.7199,0.3941,9.3258,-0.0739,5545.5880,NA,NA,NA
ZoomTracks.exe,30812,0x1C47021CD80,DXGI,0,512,1,Hardware: Independent Flip,5555.8334,NA,10.08990000000000,9.72280000000000,9.75330000000000,10.02890000000000,10.0536,5555.6233,9.9634,0.2101,9.7533,0.1669,10.0721,0.7453,9.3268,0.3125,5555.6233,NA,NA,NA
ZoomTracks.exe,30812,0x1C47021CD80,DXGI,0,512,1,Hardware: Independent Flip,5565.8868,NA,10.05340000000000,10.28960000000000,9.70170000000000,9.93590000000000,10.2898,5565.5867,10.0018,0.3001,9.7017,0.2756,9.9604,0.6211,9.3393,-0.3262,5565.5867,NA,NA,NA
ZoomTracks.exe,30812,0x1C47021CD80,DXGI,0,512,1,Hardware: Independent Flip,5575.8575,NA,9.97070000000000,9.67010000000000,9.71740000000000,9.96870000000000,9.9892,5575.5885,9.9864,0.2690,9.7174,0.2342,10.0035,0.7763,9.2272,0.3317,5575.5885,NA,23.4682,23.4682
ZoomTracks.exe,30812,0x1C47021CD80,DXGI,0,512,1,Hardware: Independent Flip,5585.8858,NA,10.02830000000000,10.02120000000000,9.70050000000000,9.89790000000000,9.9821,5585.5749,10.0114,0.3109,9.7005,0.2513,9.9575,0.6462,9.3113,-0.0348,5585.5749,NA,NA,NA
ZoomTracks.exe,30812,0x1C47021CD80,DXGI,0,512,1,Hardware: Independent Flip,5595.9031,NA,10.01730000000000,10.15140000000000,9.67960000000000,9.90520000000000,10.1162,5595.5863,9.9964,0.3168,9.6796,0.1974,10.0246,0.6467,9.3779,-0.1400,5595.5863,NA,25.6342,25.6342
ZoomTracks.exe,30812,0x1C47021CD80,DXGI,0,512,1,Hardware: Independent Flip,5605.7225,NA,9.81940000000000,9.80020000000000,9.83690000000000,10.08910000000000,10.0970,5605.5827,9.9767,0.1398,9.8369,0.2256,10.0033,0.6051,9.3982,0.1962,5605.5827,NA,NA,NA
ZoomTracks.exe,30812,0x1C47021CD80,DXGI,0,512,1,Hardware: Independent Flip,5615.8677,NA,10.14520000000000,10.09260000000000,9.71680000000000,10.01620000000000,10.0444,5615.5594,10.0251,0.3083,9.7168,0.2522,10.0723,0.7301,9.3422,-0.1159,5615.5594,NA,NA,NA
ZoomTracks.exe,30812,0x1C47021CD80,DXGI,0,512,1,Hardware: Independent Flip,5625.7065,NA,9.83880000000000,9.94360000000000,9.86270000000000,10.14140000000000,10.1492,5625.5845,9.9847,0.1220,9.8627,0.2994,9.9640,0.6772,9.2868,0.0815,5625.5845,NA,NA,NA
ZoomTracks.exe,30812,0x1C47021CD80,DXGI,0,512,1,Hardware: Independent Flip,5635.7220,NA,10.01550000000000,12.85860000000000,9.85490000000000,12.98350000000000,12.9923,5635.5692,10.0077,0.1528,9.8549,0.2787,12.8576,3.3154,9.5422,-2.8739,5635.5692,NA,27.3555,27.3555
ZoomTracks.exe,30812,0x1C47021CD80,DXGI,0,512,1,Hardware: Independent Flip,5645.7078,NA,9.98580000000000,7.13100000000000,9.86490000000000,10.05460000000000,10.1375,5645.5769,9.9958,0.1309,9.8649,3.1286,7.0569,0.3028,6.7541,2.8767,5645.5769,NA,NA,NA
ZoomTracks.exe,30812,0x1C47021CD80,DXGI,0,512,1,Hardware: Independent Flip,5655.8425,NA,10.13470000000000,12.89430000000000,9.72870000000000,12.88490000000000,12.8971,5655.5727,9.9985,0.2698,9.7287,0.1897,12.9650,3.6132,9.3518,-2.8985,5655.5727,NA,NA,NA
ZoomTracks.exe,30812,0x1C47021CD80,DXGI,0,512,1,Hardware: Independent Flip,5665.7151,NA,9.87260000000000,9.31100000000000,9.85060000000000,10.00650000000000,12.3355,5665.5712,9.9945,0.1439,9.8506,3.1562,6.9942,0.2507,6.7435,0.6875,5665.5712,NA,NA,NA
ZoomTracks.exe,30812,0x1C47021CD80,DXGI,0,512,1,Hardware: Independent Flip,5675.7615,NA,10.04640000000000,8.29550000000000,9.82290000000000,10.44860000000000,10.5846,5675.5657,10.0187,0.1958,9.8229,0.1559,10.4885,0.9537,9.5348,1.6990,5675.5657,NA,NA,NA
ZoomTracks.exe,30812,0x1C47021CD80,DXGI,0,512,1,Hardware: Independent Flip,5685.7403,NA,9.97880000000000,12.49280000000000,9.82170000000000,10.02930000000000,13.0986,5685.5844,9.9776,0.1559,9.8217,0.6257,9.5595,0.4210,9.1385,-2.4741,5685.5844,NA,NA,NA
ZoomTracks.exe,30812,0x1C47021CD80,DXGI,0,512,1,Hardware: Independent Flip,5695.6884,NA,9.94810000000000,9.85580000000000,9.87450000000000,12.99860000000000,13.0063,5695.5620,10.0009,0.1264,9.8745,0.2076,12.9174,3.3765,9.5409,0.1218,5695.5620,NA,NA,NA
ZoomTracks.exe,30812,0x1C47021CD80,DXGI,0,512,1,Hardware: Independent Flip,5705.7029,NA,10.01450000000000,8.53700000000000,9.87950000000000,10.05750000000000,11.5288,5705.5629,10.0195,0.1400,9.8795,3.1241,7.0734,0.3172,6.7562,1.4639,5705.5629,NA,NA,NA
ZoomTracks.exe,30812,0x1C47021CD80,DXGI,0,512,1,Hardware: Independent Flip,5715.7842,NA,10.08130000000000,11.46630000000000,9.80250000000000,12.90560000000000,12.9138,5715.5824,10.0043,0.2018,9.8025,0.1780,12.9294,3.4446,9.4848,-1.4468,5715.5824,NA,NA,NA
ZoomTracks.exe,30812,0x1C47021CD80,DXGI,0,512,1,Hardware: Independent Flip,5725.7428,NA,9.95860000000000,9.19950000000000,9.81490000000000,10.00250000000000,12.1547,5725.5867,9.9710,0.1561,9.8149,3.1031,7.0555,0.4576,6.5979,0.8048,5725.5867,NA,NA,NA
ZoomTracks.exe,30812,0x1C47021CD80,DXGI,0,512,1,Hardware: Independent Flip,5735.7890,NA,10.04620000000000,10.79840000000000,9.83430000000000,12.89940000000000,12.9069,5735.5577,10.0656,0.2313,9.8343,0.1876,12.9431,3.4833,9.4598,-0.8274,5735.5577,NA,28.3162,28.3162
ZoomTracks.exe,30812,0x1C47021CD80,DXGI,0,512,1,Hardware: Independent Flip,5745.7988,NA,10.00980000000000,10.14590000000000,9.78540000000000,9.97440000000000,13.0430,5745.6233,9.9609,0.1755,9.7854,3.0651,7.0848,0.3100,6.7748,-0.0803,5745.6233,NA,22.4956,22.4956
ZoomTracks.exe,30812,0x1C47021CD80,DXGI,0,512,1,Hardware: Independent Flip,5755.8138,NA,10.01500000000000,9.93030000000000,9.76910000000000,12.95030000000000,12.9583,5755.5842,9.9987,0.2296,9.7691,0.1890,12.9909,3.5995,9.3914,0.0306,5755.5842,NA,NA,NA
ZoomTracks.exe,30812,0x1C47021CD80,DXGI,0,512,1,Hardware: Independent Flip,5765.7436,NA,9.92980000000000,10.07670000000000,9.84290000000000,10.05270000000000,13.1052,5765.5829,10.0036,0.1607,9.8429,3.1812,7.0322,0.3333,6.6989,-0.0780,5765.5829,NA,NA,NA
ZoomTracks.exe,30812,0x1C47021CD80,DXGI,0,512,1,Hardware: Independent Flip,5775.8198,NA,10.07620000000000,9.84550000000000,9.75460000000000,12.86670000000000,12.8745,5775.5865,9.9879,0.2333,9.7546,0.2098,12.8902,3.4748,9.4154,0.1581,5775.5865,NA,NA,NA
ZoomTracks.exe,30812,0x1C47021CD80,DXGI,0,512,1,Hardware: Independent Flip,5785.7258,NA,9.90600000000000,10.18140000000000,9.86880000000000,10.08680000000000,13.1499,5785.5744,10.0202,0.1514,9.8688,3.1121,7.1261,0.3442,6.7819,-0.1935,5785.5744,NA,NA,NA
ZoomTracks.exe,30812,0x1C47021CD80,DXGI,0,512,1,Hardware: Independent Flip,5795.8551,NA,10.12930000000000,9.88820000000000,9.72750000000000,12.90080000000000,12.9088,5795.5946,9.9880,0.2605,9.7275,0.2180,12.9433,3.5815,9.3618,0.1320,5795.5946,NA,NA,NA
ZoomTracks.exe,30812,0x1C47021CD80,DXGI,0,512,1,Hardware: Independent Flip,5805.7144,NA,9.85930000000000,10.12440000000000,9.87450000000000,10.09020000000000,13.1739,5805.5826,10.0063,0.1318,9.8745,3.1733,7.0487,0.3409,6.7078,-0.1364,5805.5826,NA,NA,NA
ZoomTracks.exe,30812,0x1C47021CD80,DXGI,0,512,1,Hardware: Independent Flip,5815.7245,NA,10.01010000000000,9.80940000000000,9.86860000000000,12.96550000000000,12.9732,5815.5889,10.0042,0.1356,9.8686,0.2157,12.8854,3.5226,9.3628,0.1969,5815.5889,NA,NA,NA
ZoomTracks.exe,30812,0x1C47021CD80,DXGI,0,512,1,Hardware: Independent Flip,5825.7768,NA,10.05230000000000,10.15900000000000,9.81240000000000,10.00030000000000,13.0799,5825.5931,9.9961,0.1837,9.8124,3.0969,7.0871,0.5110,6.5761,-0.1548,5825.5931,NA,22.5061,22.5061
ZoomTracks.exe,30812,0x1C47021CD80,DXGI,0,512,1,Hardware: Independent Flip,5835.8230,NA,10.04620000000000,9.11590000000000,9.74090000000000,12.14140000000000,12.1496,5835.5892,9.9747,0.2338,9.7409,0.1879,12.1873,2.7504,9.4369,0.8802,5835.5892,NA,NA,NA
ZoomTracks.exe,30812,0x1C47021CD80,DXGI,0,512,1,Hardware: Independent Flip,5845.7109,NA,9.88790000000000,10.90000000000000,9.88380000000000,10.09040000000000,13.1617,5845.5639,10.0308,0.1470,9.8838,2.4005,7.8369,0.4170,7.4199,-0.9253,5845.5639,NA,NA,NA
ZoomTracks.exe,30812,0x1C47021CD80,DXGI,0,512,1,Hardware: Independent Flip,5855.8292,NA,10.11830000000000,9.85030000000000,9.75400000000000,12.88530000000000,12.8937,5855.5947,9.9885,0.2345,9.7540,0.2066,12.9132,3.5635,9.3497,0.1805,5855.5947,NA,NA,NA
ZoomTracks.exe,30812,0x1C47021CD80,DXGI,0,512,1,Hardware: Independent Flip,5865.7480,NA,9.91880000000000,9.34980000000000,9.83390000000000,9.99990000000000,12.3247,5865.5832,9.9987,0.1648,9.8339,3.1313,7.0334,0.2920,6.7414,0.6387,5865.5832,NA,NA,NA
ZoomTracks.exe,30812,0x1C47021CD80,DXGI,0,512,1,Hardware: Independent Flip,5875.7872,NA,10.03920000000000,10.67110000000000,9.80250000000000,12.94860000000000,12.9566,5875.5819,10.0078,0.2053,9.8025,0.1660,12.9879,3.5464,9.4415,-0.6724,5875.5819,NA,NA,NA
ZoomTracks.exe,30812,0x1C47021CD80,DXGI,0,512,1,Hardware: Independent Flip,5885.7400,NA,9.95280000000000,9.63110000000000,9.85460000000000,10.02130000000000,12.6349,5885.5897,10.0049,0.1503,9.8546,3.1461,7.0255,0.2969,6.7286,0.3767,5885.5897,NA,NA,NA
ZoomTracks.exe,30812,0x1C47021CD80,DXGI,0,512,1,Hardware: Independent Flip,5895.8063,NA,10.06630000000000,10.37720000000000,9.78220000000000,12.93700000000000,12.9458,5895.5946,9.9939,0.2117,9.7822,0.1667,12.9820,3.5354,9.4466,-0.3723,5895.5946,NA,30.3829,30.3829
ZoomTracks.exe,30812,0x1C47021CD80,DXGI,0,512,1,Hardware: Independent Flip,5905.7487,NA,9.94240000000000,10.07130000000000,9.83580000000000,10.01350000000000,13.0747,5905.5885,9.9960,0.1602,9.8358,3.1548,7.0189,0.3039,6.7150,-0.0774,5905.5885,NA,NA,NA
ZoomTracks.exe,30812,0x1C47021CD80,DXGI,0,512,1,Hardware: Independent Flip,5915.8045,NA,10.05580000000000,7.11090000000000,9.84900000000000,10.10570000000000,10.1298,5915.5845,10.0690,0.2200,9.8490,0.1777,10.1480,0.6908,9.4572,2.8851,5915.5845,NA,NA,NA
ZoomTracks.exe,30812,0x1C47021CD80,DXGI,0,512,1,Hardware: Independent Flip,5925.9604,NA,10.15590000000000,12.89370000000000,9.60100000000000,9.80710000000000,12.8676,5925.6535,9.9079,0.3069,9.6010,0.2567,9.8573,0.6130,9.2443,-2.8247,5925.6535,NA,NA,NA
ZoomTracks.exe,30812,0x1C47021CD80,DXGI,0,512,1,Hardware: Independent Flip,5935.6990,NA,9.73860000000000,9.20770000000000,9.85690000000000,12.32920000000000,12.3367,5935.5614,9.9945,0.1376,9.8569,0.2061,12.2607,2.7000,9.5607,0.7002,5935.5614,NA,NA,NA
ZoomTracks.exe,30812,0x1C47021CD80,DXGI,0,512,1,Hardware: Independent Flip,5945.6931,NA,9.99410000000000,9.34540000000000,9.88920000000000,10.07680000000000,11.6880,5945.5559,10.0264,0.1372,9.8892,2.4723,7.7417,0.3921,7.3496,0.6491,5945.5559,NA,26.9870,26.9870
ZoomTracks.exe,30812,0x1C47021CD80,DXGI,0,512,1,Hardware: Independent Flip,5955.8118,NA,10.11870000000000,11.45620000000000,9.77700000000000,13.01750000000000,13.0255,5955.5823,10.0065,0.2295,9.7770,0.1876,13.0594,3.6744,9.3850,-1.4298,5955.5823,NA,NA,NA
ZoomTracks.exe,30812,0x1C47021CD80,DXGI,0,512,1,Hardware: Independent Flip,5965.7405,NA,9.92870000000000,8.50670000000000,9.93240000000000,10.03970000000000,11.6035,5965.5888,10.0841,0.1517,9.9324,3.2405,6.9509,0.3202,6.6307,1.4998,5965.5888,NA,NA,NA
ZoomTracks.exe,30812,0x1C47021CD80,DXGI,0,512,1,Hardware: Independent Flip,5975.8838,NA,10.14330000000000,11.40460000000000,9.68580000000000,12.85820000000000,12.8648,5975.6729,9.8967,0.2109,9.6858,0.1073,12.9618,3.6628,9.2990,-1.3205,5975.6729,NA,NA,NA
ZoomTracks.exe,30812,0x1C47021CD80,DXGI,0,512,1,Hardware: Independent Flip,5985.7046,NA,9.82080000000000,10.08050000000000,9.87810000000000,10.07790000000000,13.1245,5985.5696,10.0131,0.1350,9.8781,3.1724,7.0405,0.3217,6.7188,-0.1838,5985.5696,NA,23.4700,23.4700
ZoomTracks.exe,30812,0x1C47021CD80,DXGI,0,512,1,Hardware: Independent Flip,5995.8062,NA,10.10160000000000,9.90520000000000,9.78380000000000,12.91280000000000,12.9281,5995.5827,10.0073,0.2235,9.7838,0.1998,12.9365,3.5130,9.4235,0.1079,5995.5827,NA,NA,NA
ZoomTracks.exe,30812,0x1C47021CD80,DXGI,0,512,1,Hardware: Independent Flip,6005.7474,NA,9.94120000000000,10.09260000000000,9.84590000000000,10.00480000000000,13.0795,6005.5900,10.0033,0.1574,9.8459,3.1290,7.0332,0.2959,6.7373,-0.0853,6005.5900,NA,29.4675,29.4675
ZoomTracks.exe,30812,0x1C47021CD80,DXGI,0,512,1,Hardware: Independent Flip,6015.7966,NA,10.04920000000000,9.88850000000000,9.78660000000000,12.91020000000000,12.9188,6015.5933,9.9899,0.2033,9.7866,0.1589,12.9546,3.5631,9.3915,0.1148,6015.5933,NA,NA,NA
ZoomTracks.exe,30812,0x1C47021CD80,DXGI,0,512,1,Hardware: Independent Flip,6025.7163,NA,9.91970000000000,10.19430000000000,9.86670000000000,10.15740000000000,13.1934,6025.5832,9.9998,0.1331,9.8667,3.1236,7.1669,0.4090,6.7579,-0.2044,6025.5832,NA,NA,NA
ZoomTracks.exe,30812,0x1C47021CD80,DXGI,0,512,1,Hardware: Independent Flip,6035.7267,NA,10.01040000000000,9.90560000000000,9.85040000000000,13.08030000000000,13.0886,6035.5830,9.9941,0.1437,9.8504,0.2907,12.9333,3.4414,9.4919,0.0942,6035.5830,NA,NA,NA
ZoomTracks.exe,30812,0x1C47021CD80,DXGI,0,512,1,Hardware: Independent Flip,6045.7263,NA,9.99960000000000,10.05030000000000,9.86310000000000,10.06900000000000,13.1393,6045.5771,10.0123,0.1492,9.8631,3.2299,6.9883,0.3339,6.6544,-0.0562,6045.5771,NA,NA,NA
ZoomTracks.exe,30812,0x1C47021CD80,DXGI,0,512,1,Hardware: Independent Flip,6055.8215,NA,10.09520000000000,6.98450000000000,9.73680000000000,9.96340000000000,10.0286,6055.5894,9.9689,0.2321,9.7368,0.2059,9.9896,0.6441,9.3455,3.0278,6055.5894,NA,NA,NA
ZoomTracks.exe,30812,0x1C47021CD80,DXGI,0,512,1,Hardware: Independent Flip,6065.6941,NA,9.87260000000000,14.52700000000000,9.89950000000000,11.64930000000000,14.6830,6065.5583,10.0353,0.1358,9.8995,0.2266,11.5585,1.9830,9.5755,-4.5581,6065.5583,NA,NA,NA
ZoomTracks.exe,30812,0x1C47021CD80,DXGI,0,512,1,Hardware: Independent Flip,6075.7361,NA,10.04200000000000,5.47080000000000,9.82340000000000,10.02760000000000,10.1118,6075.5936,9.9659,0.1425,9.8234,1.7498,8.4203,0.5918,7.8285,4.5645,6075.5936,NA,NA,NA
ZoomTracks.exe,30812,0x1C47021CD80,DXGI,0,512,1,Hardware: Independent Flip,6085.7729,NA,10.03680000000000,10.13390000000000,9.78200000000000,10.11500000000000,10.2089,6085.5595,9.9954,0.2134,9.7820,0.2042,10.1242,0.6296,9.4946,-0.1680,6085.5595,NA,26.5874,26.5874
ZoomTracks.exe,30812,0x1C47021CD80,DXGI,0,512,1,Hardware: Independent Flip,6095.6963,NA,9.92340000000000,9.89760000000000,9.89520000000000,10.16390000000000,10.1831,6095.5549,10.0366,0.1414,9.8952,0.3330,9.9723,0.5189,9.4534,0.0978,6095.5549,NA,24.5261,24.5261
ZoomTracks.exe,30812,0x1C47021CD80,DXGI,0,512,1,Hardware: Independent Flip,6105.9241,NA,10.22780000000000,12.48340000000000,9.65770000000000,11.51320000000000,12.4387,6105.5915,9.9903,0.3326,9.6577,0.2687,11.5771,2.2839,9.2932,-2.4468,6105.5915,NA,NA,NA
ZoomTracks.exe,30812,0x1C47021CD80,DXGI,0,512,1,Hardware: Independent Flip,6115.7442,NA,9.82010000000000,8.43970000000000,9.83340000000000,10.07470000000000,11.0583,6115.5818,9.9958,0.1624,9.8334,1.8555,8.3816,0.3894,7.9922,1.5506,6115.5818,NA,NA,NA
ZoomTracks.exe,30812,0x1C47021CD80,DXGI,0,512,1,Hardware: Independent Flip,6125.6999,NA,9.95570000000000,10.65050000000000,9.88300000000000,11.74430000000000,11.7531,6125.5776,10.0053,0.1223,9.8830,0.2413,11.6253,2.2780,9.3473,-0.6547,6125.5776,NA,NA,NA
ZoomTracks.exe,30812,0x1C47021CD80,DXGI,0,512,1,Hardware: Independent Flip,6135.7341,NA,10.03420000000000,10.49060000000000,9.85310000000000,10.08310000000000,12.2095,6135.5829,10.0043,0.1512,9.8531,1.8613,8.3730,0.3550,8.0180,-0.4853,6135.5829,NA,NA,NA
ZoomTracks.exe,30812,0x1C47021CD80,DXGI,0,512,1,Hardware: Independent Flip,6145.7216,NA,9.98750000000000,9.46130000000000,9.86100000000000,11.67630000000000,11.6833,6145.5872,9.9954,0.1344,9.8610,0.2300,11.5807,2.2356,9.3451,0.5430,6145.5872,NA,NA,NA
ZoomTracks.exe,30812,0x1C47021CD80,DXGI,0,512,1,Hardware: Independent Flip,6155.7144,NA,9.99280000000000,9.99590000000000,9.84530000000000,10.07600000000000,11.6864,6155.5826,9.9771,0.1318,9.8453,1.8153,8.3925,0.3811,8.0114,-0.0005,6155.5826,NA,27.0299,27.0299
ZoomTracks.exe,30812,0x1C47021CD80,DXGI,0,512,1,Hardware: Independent Flip,6165.6857,NA,9.97130000000000,9.99780000000000,9.89220000000000,11.70510000000000,11.7129,6165.5597,10.0182,0.1260,9.8922,0.2307,11.6004,2.1858,9.4146,-0.0207,6165.5597,NA,28.0407,28.0407
ZoomTracks.exe,30812,0x1C47021CD80,DXGI,0,512,1,Hardware: Independent Flip,6175.7324,NA,10.04670000000000,10.01740000000000,9.81650000000000,10.07210000000000,11.6836,6175.5779,9.9710,0.1545,9.8165,1.8129,8.4137,0.5640,7.8497,0.0008,6175.5779,NA,NA,NA
ZoomTracks.exe,30812,0x1C47021CD80,DXGI,0,512,1,Hardware: Independent Flip,6185.6945,NA,9.96210000000000,10.02930000000000,9.89390000000000,11.74260000000000,11.7508,6185.5489,10.0395,0.1456,9.8939,0.2556,11.6326,2.1141,9.5185,-0.0583,6185.5489,NA,NA,NA
ZoomTracks.exe,30812,0x1C47021CD80,DXGI,0,512,1,Hardware: Independent Flip,6195.7471,NA,10.05260000000000,10.05320000000000,9.85810000000000,10.11490000000000,11.7514,6195.5884,10.0168,0.1587,9.8581,1.8487,8.4249,0.3982,8.0267,-0.0137,6195.5884,NA,NA,NA
ZoomTracks.exe,30812,0x1C47021CD80,DXGI,0,512,1,Hardware: Independent Flip,6205.7690,NA,10.02190000000000,9.93250000000000,9.81630000000000,11.64670000000000,11.6620,6205.6052,9.9801,0.1638,9.8163,0.2568,11.5537,2.2538,9.2999,0.0843,6205.6052,NA,NA,NA
ZoomTracks.exe,30812,0x1C47021CD80,DXGI,0,512,1,Hardware: Independent Flip,6215.7324,NA,9.96340000000000,10.02650000000000,9.87280000000000,10.15160000000000,11.7251,6215.5853,10.0199,0.1471,9.8728,1.8304,8.4683,0.4333,8.0350,-0.0464,6215.5853,NA,21.0923,21.0923
ZoomTracks.exe,30812,0x1C47021CD80,DXGI,0,512,1,Hardware: Independent Flip,6225.7362,NA,10.00380000000000,9.97290000000000,9.85460000000000,11.68640000000000,11.6942,6225.6052,9.9856,0.1310,9.8546,0.2788,11.5386,2.2537,9.2849,0.0470,6225.6052,NA,NA,NA
ZoomTracks.exe,30812,0x1C47021CD80,DXGI,0,512,1,Hardware: Independent Flip,6235.7197,NA,9.98350000000000,9.97540000000000,9.85970000000000,10.10750000000000,11.6861,6235.5908,9.9886,0.1289,9.8597,1.8318,8.4046,0.3627,8.0419,0.0102,6235.5908,NA,22.0521,22.0521
ZoomTracks.exe,30812,0x1C47021CD80,DXGI,0,512,1,Hardware: Independent Flip,6245.7115,NA,9.99180000000000,10.05110000000000,9.88810000000000,11.73770000000000,11.7454,6245.5794,10.0202,0.1321,9.8881,0.2478,11.6220,2.2750,9.3470,-0.0625,6245.5794,NA,NA,NA
ZoomTracks.exe,30812,0x1C47021CD80,DXGI,0,512,1,Hardware: Independent Flip,6255.7665,NA,10.05500000000000,10.00200000000000,9.81290000000000,10.06250000000000,11.6924,6255.5996,9.9798,0.1669,9.8129,1.8496,8.3798,0.3648,8.0150,0.0182,6255.5996,NA,NA,NA
ZoomTracks.exe,30812,0x1C47021CD80,DXGI,0,512,1,Hardware: Independent Flip,6265.6960,NA,9.92950000000000,10.15520000000000,9.89210000000000,11.79060000000000,11.9181,6265.5794,10.0087,0.1166,9.8921,0.2496,11.6576,2.3150,9.3426,-0.1754,6265.5794,NA,NA,NA
ZoomTracks.exe,30812,0x1C47021CD80,DXGI,0,512,1,Hardware: Independent Flip,6275.7256,NA,10.02960000000000,9.91990000000000,9.83500000000000,10.14810000000000,11.8084,6275.5881,9.9725,0.1375,9.8350,1.8985,8.3871,0.5392,7.8479,0.0888,6275.5881,NA,NA,NA
ZoomTracks.exe,30812,0x1C47021CD80,DXGI,0,512,1,Hardware: Independent Flip,6285.7018,NA,9.97620000000000,9.94240000000000,9.86980000000000,11.76470000000000,11.7746,6285.5606,10.0110,0.1412,9.8698,0.3131,11.5928,2.1463,9.4465,0.0301,6285.5606,NA,NA,NA
ZoomTracks.exe,30812,0x1C47021CD80,DXGI,0,512,1,Hardware: Independent Flip,6295.6981,NA,9.99630000000000,9.98020000000000,9.86670000000000,10.12950000000000,11.7585,6295.5716,9.9932,0.1265,9.8667,1.8949,8.3611,0.3602,8.0009,0.0308,6295.5716,NA,NA,NA
ZoomTracks.exe,30812,0x1C47021CD80,DXGI,0,512,1,Hardware: Independent Flip,6305.7170,NA,10.01890000000000,9.98920000000000,9.88920000000000,11.72190000000000,11.7288,6305.5648,10.0414,0.1522,9.8892,0.2628,11.6113,2.0575,9.5538,0.0040,6305.5648,NA,20.0870,20.0870
ZoomTracks.exe,30812,0x1C47021CD80,DXGI,0,512,1,Hardware: Independent Flip,6315.7420,NA,10.02500000000000,10.01930000000000,9.84560000000000,10.08690000000000,11.7231,6315.6062,9.9814,0.1358,9.8456,1.8327,8.3900,0.4314,7.9586,0.0221,6315.6062,NA,NA,NA
ZoomTracks.exe,30812,0x1C47021CD80,DXGI,0,512,1,Hardware: Independent Flip,6325.7334,NA,9.99140000000000,9.98340000000000,9.85390000000000,11.70750000000000,11.7151,6325.5876,9.9997,0.1458,9.8539,0.2413,11.6120,2.2742,9.3378,-0.0020,6325.5876,NA,21.0991,21.0991
ZoomTracks.exe,30812,0x1C47021CD80,DXGI,0,512,1,Hardware: Independent Flip,6335.7230,NA,9.98960000000000,10.00620000000000,9.86890000000000,10.09520000000000,11.7317,6335.5873,10.0046,0.1357,9.8689,1.8536,8.3773,0.3510,8.0263,-0.0065,6335.5873,NA,NA,NA
ZoomTracks.exe,30812,0x1C47021CD80,DXGI,0,512,1,Hardware: Independent Flip,6345.7389,NA,10.01590000000000,10.01490000000000,9.83520000000000,11.72230000000000,11.7307,6345.5919,9.9822,0.1470,9.8352,0.2263,11.6430,2.2913,9.3517,-0.0103,6345.5919,NA,NA,NA
ZoomTracks.exe,30812,0x1C47021CD80,DXGI,0,512,1,Hardware: Independent Flip,6355.7016,NA,9.96270000000000,10.03520000000000,9.89410000000000,10.14940000000000,11.8032,6355.5741,10.0216,0.1275,9.8941,1.8871,8.3898,0.3897,8.0001,-0.0530,6355.5741,NA,NA,NA
ZoomTracks.exe,30812,0x1C47021CD80,DXGI,0,512,1,Hardware: Independent Flip,6365.7583,NA,10.05670000000000,9.97100000000000,9.82180000000000,11.70680000000000,11.7175,6365.5957,9.9844,0.1626,9.8218,0.2553,11.6141,2.3020,9.3121,0.0506,6365.5957,NA,NA,NA
ZoomTracks.exe,30812,0x1C47021CD80,DXGI,0,512,1,Hardware: Independent Flip,6375.8013,NA,10.04300000000000,10.00030000000000,9.75630000000000,10.03300000000000,11.6748,6375.5801,9.9775,0.2212,9.7563,1.8850,8.3692,0.3752,7.9940,-0.0159,6375.5801,NA,NA,NA
ZoomTracks.exe,30812,0x1C47021CD80,DXGI,0,512,1,Hardware: Independent Flip,6385.7258,NA,9.92450000000000,8.36100000000000,9.84150000000000,10.08890000000000,10.1113,6385.5576,10.0097,0.1682,9.8415,0.2767,9.9804,0.6766,9.3038,1.6165,6385.5576,NA,NA,NA
ZoomTracks.exe,30812,0x1C47021CD80,DXGI,0,512,1,Hardware: Independent Flip,6395.8744,NA,10.14860000000000,10.76050000000000,9.72180000000000,9.91600000000000,10.7232,6395.5673,10.0289,0.3071,9.7218,0.2474,9.9757,0.6214,9.3543,-0.7508,6395.5673,NA,28.2281,28.2281
ZoomTracks.exe,30812,0x1C47021CD80,DXGI,0,512,1,Hardware: Independent Flip,6405.8348,NA,9.96040000000000,9.29840000000000,9.74100000000000,10.03410000000000,10.0612,6405.5962,9.9796,0.2386,9.7410,0.1942,10.0785,0.7266,9.3519,0.7305,6405.5962,NA,NA,NA
ZoomTracks.exe,30812,0x1C47021CD80,DXGI,0,512,1,Hardware: Independent Flip,6415.9351,NA,10.10030000000000,11.05320000000000,9.64580000000000,11.00200000000000,11.0141,6415.5758,10.0051,0.3593,9.6458,0.2931,11.0682,1.7833,9.2849,-1.0736,6415.5758,NA,28.5813,28.5813
ZoomTracks.exe,30812,0x1C47021CD80,DXGI,0,512,1,Hardware: Independent Flip,6425.7242,NA,9.78910000000000,8.95010000000000,9.86950000000000,10.15240000000000,10.1751,6425.5809,10.0128,0.1433,9.8695,1.3562,8.9395,0.4221,8.5174,1.0550,6425.5809,NA,NA,NA
ZoomTracks.exe,30812,0x1C47021CD80,DXGI,0,512,1,Hardware: Independent Flip,6435.9440,NA,10.21980000000000,9.95820000000000,9.63270000000000,9.88890000000000,9.9135,6435.5937,9.9830,0.3503,9.6327,0.2829,9.9563,0.6784,9.2779,0.0546,6435.5937,NA,NA,NA
ZoomTracks.exe,30812,0x1C47021CD80,DXGI,0,512,1,Hardware: Independent Flip,6445.8580,NA,9.91400000000000,11.06640000000000,9.72900000000000,9.94800000000000,11.0659,6445.5767,10.0103,0.2813,9.7290,0.2562,9.9731,0.6329,9.3402,-1.0834,6445.5767,NA,NA,NA
ZoomTracks.exe,30812,0x1C47021CD80,DXGI,0,512,1,Hardware: Independent Flip,6455.8355,NA,9.97750000000000,8.90130000000000,9.74940000000000,9.96860000000000,9.9897,6455.5870,9.9979,0.2485,9.7494,0.2190,9.9981,0.6687,9.3294,1.1090,6455.5870,NA,NA,NA
ZoomTracks.exe,30812,0x1C47021CD80,DXGI,0,512,1,Hardware: Independent Flip,6465.8518,NA,10.01630000000000,10.55640000000000,9.73080000000000,9.95010000000000,10.5298,6465.5849,9.9977,0.2669,9.7308,0.2192,9.9978,0.6375,9.3603,-0.5585,6465.5849,NA,NA,NA
ZoomTracks.exe,30812,0x1C47021CD80,DXGI,0,512,1,Hardware: Independent Flip,6475.8448,NA,9.99300000000000,9.79140000000000,9.74030000000000,9.98160000000000,10.3282,6475.5826,10.0025,0.2622,9.7403,0.2193,10.0245,0.6524,9.3721,0.2063,6475.5826,NA,24.8151,24.8151
ZoomTracks.exe,30812,0x1C47021CD80,DXGI,0,512,1,Hardware: Independent Flip,6485.8372,NA,9.99240000000000,9.64340000000000,9.72490000000000,9.95880000000000,9.9792,6485.5851,9.9770,0.2521,9.7249,0.2413,9.9696,0.6630,9.3066,0.3591,6485.5851,NA,NA,NA
ZoomTracks.exe,30812,0x1C47021CD80,DXGI,0,512,1,Hardware: Independent Flip,6495.8403,NA,10.00310000000000,10.24100000000000,9.72480000000000,9.92690000000000,10.2171,6495.5621,10.0030,0.2782,9.7248,0.2339,9.9712,0.5951,9.3761,-0.2640,6495.5621,NA,NA,NA
ZoomTracks.exe,30812,0x1C47021CD80,DXGI,0,512,1,Hardware: Independent Flip,6505.7933,NA,9.95300000000000,9.78490000000000,9.75940000000000,10.04120000000000,10.0490,6505.5651,9.9876,0.2282,9.7594,0.2021,10.0673,0.6615,9.4058,0.2181,6505.5651,NA,NA,NA
ZoomTracks.exe,30812,0x1C47021CD80,DXGI,0,512,1,Hardware: Independent Flip,6515.6768,NA,9.88350000000000,11.30140000000000,9.91280000000000,11.45910000000000,11.4669,6515.5527,10.0369,0.1241,9.9128,0.2818,11.3014,1.7553,9.5461,-1.3138,6515.5527,NA,NA,NA
ZoomTracks.exe,30812,0x1C47021CD80,DXGI,0,512,1,Hardware: Independent Flip,6525.7158,NA,10.03900000000000,8.71450000000000,9.88460000000000,10.12440000000000,10.1424,6525.5896,10.0108,0.1262,9.8846,1.5463,8.7043,0.3734,8.3309,1.3224,6525.5896,NA,NA,NA
ZoomTracks.exe,30812,0x1C47021CD80,DXGI,0,512,1,Hardware: Independent Flip,6535.9004,NA,10.18460000000000,10.01020000000000,9.68150000000000,9.94480000000000,9.9680,6535.6004,9.9815,0.3000,9.6815,0.2398,10.0050,0.6827,9.3223,0.0006,6535.6004,NA,NA,NA
ZoomTracks.exe,30812,0x1C47021CD80,DXGI,0,512,1,Hardware: Independent Flip,6545.8903,NA,9.98990000000000,11.23890000000000,9.68920000000000,9.90190000000000,11.2170,6545.5819,9.9976,0.3084,9.6892,0.2633,9.9470,0.6250,9.3220,-1.2574,6545.5819,NA,NA,NA
ZoomTracks.exe,30812,0x1C47021CD80,DXGI,0,512,1,Hardware: Independent Flip,6555.8166,NA,9.92630000000000,8.78030000000000,9.78210000000000,10.04650000000000,10.0710,6555.5795,10.0192,0.2371,9.7821,0.2127,10.0709,0.7005,9.3704,1.2173,6555.5795,NA,27.5163,27.5163
ZoomTracks.exe,30812,0x1C47021CD80,DXGI,0,512,1,Hardware: Independent Flip,6565.9034,NA,10.08680000000000,10.60400000000000,9.67590000000000,9.89420000000000,10.5882,6565.5987,9.9806,0.3047,9.6759,0.2644,9.9345,0.6140,9.3205,-0.5848,6565.5987,NA,25.1294,25.1294
ZoomTracks.exe,30812,0x1C47021CD80,DXGI,0,512,1,Hardware: Independent Flip,6575.8527,NA,9.94930000000000,9.57600000000000,9.71890000000000,9.89210000000000,10.2149,6575.5793,9.9923,0.2734,9.7189,0.2183,9.9472,0.6018,9.3454,0.4046,6575.5793,NA,NA,NA
ZoomTracks.exe,30812,0x1C47021CD80,DXGI,0,512,1,Hardware: Independent Flip,6585.7856,NA,9.93290000000000,9.73800000000000,9.77100000000000,9.99770000000000,10.0200,6585.5716,9.9850,0.2140,9.7710,0.1732,10.0385,0.6091,9.4294,0.2543,6585.5716,NA,NA,NA
ZoomTracks.exe,30812,0x1C47021CD80,DXGI,0,512,1,Hardware: Independent Flip,6595.8415,NA,10.05590000000000,10.40820000000000,9.71620000000000,9.98340000000000,10.3723,6595.5566,10.0011,0.2849,9.7162,0.2267,10.0416,0.6635,9.3781,-0.4232,6595.5566,NA,NA,NA
ZoomTracks.exe,30812,0x1C47021CD80,DXGI,0,512,1,Hardware: Independent Flip,6605.7018,NA,9.86030000000000,9.62760000000000,9.85070000000000,10.13210000000000,10.1396,6605.5577,9.9948,0.1441,9.8507,0.2672,10.0090,0.5029,9.5061,0.3735,6605.5577,NA,NA,NA
ZoomTracks.exe,30812,0x1C47021CD80,DXGI,0,512,1,Hardware: Independent Flip,6615.7086,NA,10.00680000000000,10.85320000000000,9.87900000000000,10.97870000000000,10.9860,6615.5525,10.0351,0.1561,9.8790,0.2814,10.8534,1.3039,9.5495,-0.8584,6615.5525,NA,NA,NA
ZoomTracks.exe,30812,0x1C47021CD80,DXGI,0,512,1,Hardware: Independent Flip,6625.7426,NA,10.03400000000000,9.23010000000000,9.85860000000000,10.15780000000000,10.1821,6625.5876,10.0136,0.1550,9.8586,1.0997,9.2131,0.4937,8.7194,0.8050,6625.5876,NA,NA,NA
ZoomTracks.exe,30812,0x1C47021CD80,DXGI,0,512,1,Hardware: Independent Flip,6635.9427,NA,10.20010000000000,9.97380000000000,9.65720000000000,9.93540000000000,9.9558,6635.6012,9.9987,0.3415,9.6572,0.2992,9.9777,0.7064,9.2713,0.0398,6635.6012,NA,26.5249,26.5249
ZoomTracks.exe,30812,0x1C47021CD80,DXGI,0,512,1,Hardware: Independent Flip,6645.9465,NA,10.00380000000000,10.79490000000000,9.64170000000000,9.84090000000000,10.7469,6645.5999,9.9883,0.3466,9.6417,0.2782,9.9093,0.6798,9.2295,-0.7962,6645.5999,NA,NA,NA
ZoomTracks.exe,30812,0x1C47021CD80,DXGI,0,512,1,Hardware: Independent Flip,6655.8370,NA,9.89050000000000,9.16890000000000,9.74640000000000,10.00190000000000,10.0253,6655.5882,9.9952,0.2488,9.7464,0.1992,10.0515,0.6825,9.3690,0.8194,6655.5882,NA,22.4909,22.4909
ZoomTracks.exe,30812,0x1C47021CD80,DXGI,0,512,1,Hardware: Independent Flip,6665.8898,NA,10.05280000000000,10.46300000000000,9.70870000000000,9.94750000000000,10.4355,6665.5834,10.0151,0.3064,9.7087,0.2555,9.9984,0.6774,9.3210,-0.4678,6665.5834,NA,NA,NA
ZoomTracks.exe,30812,0x1C47021CD80,DXGI,0,512,1,Hardware: Independent Flip,6675.8816,NA,9.99180000000000,9.73720000000000,9.69940000000000,9.91150000000000,10.1809,6675.5985,9.9825,0.2831,9.6994,0.2388,9.9558,0.6431,9.3127,0.2779,6675.5985,NA,NA,NA
ZoomTracks.exe,30812,0x1C47021CD80,DXGI,0,512,1,Hardware: Independent Flip,6685.8195,NA,9.93790000000000,9.72900000000000,9.74700000000000,9.95250000000000,9.9720,6685.5810,9.9855,0.2385,9.7470,0.2121,9.9789,0.5587,9.4202,0.2535,6685.5810,NA,NA,NA
ZoomTracks.exe,30812,0x1C47021CD80,DXGI,0,512,1,Hardware: Independent Flip,6695.8293,NA,10.00980000000000,10.23030000000000,9.71370000000000,9.93260000000000,10.1925,6695.5665,9.9765,0.2628,9.7137,0.2055,9.9899,0.5910,9.3989,-0.2448,6695.5665,NA,NA,NA
ZoomTracks.exe,30812,0x1C47021CD80,DXGI,0,512,1,Hardware: Independent Flip,6705.6843,NA,9.85500000000000,9.82950000000000,9.88500000000000,10.15790000000000,10.1670,6705.5430,10.0263,0.1413,9.8850,0.2189,10.0803,0.5158,9.5645,0.1470,6705.5430,NA,NA,NA
ZoomTracks.exe,30812,0x1C47021CD80,DXGI,0,512,1,Hardware: Independent Flip,6715.7115,NA,10.02720000000000,11.18920000000000,9.87780000000000,11.32120000000000,11.3290,6715.5693,10.0200,0.1422,9.8778,0.2729,11.1905,1.6515,9.5390,-1.1629,6715.5693,NA,NA,NA
ZoomTracks.exe,30812,0x1C47021CD80,DXGI,0,512,1,Hardware: Independent Flip,6725.7581,NA,10.04660000000000,8.84660000000000,9.83400000000000,10.09930000000000,10.1290,6725.5893,10.0028,0.1688,9.8340,1.4434,8.8247,0.3912,8.4335,1.1734,6725.5893,NA,NA,NA
ZoomTracks.exe,30812,0x1C47021CD80,DXGI,0,512,1,Hardware: Independent Flip,6735.9334,NA,10.17530000000000,9.95260000000000,9.65180000000000,9.88140000000000,9.9063,6735.5921,9.9931,0.3413,9.6518,0.2653,9.9574,0.6507,9.3067,0.0502,6735.5921,NA,24.4784,24.4784
ZoomTracks.exe,30812,0x1C47021CD80,DXGI,0,512,1,Hardware: Independent Flip,6745.8599,NA,9.92650000000000,11.11580000000000,9.74040000000000,9.89820000000000,11.0956,6745.5852,10.0151,0.2747,9.7404,0.2296,9.9433,0.6138,9.3295,-1.1227,6745.5852,NA,29.6104,29.6104
ZoomTracks.exe,30812,0x1C47021CD80,DXGI,0,512,1,Hardware: Independent Flip,6755.8016,NA,9.94170000000000,8.94070000000000,9.77630000000000,10.06950000000000,10.0946,6755.6003,9.9776,0.2013,9.7763,0.1578,10.1130,0.7369,9.3761,1.0744,6755.6003,NA,NA,NA
ZoomTracks.exe,30812,0x1C47021CD80,DXGI,0,512,1,Hardware: Independent Flip,6765.8797,NA,10.07810000000000,10.50340000000000,9.70010000000000,9.89340000000000,10.5199,6765.5779,10.0019,0.3018,9.7001,0.2932,9.9020,0.6025,9.2995,-0.5258,6765.5779,NA,NA,NA
ZoomTracks.exe,30812,0x1C47021CD80,DXGI,0,512,1,Hardware: Independent Flip,6775.8139,NA,9.93420000000000,9.64680000000000,9.86330000000000,9.96960000000000,10.2325,6775.5798,10.0974,0.2341,9.8633,0.1933,10.0104,0.6464,9.3640,0.3551,6775.5798,NA,NA,NA
ZoomTracks.exe,30812,0x1C47021CD80,DXGI,0,512,1,Hardware: Independent Flip,6785.8881,NA,10.07420000000000,9.85030000000000,9.69870000000000,9.98860000000000,10.0086,6785.6772,9.9096,0.2109,9.6987,0.1063,10.0932,0.7620,9.3312,0.2471,6785.6772,NA,NA,NA
ZoomTracks.exe,30812,0x1C47021CD80,DXGI,0,512,1,Hardware: Independent Flip,6795.9355,NA,10.04740000000000,10.21940000000000,9.63960000000000,9.84670000000000,10.1806,6795.5868,9.9883,0.3487,9.6396,0.2899,9.9055,0.6262,9.2793,-0.3098,6795.5868,NA,NA,NA
ZoomTracks.exe,30812,0x1C47021CD80,DXGI,0,512,1,Hardware: Independent Flip,6805.6946,NA,9.75910000000000,9.71080000000000,9.85670000000000,10.12590000000000,10.1323,6805.5751,9.9762,0.1195,9.8567,0.2071,10.0383,0.4811,9.5572,0.2775,6805.5751,NA,NA,NA
ZoomTracks.exe,30812,0x1C47021CD80,DXGI,0,512,1,Hardware: Independent Flip,6815.6887,NA,9.99410000000000,11.65960000000000,9.89660000000000,11.78770000000000,11.7978,6815.5513,10.0340,0.1374,9.8966,0.2692,11.6559,2.0862,9.5697,-1.6834,6815.5513,NA,26.1335,26.1335
ZoomTracks.exe,30812,0x1C47021CD80,DXGI,0,512,1,Hardware: Independent Flip,6825.7219,NA,10.03320000000000,8.50320000000000,9.83500000000000,10.16240000000000,10.2678,6825.5853,9.9716,0.1366,9.8350,1.8911,8.4079,0.4257,7.9822,1.5308,6825.5853,NA,NA,NA
ZoomTracks.exe,30812,0x1C47021CD80,DXGI,0,512,1,Hardware: Independent Flip,6835.7077,NA,9.98580000000000,9.86390000000000,9.87180000000000,10.12850000000000,10.1459,6835.5569,10.0226,0.1508,9.8718,0.3274,9.9519,0.4859,9.4660,0.1077,6835.5569,NA,NA,NA
ZoomTracks.exe,30812,0x1C47021CD80,DXGI,0,512,1,Hardware: Independent Flip,6845.8915,NA,10.18380000000000,11.60060000000000,9.70460000000000,9.94870000000000,11.5627,6845.5795,10.0166,0.3120,9.7046,0.2567,10.0040,0.6780,9.3260,-1.5780,6845.5795,NA,NA,NA
ZoomTracks.exe,30812,0x1C47021CD80,DXGI,0,512,1,Hardware: Independent Flip,6855.8960,NA,10.00450000000000,8.61770000000000,9.69960000000000,10.02450000000000,10.1759,6855.5961,9.9995,0.2999,9.6996,0.2441,10.0803,0.7750,9.3053,1.3989,6855.5961,NA,29.6883,29.6883
ZoomTracks.exe,30812,0x1C47021CD80,DXGI,0,512,1,Hardware: Independent Flip,6865.7498,NA,9.85380000000000,10.52130000000000,9.82520000000000,10.04870000000000,10.8434,6865.5956,9.9794,0.1542,9.8252,0.3249,9.8780,0.6517,9.2263,-0.5218,6865.5956,NA,NA,NA
ZoomTracks.exe,30812,0x1C47021CD80,DXGI,0,512,1,Hardware: Independent Flip,6875.7144,NA,9.96460000000000,9.58700000000000,9.86660000000000,10.08900000000000,10.4658,6875.5750,10.0060,0.1394,9.8666,0.2235,10.0049,0.6704,9.3345,0.3924,6875.5750,NA,NA,NA
ZoomTracks.exe,30812,0x1C47021CD80,DXGI,0,512,1,Hardware: Independent Flip,6885.8338,NA,10.11940000000000,9.67580000000000,9.76540000000000,10.00460000000000,10.0222,6885.5810,10.0182,0.2528,9.7654,0.2224,10.0350,0.7351,9.2999,0.3302,6885.5810,NA,27.4969,27.4969
ZoomTracks.exe,30812,0x1C47021CD80,DXGI,0,512,1,Hardware: Independent Flip,6895.8978,NA,10.06400000000000,10.35490000000000,9.67760000000000,9.89970000000000,10.3131,6895.5992,9.9762,0.2986,9.6776,0.2392,9.9591,0.6448,9.3143,-0.3367,6895.5992,NA,NA,NA
ZoomTracks.exe,30812,0x1C47021CD80,DXGI,0,512,1,Hardware: Independent Flip,6905.7007,NA,9.80290000000000,9.63800000000000,9.85610000000000,10.14040000000000,10.1482,6905.5754,9.9814,0.1253,9.8561,0.2221,10.0436,0.7769,9.2667,0.3382,6905.5754,NA,NA,NA
ZoomTracks.exe,30812,0x1C47021CD80,DXGI,0,512,1,Hardware: Independent Flip,6915.7099,NA,10.00920000000000,10.05160000000000,9.87120000000000,10.15630000000000,10.1906,6915.5568,10.0243,0.1531,9.8712,0.2843,10.0251,0.4836,9.5415,-0.0702,6915.5568,NA,NA,NA
ZoomTracks.exe,30812,0x1C47021CD80,DXGI,0,512,1,Hardware: Independent Flip,6925.7139,NA,10.00400000000000,9.95220000000000,9.84260000000000,10.10940000000000,10.1388,6925.5811,9.9754,0.1328,9.8426,0.2851,9.9571,0.6451,9.3120,0.0721,6925.5811,NA,NA,NA
ZoomTracks.exe,30812,0x1C47021CD80,DXGI,0,512,1,Hardware: Independent Flip,6935.8836,NA,10.16970000000000,10.01500000000000,9.71550000000000,9.96590000000000,9.9841,6935.5565,10.0426,0.3271,9.7155,0.2668,10.0262,0.7059,9.3203,-0.0396,6935.5565,NA,NA,NA
ZoomTracks.exe,30812,0x1C47021CD80,DXGI,0,512,1,Hardware: Independent Flip,6945.8916,NA,10.00800000000000,9.97610000000000,9.69480000000000,9.93580000000000,9.9522,6945.5991,9.9873,0.2925,9.6948,0.2504,9.9779,0.6649,9.3130,0.0665,6945.5991,NA,NA,NA
ZoomTracks.exe,30812,0x1C47021CD80,DXGI,0,512,1,Hardware: Independent Flip,6955.8790,NA,9.98740000000000,10.04370000000000,9.70160000000000,9.97320000000000,10.0085,6955.5864,9.9942,0.2926,9.7016,0.2410,10.0248,0.7129,9.3119,-0.0564,6955.5864,NA,NA,NA
ZoomTracks.exe,30812,0x1C47021CD80,DXGI,0,512,1,Hardware: Independent Flip,6965.9161,NA,10.03710000000000,10.07290000000000,9.67270000000000,10.00180000000000,10.0443,6965.5806,10.0082,0.3355,9.6727,0.2716,10.0657,0.7667,9.2990,-0.0787,6965.5806,NA,28.6079,28.6079
ZoomTracks.exe,30812,0x1C47021CD80,DXGI,0,512,1,Hardware: Independent Flip,6975.9895,NA,10.07340000000000,9.95800000000000,9.58820000000000,9.90480000000000,9.9289,6975.5888,9.9889,0.4007,9.5882,0.3291,9.9764,0.7447,9.2317,0.0502,6975.5888,NA,NA,NA
ZoomTracks.exe,30812,0x1C47021CD80,DXGI,0,512,1,Hardware: Independent Flip,6985.9438,NA,9.95430000000000,9.99000000000000,9.63700000000000,9.93770000000000,9.9646,6985.5777,10.0031,0.3661,9.6370,0.3166,9.9872,0.7353,9.2519,-0.0011,6985.5777,NA,NA,NA
ZoomTracks.exe,30812,0x1C47021CD80,DXGI,0,512,1,Hardware: Independent Flip,6995.7123,NA,9.76850000000000,10.03340000000000,9.88320000000000,10.20550000000000,10.2295,6995.5808,10.0147,0.1315,9.8832,0.3007,10.0363,0.7445,9.2918,-0.0303,6995.5808,NA,NA,NA
ZoomTracks.exe,30812,0x1C47021CD80,DXGI,0,512,1,Hardware: Independent Flip,7005.9593,NA,10.24700000000000,9.97370000000000,9.62390000000000,9.93140000000000,9.9562,7005.5955,9.9877,0.3638,9.6239,0.3223,9.9729,0.7401,9.2328,0.0410,7005.5955,NA,NA,NA
ZoomTracks.exe,30812,0x1C47021CD80,DXGI,0,512,1,Hardware: Independent Flip,7015.9411,NA,9.98180000000000,10.79480000000000,9.63640000000000,10.76130000000000,10.7692,7015.5832,9.9943,0.3579,9.6364,0.3075,10.8117,1.5637,9.2480,-0.8071,7015.5832,NA,NA,NA
ZoomTracks.exe,30812,0x1C47021CD80,DXGI,0,512,1,Hardware: Independent Flip,7025.7147,NA,9.77360000000000,9.13050000000000,9.85990000000000,10.05020000000000,10.1261,7025.5775,9.9971,0.1372,9.8599,1.1249,9.0625,0.3635,8.6990,0.8638,7025.5775,NA,NA,NA
ZoomTracks.exe,30812,0x1C47021CD80,DXGI,0,512,1,Hardware: Independent Flip,7035.7102,NA,9.99550000000000,9.94340000000000,9.84640000000000,10.05300000000000,10.0740,7035.5746,9.9820,0.1356,9.8464,0.1903,9.9983,0.5061,9.4922,0.0537,7035.5746,NA,23.4135,23.4135
ZoomTracks.exe,30812,0x1C47021CD80,DXGI,0,512,1,Hardware: Independent Flip,7045.8210,NA,10.11080000000000,10.94790000000000,9.74610000000000,9.97300000000000,10.9111,7045.5566,10.0105,0.2644,9.7461,0.2066,10.0308,0.6396,9.3912,-0.9659,7045.5566,NA,26.3715,26.3715
ZoomTracks.exe,30812,0x1C47021CD80,DXGI,0,512,1,Hardware: Independent Flip,7055.8207,NA,9.99970000000000,9.10780000000000,9.76040000000000,9.99510000000000,10.0192,7055.5671,10.0140,0.2536,9.7604,0.2269,10.0218,0.6724,9.3494,0.9027,7055.5671,NA,NA,NA
ZoomTracks.exe,30812,0x1C47021CD80,DXGI,0,512,1,Hardware: Independent Flip,7065.8634,NA,10.04270000000000,10.35230000000000,9.72830000000000,9.90130000000000,10.3288,7065.5811,10.0106,0.2823,9.7283,0.2347,9.9489,0.6094,9.3395,-0.3383,7065.5811,NA,NA,NA
ZoomTracks.exe,30812,0x1C47021CD80,DXGI,0,512,1,Hardware: Independent Flip,7075.8059,NA,9.94250000000000,9.88450000000000,9.78700000000000,9.98990000000000,10.2708,7075.5917,10.0012,0.2142,9.7870,0.1730,10.0311,0.7032,9.3279,0.1261,7075.5917,NA,NA,NA
ZoomTracks.exe,30812,0x1C47021CD80,DXGI,0,512,1,Hardware: Independent Flip,7085.8231,NA,10.01720000000000,9.85270000000000,9.77870000000000,10.07650000000000,10.1063,7085.5929,10.0089,0.2302,9.7787,0.2029,10.1038,0.7620,9.3418,0.1485,7085.5929,NA,NA,NA
ZoomTracks.exe,30812,0x1C47021CD80,DXGI,0,512,1,Hardware: Independent Flip,7095.7507,NA,9.92760000000000,10.11770000000000,9.82890000000000,10.03920000000000,10.2964,7095.6018,9.9778,0.1489,9.8289,0.2978,9.8903,0.6345,9.2558,-0.1088,7095.6018,NA,NA,NA
ZoomTracks.exe,30812,0x1C47021CD80,DXGI,0,512,1,Hardware: Independent Flip,7105.8316,NA,10.08090000000000,9.86940000000000,9.75470000000000,10.04500000000000,10.0849,7105.5796,10.0067,0.2520,9.7547,0.2103,10.0867,0.7195,9.3672,0.1084,7105.5796,NA,NA,NA
ZoomTracks.exe,30812,0x1C47021CD80,DXGI,0,512,1,Hardware: Independent Flip,7115.7134,NA,9.88180000000000,11.31450000000000,9.87470000000000,11.41080000000000,11.5176,7115.5863,10.0018,0.1271,9.8747,0.2903,11.2476,1.9800,9.2676,-1.3078,7115.5863,NA,NA,NA
ZoomTracks.exe,30812,0x1C47021CD80,DXGI,0,512,1,Hardware: Independent Flip,7125.7240,NA,10.01060000000000,8.60840000000000,9.84580000000000,10.10760000000000,10.1154,7125.5881,9.9817,0.1359,9.8458,1.5361,8.7074,0.4673,8.2401,1.3934,7125.5881,NA,NA,NA
ZoomTracks.exe,30812,0x1C47021CD80,DXGI,0,512,1,Hardware: Independent Flip,7135.7226,NA,9.99860000000000,9.96760000000000,9.84660000000000,10.06330000000000,10.0844,7135.5698,9.9994,0.1528,9.8466,0.2618,9.9543,0.6424,9.3119,0.0141,7135.5698,NA,19.4588,19.4588
ZoomTracks.exe,30812,0x1C47021CD80,DXGI,0,512,1,Hardware: Independent Flip,7145.8459,NA,10.12330000000000,11.26430000000000,9.71290000000000,9.88010000000000,11.2254,7145.5692,9.9896,0.2767,9.7129,0.2167,9.9401,0.5736,9.3665,-1.2649,7145.5692,NA,NA,NA
ZoomTracks.exe,30812,0x1C47021CD80,DXGI,0,512,1,Hardware: Independent Flip,7155.7514,NA,9.90550000000000,8.81200000000000,9.82060000000000,10.10470000000000,10.1319,7155.5588,10.0132,0.1926,9.8206,0.1672,10.1301,0.6190,9.5111,1.1776,7155.5588,NA,NA,NA
ZoomTracks.exe,30812,0x1C47021CD80,DXGI,0,512,1,Hardware: Independent Flip,7165.8653,NA,10.11390000000000,10.58520000000000,9.72010000000000,9.93260000000000,10.6032,7165.5720,10.0134,0.2933,9.7201,0.2841,9.9418,0.6230,9.3188,-0.5720,7165.5720,NA,NA,NA
ZoomTracks.exe,30812,0x1C47021CD80,DXGI,0,512,1,Hardware: Independent Flip,7175.8419,NA,9.97660000000000,9.59500000000000,9.74090000000000,9.91150000000000,10.2216,7175.5854,9.9974,0.2565,9.7409,0.2125,9.9555,0.6109,9.3446,0.4184,7175.5854,NA,NA,NA
ZoomTracks.exe,30812,0x1C47021CD80,DXGI,0,512,1,Hardware: Independent Flip,7185.7799,NA,9.93800000000000,9.76370000000000,9.80110000000000,10.02750000000000,10.0473,7185.5828,9.9982,0.1971,9.8011,0.1706,10.0540,0.6336,9.4204,0.2337,7185.5828,NA,NA,NA
ZoomTracks.exe,30812,0x1C47021CD80,DXGI,0,512,1,Hardware: Independent Flip,7195.8631,NA,10.08320000000000,10.41280000000000,9.73150000000000,9.96040000000000,10.3769,7195.5810,10.0136,0.2821,9.7315,0.2264,10.0161,0.6592,9.3569,-0.4146,7195.5810,NA,27.8809,27.8809
ZoomTracks.exe,30812,0x1C47021CD80,DXGI,0,512,1,Hardware: Independent Flip,7205.7254,NA,9.86230000000000,9.61890000000000,9.85820000000000,10.11400000000000,10.1335,7205.5946,9.9890,0.1308,9.8582,0.2289,10.0159,0.7740,9.2419,0.3947,7205.5946,NA,NA,NA
ZoomTracks.exe,30812,0x1C47021CD80,DXGI,0,512,1,Hardware: Independent Flip,7215.8778,NA,10.15240000000000,11.00850000000000,9.70130000000000,10.98030000000000,10.9896,7215.5836,9.9955,0.2942,9.7013,0.2558,11.0187,1.6923,9.3264,-1.0195,7215.5836,NA,NA,NA
ZoomTracks.exe,30812,0x1C47021CD80,DXGI,0,512,1,Hardware: Independent Flip,7225.7374,NA,9.85960000000000,8.97910000000000,9.84420000000000,10.08390000000000,10.1091,7225.5791,10.0025,0.1583,9.8442,1.2790,8.9632,0.3629,8.6003,1.0164,7225.5791,NA,28.4863,28.4863
ZoomTracks.exe,30812,0x1C47021CD80,DXGI,0,512,1,Hardware: Independent Flip,7235.8465,NA,10.10910000000000,9.94670000000000,9.71180000000000,9.92770000000000,9.9467,7235.5816,9.9767,0.2649,9.7118,0.2397,9.9529,0.6007,9.3522,0.0558,7235.5816,NA,NA,NA
ZoomTracks.exe,30812,0x1C47021CD80,DXGI,0,512,1,Hardware: Independent Flip,7245.8310,NA,9.98450000000000,11.06940000000000,9.76300000000000,9.97560000000000,11.0316,7245.5583,10.0357,0.2727,9.7630,0.2159,10.0324,0.6429,9.3895,-1.0927,7245.5583,NA,22.5031,22.5031
ZoomTracks.exe,30812,0x1C47021CD80,DXGI,0,512,1,Hardware: Independent Flip,7255.8565,NA,10.02550000000000,8.96470000000000,9.70330000000000,9.96270000000000,9.9708,7255.5940,9.9658,0.2625,9.7033,0.2126,10.0126,0.6775,9.3351,1.0710,7255.5940,NA,NA,NA
ZoomTracks.exe,30812,0x1C47021CD80,DXGI,0,512,1,Hardware: Independent Flip,7265.8798,NA,10.02330000000000,10.43840000000000,9.69400000000000,9.87740000000000,10.3859,7265.5598,10.0140,0.3200,9.6940,0.2594,9.9380,0.5817,9.3563,-0.4726,7265.5598,NA,NA,NA
ZoomTracks.exe,30812,0x1C47021CD80,DXGI,0,512,1,Hardware: Independent Flip,7275.7991,NA,9.91930000000000,9.85900000000000,9.79900000000000,10.02010000000000,10.3256,7275.5738,10.0243,0.2253,9.7990,0.1834,10.0620,0.6801,9.3819,0.1550,7275.5738,NA,NA,NA
ZoomTracks.exe,30812,0x1C47021CD80,DXGI,0,512,1,Hardware: Independent Flip,7285.8464,NA,10.04730000000000,9.77670000000000,9.74460000000000,10.02670000000000,10.0550,7285.5981,9.9929,0.2483,9.7446,0.2211,10.0539,0.6974,9.3565,0.2476,7285.5981,NA,27.5324,27.5324
ZoomTracks.exe,30812,0x1C47021CD80,DXGI,0,512,1,Hardware: Independent Flip,7295.9325,NA,10.08610000000000,10.15180000000000,9.64850000000000,9.85770000000000,10.1207,7295.5910,9.9900,0.3415,9.6485,0.2821,9.9171,0.6669,9.2502,-0.1589,7295.5910,NA,23.6986,23.6986
ZoomTracks.exe,30812,0x1C47021CD80,DXGI,0,512,1,Hardware: Independent Flip,7305.8165,NA,9.88400000000000,9.80730000000000,9.77400000000000,10.02290000000000,10.0440,7305.5810,10.0095,0.2355,9.7740,0.2092,10.0492,0.6662,9.3830,0.1827,7305.5810,NA,NA,NA
ZoomTracks.exe,30812,0x1C47021CD80,DXGI,0,512,1,Hardware: Independent Flip,7315.8770,NA,10.06050000000000,10.06180000000000,9.71420000000000,10.01680000000000,10.0453,7315.5905,10.0007,0.2865,9.7142,0.2489,10.0544,0.7457,9.3087,-0.0523,7315.5905,NA,NA,NA
ZoomTracks.exe,30812,0x1C47021CD80,DXGI,0,512,1,Hardware: Independent Flip,7325.7333,NA,9.85630000000000,9.97540000000000,9.84640000000000,10.12930000000000,10.1644,7325.5912,9.9885,0.1421,9.8464,0.3026,9.9688,0.7029,9.2659,0.0253,7325.5912,NA,NA,NA
ZoomTracks.exe,30812,0x1C47021CD80,DXGI,0,512,1,Hardware: Independent Flip,7335.9209,NA,10.18760000000000,10.01430000000000,9.83490000000000,9.89150000000000,9.9911,7335.5797,10.1761,0.3412,9.8349,0.2829,9.9498,0.5994,9.3504,-0.0258,7335.5797,NA,NA,NA
ZoomTracks.exe,30812,0x1C47021CD80,DXGI,0,512,1,Hardware: Independent Flip,7345.9828,NA,10.06190000000000,9.93510000000000,9.57970000000000,9.83580000000000,9.8643,7345.7558,9.8067,0.2270,9.5797,0.0566,10.0062,0.7443,9.2619,0.2410,7345.7558,NA,10.4794,10.4794
ZoomTracks.exe,30812,0x1C47021CD80,DXGI,0,512,1,Hardware: Independent Flip,7355.9084,NA,9.92560000000000,9.95180000000000,9.65610000000000,9.87030000000000,9.8905,7355.5625,10.0020,0.3459,9.6561,0.2561,9.9601,0.6196,9.3405,-0.1451,7355.5625,NA,NA,NA
ZoomTracks.exe,30812,0x1C47021CD80,DXGI,0,512,1,Hardware: Independent Flip,7365.8368,NA,9.92840000000000,10.06380000000000,9.72340000000000,9.92230000000000,10.0259,7365.5645,9.9957,0.2723,9.7234,0.2142,9.9804,0.5997,9.3807,-0.0618,7365.5645,NA,NA,NA
ZoomTracks.exe,30812,0x1C47021CD80,DXGI,0,512,1,Hardware: Independent Flip,7375.7979,NA,9.96110000000000,10.00420000000000,9.79940000000000,10.04350000000000,10.0690,7375.5602,10.0371,0.2377,9.7994,0.1989,10.0823,0.5955,9.4868,-0.0085,7375.5602,NA,NA,NA
ZoomTracks.exe,30812,0x1C47021CD80,DXGI,0,512,1,Hardware: Independent Flip,7385.9065,NA,10.10860000000000,9.97100000000000,9.67180000000000,9.90930000000000,9.9314,7385.5973,9.9810,0.3092,9.6718,0.2441,9.9744,0.6552,9.3192,0.0661,7385.5973,NA,26.4489,26.4489
ZoomTracks.exe,30812,0x1C47021CD80,DXGI,0,512,1,Hardware: Independent Flip,7395.8735,NA,9.96700000000000,10.08260000000000,9.71700000000000,10.01990000000000,10.0470,7395.5783,10.0122,0.2952,9.7170,0.2375,10.0776,0.7385,9.3391,-0.1016,7395.5783,NA,NA,NA
ZoomTracks.exe,30812,0x1C47021CD80,DXGI,0,512,1,Hardware: Independent Flip,7405.9223,NA,10.04880000000000,9.99430000000000,9.65520000000000,9.96650000000000,9.9925,7405.5905,9.9870,0.3318,9.6552,0.3029,9.9954,0.7238,9.2716,0.0179,7405.5905,NA,NA,NA
ZoomTracks.exe,30812,0x1C47021CD80,DXGI,0,512,1,Hardware: Independent Flip,7415.7039,NA,9.78160000000000,10.80290000000000,9.87440000000000,11.00610000000000,11.0138,7415.5775,10.0008,0.1264,9.8744,0.3113,10.8212,1.5525,9.2687,-0.8159,7415.5775,NA,NA,NA
ZoomTracks.exe,30812,0x1C47021CD80,DXGI,0,512,1,Hardware: Independent Flip,7425.7252,NA,10.02130000000000,9.16980000000000,9.86290000000000,10.04180000000000,10.1623,7425.5783,10.0098,0.1469,9.8629,1.1317,9.0570,0.3703,8.6867,0.8310,7425.5783,NA,NA,NA
ZoomTracks.exe,30812,0x1C47021CD80,DXGI,0,512,1,Hardware: Independent Flip,7435.8121,NA,10.08690000000000,9.96760000000000,9.77090000000000,10.01770000000000,10.0430,7435.5881,9.9949,0.2240,9.7709,0.1789,10.0628,0.7004,9.3624,0.0422,7435.5881,NA,28.5011,28.5011
ZoomTracks.exe,30812,0x1C47021CD80,DXGI,0,512,1,Hardware: Independent Flip,7445.8717,NA,10.05960000000000,10.90010000000000,9.70200000000000,9.93280000000000,10.8835,7445.5830,9.9907,0.2887,9.7020,0.2468,9.9747,0.6361,9.3386,-0.9052,7445.5830,NA,NA,NA
ZoomTracks.exe,30812,0x1C47021CD80,DXGI,0,512,1,Hardware: Independent Flip,7455.8554,NA,9.98370000000000,9.08830000000000,9.70400000000000,9.96370000000000,9.9881,7455.5737,9.9857,0.2817,9.7040,0.2308,10.0146,0.6881,9.3265,0.9024,7455.5737,NA,29.5000,29.5000
ZoomTracks.exe,30812,0x1C47021CD80,DXGI,0,512,1,Hardware: Independent Flip,7465.8775,NA,10.02210000000000,10.39930000000000,9.66850000000000,9.88320000000000,10.3653,7465.5594,9.9866,0.3181,9.6685,0.2597,9.9416,0.6119,9.3297,-0.4136,7465.5594,NA,NA,NA
ZoomTracks.exe,30812,0x1C47021CD80,DXGI,0,512,1,Hardware: Independent Flip,7475.8093,NA,9.93180000000000,9.83620000000000,9.74260000000000,9.99690000000000,10.2697,7475.5460,10.0059,0.2633,9.7426,0.2147,10.0455,0.6654,9.3801,0.1504,7475.5460,NA,NA,NA
ZoomTracks.exe,30812,0x1C47021CD80,DXGI,0,512,1,Hardware: Independent Flip,7485.7035,NA,9.89420000000000,9.74490000000000,9.87220000000000,10.10110000000000,10.1204,7485.5519,10.0238,0.1516,9.8722,0.2543,9.9984,0.4597,9.5387,0.2610,7485.5519,NA,NA,NA
ZoomTracks.exe,30812,0x1C47021CD80,DXGI,0,512,1,Hardware: Independent Flip,7495.8639,NA,10.16040000000000,10.26070000000000,9.73420000000000,9.98540000000000,10.2207,7495.5757,10.0224,0.2882,9.7342,0.2289,10.0447,0.6784,9.3663,-0.2369,7495.5757,NA,NA,NA
ZoomTracks.exe,30812,0x1C47021CD80,DXGI,0,512,1,Hardware: Independent Flip,7505.8591,NA,9.99520000000000,9.79070000000000,9.72750000000000,9.99610000000000,10.0162,7505.5981,9.9885,0.2610,9.7275,0.2512,10.0059,0.7207,9.2852,0.2317,7505.5981,NA,NA,NA
ZoomTracks.exe,30812,0x1C47021CD80,DXGI,0,512,1,Hardware: Independent Flip,7515.9166,NA,10.05750000000000,11.27000000000000,9.68030000000000,11.22090000000000,11.2287,7515.5866,10.0103,0.3300,9.6803,0.2686,11.2823,1.9814,9.3009,-1.2815,7515.5866,NA,25.7859,25.7859
ZoomTracks.exe,30812,0x1C47021CD80,DXGI,0,512,1,Hardware: Independent Flip,7525.7439,NA,9.82730000000000,8.72890000000000,9.84670000000000,10.11190000000000,10.1303,7525.5969,9.9937,0.1470,9.8467,1.5406,8.7183,0.3994,8.3189,1.2814,7525.5969,NA,NA,NA
ZoomTracks.exe,30812,0x1C47021CD80,DXGI,0,512,1,Hardware: Independent Flip,7535.9117,NA,10.16780000000000,9.96420000000000,9.67530000000000,9.90810000000000,9.9267,7535.5906,9.9964,0.3211,9.6753,0.2652,9.9640,0.6548,9.3092,0.0295,7535.5906,NA,14.4738,14.4738
ZoomTracks.exe,30812,0x1C47021CD80,DXGI,0,512,1,Hardware: Independent Flip,7545.8744,NA,9.96270000000000,11.36280000000000,9.71230000000000,9.96780000000000,11.3268,7545.5870,9.9997,0.2874,9.7123,0.2328,10.0224,0.6753,9.3471,-1.3664,7545.5870,NA,NA,NA
ZoomTracks.exe,30812,0x1C47021CD80,DXGI,0,512,1,Hardware: Independent Flip,7555.8696,NA,9.99520000000000,8.60990000000000,9.68210000000000,9.91590000000000,9.9415,7555.5867,9.9650,0.2829,9.6821,0.2555,9.9433,0.6225,9.3208,1.3898,7555.5867,NA,NA,NA
ZoomTracks.exe,30812,0x1C47021CD80,DXGI,0,512,1,Hardware: Independent Flip,7565.8454,NA,9.97580000000000,10.68180000000000,9.74380000000000,9.97920000000000,10.6475,7565.5517,10.0375,0.2937,9.7438,0.2338,10.0391,0.6615,9.3776,-0.7168,7565.5517,NA,29.1437,29.1437
ZoomTracks.exe,30812,0x1C47021CD80,DXGI,0,512,1,Hardware: Independent Flip,7575.7271,NA,9.88170000000000,9.71830000000000,9.82030000000000,10.03240000000000,10.4841,7575.5892,9.9582,0.1379,9.8203,0.2354,9.9349,0.6150,9.3199,0.3192,7575.5892,NA,NA,NA
ZoomTracks.exe,30812,0x1C47021CD80,DXGI,0,512,1,Hardware: Independent Flip,7585.6760,NA,9.94890000000000,9.64130000000000,9.93060000000000,10.15660000000000,10.1765,7585.5474,10.0592,0.1286,9.9306,0.2121,10.0731,0.4761,9.5970,0.3169,7585.5474,NA,NA,NA
ZoomTracks.exe,30812,0x1C47021CD80,DXGI,0,512,1,Hardware: Independent Flip,7595.8885,NA,10.21250000000000,10.30850000000000,9.69690000000000,9.89070000000000,10.2725,7595.6066,9.9788,0.2819,9.6969,0.2260,9.9466,0.6105,9.3361,-0.2493,7595.6066,NA,NA,NA
ZoomTracks.exe,30812,0x1C47021CD80,DXGI,0,512,1,Hardware: Independent Flip,7605.8066,NA,9.91810000000000,9.65570000000000,9.76660000000000,9.99080000000000,10.0101,7605.5854,9.9878,0.2212,9.7666,0.1938,10.0182,0.5866,9.4316,0.3231,7605.5854,NA,NA,NA
ZoomTracks.exe,30812,0x1C47021CD80,DXGI,0,512,1,Hardware: Independent Flip,7615.8570,NA,10.05040000000000,10.89890000000000,9.72350000000000,10.85020000000000,10.8586,7615.5732,10.0073,0.2838,9.7235,0.2242,10.9098,1.5438,9.3660,-0.9111,7615.5732,NA,NA,NA
ZoomTracks.exe,30812,0x1C47021CD80,DXGI,0,512,1,Hardware: Independent Flip,7625.6943,NA,9.83730000000000,9.10360000000000,9.88800000000000,10.10800000000000,10.1249,7625.5805,10.0018,0.1138,9.8880,1.1267,9.0951,0.4124,8.6827,0.9037,7625.5805,NA,NA,NA
ZoomTracks.exe,30812,0x1C47021CD80,DXGI,0,512,1,Hardware: Independent Flip,7635.8588,NA,10.16450000000000,10.01750000000000,9.72570000000000,9.95890000000000,9.9779,7635.5823,10.0022,0.2765,9.7257,0.2200,10.0154,0.6434,9.3720,-0.0157,7635.5823,NA,25.4570,25.4570
ZoomTracks.exe,30812,0x1C47021CD80,DXGI,0,512,1,Hardware: Independent Flip,7645.8768,NA,10.01800000000000,10.88650000000000,9.70060000000000,9.90310000000000,10.8464,7645.5845,9.9929,0.2923,9.7006,0.2332,9.9622,0.6166,9.3456,-0.8843,7645.5845,NA,22.5818,22.5818
ZoomTracks.exe,30812,0x1C47021CD80,DXGI,0,512,1,Hardware: Independent Flip,7655.8104,NA,9.93360000000000,9.17840000000000,9.77510000000000,10.06160000000000,10.0912,7655.5774,10.0081,0.2330,9.7751,0.2025,10.0921,0.7044,9.3877,0.8145,7655.5774,NA,NA,NA
ZoomTracks.exe,30812,0x1C47021CD80,DXGI,0,512,1,Hardware: Independent Flip,7665.9415,NA,10.13110000000000,10.39940000000000,9.63040000000000,9.84890000000000,10.3595,7665.5855,9.9864,0.3560,9.6304,0.2865,9.9184,0.6614,9.2570,-0.3913,7665.5855,NA,NA,NA
ZoomTracks.exe,30812,0x1C47021CD80,DXGI,0,512,1,Hardware: Independent Flip,7675.8136,NA,9.87210000000000,9.71100000000000,9.74340000000000,9.96520000000000,10.1984,7675.5719,9.9851,0.2417,9.7434,0.2185,9.9884,0.6293,9.3591,0.2754,7675.5719,NA,NA,NA
ZoomTracks.exe,30812,0x1C47021CD80,DXGI,0,512,1,Hardware: Independent Flip,7685.7113,NA,9.89770000000000,9.83200000000000,9.88260000000000,10.11250000000000,10.1327,7685.5570,10.0369,0.1543,9.8826,0.2218,10.0450,0.5020,9.5430,0.1531,7685.5570,NA,21.4883,21.4883
ZoomTracks.exe,30812,0x1C47021CD80,DXGI,0,512,1,Hardware: Independent Flip,7695.8810,NA,10.16970000000000,10.24650000000000,9.70000000000000,9.93640000000000,10.2095,7695.5939,9.9871,0.2871,9.7000,0.2299,9.9936,0.6500,9.3436,-0.2096,7695.5939,NA,NA,NA
ZoomTracks.exe,30812,0x1C47021CD80,DXGI,0,512,1,Hardware: Independent Flip,7705.8508,NA,9.96980000000000,9.76500000000000,9.72830000000000,9.98640000000000,10.0047,7705.5810,9.9981,0.2698,9.7283,0.2364,10.0198,0.7063,9.3135,0.2221,7705.5810,NA,23.4785,23.4785
ZoomTracks.exe,30812,0x1C47021CD80,DXGI,0,512,1,Hardware: Independent Flip,7715.8922,NA,10.04140000000000,11.15480000000000,9.69640000000000,11.10960000000000,11.1181,7715.5791,10.0095,0.3131,9.6964,0.2581,11.1646,1.8667,9.2979,-1.1567,7715.5791,NA,NA,NA
ZoomTracks.exe,30812,0x1C47021CD80,DXGI,0,512,1,Hardware: Independent Flip,7725.7466,NA,9.85440000000000,8.86130000000000,9.83380000000000,10.10610000000000,10.1250,7725.5886,9.9918,0.1580,9.8338,1.4132,8.8509,0.3903,8.4606,1.1482,7725.5886,NA,NA,NA
ZoomTracks.exe,30812,0x1C47021CD80,DXGI,0,512,1,Hardware: Independent Flip,7735.8937,NA,10.14710000000000,9.94880000000000,9.68740000000000,9.90650000000000,9.9267,7735.5804,10.0007,0.3133,9.6874,0.2723,9.9475,0.6236,9.3239,0.0430,7735.5804,NA,NA,NA
ZoomTracks.exe,30812,0x1C47021CD80,DXGI,0,512,1,Hardware: Independent Flip,7745.8627,NA,9.96900000000000,11.13940000000000,9.72730000000000,9.89620000000000,11.0971,7745.5811,10.0089,0.2816,9.7273,0.2191,9.9587,0.5860,9.3727,-1.1387,7745.5811,NA,NA,NA
ZoomTracks.exe,30812,0x1C47021CD80,DXGI,0,512,1,Hardware: Independent Flip,7755.8031,NA,9.94040000000000,8.98970000000000,9.78150000000000,10.12010000000000,10.1464,7755.5900,9.9946,0.2131,9.7815,0.1689,10.1643,0.7852,9.3791,1.0192,7755.5900,NA,NA,NA
ZoomTracks.exe,30812,0x1C47021CD80,DXGI,0,512,1,Hardware: Independent Flip,7765.7230,NA,9.91990000000000,10.47730000000000,9.85770000000000,10.08490000000000,10.7038,7765.5846,9.9961,0.1384,9.8577,0.3386,9.8847,0.6474,9.2373,-0.4827,7765.5846,NA,NA,NA
ZoomTracks.exe,30812,0x1C47021CD80,DXGI,0,512,1,Hardware: Independent Flip,7775.8353,NA,10.11230000000000,9.63080000000000,9.72340000000000,9.97060000000000,10.2223,7775.5807,9.9780,0.2546,9.7234,0.2272,9.9980,0.6732,9.3248,0.3653,7775.5807,NA,NA,NA
ZoomTracks.exe,30812,0x1C47021CD80,DXGI,0,512,1,Hardware: Independent Flip,7785.7028,NA,9.86750000000000,9.74550000000000,9.84680000000000,10.07380000000000,10.1003,7785.5587,9.9909,0.1441,9.8468,0.2472,9.9707,0.4289,9.5418,0.2325,7785.5587,NA,24.4437,24.4437
ZoomTracks.exe,30812,0x1C47021CD80,DXGI,0,512,1,Hardware: Independent Flip,7795.8203,NA,10.11750000000000,10.26520000000000,9.74500000000000,9.94740000000000,10.2480,7795.5496,10.0157,0.2707,9.7450,0.2270,9.9911,0.5964,9.3947,-0.2743,7795.5496,NA,28.7177,28.7177
ZoomTracks.exe,30812,0x1C47021CD80,DXGI,0,512,1,Hardware: Independent Flip,7805.8011,NA,9.98080000000000,9.79550000000000,9.77550000000000,10.04120000000000,10.0627,7805.5653,10.0113,0.2358,9.7755,0.2024,10.0746,0.6712,9.4034,0.2202,7805.5653,NA,NA,NA
ZoomTracks.exe,30812,0x1C47021CD80,DXGI,0,512,1,Hardware: Independent Flip,7815.8842,NA,10.08310000000000,11.62420000000000,9.69270000000000,11.59610000000000,11.6038,7815.5766,10.0003,0.3076,9.6927,0.2657,11.6380,2.3168,9.3212,-1.6129,7815.5766,NA,28.1235,28.1235
ZoomTracks.exe,30812,0x1C47021CD80,DXGI,0,512,1,Hardware: Independent Flip,7825.7255,NA,9.84130000000000,8.41580000000000,9.86010000000000,10.15870000000000,10.1783,7825.5769,10.0087,0.1486,9.8601,1.9034,8.4039,0.4911,7.9128,1.5845,7825.5769,NA,NA,NA
ZoomTracks.exe,30812,0x1C47021CD80,DXGI,0,512,1,Hardware: Independent Flip,7835.9435,NA,10.21800000000000,9.97170000000000,9.64660000000000,9.91120000000000,9.9320,7835.5856,10.0045,0.3579,9.6466,0.2986,9.9705,0.7027,9.2678,0.0370,7835.5856,NA,25.5211,25.5211
ZoomTracks.exe,30812,0x1C47021CD80,DXGI,0,512,1,Hardware: Independent Flip,7845.8987,NA,9.95520000000000,11.58370000000000,9.68370000000000,9.87970000000000,11.5605,7845.5901,9.9923,0.3086,9.6837,0.2646,9.9237,0.6291,9.2946,-1.5792,7845.5901,NA,NA,NA
ZoomTracks.exe,30812,0x1C47021CD80,DXGI,0,512,1,Hardware: Independent Flip,7855.8231,NA,9.92440000000000,8.60370000000000,9.76810000000000,10.10340000000000,10.2398,7855.5824,10.0088,0.2407,9.7681,0.1960,10.1481,0.7579,9.3902,1.3886,7855.5824,NA,NA,NA
ZoomTracks.exe,30812,0x1C47021CD80,DXGI,0,512,1,Hardware: Independent Flip,7865.7368,NA,9.91370000000000,10.65140000000000,9.84990000000000,10.08890000000000,10.9775,7865.5912,9.9955,0.1456,9.8499,0.3353,9.8992,0.6632,9.2360,-0.6426,7865.5912,NA,NA,NA
ZoomTracks.exe,30812,0x1C47021CD80,DXGI,0,512,1,Hardware: Independent Flip,7875.8695,NA,10.13270000000000,9.44080000000000,9.69180000000000,9.93930000000000,10.2856,7875.5867,9.9746,0.2828,9.6918,0.2390,9.9831,0.6717,9.3114,0.5547,7875.5867,NA,NA,NA
ZoomTracks.exe,30812,0x1C47021CD80,DXGI,0,512,1,Hardware: Independent Flip,7885.7286,NA,9.85910000000000,9.65780000000000,9.88360000000000,10.07590000000000,10.0843,7885.5613,10.0509,0.1673,9.8836,0.2475,9.9957,0.4693,9.5264,0.3168,7885.5613,NA,NA,NA
ZoomTracks.exe,30812,0x1C47021CD80,DXGI,0,512,1,Hardware: Independent Flip,7895.9537,NA,10.22510000000000,10.36390000000000,9.59830000000000,9.78550000000000,10.2231,7895.6122,9.9398,0.3415,9.5983,0.1923,9.9347,0.7258,9.2089,-0.3130,7895.6122,NA,13.8031,13.8031
ZoomTracks.exe,30812,0x1C47021CD80,DXGI,0,512,1,Hardware: Independent Flip,7905.7743,NA,9.82060000000000,9.68920000000000,9.81280000000000,10.06770000000000,10.0917,7905.5520,10.0351,0.2223,9.8128,0.1872,10.1028,0.5891,9.5137,0.2506,7905.5520,NA,NA,NA
ZoomTracks.exe,30812,0x1C47021CD80,DXGI,0,512,1,Hardware: Independent Flip,7915.8900,NA,10.11570000000000,10.07250000000000,9.69390000000000,10.01160000000000,10.0485,7915.5871,9.9968,0.3029,9.6939,0.2549,10.0596,0.7474,9.3122,-0.0374,7915.5871,NA,NA,NA
ZoomTracks.exe,30812,0x1C47021CD80,DXGI,0,512,1,Hardware: Independent Flip,7925.9588,NA,10.06880000000000,9.91780000000000,9.62840000000000,9.87900000000000,9.8975,7925.5839,10.0033,0.3749,9.6284,0.3177,9.9362,0.6737,9.2625,0.0790,7925.5839,NA,27.4884,27.4884
ZoomTracks.exe,30812,0x1C47021CD80,DXGI,0,512,1,Hardware: Independent Flip,7935.8723,NA,9.91350000000000,10.03070000000000,9.72100000000000,9.98730000000000,10.0147,7935.5872,10.0061,0.2851,9.7210,0.2506,10.0218,0.6903,9.3315,-0.0274,7935.5872,NA,NA,NA
ZoomTracks.exe,30812,0x1C47021CD80,DXGI,0,512,1,Hardware: Independent Flip,7945.7187,NA,9.84640000000000,9.96870000000000,9.87230000000000,10.11440000000000,10.1370,7945.5933,9.9977,0.1254,9.8723,0.2663,9.9735,0.6654,9.3081,0.0374,7945.5933,NA,NA,NA
ZoomTracks.exe,30812,0x1C47021CD80,DXGI,0,512,1,Hardware: Independent Flip,7955.8727,NA,10.15400000000000,9.97460000000000,9.70370000000000,9.94040000000000,9.9576,7955.5910,9.9854,0.2817,9.7037,0.2421,9.9800,0.6480,9.3320,0.0231,7955.5910,NA,NA,NA
ZoomTracks.exe,30812,0x1C47021CD80,DXGI,0,512,1,Hardware: Independent Flip,7965.8681,NA,9.99540000000000,10.04000000000000,9.72000000000000,9.98020000000000,10.0022,7965.5764,10.0117,0.2917,9.7200,0.2367,10.0352,0.6936,9.3416,-0.0546,7965.5764,NA,18.5117,18.5117
ZoomTracks.exe,30812,0x1C47021CD80,DXGI,0,512,1,Hardware: Independent Flip,7975.9160,NA,10.04790000000000,9.98800000000000,9.66410000000000,9.93380000000000,9.9423,7975.5881,9.9920,0.3279,9.6641,0.2602,10.0015,0.6948,9.3067,0.0237,7975.5881,NA,NA,NA
ZoomTracks.exe,30812,0x1C47021CD80,DXGI,0,512,1,Hardware: Independent Flip,7985.6958,NA,9.77980000000000,9.93280000000000,9.87800000000000,10.07520000000000,10.0953,7985.5801,9.9937,0.1157,9.8780,0.2697,9.9212,0.3702,9.5510,0.0592,7985.5801,NA,NA,NA
ZoomTracks.exe,30812,0x1C47021CD80,DXGI,0,512,1,Hardware: Independent Flip,7995.8276,NA,10.13180000000000,10.04060000000000,9.73090000000000,9.98080000000000,10.0041,7995.5738,9.9847,0.2538,9.7309,0.1972,10.0374,0.6649,9.3725,-0.0469,7995.5738,NA,26.4580,26.4580
ZoomTracks.exe,30812,0x1C47021CD80,DXGI,0,512,1,Hardware: Independent Flip,8005.8180,NA,9.99040000000000,10.01410000000000,9.73480000000000,10.01910000000000,10.0278,8005.5585,9.9943,0.2595,9.7348,0.2499,10.0287,0.6842,9.3445,-0.0294,8005.5585,NA,NA,NA
ZoomTracks.exe,30812,0x1C47021CD80,DXGI,0,512,1,Hardware: Independent Flip,8015.7061,NA,9.88810000000000,10.87140000000000,9.88880000000000,11.00200000000000,11.0111,8015.5528,10.0421,0.1533,9.8888,0.2843,10.8710,1.3238,9.5472,-0.8771,8015.5528,NA,NA,NA
ZoomTracks.exe,30812,0x1C47021CD80,DXGI,0,512,1,Hardware: Independent Flip,8025.7484,NA,10.04230000000000,9.13000000000000,9.83700000000000,10.07880000000000,10.0988,8025.5949,9.9905,0.1535,9.8370,1.1132,9.1191,0.3685,8.7506,0.9121,8025.5949,NA,NA,NA
ZoomTracks.exe,30812,0x1C47021CD80,DXGI,0,512,1,Hardware: Independent Flip,8035.8825,NA,10.13410000000000,9.98410000000000,9.69660000000000,9.92340000000000,9.9488,8035.5854,9.9937,0.2971,9.6966,0.2418,9.9787,0.6415,9.3372,0.0064,8035.5854,NA,NA,NA
ZoomTracks.exe,30812,0x1C47021CD80,DXGI,0,512,1,Hardware: Independent Flip,8045.8148,NA,9.93230000000000,10.87430000000000,9.78270000000000,9.99020000000000,10.8908,8045.5791,10.0184,0.2357,9.7827,0.2268,9.9991,0.6495,9.3496,-0.8806,8045.5791,NA,NA,NA
ZoomTracks.exe,30812,0x1C47021CD80,DXGI,0,512,1,Hardware: Independent Flip,8055.8505,NA,10.03570000000000,9.16310000000000,9.74830000000000,9.99300000000000,10.0182,8055.5975,10.0013,0.2530,9.7483,0.2075,10.0385,0.7072,9.3313,0.8553,8055.5975,NA,27.4963,27.4963
ZoomTracks.exe,30812,0x1C47021CD80,DXGI,0,512,1,Hardware: Independent Flip,8065.9071,NA,10.05660000000000,10.42060000000000,9.68480000000000,9.91930000000000,10.3822,8065.5988,9.9931,0.3083,9.6848,0.2447,9.9829,0.6596,9.3233,-0.4193,8065.5988,NA,28.9485,28.9485
ZoomTracks.exe,30812,0x1C47021CD80,DXGI,0,512,1,Hardware: Independent Flip,8075.8725,NA,9.96540000000000,9.77620000000000,9.71010000000000,9.93720000000000,10.1930,8075.5919,9.9907,0.2806,9.7101,0.2345,9.9833,0.7528,9.2305,0.2169,8075.5919,NA,NA,NA
ZoomTracks.exe,30812,0x1C47021CD80,DXGI,0,512,1,Hardware: Independent Flip,8085.8360,NA,9.96350000000000,9.81500000000000,9.74210000000000,10.03770000000000,10.0445,8085.5826,9.9955,0.2534,9.7421,0.2271,10.0640,0.7112,9.3528,0.1757,8085.5826,NA,NA,NA
ZoomTracks.exe,30812,0x1C47021CD80,DXGI,0,512,1,Hardware: Independent Flip,8095.7053,NA,9.86930000000000,10.13610000000000,9.85000000000000,10.02460000000000,10.3113,8095.5781,9.9772,0.1272,9.8500,0.2956,9.8562,0.3281,9.5281,-0.1406,8095.5781,NA,NA,NA
ZoomTracks.exe,30812,0x1C47021CD80,DXGI,0,512,1,Hardware: Independent Flip,8105.7733,NA,10.06800000000000,9.82510000000000,9.79130000000000,10.05910000000000,10.0684,8105.5553,10.0093,0.2180,9.7913,0.1746,10.1025,0.6350,9.4675,0.1521,8105.5553,NA,NA,NA
ZoomTracks.exe,30812,0x1C47021CD80,DXGI,0,512,1,Hardware: Independent Flip,8115.7107,NA,9.93740000000000,11.23780000000000,9.88140000000000,11.23420000000000,11.3688,8115.5646,10.0275,0.1461,9.8814,0.2678,11.1125,1.6875,9.4250,-1.2285,8115.5646,NA,25.7124,25.7124
ZoomTracks.exe,30812,0x1C47021CD80,DXGI,0,512,1,Hardware: Independent Flip,8125.7340,NA,10.02330000000000,8.79990000000000,9.84720000000000,10.12610000000000,10.1454,8125.5921,9.9891,0.1419,9.8472,1.3528,8.9152,0.5247,8.3905,1.2276,8125.5921,NA,NA,NA
ZoomTracks.exe,30812,0x1C47021CD80,DXGI,0,512,1,Hardware: Independent Flip,8135.9176,NA,10.18360000000000,10.00460000000000,9.66830000000000,9.94190000000000,9.9664,8135.5812,10.0047,0.3364,9.6683,0.2789,9.9994,0.7033,9.2961,-0.0155,8135.5812,NA,NA,NA
ZoomTracks.exe,30812,0x1C47021CD80,DXGI,0,512,1,Hardware: Independent Flip,8145.9083,NA,9.99070000000000,11.03970000000000,9.68050000000000,9.85010000000000,11.0154,8145.5859,10.0029,0.3224,9.6805,0.2736,9.8989,0.5989,9.3000,-1.0350,8145.5859,NA,NA,NA
ZoomTracks.exe,30812,0x1C47021CD80,DXGI,0,512,1,Hardware: Independent Flip,8155.7848,NA,9.87650000000000,8.97350000000000,9.79740000000000,10.08530000000000,10.1124,8155.5888,9.9934,0.1960,9.7974,0.1696,10.1117,0.6687,9.4430,1.0294,8155.5888,NA,NA,NA
ZoomTracks.exe,30812,0x1C47021CD80,DXGI,0,512,1,Hardware: Independent Flip,8165.7180,NA,9.93320000000000,10.49960000000000,9.95090000000000,10.06140000000000,10.6788,8165.5822,10.0867,0.1358,9.9509,0.2879,9.9093,0.6072,9.3021,-0.5062,8165.5822,NA,NA,NA
ZoomTracks.exe,30812,0x1C47021CD80,DXGI,0,512,1,Hardware: Independent Flip,8175.8758,NA,10.15780000000000,9.66040000000000,9.69780000000000,9.92750000000000,10.1814,8175.6689,9.9047,0.2069,9.6978,0.1105,10.0239,0.7079,9.3160,0.4263,8175.6689,NA,NA,NA
ZoomTracks.exe,30812,0x1C47021CD80,DXGI,0,512,1,Hardware: Independent Flip,8185.8291,NA,9.95330000000000,9.78690000000000,9.76470000000000,9.99500000000000,10.0150,8185.5736,10.0202,0.2555,9.7647,0.2297,10.0208,0.6616,9.3592,0.1178,8185.5736,NA,20.4609,20.4609
ZoomTracks.exe,30812,0x1C47021CD80,DXGI,0,512,1,Hardware: Independent Flip,8195.8802,NA,10.05110000000000,10.28260000000000,9.70000000000000,9.91670000000000,10.2465,8195.5938,9.9864,0.2864,9.7000,0.2303,9.9728,0.6366,9.3362,-0.2624,8195.5938,NA,NA,NA
ZoomTracks.exe,30812,0x1C47021CD80,DXGI,0,512,1,Hardware: Independent Flip,8205.7099,NA,9.82970000000000,9.70120000000000,9.84400000000000,10.10970000000000,10.1180,8205.5802,9.9737,0.1297,9.8440,0.2167,10.0227,0.7196,9.3031,0.2852,8205.5802,NA,NA,NA
ZoomTracks.exe,30812,0x1C47021CD80,DXGI,0,512,1,Hardware: Independent Flip,8215.6784,NA,9.96850000000000,10.82740000000000,9.90330000000000,10.96330000000000,10.9769,8215.5539,10.0278,0.1245,9.9033,0.2657,10.8221,1.2571,9.5650,-0.8537,8215.5539,NA,NA,NA
ZoomTracks.exe,30812,0x1C47021CD80,DXGI,0,512,1,Hardware: Independent Flip,8225.7089,NA,10.03050000000000,9.20090000000000,9.86090000000000,10.13900000000000,10.1473,8225.5817,9.9881,0.1272,9.8609,1.0600,9.2062,0.4554,8.7508,0.8269,8225.5817,NA,NA,NA
ZoomTracks.exe,30812,0x1C47021CD80,DXGI,0,512,1,Hardware: Independent Flip,8235.7142,NA,10.00530000000000,9.95320000000000,9.85880000000000,10.07560000000000,10.0952,8235.5698,10.0032,0.1444,9.8588,0.2781,9.9419,0.4121,9.5298,0.0349,8235.5698,NA,NA,NA
ZoomTracks.exe,30812,0x1C47021CD80,DXGI,0,512,1,Hardware: Independent Flip,8245.8481,NA,10.13390000000000,10.86520000000000,9.76830000000000,9.96480000000000,10.8265,8245.5730,10.0434,0.2751,9.7683,0.2168,10.0231,0.6439,9.3792,-0.8620,8245.5730,NA,25.3074,25.3074
ZoomTracks.exe,30812,0x1C47021CD80,DXGI,0,512,1,Hardware: Independent Flip,8255.8385,NA,9.99040000000000,9.23380000000000,9.76320000000000,10.04690000000000,10.0699,8255.6164,9.9853,0.2221,9.7632,0.1965,10.0725,0.7008,9.3717,0.8096,8255.6164,NA,NA,NA
ZoomTracks.exe,30812,0x1C47021CD80,DXGI,0,512,1,Hardware: Independent Flip,8265.9248,NA,10.08630000000000,10.28820000000000,9.65430000000000,9.87590000000000,10.2718,8265.6017,9.9774,0.3231,9.6543,0.2837,9.9153,0.6325,9.2828,-0.3029,8265.6017,NA,NA,NA
ZoomTracks.exe,30812,0x1C47021CD80,DXGI,0,512,1,Hardware: Independent Flip,8275.8272,NA,9.90240000000000,9.83160000000000,9.75850000000000,9.96390000000000,10.2010,8275.5791,10.0066,0.2481,9.7585,0.2216,9.9904,0.7069,9.2835,0.1458,8275.5791,NA,NA,NA
ZoomTracks.exe,30812,0x1C47021CD80,DXGI,0,512,1,Hardware: Independent Flip,8285.8004,NA,9.97320000000000,9.83830000000000,9.82120000000000,10.04510000000000,10.0661,8285.5857,10.0359,0.2147,9.8212,0.2054,10.0544,0.6693,9.3851,0.1683,8285.5857,NA,NA,NA
ZoomTracks.exe,30812,0x1C47021CD80,DXGI,0,512,1,Hardware: Independent Flip,8295.8878,NA,10.08740000000000,10.15090000000000,9.75980000000000,9.91210000000000,10.1296,8295.6216,10.0260,0.2662,9.7598,0.2239,9.9544,0.6284,9.3260,-0.1150,8295.6216,NA,24.6375,24.6375
ZoomTracks.exe,30812,0x1C47021CD80,DXGI,0,512,1,Hardware: Independent Flip,8305.8430,NA,9.95520000000000,9.83370000000000,9.71290000000000,10.00070000000000,10.0081,8305.6476,9.9083,0.1954,9.7129,0.1523,10.0438,0.6834,9.3604,0.1923,8305.6476,NA,NA,NA
ZoomTracks.exe,30812,0x1C47021CD80,DXGI,0,512,1,Hardware: Independent Flip,8315.6933,NA,9.85030000000000,11.77650000000000,9.88890000000000,11.82990000000000,11.9343,8315.5559,10.0263,0.1374,9.8889,0.2878,11.6795,2.1445,9.5350,-1.8682,8315.5559,NA,22.2676,22.2676
ZoomTracks.exe,30812,0x1C47021CD80,DXGI,0,512,1,Hardware: Independent Flip,8325.7245,NA,10.03120000000000,8.29080000000000,9.83820000000000,10.18650000000000,10.1939,8325.5822,9.9805,0.1423,9.8382,1.9410,8.3878,0.5392,7.8486,1.7355,8325.5822,NA,NA,NA
ZoomTracks.exe,30812,0x1C47021CD80,DXGI,0,512,1,Hardware: Independent Flip,8335.9445,NA,10.22000000000000,9.93840000000000,9.69910000000000,9.89120000000000,9.9123,8335.5627,10.0809,0.3818,9.6991,0.3483,9.9247,0.7025,9.2222,0.0421,8335.5627,NA,NA,NA
ZoomTracks.exe,30812,0x1C47021CD80,DXGI,0,512,1,Hardware: Independent Flip,8345.8813,NA,9.93680000000000,11.66060000000000,9.68950000000000,9.91570000000000,11.6361,8345.6436,9.9272,0.2377,9.6895,0.1921,9.9613,0.6252,9.3361,-1.5797,8345.6436,NA,NA,NA
ZoomTracks.exe,30812,0x1C47021CD80,DXGI,0,512,1,Hardware: Independent Flip,8355.8093,NA,9.92800000000000,8.33000000000000,9.77200000000000,10.01740000000000,10.0381,8355.5708,10.0105,0.2385,9.7720,0.2262,10.0297,0.5855,9.4442,1.5972,8355.5708,NA,NA,NA
ZoomTracks.exe,30812,0x1C47021CD80,DXGI,0,512,1,Hardware: Independent Flip,8365.8643,NA,10.05500000000000,10.81160000000000,9.72470000000000,9.95250000000000,10.7947,8365.5813,10.0077,0.2830,9.7247,0.2454,9.9901,0.6754,9.3147,-0.8011,8365.5813,NA,NA,NA
ZoomTracks.exe,30812,0x1C47021CD80,DXGI,0,512,1,Hardware: Independent Flip,8375.8422,NA,9.97790000000000,9.61090000000000,9.72970000000000,9.95030000000000,10.4277,8375.5890,9.9829,0.2532,9.7297,0.2278,9.9757,0.6406,9.3351,0.3968,8375.5890,NA,NA,NA
ZoomTracks.exe,30812,0x1C47021CD80,DXGI,0,512,1,Hardware: Independent Flip,8385.8375,NA,9.99530000000000,9.65590000000000,9.74400000000000,9.97590000000000,10.0883,8385.5719,10.0096,0.2656,9.7440,0.2206,10.0209,0.6565,9.3644,0.3270,8385.5719,NA,NA,NA
ZoomTracks.exe,30812,0x1C47021CD80,DXGI,0,512,1,Hardware: Independent Flip,8395.8542,NA,10.01670000000000,10.30920000000000,9.72640000000000,9.91430000000000,10.3808,8395.5815,9.9991,0.2727,9.7264,0.2319,9.9551,0.6087,9.3464,-0.2996,8395.5815,NA,NA,NA
ZoomTracks.exe,30812,0x1C47021CD80,DXGI,0,512,1,Hardware: Independent Flip,8405.7941,NA,9.93990000000000,9.65090000000000,9.78870000000000,10.07130000000000,10.0918,8405.5806,10.0022,0.2135,9.7887,0.1879,10.0969,0.6328,9.4641,0.3482,8405.5806,NA,26.4977,26.4977
ZoomTracks.exe,30812,0x1C47021CD80,DXGI,0,512,1,Hardware: Independent Flip,8415.9248,NA,10.13070000000000,10.92160000000000,9.65520000000000,10.87040000000000,10.8827,8415.5828,9.9972,0.3420,9.6552,0.2826,10.9298,1.6449,9.2849,-0.9194,8415.5828,NA,30.4480,30.4480
ZoomTracks.exe,30812,0x1C47021CD80,DXGI,0,512,1,Hardware: Independent Flip,8425.7013,NA,9.77650000000000,9.05240000000000,9.87470000000000,10.15080000000000,10.1586,8425.5800,9.9960,0.1213,9.8747,1.2152,9.0569,0.4103,8.6466,0.9448,8425.5800,NA,NA,NA
ZoomTracks.exe,30812,0x1C47021CD80,DXGI,0,512,1,Hardware: Independent Flip,8435.7017,NA,10.00040000000000,10.06130000000000,9.90160000000000,10.10220000000000,10.2195,8435.5760,10.0273,0.1257,9.9016,0.2761,9.9518,0.3990,9.5528,-0.0653,8435.5760,NA,NA,NA
ZoomTracks.exe,30812,0x1C47021CD80,DXGI,0,512,1,Hardware: Independent Flip,8445.8562,NA,10.15450000000000,10.74940000000000,9.70920000000000,9.90840000000000,10.8144,8445.6033,9.9621,0.2529,9.7092,0.2006,9.9607,0.7475,9.2132,-0.7221,8445.6033,NA,NA,NA
ZoomTracks.exe,30812,0x1C47021CD80,DXGI,0,512,1,Hardware: Independent Flip,8455.8102,NA,9.95400000000000,9.25150000000000,9.78870000000000,10.08300000000000,10.1119,8455.5654,10.0335,0.2448,9.7887,0.1992,10.1286,0.7002,9.4284,0.7106,8455.5654,NA,NA,NA
ZoomTracks.exe,30812,0x1C47021CD80,DXGI,0,512,1,Hardware: Independent Flip,8465.9415,NA,10.13130000000000,10.34050000000000,9.64050000000000,9.85640000000000,10.3211,8465.5989,9.9831,0.3426,9.6405,0.2943,9.9047,0.6595,9.2452,-0.3070,8465.5989,NA,NA,NA
ZoomTracks.exe,30812,0x1C47021CD80,DXGI,0,512,1,Hardware: Independent Flip,8475.8247,NA,9.88320000000000,9.70800000000000,9.76160000000000,9.94090000000000,10.1459,8475.5820,10.0043,0.2427,9.7616,0.2159,9.9677,0.6209,9.3468,0.2751,8475.5820,NA,NA,NA
ZoomTracks.exe,30812,0x1C47021CD80,DXGI,0,512,1,Hardware: Independent Flip,8485.7927,NA,9.96800000000000,10.02150000000000,9.79250000000000,10.08100000000000,10.1994,8485.5863,9.9989,0.2064,9.7925,0.1793,10.1081,0.6664,9.4417,-0.0172,8485.5863,NA,27.6010,27.6010
ZoomTracks.exe,30812,0x1C47021CD80,DXGI,0,512,1,Hardware: Independent Flip,8495.7130,NA,9.92030000000000,10.16470000000000,9.87240000000000,10.11430000000000,10.4438,8495.5852,10.0002,0.1278,9.8724,0.2885,9.9536,0.6577,9.2959,-0.1658,8495.5852,NA,NA,NA
ZoomTracks.exe,30812,0x1C47021CD80,DXGI,0,512,1,Hardware: Independent Flip,8505.8721,NA,10.15910000000000,9.70490000000000,9.70870000000000,9.96900000000000,9.9896,8505.5854,9.9954,0.2867,9.7087,0.2419,10.0138,0.7329,9.2809,0.2953,8505.5854,NA,NA,NA
ZoomTracks.exe,30812,0x1C47021CD80,DXGI,0,512,1,Hardware: Independent Flip,8515.8804,NA,10.00830000000000,9.94240000000000,9.70200000000000,9.91550000000000,9.9237,8515.5808,10.0016,0.2996,9.7020,0.2603,9.9548,0.6290,9.3258,0.0530,8515.5808,NA,NA,NA
ZoomTracks.exe,30812,0x1C47021CD80,DXGI,0,512,1,Hardware: Independent Flip,8525.8281,NA,9.94770000000000,10.09090000000000,9.73210000000000,10.06040000000000,10.0669,8525.5824,9.9778,0.2457,9.7321,0.2135,10.0926,0.6829,9.4097,-0.0893,8525.5824,NA,NA,NA
ZoomTracks.exe,30812,0x1C47021CD80,DXGI,0,512,1,Hardware: Independent Flip,8535.6936,NA,9.86550000000000,10.08630000000000,9.90330000000000,10.19220000000000,10.2877,8535.5602,10.0367,0.1334,9.9033,0.3283,9.9973,0.5529,9.4444,-0.1085,8535.5602,NA,27.6048,27.6048
ZoomTracks.exe,30812,0x1C47021CD80,DXGI,0,512,1,Hardware: Independent Flip,8545.7377,NA,10.04410000000000,11.20850000000000,9.81960000000000,11.43620000000000,11.4521,8545.5969,9.9604,0.1408,9.8196,0.2889,11.2881,2.0097,9.2784,-1.1718,8545.5969,NA,NA,NA
ZoomTracks.exe,30812,0x1C47021CD80,DXGI,0,512,1,Hardware: Independent Flip,8555.7079,NA,9.97020000000000,9.19450000000000,9.87120000000000,9.99540000000000,10.6764,8555.5573,10.0218,0.1506,9.8712,1.6166,8.5294,0.2645,8.2649,0.7659,8555.5573,NA,NA,NA
ZoomTracks.exe,30812,0x1C47021CD80,DXGI,0,512,1,Hardware: Independent Flip,8565.8020,NA,10.09410000000000,9.40510000000000,9.83210000000000,9.90150000000000,9.9874,8565.5791,10.0550,0.2229,9.8321,0.1242,10.0002,0.4991,9.5011,0.6167,8565.5791,NA,NA,NA
ZoomTracks.exe,30812,0x1C47021CD80,DXGI,0,512,1,Hardware: Independent Flip,8575.8402,NA,10.03820000000000,10.64980000000000,9.77300000000000,9.83660000000000,10.5990,8575.6341,9.9791,0.2061,9.7730,0.0694,9.9733,0.5004,9.4729,-0.5948,8575.6341,NA,NA,NA
ZoomTracks.exe,30812,0x1C47021CD80,DXGI,0,512,1,Hardware: Independent Flip,8585.8136,NA,9.97340000000000,9.36200000000000,9.79050000000000,9.86470000000000,9.9876,8585.6132,9.9909,0.2004,9.7905,0.0636,10.0015,0.4959,9.5056,0.6171,8585.6132,NA,NA,NA
ZoomTracks.exe,30812,0x1C47021CD80,DXGI,0,512,1,Hardware: Independent Flip,8595.8416,NA,10.02800000000000,9.96900000000000,9.76980000000000,9.83650000000000,9.9286,8595.6041,10.0073,0.2375,9.7698,0.0742,9.9998,0.5481,9.4517,0.0219,8595.6041,NA,NA,NA
ZoomTracks.exe,30812,0x1C47021CD80,DXGI,0,512,1,Hardware: Independent Flip,8605.8648,NA,10.02320000000000,10.12200000000000,9.85400000000000,9.94170000000000,10.0274,8605.6114,10.1074,0.2534,9.8540,0.0667,10.1284,0.5178,9.6106,-0.1147,8605.6114,NA,NA,NA
ZoomTracks.exe,30812,0x1C47021CD80,DXGI,0,512,1,Hardware: Independent Flip,8615.9480,NA,10.08320000000000,9.92360000000000,9.65580000000000,9.72770000000000,9.8678,8615.7188,9.8850,0.2292,9.6558,0.0877,9.8692,0.5230,9.3462,0.1838,8615.7188,NA,10.4508,10.4508
ZoomTracks.exe,30812,0x1C47021CD80,DXGI,0,512,1,Hardware: Independent Flip,8625.8097,NA,9.86170000000000,9.94310000000000,9.77580000000000,9.94040000000000,9.9492,8625.6038,9.9817,0.2059,9.7758,0.0719,10.0744,0.6297,9.4447,-0.0581,8625.6038,NA,NA,NA
ZoomTracks.exe,30812,0x1C47021CD80,DXGI,0,512,1,Hardware: Independent Flip,8635.8804,NA,10.07070000000000,10.11650000000000,9.72520000000000,9.79010000000000,9.9950,8635.5855,10.0201,0.2949,9.7252,0.1646,9.9204,0.5003,9.4201,-0.1348,8635.5855,NA,16.5222,16.5222
ZoomTracks.exe,30812,0x1C47021CD80,DXGI,0,512,1,Hardware: Independent Flip,8645.8147,NA,9.93430000000000,9.91460000000000,9.75060000000000,9.95540000000000,9.9753,8645.6056,9.9597,0.2091,9.7506,0.0649,10.0996,0.7186,9.3810,0.1055,8645.6056,NA,NA,NA
ZoomTracks.exe,30812,0x1C47021CD80,DXGI,0,512,1,Hardware: Independent Flip,8655.8379,NA,10.02320000000000,10.05470000000000,9.71560000000000,9.89270000000000,10.0068,8655.5653,9.9882,0.2726,9.7156,0.2048,9.9605,0.4992,9.4613,-0.0950,8655.5653,NA,NA,NA
ZoomTracks.exe,30812,0x1C47021CD80,DXGI,0,512,1,Hardware: Independent Flip,8665.7689,NA,9.93100000000000,9.96630000000000,9.84330000000000,9.94770000000000,10.0421,8665.5535,10.0587,0.2154,9.8433,0.1771,9.9860,0.4506,9.5354,0.0219,8665.5535,NA,NA,NA
ZoomTracks.exe,30812,0x1C47021CD80,DXGI,0,512,1,Hardware: Independent Flip,8675.8693,NA,10.10040000000000,9.98160000000000,9.74940000000000,9.82390000000000,9.9233,8675.6122,10.0065,0.2571,9.7494,0.1044,9.9766,0.5520,9.4246,0.0771,8675.6122,NA,NA,NA
ZoomTracks.exe,30812,0x1C47021CD80,DXGI,0,512,1,Hardware: Independent Flip,8685.8519,NA,9.98260000000000,9.96680000000000,9.76420000000000,9.81970000000000,9.9075,8685.6187,9.9974,0.2332,9.7642,0.0745,9.9784,0.5297,9.4487,0.0397,8685.6187,NA,13.3659,13.3659
ZoomTracks.exe,30812,0x1C47021CD80,DXGI,0,512,1,Hardware: Independent Flip,8695.8080,NA,9.95610000000000,9.95060000000000,9.78170000000000,9.83060000000000,9.9020,8695.6161,9.9736,0.1919,9.7817,0.0555,9.9670,0.4878,9.4792,0.0468,8695.6161,NA,12.3521,12.3521
ZoomTracks.exe,30812,0x1C47021CD80,DXGI,0,512,1,Hardware: Independent Flip,8705.7648,NA,9.95680000000000,10.03430000000000,9.85270000000000,9.90020000000000,9.9795,8705.5897,10.0278,0.1751,9.8527,0.0489,10.0264,0.4853,9.5411,-0.0607,8705.5897,NA,NA,NA
ZoomTracks.exe,30812,0x1C47021CD80,DXGI,0,512,1,Hardware: Independent Flip,8715.7989,NA,10.03410000000000,10.00960000000000,9.78280000000000,9.94680000000000,9.9550,8715.6175,9.9642,0.1814,9.7828,0.0475,10.0807,0.5811,9.4996,0.0182,8715.6175,NA,NA,NA
ZoomTracks.exe,30812,0x1C47021CD80,DXGI,0,512,1,Hardware: Independent Flip,8725.9000,NA,10.10110000000000,10.03110000000000,9.70640000000000,9.78440000000000,9.8850,8725.5817,10.0247,0.3183,9.7064,0.1640,9.9387,0.4944,9.4443,-0.0669,8725.5817,NA,NA,NA
ZoomTracks.exe,30812,0x1C47021CD80,DXGI,0,512,1,Hardware: Independent Flip,8735.8458,NA,9.94580000000000,10.05870000000000,9.78380000000000,9.87690000000000,9.9979,8735.6064,10.0232,0.2394,9.7838,0.0780,10.0383,0.5478,9.4905,-0.0340,8735.6064,NA,NA,NA
ZoomTracks.exe,30812,0x1C47021CD80,DXGI,0,512,1,Hardware: Independent Flip,8745.9815,NA,10.13570000000000,9.95380000000000,9.57550000000000,9.79480000000000,9.8160,8745.6296,9.9274,0.3519,9.5755,0.0931,10.0536,0.6812,9.3724,0.0694,8745.6296,NA,NA,NA
ZoomTracks.exe,30812,0x1C47021CD80,DXGI,0,512,1,Hardware: Independent Flip,8755.8283,NA,9.84680000000000,10.09030000000000,9.73240000000000,10.03110000000000,10.0595,8755.5570,10.0037,0.2713,9.7324,0.2193,10.0831,0.6481,9.4350,-0.1629,8755.5570,NA,NA,NA
ZoomTracks.exe,30812,0x1C47021CD80,DXGI,0,512,1,Hardware: Independent Flip,8765.9480,NA,10.11970000000000,9.93380000000000,9.68330000000000,9.76600000000000,9.8736,8765.5607,10.0706,0.3873,9.6833,0.2987,9.8546,0.4732,9.3814,0.0699,8765.5607,NA,NA,NA
ZoomTracks.exe,30812,0x1C47021CD80,DXGI,0,512,1,Hardware: Independent Flip,8775.8805,NA,9.93250000000000,9.93750000000000,9.69940000000000,9.78620000000000,9.8786,8775.6313,9.9486,0.2492,9.6994,0.0827,9.9527,0.5322,9.4205,0.1331,8775.6313,NA,NA,NA
ZoomTracks.exe,30812,0x1C47021CD80,DXGI,0,512,1,Hardware: Independent Flip,8785.8936,NA,10.01310000000000,10.01190000000000,9.70860000000000,9.77680000000000,9.8774,8785.5799,10.0223,0.3137,9.7086,0.0868,10.0037,0.5008,9.5029,-0.0633,8785.5799,NA,11.4063,11.4063
ZoomTracks.exe,30812,0x1C47021CD80,DXGI,0,512,1,Hardware: Independent Flip,8795.8376,NA,9.94400000000000,9.98170000000000,9.77300000000000,9.82760000000000,9.9151,8795.6022,10.0084,0.2354,9.7730,0.0682,9.9948,0.4946,9.5002,0.0406,8795.6022,NA,17.4057,17.4057
ZoomTracks.exe,30812,0x1C47021CD80,DXGI,0,512,1,Hardware: Independent Flip,8805.8299,NA,9.99230000000000,10.02100000000000,9.78060000000000,9.84400000000000,9.9438,8805.6106,9.9999,0.2193,9.7806,0.0546,10.0087,0.4994,9.5093,-0.0126,8805.6106,NA,NA,NA
ZoomTracks.exe,30812,0x1C47021CD80,DXGI,0,512,1,Hardware: Independent Flip,8815.8331,NA,10.00320000000000,10.00340000000000,9.76400000000000,9.86370000000000,9.9440,8815.6105,9.9866,0.2226,9.7640,0.0634,10.0229,0.5374,9.4855,-0.0035,8815.6105,NA,NA,NA
ZoomTracks.exe,30812,0x1C47021CD80,DXGI,0,512,1,Hardware: Independent Flip,8825.8274,NA,9.99430000000000,10.07680000000000,9.79420000000000,9.92020000000000,10.0265,8825.5971,10.0245,0.2303,9.7942,0.0997,10.0508,0.5573,9.4935,-0.0902,8825.5971,NA,NA,NA
ZoomTracks.exe,30812,0x1C47021CD80,DXGI,0,512,1,Hardware: Independent Flip,8835.9142,NA,10.08680000000000,9.94350000000000,9.71260000000000,9.78780000000000,9.8832,8835.6216,10.0052,0.2926,9.7126,0.1260,9.9544,0.5570,9.3974,0.0810,8835.6216,NA,NA,NA
ZoomTracks.exe,30812,0x1C47021CD80,DXGI,0,512,1,Hardware: Independent Flip,8845.8515,NA,9.93730000000000,9.93630000000000,9.73980000000000,9.80730000000000,9.8822,8845.6268,9.9645,0.2247,9.7398,0.0752,9.9568,0.5435,9.4133,0.0689,8845.6268,NA,NA,NA
ZoomTracks.exe,30812,0x1C47021CD80,DXGI,0,512,1,Hardware: Independent Flip,8855.7787,NA,9.92720000000000,10.16920000000000,9.77970000000000,10.08310000000000,10.1242,8855.5913,9.9671,0.1874,9.7797,0.0675,10.2030,0.7068,9.4962,-0.2047,8855.5913,NA,NA,NA
ZoomTracks.exe,30812,0x1C47021CD80,DXGI,0,512,1,Hardware: Independent Flip,8865.9357,NA,10.15700000000000,9.83710000000000,9.67320000000000,9.72230000000000,9.8043,8865.5584,10.0505,0.3773,9.6732,0.3034,9.7962,0.4386,9.3576,0.1300,8865.5584,NA,NA,NA
ZoomTracks.exe,30812,0x1C47021CD80,DXGI,0,512,1,Hardware: Independent Flip,8875.7957,NA,9.86000000000000,10.06910000000000,9.76480000000000,9.99480000000000,10.0134,8875.6089,9.9516,0.1868,9.7648,0.0491,10.1325,0.6318,9.5007,-0.0186,8875.6089,NA,NA,NA
ZoomTracks.exe,30812,0x1C47021CD80,DXGI,0,512,1,Hardware: Independent Flip,8885.8585,NA,10.06280000000000,10.05890000000000,9.75700000000000,9.82850000000000,10.0095,8885.5605,10.0550,0.2980,9.7570,0.2300,9.8965,0.4438,9.4527,-0.1073,8885.5605,NA,NA,NA
ZoomTracks.exe,30812,0x1C47021CD80,DXGI,0,512,1,Hardware: Independent Flip,8895.9048,NA,10.04630000000000,9.91310000000000,9.69480000000000,9.77120000000000,9.8763,8895.6155,9.9841,0.2893,9.6948,0.0715,9.9890,0.4849,9.5041,0.1419,8895.6155,NA,NA,NA
ZoomTracks.exe,30812,0x1C47021CD80,DXGI,0,512,1,Hardware: Independent Flip,8905.9102,NA,10.00540000000000,10.19780000000000,9.78110000000000,9.85640000000000,10.0687,8905.5996,10.0917,0.3106,9.7811,0.0764,10.0906,0.5330,9.5576,-0.2137,8905.5996,NA,NA,NA
ZoomTracks.exe,30812,0x1C47021CD80,DXGI,0,512,1,Hardware: Independent Flip,8915.8969,NA,9.98670000000000,9.77670000000000,9.69930000000000,9.76690000000000,9.8587,8915.6913,9.9049,0.2056,9.6993,0.0753,9.8972,0.5633,9.3339,0.3150,8915.6913,NA,NA,NA
ZoomTracks.exe,30812,0x1C47021CD80,DXGI,0,512,1,Hardware: Independent Flip,8925.8133,NA,9.91640000000000,9.97200000000000,9.77810000000000,9.82860000000000,9.9143,8925.5962,9.9952,0.2171,9.7781,0.0676,9.9781,0.4827,9.4954,-0.0671,8925.5962,NA,NA,NA
ZoomTracks.exe,30812,0x1C47021CD80,DXGI,0,512,1,Hardware: Independent Flip,8935.7763,NA,9.96300000000000,10.08610000000000,9.83010000000000,9.90040000000000,10.0374,8935.5914,10.0150,0.1849,9.8301,0.0505,10.0348,0.4884,9.5464,-0.0909,8935.5914,NA,NA,NA
ZoomTracks.exe,30812,0x1C47021CD80,DXGI,0,512,1,Hardware: Independent Flip,8945.8452,NA,10.06890000000000,9.96040000000000,9.75520000000000,9.82650000000000,9.9289,8945.6064,9.9940,0.2388,9.7552,0.0703,9.9950,0.5735,9.4215,0.0546,8945.6064,NA,NA,NA
ZoomTracks.exe,30812,0x1C47021CD80,DXGI,0,512,1,Hardware: Independent Flip,8955.8304,NA,9.98520000000000,10.07210000000000,9.74000000000000,9.99420000000000,10.0158,8955.6004,9.9700,0.2300,9.7400,0.0713,10.1529,0.6729,9.4800,-0.0781,8955.6004,NA,NA,NA
ZoomTracks.exe,30812,0x1C47021CD80,DXGI,0,512,1,Hardware: Independent Flip,8965.8954,NA,10.06500000000000,9.89720000000000,9.70680000000000,9.76740000000000,9.8480,8965.5704,10.0318,0.3250,9.7068,0.2542,9.8382,0.4169,9.4213,0.0728,8965.5704,NA,NA,NA
ZoomTracks.exe,30812,0x1C47021CD80,DXGI,0,512,1,Hardware: Independent Flip,8975.7844,NA,9.88900000000000,10.07000000000000,9.76600000000000,10.01260000000000,10.0290,8975.6022,9.9482,0.1822,9.7660,0.0606,10.1342,0.6535,9.4807,-0.0382,8975.6022,NA,NA,NA
ZoomTracks.exe,30812,0x1C47021CD80,DXGI,0,512,1,Hardware: Independent Flip,8985.8589,NA,10.07450000000000,10.00850000000000,9.74720000000000,9.81700000000000,9.9630,8985.5504,10.0557,0.3085,9.7472,0.2466,9.8789,0.4147,9.4642,-0.0603,8985.5504,NA,NA,NA
ZoomTracks.exe,30812,0x1C47021CD80,DXGI,0,512,1,Hardware: Independent Flip,8995.8091,NA,9.95020000000000,9.91200000000000,9.76630000000000,9.91350000000000,9.9248,8995.6061,9.9693,0.2030,9.7663,0.0698,10.0467,0.6606,9.3861,0.1437,8995.6061,NA,NA,NA
ZoomTracks.exe,30812,0x1C47021CD80,DXGI,0,512,1,Hardware: Independent Flip,9005.8512,NA,10.04210000000000,10.13780000000000,9.75230000000000,9.83040000000000,10.0205,9005.5754,10.0281,0.2758,9.7523,0.1472,9.9590,0.5127,9.4463,-0.1685,9005.5754,NA,NA,NA
ZoomTracks.exe,30812,0x1C47021CD80,DXGI,0,512,1,Hardware: Independent Flip,9015.9123,NA,10.06110000000000,9.88330000000000,9.70670000000000,9.75860000000000,9.8427,9015.6035,10.0155,0.3088,9.7067,0.0781,9.9893,0.4828,9.5065,0.1448,9015.6035,NA,NA,NA
ZoomTracks.exe,30812,0x1C47021CD80,DXGI,0,512,1,Hardware: Independent Flip,9025.8104,NA,9.89810000000000,10.08150000000000,9.83090000000000,9.91020000000000,10.0261,9025.6190,10.0223,0.1914,9.8309,0.0519,10.0497,0.5490,9.5007,-0.0660,9025.6190,NA,NA,NA
ZoomTracks.exe,30812,0x1C47021CD80,DXGI,0,512,1,Hardware: Independent Flip,9035.8982,NA,10.08780000000000,9.90200000000000,9.70890000000000,9.76010000000000,9.8403,9035.6413,9.9658,0.2569,9.7089,0.0793,9.9377,0.5153,9.4224,0.1203,9035.6413,NA,NA,NA
ZoomTracks.exe,30812,0x1C47021CD80,DXGI,0,512,1,Hardware: Independent Flip,9045.8226,NA,9.92440000000000,10.04050000000000,9.80860000000000,9.87270000000000,9.9564,9045.6071,10.0241,0.2155,9.8086,0.0512,10.0370,0.5085,9.5285,-0.0747,9045.6071,NA,NA,NA
ZoomTracks.exe,30812,0x1C47021CD80,DXGI,0,512,1,Hardware: Independent Flip,9055.8304,NA,10.00780000000000,10.00720000000000,9.77100000000000,9.85240000000000,9.9558,9055.6312,9.9702,0.1992,9.7710,0.0641,9.9875,0.4991,9.4884,0.0169,9055.6312,NA,NA,NA
ZoomTracks.exe,30812,0x1C47021CD80,DXGI,0,512,1,Hardware: Independent Flip,9065.8377,NA,10.00730000000000,9.97020000000000,9.76840000000000,9.83140000000000,9.9187,9065.6014,10.0047,0.2363,9.7684,0.0814,9.9863,0.4942,9.4921,0.0000,9065.6014,NA,NA,NA
ZoomTracks.exe,30812,0x1C47021CD80,DXGI,0,512,1,Hardware: Independent Flip,9075.8049,NA,9.96720000000000,10.07400000000000,9.75300000000000,10.00630000000000,10.0255,9075.6061,9.9518,0.1988,9.7530,0.0630,10.1421,0.6814,9.4607,-0.0693,9075.6061,NA,NA,NA
ZoomTracks.exe,30812,0x1C47021CD80,DXGI,0,512,1,Hardware: Independent Flip,9085.8808,NA,10.07590000000000,9.93670000000000,9.68880000000000,9.87350000000000,9.8863,9085.5579,10.0117,0.3229,9.6888,0.2533,9.9431,0.5175,9.4256,0.0151,9085.5579,NA,NA,NA
ZoomTracks.exe,30812,0x1C47021CD80,DXGI,0,512,1,Hardware: Independent Flip,9095.8779,NA,9.99710000000000,10.06730000000000,9.68060000000000,9.93780000000000,9.9565,9095.5696,9.9889,0.3083,9.6806,0.1847,10.0614,0.6571,9.4043,-0.0556,9095.5696,NA,NA,NA
ZoomTracks.exe,30812,0x1C47021CD80,DXGI,0,512,1,Hardware: Independent Flip,9105.8812,NA,10.00330000000000,9.92160000000000,9.70390000000000,9.78480000000000,9.8748,9105.5585,10.0266,0.3227,9.7039,0.2572,9.8503,0.4009,9.4494,0.0673,9105.5585,NA,NA,NA
ZoomTracks.exe,30812,0x1C47021CD80,DXGI,0,512,1,Hardware: Independent Flip,9115.8050,NA,9.92380000000000,9.98230000000000,9.84010000000000,9.85190000000000,9.9333,9115.5851,10.0600,0.2199,9.8401,0.0809,9.9909,0.4644,9.5265,0.0443,9115.5851,NA,NA,NA
ZoomTracks.exe,30812,0x1C47021CD80,DXGI,0,512,1,Hardware: Independent Flip,9125.8140,NA,10.00900000000000,10.08680000000000,9.77940000000000,9.84380000000000,10.0111,9125.6451,9.9483,0.1689,9.7794,0.0118,10.0009,0.5019,9.4990,-0.0268,9125.6451,NA,NA,NA
ZoomTracks.exe,30812,0x1C47021CD80,DXGI,0,512,1,Hardware: Independent Flip,9135.8612,NA,10.04720000000000,9.98610000000000,9.77280000000000,9.85180000000000,9.9500,9135.5934,10.0406,0.2678,9.7728,0.0644,10.0552,0.5115,9.5437,-0.0378,9135.5934,NA,NA,NA
ZoomTracks.exe,30812,0x1C47021CD80,DXGI,0,512,1,Hardware: Independent Flip,9145.8697,NA,10.00850000000000,10.00600000000000,9.73030000000000,9.81340000000000,9.9475,9145.6340,9.9660,0.2357,9.7303,0.0790,9.9701,0.5439,9.4262,0.0346,9145.6340,NA,NA,NA
ZoomTracks.exe,30812,0x1C47021CD80,DXGI,0,512,1,Hardware: Independent Flip,9155.8545,NA,9.98480000000000,9.90760000000000,9.74450000000000,9.78890000000000,9.8703,9155.6000,9.9990,0.2545,9.7445,0.0831,9.9603,0.5316,9.4287,0.0584,9155.6000,NA,NA,NA
ZoomTracks.exe,30812,0x1C47021CD80,DXGI,0,512,1,Hardware: Independent Flip,9165.7799,NA,9.92540000000000,10.06050000000000,9.82700000000000,9.88740000000000,10.0054,9165.5990,10.0079,0.1809,9.8270,0.0444,10.0239,0.4989,9.5250,-0.0615,9165.5990,NA,NA,NA
ZoomTracks.exe,30812,0x1C47021CD80,DXGI,0,512,1,Hardware: Independent Flip,9175.8180,NA,10.03810000000000,10.06060000000000,9.73700000000000,9.99990000000000,10.0279,9175.6069,9.9481,0.2111,9.7370,0.0604,10.1506,0.6847,9.4659,-0.0527,9175.6069,NA,NA,NA
ZoomTracks.exe,30812,0x1C47021CD80,DXGI,0,512,1,Hardware: Independent Flip,9185.8854,NA,10.06740000000000,9.90490000000000,9.71680000000000,9.78600000000000,9.8654,9185.5550,10.0472,0.3304,9.7168,0.2629,9.8535,0.4076,9.4459,0.0432,9185.5550,NA,NA,NA
ZoomTracks.exe,30812,0x1C47021CD80,DXGI,0,512,1,Hardware: Independent Flip,9195.8180,NA,9.93260000000000,10.11360000000000,9.75210000000000,10.02290000000000,10.0464,9195.6022,9.9679,0.2158,9.7521,0.0692,10.1695,0.6533,9.5162,-0.0664,9195.6022,NA,NA,NA
ZoomTracks.exe,30812,0x1C47021CD80,DXGI,0,512,1,Hardware: Independent Flip,9205.9038,NA,10.08580000000000,9.99530000000000,9.71060000000000,9.82430000000000,9.9559,9205.5701,10.0443,0.3337,9.7106,0.2708,9.8872,0.5069,9.3803,-0.0274,9205.5701,NA,NA,NA
ZoomTracks.exe,30812,0x1C47021CD80,DXGI,0,512,1,Hardware: Independent Flip,9215.9166,NA,10.01280000000000,9.91650000000000,9.67310000000000,9.77660000000000,9.8596,9215.6144,9.9753,0.3022,9.6731,0.1137,9.9651,0.5521,9.4130,0.1278,9215.6144,NA,NA,NA
ZoomTracks.exe,30812,0x1C47021CD80,DXGI,0,512,1,Hardware: Independent Flip,9225.8237,NA,9.90710000000000,10.09450000000000,9.78040000000000,9.85550000000000,10.0470,9225.5897,10.0144,0.2340,9.7804,0.1035,9.9860,0.5257,9.4603,-0.1192,9225.5897,NA,NA,NA
ZoomTracks.exe,30812,0x1C47021CD80,DXGI,0,512,1,Hardware: Independent Flip,9235.8322,NA,10.00850000000000,9.91940000000000,9.78110000000000,9.85270000000000,9.9579,9235.6041,10.0092,0.2281,9.7811,0.0751,10.0057,0.4852,9.5205,0.0950,9235.6041,NA,NA,NA
ZoomTracks.exe,30812,0x1C47021CD80,DXGI,0,512,1,Hardware: Independent Flip,9245.8472,NA,10.01500000000000,10.04600000000000,9.78160000000000,9.86770000000000,9.9889,9245.6133,10.0155,0.2339,9.7816,0.0716,10.0300,0.5368,9.4932,-0.0368,9245.6133,NA,NA,NA
ZoomTracks.exe,30812,0x1C47021CD80,DXGI,0,512,1,Hardware: Independent Flip,9255.8768,NA,10.02960000000000,9.89570000000000,9.70820000000000,9.84730000000000,9.8550,9255.6288,9.9562,0.2480,9.7082,0.0861,10.0092,0.5908,9.4184,0.1198,9255.6288,NA,NA,NA
ZoomTracks.exe,30812,0x1C47021CD80,DXGI,0,512,1,Hardware: Independent Flip,9265.8813,NA,10.00450000000000,9.98270000000000,9.70410000000000,9.75000000000000,9.8332,9265.5850,10.0004,0.2963,9.7041,0.1391,9.9072,0.4268,9.4804,-0.0265,9265.5850,NA,NA,NA
ZoomTracks.exe,30812,0x1C47021CD80,DXGI,0,512,1,Hardware: Independent Flip,9275.7634,NA,9.88210000000000,10.12810000000000,9.80470000000000,9.98050000000000,10.0792,9275.5854,9.9827,0.1780,9.8047,0.0459,10.1126,0.6043,9.5083,-0.1277,9275.5854,NA,NA,NA
ZoomTracks.exe,30812,0x1C47021CD80,DXGI,0,512,1,Hardware: Independent Flip,9285.7881,NA,10.02470000000000,9.93530000000000,9.83480000000000,9.90230000000000,9.9898,9285.5681,10.0548,0.2200,9.8348,0.1758,9.9465,0.4488,9.4977,0.0474,9285.5681,NA,NA,NA
ZoomTracks.exe,30812,0x1C47021CD80,DXGI,0,512,1,Hardware: Independent Flip,9295.8299,NA,10.04180000000000,10.09450000000000,9.73320000000000,10.02310000000000,10.0425,9295.6229,9.9402,0.2070,9.7332,0.0675,10.1626,0.6883,9.4743,-0.0397,9295.6229,NA,NA,NA
ZoomTracks.exe,30812,0x1C47021CD80,DXGI,0,512,1,Hardware: Independent Flip,9305.9378,NA,10.10790000000000,9.92760000000000,9.67230000000000,9.73910000000000,9.8622,9305.5631,10.0470,0.3747,9.6723,0.2899,9.8239,0.4401,9.3838,0.0126,9305.5631,NA,NA,NA
ZoomTracks.exe,30812,0x1C47021CD80,DXGI,0,512,1,Hardware: Independent Flip,9315.8465,NA,9.90870000000000,9.93540000000000,9.75670000000000,9.80530000000000,9.8889,9315.6101,9.9931,0.2364,9.7567,0.0668,9.9749,0.5164,9.4585,0.1116,9315.6101,NA,NA,NA
ZoomTracks.exe,30812,0x1C47021CD80,DXGI,0,512,1,Hardware: Independent Flip,9325.7888,NA,9.94230000000000,10.10980000000000,9.81050000000000,9.87000000000000,10.0564,9325.6032,9.9961,0.1856,9.8105,0.0486,10.0070,0.4717,9.5353,-0.1167,9325.6032,NA,14.4790,14.4790
ZoomTracks.exe,30812,0x1C47021CD80,DXGI,0,512,1,Hardware: Independent Flip,9335.7978,NA,10.00900000000000,9.91370000000000,9.80750000000000,9.87510000000000,9.9611,9335.5993,10.0060,0.1985,9.8075,0.0595,10.0141,0.5110,9.5031,0.0824,9335.5993,NA,NA,NA
ZoomTracks.exe,30812,0x1C47021CD80,DXGI,0,512,1,Hardware: Independent Flip,9345.8105,NA,10.01270000000000,10.01630000000000,9.78600000000000,9.85080000000000,9.9647,9345.6053,9.9912,0.2052,9.7860,0.0676,9.9884,0.4746,9.5138,-0.0103,9345.6053,NA,NA,NA
ZoomTracks.exe,30812,0x1C47021CD80,DXGI,0,512,1,Hardware: Independent Flip,9355.8219,NA,10.01140000000000,9.96460000000000,9.75120000000000,9.90470000000000,9.9179,9355.5965,9.9766,0.2254,9.7512,0.0648,10.0653,0.5898,9.4755,0.0266,9355.5965,NA,NA,NA
ZoomTracks.exe,30812,0x1C47021CD80,DXGI,0,512,1,Hardware: Independent Flip,9365.8529,NA,10.03100000000000,10.03320000000000,9.76430000000000,9.83260000000000,9.9201,9365.5731,10.0441,0.2798,9.7643,0.1535,9.9589,0.5075,9.4514,-0.0566,9365.5731,NA,NA,NA
ZoomTracks.exe,30812,0x1C47021CD80,DXGI,0,512,1,Hardware: Independent Flip,9375.8209,NA,9.96800000000000,9.96380000000000,9.77000000000000,9.83990000000000,9.9159,9375.6172,9.9737,0.2037,9.7700,0.0683,9.9753,0.5151,9.4602,0.0803,9375.6172,NA,17.3695,17.3695
ZoomTracks.exe,30812,0x1C47021CD80,DXGI,0,512,1,Hardware: Independent Flip,9385.7817,NA,9.96080000000000,10.01820000000000,9.82290000000000,9.88940000000000,9.9733,9385.5909,10.0137,0.1908,9.8229,0.0699,10.0103,0.5110,9.4993,-0.0445,9385.5909,NA,NA,NA
ZoomTracks.exe,30812,0x1C47021CD80,DXGI,0,512,1,Hardware: Independent Flip,9395.8772,NA,10.09550000000000,10.04800000000000,9.68280000000000,9.85170000000000,9.9258,9395.6046,9.9554,0.2726,9.6828,0.0665,10.0578,0.5723,9.4855,-0.0343,9395.6046,NA,NA,NA
ZoomTracks.exe,30812,0x1C47021CD80,DXGI,0,512,1,Hardware: Independent Flip,9405.8535,NA,9.97630000000000,10.06320000000000,9.71260000000000,9.97870000000000,10.0127,9405.5600,10.0061,0.2935,9.7126,0.1689,10.1033,0.6438,9.4595,-0.1078,9405.5600,NA,NA,NA
ZoomTracks.exe,30812,0x1C47021CD80,DXGI,0,512,1,Hardware: Independent Flip,9415.8942,NA,10.04070000000000,9.90190000000000,9.71140000000000,9.78540000000000,9.8739,9415.5661,10.0395,0.3281,9.7114,0.2661,9.8474,0.4513,9.3961,0.1042,9415.5661,NA,NA,NA
ZoomTracks.exe,30812,0x1C47021CD80,DXGI,0,512,1,Hardware: Independent Flip,9425.9054,NA,10.01120000000000,10.01110000000000,9.71340000000000,9.77160000000000,9.8738,9425.6056,10.0132,0.2998,9.7134,0.0740,9.9974,0.5045,9.4929,0.0284,9425.6056,NA,NA,NA
ZoomTracks.exe,30812,0x1C47021CD80,DXGI,0,512,1,Hardware: Independent Flip,9435.8433,NA,9.93790000000000,10.01640000000000,9.76880000000000,9.84780000000000,9.9523,9435.6188,9.9933,0.2245,9.7688,0.0582,10.0141,0.5452,9.4689,-0.0032,9435.6188,NA,16.4361,16.4361
ZoomTracks.exe,30812,0x1C47021CD80,DXGI,0,512,1,Hardware: Independent Flip,9445.8599,NA,10.01660000000000,10.00380000000000,9.74910000000000,9.84140000000000,9.9395,9445.6121,9.9969,0.2478,9.7491,0.0790,10.0102,0.5353,9.4749,-0.0105,9445.6121,NA,NA,NA
ZoomTracks.exe,30812,0x1C47021CD80,DXGI,0,512,1,Hardware: Independent Flip,9455.8554,NA,9.99550000000000,9.95710000000000,9.74160000000000,9.80560000000000,9.9011,9455.6090,9.9880,0.2464,9.7416,0.0923,9.9597,0.4957,9.4640,0.0398,9455.6090,NA,11.3842,11.3842
ZoomTracks.exe,30812,0x1C47021CD80,DXGI,0,512,1,Hardware: Independent Flip,9465.8460,NA,9.99060000000000,10.01620000000000,9.75140000000000,9.82380000000000,9.9267,9465.5970,10.0004,0.2490,9.7514,0.0640,10.0088,0.4967,9.5121,-0.0282,9465.5970,NA,NA,NA
ZoomTracks.exe,30812,0x1C47021CD80,DXGI,0,512,1,Hardware: Independent Flip,9475.8265,NA,9.98050000000000,10.00000000000000,9.77640000000000,9.84110000000000,9.9462,9475.5974,10.0055,0.2291,9.7764,0.0724,9.9978,0.5160,9.4818,0.0004,9475.5974,NA,NA,NA
ZoomTracks.exe,30812,0x1C47021CD80,DXGI,0,512,1,Hardware: Independent Flip,9485.8175,NA,9.99100000000000,9.93070000000000,9.76910000000000,9.81730000000000,9.8859,9485.6029,9.9837,0.2146,9.7691,0.0647,9.9672,0.4731,9.4941,0.0748,9485.6029,NA,NA,NA
ZoomTracks.exe,30812,0x1C47021CD80,DXGI,0,512,1,Hardware: Independent Flip,9495.7526,NA,9.93510000000000,10.08210000000000,9.80200000000000,10.01320000000000,10.0329,9495.5866,9.9680,0.1660,9.8020,0.0482,10.1310,0.5728,9.5582,-0.0984,9495.5866,NA,NA,NA
ZoomTracks.exe,30812,0x1C47021CD80,DXGI,0,512,1,Hardware: Independent Flip,9505.8339,NA,10.08130000000000,10.04300000000000,9.72780000000000,9.97770000000000,9.9946,9505.5546,10.0071,0.2793,9.7278,0.2112,10.0458,0.5600,9.4858,-0.0750,9505.5546,NA,NA,NA
ZoomTracks.exe,30812,0x1C47021CD80,DXGI,0,512,1,Hardware: Independent Flip,9515.8761,NA,10.04220000000000,9.87830000000000,9.70810000000000,9.76000000000000,9.8307,9515.5617,10.0225,0.3144,9.7081,0.2499,9.8245,0.3753,9.4492,0.1288,9515.5617,NA,NA,NA
ZoomTracks.exe,30812,0x1C47021CD80,DXGI,0,512,1,Hardware: Independent Flip,9525.7588,NA,9.88270000000000,10.04510000000000,9.84810000000000,9.91090000000000,9.9931,9525.5842,10.0227,0.1746,9.8481,0.0519,10.0336,0.4647,9.5689,-0.0226,9525.5842,NA,10.4224,10.4224
ZoomTracks.exe,30812,0x1C47021CD80,DXGI,0,512,1,Hardware: Independent Flip,9535.7996,NA,10.04080000000000,10.08950000000000,9.78910000000000,9.91660000000000,10.0418,9535.6069,9.9818,0.1927,9.7891,0.0628,10.0465,0.5335,9.5130,-0.0668,9535.6069,NA,NA,NA
ZoomTracks.exe,30812,0x1C47021CD80,DXGI,0,512,1,Hardware: Independent Flip,9545.8598,NA,10.06020000000000,9.89930000000000,9.74370000000000,9.80690000000000,9.8809,9545.5887,10.0148,0.2711,9.7437,0.1275,9.9505,0.5380,9.4125,0.0825,9545.5887,NA,NA,NA
ZoomTracks.exe,30812,0x1C47021CD80,DXGI,0,512,1,Hardware: Independent Flip,9555.8030,NA,9.94320000000000,10.02010000000000,9.79800000000000,9.85740000000000,9.9578,9555.6035,9.9975,0.1995,9.7980,0.0632,9.9937,0.4592,9.5345,-0.0053,9555.6035,NA,NA,NA
ZoomTracks.exe,30812,0x1C47021CD80,DXGI,0,512,1,Hardware: Independent Flip,9565.8137,NA,10.01070000000000,9.99580000000000,9.79550000000000,9.85970000000000,9.9429,9565.6010,10.0082,0.2127,9.7955,0.0594,10.0130,0.5276,9.4854,0.0017,9565.6010,NA,NA,NA
ZoomTracks.exe,30812,0x1C47021CD80,DXGI,0,512,1,Hardware: Independent Flip,9575.8235,NA,10.00980000000000,9.94250000000000,9.75890000000000,9.80570000000000,9.8756,9575.6092,9.9732,0.2143,9.7589,0.0642,9.9558,0.4622,9.4936,0.0657,9575.6092,NA,NA,NA
ZoomTracks.exe,30812,0x1C47021CD80,DXGI,0,512,1,Hardware: Independent Flip,9585.7569,NA,9.93340000000000,10.07530000000000,9.85340000000000,9.94730000000000,10.0175,9585.5824,10.0279,0.1745,9.8534,0.0468,10.0750,0.4951,9.5799,-0.1021,9585.5824,NA,11.4364,11.4364
ZoomTracks.exe,30812,0x1C47021CD80,DXGI,0,512,1,Hardware: Independent Flip,9595.8337,NA,10.07680000000000,9.98840000000000,9.77920000000000,9.84880000000000,9.9291,9595.6103,10.0026,0.2234,9.7792,0.0939,9.9783,0.5452,9.4331,0.0395,9595.6103,NA,NA,NA
ZoomTracks.exe,30812,0x1C47021CD80,DXGI,0,512,1,Hardware: Independent Flip,9605.8134,NA,9.97970000000000,10.05520000000000,9.75540000000000,9.98510000000000,10.0046,9605.6129,9.9559,0.2005,9.7554,0.0696,10.1160,0.6387,9.4773,-0.0526,9605.6129,NA,NA,NA
ZoomTracks.exe,30812,0x1C47021CD80,DXGI,0,512,1,Hardware: Independent Flip,9615.8682,NA,10.05480000000000,9.99930000000000,9.74670000000000,9.81250000000000,9.9491,9615.5688,10.0461,0.2994,9.7467,0.2297,9.8822,0.4291,9.4531,-0.0434,9615.5688,NA,NA,NA
ZoomTracks.exe,30812,0x1C47021CD80,DXGI,0,512,1,Hardware: Independent Flip,9625.8522,NA,9.98400000000000,9.98490000000000,9.70750000000000,9.92920000000000,9.9500,9625.6149,9.9448,0.2373,9.7075,0.0658,10.1007,0.6481,9.4526,0.0612,9625.6149,NA,NA,NA
ZoomTracks.exe,30812,0x1C47021CD80,DXGI,0,512,1,Hardware: Independent Flip,9635.8526,NA,10.00040000000000,10.02640000000000,9.74450000000000,9.84080000000000,9.9760,9635.5597,10.0374,0.2929,9.7445,0.2217,9.9120,0.4488,9.4632,-0.0816,9635.5597,NA,24.4595,24.4595
ZoomTracks.exe,30812,0x1C47021CD80,DXGI,0,512,1,Hardware: Independent Flip,9645.8913,NA,10.03870000000000,9.93950000000000,9.72900000000000,9.78590000000000,9.8768,9645.5971,10.0232,0.2942,9.7290,0.0963,9.9838,0.5377,9.4461,0.0979,9645.5971,NA,19.4068,19.4068
ZoomTracks.exe,30812,0x1C47021CD80,DXGI,0,512,1,Hardware: Independent Flip,9655.8205,NA,9.92920000000000,10.02240000000000,9.78700000000000,9.85660000000000,9.9700,9655.6203,9.9872,0.2002,9.7870,0.0569,9.9999,0.5061,9.4938,0.0008,9655.6203,NA,NA,NA
ZoomTracks.exe,30812,0x1C47021CD80,DXGI,0,512,1,Hardware: Independent Flip,9665.8421,NA,10.02160000000000,9.97720000000000,9.73760000000000,9.82920000000000,9.9256,9665.6075,9.9722,0.2346,9.7376,0.0696,9.9942,0.5108,9.4834,0.0100,9665.6075,NA,NA,NA
ZoomTracks.exe,30812,0x1C47021CD80,DXGI,0,512,1,Hardware: Independent Flip,9675.8191,NA,9.97700000000000,9.97210000000000,9.78110000000000,9.84270000000000,9.9207,9675.5797,10.0205,0.2394,9.7811,0.0916,9.9905,0.5186,9.4719,0.0001,9675.5797,NA,NA,NA
ZoomTracks.exe,30812,0x1C47021CD80,DXGI,0,512,1,Hardware: Independent Flip,9685.7907,NA,9.97160000000000,10.00800000000000,9.81960000000000,9.87150000000000,9.9571,9685.6002,10.0101,0.1905,9.8196,0.0616,10.0004,0.4807,9.5197,0.0125,9685.6002,NA,NA,NA
ZoomTracks.exe,30812,0x1C47021CD80,DXGI,0,512,1,Hardware: Independent Flip,9695.7977,NA,10.00700000000000,10.00730000000000,9.80460000000000,9.87170000000000,9.9574,9695.6103,9.9920,0.1874,9.8046,0.0519,10.0072,0.5233,9.4839,0.0028,9695.6103,NA,NA,NA
ZoomTracks.exe,30812,0x1C47021CD80,DXGI,0,512,1,Hardware: Independent Flip,9705.8117,NA,10.01400000000000,10.07020000000000,9.74600000000000,9.99550000000000,10.0136,9705.6023,9.9554,0.2094,9.7460,0.0671,10.1378,0.6365,9.5013,-0.0782,9705.6023,NA,16.4666,16.4666
ZoomTracks.exe,30812,0x1C47021CD80,DXGI,0,512,1,Hardware: Independent Flip,9715.8747,NA,10.06300000000000,9.99760000000000,9.72220000000000,9.81210000000000,9.9482,9715.5577,10.0392,0.3170,9.7222,0.2495,9.8796,0.4442,9.4354,-0.0422,9715.5577,NA,NA,NA
ZoomTracks.exe,30812,0x1C47021CD80,DXGI,0,512,1,Hardware: Independent Flip,9725.8141,NA,9.93940000000000,10.05100000000000,9.74400000000000,10.02270000000000,10.0598,9725.5969,9.9612,0.2172,9.7440,0.0899,10.1500,0.7271,9.4229,-0.0118,9725.5969,NA,NA,NA
ZoomTracks.exe,30812,0x1C47021CD80,DXGI,0,512,1,Hardware: Independent Flip,9735.9093,NA,10.09520000000000,9.97690000000000,9.70890000000000,9.77310000000000,9.9415,9735.5581,10.0601,0.3512,9.7089,0.2787,9.8456,0.4656,9.3800,-0.0157,9735.5581,NA,NA,NA
ZoomTracks.exe,30812,0x1C47021CD80,DXGI,0,512,1,Hardware: Independent Flip,9745.8967,NA,9.98740000000000,9.90290000000000,9.69660000000000,9.76840000000000,9.8570,9745.6182,9.9751,0.2785,9.6966,0.0642,9.9827,0.4722,9.5105,0.1572,9745.6182,NA,21.3972,21.3972
ZoomTracks.exe,30812,0x1C47021CD80,DXGI,0,512,1,Hardware: Independent Flip,9755.9087,NA,10.01200000000000,10.02250000000000,9.68290000000000,9.76200000000000,9.8675,9755.5933,9.9983,0.3154,9.6829,0.0718,10.0056,0.4948,9.5108,-0.0474,9755.5933,NA,NA,NA
ZoomTracks.exe,30812,0x1C47021CD80,DXGI,0,512,1,Hardware: Independent Flip,9765.8295,NA,9.92080000000000,9.97430000000000,9.77510000000000,9.84090000000000,9.9210,9765.5916,10.0130,0.2379,9.7751,0.0791,9.9997,0.5255,9.4742,0.0240,9765.5916,NA,NA,NA
ZoomTracks.exe,30812,0x1C47021CD80,DXGI,0,512,1,Hardware: Independent Flip,9775.8092,NA,9.97970000000000,9.99190000000000,9.79630000000000,9.86000000000000,9.9332,9775.6046,10.0009,0.2046,9.7963,0.0658,9.9988,0.5252,9.4736,0.0211,9775.6046,NA,NA,NA
ZoomTracks.exe,30812,0x1C47021CD80,DXGI,0,512,1,Hardware: Independent Flip,9785.7975,NA,9.98830000000000,10.00510000000000,9.80570000000000,9.86800000000000,9.9500,9785.6055,9.9977,0.1920,9.8057,0.0637,9.9963,0.5033,9.4930,-0.0042,9785.6055,NA,18.4137,18.4137
ZoomTracks.exe,30812,0x1C47021CD80,DXGI,0,512,1,Hardware: Independent Flip,9795.7975,NA,10.00000000000000,10.02400000000000,9.81660000000000,9.88640000000000,9.9740,9795.6032,10.0109,0.1943,9.8166,0.0623,10.0184,0.5017,9.5167,-0.0263,9795.6032,NA,NA,NA
ZoomTracks.exe,30812,0x1C47021CD80,DXGI,0,512,1,Hardware: Independent Flip,9805.8242,NA,10.02670000000000,9.95830000000000,9.77690000000000,9.82560000000000,9.9056,9805.6141,9.9870,0.2101,9.7769,0.0698,9.9659,0.4716,9.4943,0.0526,9805.6141,NA,NA,NA
ZoomTracks.exe,30812,0x1C47021CD80,DXGI,0,512,1,Hardware: Independent Flip,9815.7706,NA,9.94640000000000,10.05840000000000,9.85100000000000,10.00720000000000,10.0176,9815.6011,10.0205,0.1695,9.8510,0.0487,10.1280,0.6232,9.5048,-0.0714,9815.6011,NA,NA,NA
ZoomTracks.exe,30812,0x1C47021CD80,DXGI,0,512,1,Hardware: Independent Flip,9825.9132,NA,10.14260000000000,10.04960000000000,9.64600000000000,9.89690000000000,9.9246,9825.6216,9.9376,0.2916,9.6460,0.1562,10.0323,0.6436,9.3887,-0.0291,9825.6216,NA,15.4792,15.4792
ZoomTracks.exe,30812,0x1C47021CD80,DXGI,0,512,1,Hardware: Independent Flip,9835.8911,NA,9.97790000000000,9.89390000000000,9.71920000000000,9.76290000000000,9.8406,9835.5592,10.0511,0.3319,9.7192,0.2509,9.8439,0.3977,9.4462,0.0437,9835.5592,NA,NA,NA
ZoomTracks.exe,30812,0x1C47021CD80,DXGI,0,512,1,Hardware: Independent Flip,9845.7861,NA,9.89500000000000,10.11760000000000,9.78540000000000,10.05530000000000,10.0632,9845.6103,9.9612,0.1758,9.7854,0.0437,10.1874,0.6604,9.5270,-0.0665,9845.6103,NA,NA,NA
ZoomTracks.exe,30812,0x1C47021CD80,DXGI,0,512,1,Hardware: Independent Flip,9855.8508,NA,10.06470000000000,9.99040000000000,9.76370000000000,9.83400000000000,9.9889,9855.5715,10.0430,0.2793,9.7637,0.2699,9.8434,0.4442,9.3992,-0.0292,9855.5715,NA,NA,NA
ZoomTracks.exe,30812,0x1C47021CD80,DXGI,0,512,1,Hardware: Independent Flip,9865.8141,NA,9.96330000000000,9.94630000000000,9.79350000000000,9.87230000000000,9.9719,9865.6145,9.9931,0.1996,9.7935,0.0703,10.0016,0.5723,9.4293,0.0967,9865.6145,NA,23.4073,23.4073
ZoomTracks.exe,30812,0x1C47021CD80,DXGI,0,512,1,Hardware: Independent Flip,9875.9266,NA,10.11250000000000,10.02000000000000,9.68640000000000,9.75170000000000,9.8794,9875.6076,10.0054,0.3190,9.6864,0.0788,9.9919,0.5352,9.4567,-0.0269,9875.6076,NA,13.4558,13.4558
ZoomTracks.exe,30812,0x1C47021CD80,DXGI,0,512,1,Hardware: Independent Flip,9885.8390,NA,9.91240000000000,9.94080000000000,9.77120000000000,9.82150000000000,9.9078,9885.6130,9.9972,0.2260,9.7712,0.0653,9.9822,0.5195,9.4627,0.0646,9885.6130,NA,NA,NA
ZoomTracks.exe,30812,0x1C47021CD80,DXGI,0,512,1,Hardware: Independent Flip,9895.8020,NA,9.96300000000000,10.02650000000000,9.79750000000000,9.87210000000000,9.9713,9895.6102,9.9893,0.1918,9.7975,0.0503,10.0136,0.4983,9.5153,-0.0293,9895.6102,NA,NA,NA
ZoomTracks.exe,30812,0x1C47021CD80,DXGI,0,512,1,Hardware: Independent Flip,9905.8289,NA,10.02690000000000,9.98790000000000,9.77770000000000,9.84080000000000,9.9323,9905.5995,10.0071,0.2294,9.7777,0.0746,9.9956,0.5166,9.4790,0.0014,9905.5995,NA,NA,NA
ZoomTracks.exe,30812,0x1C47021CD80,DXGI,0,512,1,Hardware: Independent Flip,9915.8098,NA,9.98090000000000,9.97150000000000,9.78880000000000,9.85040000000000,9.9229,9915.6066,9.9920,0.2032,9.7888,0.0631,9.9905,0.5244,9.4661,0.0356,9915.6066,NA,NA,NA
ZoomTracks.exe,30812,0x1C47021CD80,DXGI,0,512,1,Hardware: Independent Flip,9925.7954,NA,9.98560000000000,10.10420000000000,9.75490000000000,10.02240000000000,10.0415,9925.5986,9.9517,0.1968,9.7549,0.0616,10.1576,0.6366,9.5210,-0.1122,9925.5986,NA,NA,NA
ZoomTracks.exe,30812,0x1C47021CD80,DXGI,0,512,1,Hardware: Independent Flip,9935.8863,NA,10.09090000000000,10.02020000000000,9.74240000000000,9.81350000000000,9.9708,9935.5503,10.0784,0.3360,9.7424,0.2675,9.8820,0.4441,9.4379,-0.0685,9935.5503,NA,NA,NA
ZoomTracks.exe,30812,0x1C47021CD80,DXGI,0,512,1,Hardware: Independent Flip,9945.8290,NA,9.94270000000000,9.94790000000000,9.73090000000000,9.95720000000000,9.9760,9945.6287,9.9312,0.2003,9.7309,0.0711,10.0864,0.6912,9.3952,0.1305,9945.6287,NA,NA,NA
ZoomTracks.exe,30812,0x1C47021CD80,DXGI,0,512,1,Hardware: Independent Flip,9955.8590,NA,10.03000000000000,10.00120000000000,9.74580000000000,9.81310000000000,9.9472,9955.5599,10.0449,0.2991,9.7458,0.2263,9.8859,0.4184,9.4675,-0.0700,9955.5599,NA,26.4346,26.4346
ZoomTracks.exe,30812,0x1C47021CD80,DXGI,0,512,1,Hardware: Independent Flip,9965.8595,NA,10.00050000000000,9.93110000000000,9.74750000000000,9.80170000000000,9.8778,9965.6048,10.0022,0.2547,9.7475,0.0673,9.9891,0.5455,9.4436,0.1138,9965.6048,NA,25.3825,25.3825
ZoomTracks.exe,30812,0x1C47021CD80,DXGI,0,512,1,Hardware: Independent Flip,9975.7899,NA,9.93040000000000,10.07540000000000,9.81920000000000,9.89890000000000,10.0228,9975.6070,10.0021,0.1829,9.8192,0.0542,10.0276,0.5083,9.5193,-0.0732,9975.6070,NA,NA,NA
ZoomTracks.exe,30812,0x1C47021CD80,DXGI,0,512,1,Hardware: Independent Flip,9985.8485,NA,10.05860000000000,9.98190000000000,9.78290000000000,9.93680000000000,9.9461,9985.6091,10.0223,0.2394,9.7829,0.0797,10.0965,0.6535,9.4430,0.0202,9985.6091,NA,NA,NA
ZoomTracks.exe,30812,0x1C47021CD80,DXGI,0,512,1,Hardware: Independent Flip,9995.9444,NA,10.09590000000000,10.00650000000000,9.66840000000000,9.75420000000000,9.8567,9995.6314,9.9814,0.3130,9.6684,0.1539,9.9133,0.5437,9.3696,0.0158,9995.6314,NA,NA,NA
ZoomTracks.exe,30812,0x1C47021CD80,DXGI,0,512,1,Hardware: Independent Flip,10005.8642,NA,9.91980000000000,9.98290000000000,9.73660000000000,9.81250000000000,9.9198,10005.6128,9.9880,0.2514,9.7366,0.0858,9.9781,0.5345,9.4436,-0.0015,10005.6128,NA,NA,NA
ZoomTracks.exe,30812,0x1C47021CD80,DXGI,0,512,1,Hardware: Independent Flip,10015.8366,NA,9.97240000000000,9.97070000000000,9.73430000000000,9.90820000000000,9.9181,10015.6008,9.9701,0.2358,9.7343,0.0759,10.0681,0.6158,9.4523,0.0173,10015.6008,NA,NA,NA
ZoomTracks.exe,30812,0x1C47021CD80,DXGI,0,512,1,Hardware: Independent Flip,10025.8624,NA,10.02580000000000,9.98390000000000,9.73770000000000,9.79770000000000,9.8762,10025.5709,10.0292,0.2915,9.7377,0.1739,9.9153,0.4663,9.4490,-0.0138,10025.5709,NA,NA,NA
ZoomTracks.exe,30812,0x1C47021CD80,DXGI,0,512,1,Hardware: Independent Flip,10035.7871,NA,9.92470000000000,10.02340000000000,9.82140000000000,9.88750000000000,9.9749,10035.6001,10.0084,0.1870,9.8214,0.0600,10.0145,0.4867,9.5278,0.0058,10035.6001,NA,15.3056,15.3056
ZoomTracks.exe,30812,0x1C47021CD80,DXGI,0,512,1,Hardware: Independent Flip,10045.8114,NA,10.02430000000000,10.13900000000000,9.76440000000000,10.05280000000000,10.0896,10045.6085,9.9673,0.2029,9.7644,0.0661,10.1896,0.7025,9.4871,-0.1306,10045.6085,NA,NA,NA
ZoomTracks.exe,30812,0x1C47021CD80,DXGI,0,512,1,Hardware: Independent Flip,10055.9482,NA,10.13680000000000,9.94050000000000,9.61870000000000,9.77670000000000,9.8933,10055.5758,9.9911,0.3724,9.6187,0.2884,9.8607,0.4874,9.3733,0.0268,10055.5758,NA,NA,NA
ZoomTracks.exe,30812,0x1C47021CD80,DXGI,0,512,1,Hardware: Independent Flip,10065.7679,NA,9.81970000000000,9.93490000000000,9.84850000000000,9.91260000000000,10.0085,10065.5669,10.0495,0.2010,9.8485,0.1580,9.9556,0.4024,9.5532,0.0562,10065.5669,NA,23.4035,23.4035
ZoomTracks.exe,30812,0x1C47021CD80,DXGI,0,512,1,Hardware: Independent Flip,10075.8332,NA,10.06530000000000,10.00080000000000,9.77440000000000,9.83590000000000,9.9440,10075.6164,9.9912,0.2168,9.7744,0.0641,9.9886,0.5232,9.4654,0.0487,10075.6164,NA,NA,NA
ZoomTracks.exe,30812,0x1C47021CD80,DXGI,0,512,1,Hardware: Independent Flip,10085.8233,NA,9.99010000000000,9.96930000000000,9.78790000000000,9.82920000000000,9.9232,10085.6076,10.0036,0.2157,9.7879,0.0615,9.9834,0.5095,9.4739,0.0219,10085.6076,NA,NA,NA
ZoomTracks.exe,30812,0x1C47021CD80,DXGI,0,512,1,Hardware: Independent Flip,10095.7859,NA,9.96260000000000,9.99000000000000,9.81070000000000,9.87020000000000,9.9506,10095.6112,9.9854,0.1747,9.8107,0.0413,10.0036,0.5193,9.4843,0.0136,10095.6112,NA,NA,NA
ZoomTracks.exe,30812,0x1C47021CD80,DXGI,0,512,1,Hardware: Independent Flip,10105.8005,NA,10.01460000000000,10.04370000000000,9.81090000000000,9.88600000000000,9.9797,10105.5966,10.0148,0.2039,9.8109,0.0595,10.0304,0.5136,9.5168,-0.0583,10105.5966,NA,19.4157,19.4157
ZoomTracks.exe,30812,0x1C47021CD80,DXGI,0,512,1,Hardware: Independent Flip,10115.8342,NA,10.03370000000000,9.99650000000000,9.77910000000000,9.86000000000000,9.9425,10115.6114,10.0019,0.2228,9.7791,0.0751,10.0077,0.5305,9.4772,0.0183,10115.6114,NA,NA,NA
ZoomTracks.exe,30812,0x1C47021CD80,DXGI,0,512,1,Hardware: Independent Flip,10125.8296,NA,9.99540000000000,9.95850000000000,9.77160000000000,9.82160000000000,9.9056,10125.6133,9.9879,0.2163,9.7716,0.0809,9.9570,0.4724,9.4846,0.0434,10125.6133,NA,15.3652,15.3652
ZoomTracks.exe,30812,0x1C47021CD80,DXGI,0,512,1,Hardware: Independent Flip,10135.7948,NA,9.96520000000000,10.00110000000000,9.78690000000000,9.93370000000000,9.9415,10135.6012,9.9805,0.1936,9.7869,0.0500,10.0773,0.5740,9.5033,-0.0132,10135.6012,NA,NA,NA
ZoomTracks.exe,30812,0x1C47021CD80,DXGI,0,512,1,Hardware: Independent Flip,10145.8554,NA,10.06060000000000,10.07440000000000,9.70630000000000,9.93510000000000,9.9553,10145.5817,9.9800,0.2737,9.7063,0.1468,10.0620,0.6135,9.4485,-0.0939,10145.5817,NA,NA,NA
ZoomTracks.exe,30812,0x1C47021CD80,DXGI,0,512,1,Hardware: Independent Flip,10155.8597,NA,10.00430000000000,10.06730000000000,9.71140000000000,9.99500000000000,10.0183,10155.5617,10.0094,0.2980,9.7114,0.2288,10.0642,0.5980,9.4662,-0.0873,10155.5617,NA,NA,NA
ZoomTracks.exe,30812,0x1C47021CD80,DXGI,0,512,1,Hardware: Independent Flip,10165.9280,NA,10.06830000000000,9.89220000000000,9.70310000000000,9.75750000000000,9.8422,10165.5711,10.0600,0.3569,9.7031,0.2836,9.8308,0.4747,9.3561,0.1172,10165.5711,NA,NA,NA
ZoomTracks.exe,30812,0x1C47021CD80,DXGI,0,512,1,Hardware: Independent Flip,10175.8318,NA,9.90380000000000,9.97500000000000,9.77190000000000,9.81920000000000,9.9134,10175.6311,9.9726,0.2007,9.7719,0.0544,9.9655,0.4907,9.4748,0.0850,10175.6311,NA,NA,NA
ZoomTracks.exe,30812,0x1C47021CD80,DXGI,0,512,1,Hardware: Independent Flip,10185.7981,NA,9.96630000000000,10.06260000000000,9.82380000000000,9.90460000000000,10.0097,10185.6037,10.0182,0.1944,9.8238,0.0473,10.0517,0.5317,9.5200,-0.0900,10185.6037,NA,NA,NA
ZoomTracks.exe,30812,0x1C47021CD80,DXGI,0,512,1,Hardware: Independent Flip,10195.8644,NA,10.06630000000000,9.96430000000000,9.72830000000000,9.89650000000000,9.9077,10195.6219,9.9708,0.2425,9.7283,0.0808,10.0582,0.6245,9.4337,0.0539,10195.6219,NA,11.4172,11.4172
ZoomTracks.exe,30812,0x1C47021CD80,DXGI,0,512,1,Hardware: Independent Flip,10205.8928,NA,10.02840000000000,9.95550000000000,9.70090000000000,9.75270000000000,9.8348,10205.5927,10.0010,0.3001,9.7009,0.1682,9.8846,0.4896,9.3950,0.0153,10205.5927,NA,NA,NA
ZoomTracks.exe,30812,0x1C47021CD80,DXGI,0,512,1,Hardware: Independent Flip,10215.7785,NA,9.88570000000000,10.04990000000000,9.84210000000000,9.89880000000000,9.9990,10215.5937,10.0269,0.1848,9.8421,0.0518,10.0318,0.4869,9.5449,-0.0489,10215.5937,NA,NA,NA
ZoomTracks.exe,30812,0x1C47021CD80,DXGI,0,512,1,Hardware: Independent Flip,10225.9158,NA,10.13730000000000,10.04380000000000,9.71420000000000,9.79610000000000,9.9055,10225.6206,10.0094,0.2952,9.7142,0.0567,10.0346,0.5620,9.4726,-0.0169,10225.6206,NA,NA,NA
ZoomTracks.exe,30812,0x1C47021CD80,DXGI,0,512,1,Hardware: Independent Flip,10235.8831,NA,9.96730000000000,9.94740000000000,9.71240000000000,9.78550000000000,9.8856,10235.6300,9.9655,0.2531,9.7124,0.0819,9.9567,0.5237,9.4330,0.0620,10235.6300,NA,NA,NA
ZoomTracks.exe,30812,0x1C47021CD80,DXGI,0,512,1,Hardware: Independent Flip,10245.8343,NA,9.95120000000000,10.01930000000000,9.76980000000000,9.84950000000000,9.9537,10245.5955,10.0086,0.2388,9.7698,0.0731,10.0152,0.5241,9.4911,-0.0538,10245.5955,NA,NA,NA
ZoomTracks.exe,30812,0x1C47021CD80,DXGI,0,512,1,Hardware: Independent Flip,10255.8601,NA,10.02580000000000,10.06610000000000,9.70380000000000,9.97150000000000,9.9940,10255.6041,9.9598,0.2560,9.7038,0.0797,10.1478,0.7008,9.4470,-0.0575,10255.6041,NA,NA,NA
ZoomTracks.exe,30812,0x1C47021CD80,DXGI,0,512,1,Hardware: Independent Flip,10265.8717,NA,10.01160000000000,9.86600000000000,9.68370000000000,9.83650000000000,9.8484,10265.5639,9.9915,0.3078,9.6837,0.2677,9.8766,0.4774,9.3992,0.0938,10265.5639,NA,NA,NA
ZoomTracks.exe,30812,0x1C47021CD80,DXGI,0,512,1,Hardware: Independent Flip,10275.8532,NA,9.98150000000000,10.05310000000000,9.76480000000000,9.83340000000000,9.9200,10275.5554,10.0626,0.2978,9.7648,0.1528,9.9784,0.5359,9.4425,-0.0616,10275.5554,NA,12.4007,12.4007
ZoomTracks.exe,30812,0x1C47021CD80,DXGI,0,512,1,Hardware: Independent Flip,10285.8260,NA,9.97280000000000,10.10030000000000,9.81350000000000,9.88940000000000,10.0475,10285.6180,10.0215,0.2080,9.8135,0.0686,10.0288,0.5334,9.4954,-0.0377,10285.6180,NA,17.5114,17.5114
ZoomTracks.exe,30812,0x1C47021CD80,DXGI,0,512,1,Hardware: Independent Flip,10295.8382,NA,10.01220000000000,9.90330000000000,9.76570000000000,9.84010000000000,9.9386,10295.6395,9.9644,0.1987,9.7657,0.0759,9.9629,0.5593,9.4036,0.1182,10295.6395,NA,NA,NA
ZoomTracks.exe,30812,0x1C47021CD80,DXGI,0,512,1,Hardware: Independent Flip,10305.8333,NA,9.99510000000000,10.03750000000000,9.75130000000000,9.87070000000000,9.9810,10305.6039,9.9807,0.2294,9.7513,0.0744,10.0257,0.5622,9.4635,-0.0731,10305.6039,NA,NA,NA
ZoomTracks.exe,30812,0x1C47021CD80,DXGI,0,512,1,Hardware: Independent Flip,10315.8098,NA,9.97650000000000,9.90550000000000,9.76860000000000,9.83620000000000,9.9100,10315.5846,9.9938,0.2252,9.7686,0.1194,9.9420,0.5155,9.4265,0.0752,10315.5846,NA,NA,NA
ZoomTracks.exe,30812,0x1C47021CD80,DXGI,0,512,1,Hardware: Independent Flip,10325.8637,NA,10.05390000000000,10.07900000000000,9.74150000000000,9.83420000000000,9.9351,10325.5784,10.0268,0.2853,9.7415,0.0676,10.0519,0.5050,9.5469,-0.0852,10325.5784,NA,NA,NA
ZoomTracks.exe,30812,0x1C47021CD80,DXGI,0,512,1,Hardware: Independent Flip,10335.9288,NA,10.06510000000000,10.02560000000000,9.68040000000000,9.75210000000000,9.8956,10335.6052,10.0040,0.3236,9.6804,0.0927,9.9830,0.5348,9.4482,0.0012,10335.6052,NA,NA,NA
ZoomTracks.exe,30812,0x1C47021CD80,DXGI,0,512,1,Hardware: Independent Flip,10345.8159,NA,9.88710000000000,9.89930000000000,9.77150000000000,9.83450000000000,9.9078,10345.6092,9.9782,0.2067,9.7715,0.0717,9.9695,0.5246,9.4449,0.1047,10345.6092,NA,NA,NA
ZoomTracks.exe,30812,0x1C47021CD80,DXGI,0,512,1,Hardware: Independent Flip,10355.8241,NA,10.00820000000000,10.12310000000000,9.73740000000000,10.00330000000000,10.0227,10355.5874,9.9741,0.2367,9.7374,0.0630,10.1770,0.6610,9.5160,-0.1449,10355.5874,NA,11.5170,11.5170
ZoomTracks.exe,30812,0x1C47021CD80,DXGI,0,512,1,Hardware: Independent Flip,10365.8850,NA,10.06090000000000,9.88330000000000,9.69560000000000,9.76540000000000,9.8451,10365.5615,10.0191,0.3235,9.6956,0.2659,9.8230,0.4003,9.4227,0.0908,10365.5615,NA,NA,NA
ZoomTracks.exe,30812,0x1C47021CD80,DXGI,0,512,1,Hardware: Independent Flip,10375.8010,NA,9.91600000000000,10.05650000000000,9.75450000000000,9.96870000000000,9.9856,10375.5806,9.9749,0.2204,9.7545,0.0698,10.1193,0.6219,9.4974,-0.0374,10375.5806,NA,15.4303,15.4303
ZoomTracks.exe,30812,0x1C47021CD80,DXGI,0,512,1,Hardware: Independent Flip,10385.8387,NA,10.03770000000000,10.09090000000000,9.77600000000000,9.88060000000000,10.0388,10385.5555,10.0592,0.2832,9.7760,0.2142,9.9496,0.4634,9.4862,-0.1160,10385.5555,NA,NA,NA
ZoomTracks.exe,30812,0x1C47021CD80,DXGI,0,512,1,Hardware: Independent Flip,10395.8463,NA,10.00760000000000,9.88840000000000,9.76840000000000,9.83390000000000,9.9196,10395.6147,10.0000,0.2316,9.7684,0.1046,9.9609,0.5705,9.3904,0.1708,10395.6147,NA,NA,NA
ZoomTracks.exe,30812,0x1C47021CD80,DXGI,0,512,1,Hardware: Independent Flip,10405.8320,NA,9.98570000000000,10.03740000000000,9.75110000000000,9.81800000000000,9.9713,10405.6147,9.9684,0.2173,9.7511,0.0655,9.9698,0.4677,9.5021,-0.0374,10405.6147,NA,NA,NA
ZoomTracks.exe,30812,0x1C47021CD80,DXGI,0,512,1,Hardware: Independent Flip,10415.7796,NA,9.94760000000000,9.93640000000000,9.83230000000000,9.88280000000000,9.9601,10415.5831,10.0288,0.1965,9.8323,0.0669,10.0124,0.5417,9.4707,0.0320,10415.5831,NA,NA,NA
ZoomTracks.exe,30812,0x1C47021CD80,DXGI,0,512,1,Hardware: Independent Flip,10425.8091,NA,10.02950000000000,10.02440000000000,9.80440000000000,9.86900000000000,9.9550,10425.6119,10.0016,0.1972,9.8044,0.0505,10.0157,0.4808,9.5349,0.0044,10425.6119,NA,14.4011,14.4011
ZoomTracks.exe,30812,0x1C47021CD80,DXGI,0,512,1,Hardware: Independent Flip,10435.8138,NA,10.00470000000000,9.99100000000000,9.78780000000000,9.84490000000000,9.9413,10435.6135,9.9881,0.2003,9.7878,0.0646,9.9806,0.4885,9.4921,0.0106,10435.6135,NA,NA,NA
ZoomTracks.exe,30812,0x1C47021CD80,DXGI,0,512,1,Hardware: Independent Flip,10445.8143,NA,10.00050000000000,10.05110000000000,9.80860000000000,9.88610000000000,9.9919,10445.6016,10.0213,0.2127,9.8086,0.0571,10.0417,0.5625,9.4792,-0.0630,10445.6016,NA,NA,NA
ZoomTracks.exe,30812,0x1C47021CD80,DXGI,0,512,1,Hardware: Independent Flip,10455.8628,NA,10.04850000000000,9.98810000000000,9.75850000000000,9.83600000000000,9.9315,10455.6229,9.9984,0.2399,9.7585,0.0775,9.9984,0.5625,9.4359,0.0332,10455.6229,NA,NA,NA
ZoomTracks.exe,30812,0x1C47021CD80,DXGI,0,512,1,Hardware: Independent Flip,10465.8705,NA,10.00770000000000,9.97560000000000,9.73670000000000,9.79790000000000,9.8994,10465.6213,9.9859,0.2492,9.7367,0.0775,9.9696,0.5112,9.4584,0.0228,10465.6213,NA,19.4326,19.4326
ZoomTracks.exe,30812,0x1C47021CD80,DXGI,0,512,1,Hardware: Independent Flip,10475.8288,NA,9.95830000000000,10.04040000000000,9.72020000000000,9.95880000000000,9.9815,10475.6072,9.9418,0.2216,9.7202,0.0612,10.1192,0.6626,9.4566,-0.0545,10475.6072,NA,NA,NA
ZoomTracks.exe,30812,0x1C47021CD80,DXGI,0,512,1,Hardware: Independent Flip,10485.8601,NA,10.03130000000000,9.96030000000000,9.77330000000000,9.82230000000000,9.9105,10485.5490,10.0844,0.3111,9.7733,0.2386,9.8948,0.4172,9.4776,-0.0185,10485.5490,NA,NA,NA
ZoomTracks.exe,30812,0x1C47021CD80,DXGI,0,512,1,Hardware: Independent Flip,10495.8112,NA,9.95110000000000,9.94670000000000,9.78550000000000,9.83090000000000,9.9061,10495.6334,9.9633,0.1778,9.7855,0.0490,9.9597,0.5155,9.4442,0.1377,10495.6334,NA,NA,NA
ZoomTracks.exe,30812,0x1C47021CD80,DXGI,0,512,1,Hardware: Independent Flip,10505.7666,NA,9.95540000000000,10.07240000000000,9.84800000000000,9.91750000000000,10.0231,10505.5967,10.0179,0.1699,9.8480,0.0454,10.0420,0.4909,9.5511,-0.1091,10505.5967,NA,NA,NA
ZoomTracks.exe,30812,0x1C47021CD80,DXGI,0,512,1,Hardware: Independent Flip,10515.8253,NA,10.05870000000000,10.01840000000000,9.81870000000000,9.89410000000000,9.9828,10515.6146,10.0294,0.2107,9.8187,0.0695,10.0353,0.5378,9.4975,-0.0005,10515.6146,NA,NA,NA
ZoomTracks.exe,30812,0x1C47021CD80,DXGI,0,512,1,Hardware: Independent Flip,10525.8570,NA,10.03170000000000,9.92130000000000,9.75090000000000,9.78530000000000,9.8724,10525.6440,9.9639,0.2130,9.7509,0.0754,9.9229,0.4587,9.4642,0.1081,10525.6440,NA,10.3695,10.3695
ZoomTracks.exe,30812,0x1C47021CD80,DXGI,0,512,1,Hardware: Independent Flip,10535.7792,NA,9.92220000000000,10.00580000000000,9.83270000000000,9.87420000000000,9.9560,10535.6079,10.0040,0.1713,9.8327,0.0344,10.0111,0.5002,9.5109,-0.0419,10535.6079,NA,NA,NA
ZoomTracks.exe,30812,0x1C47021CD80,DXGI,0,512,1,Hardware: Independent Flip,10545.7862,NA,10.00700000000000,10.01250000000000,9.81410000000000,9.88190000000000,9.9615,10545.6119,9.9884,0.1743,9.8141,0.0415,10.0147,0.4973,9.5174,-0.0085,10545.6119,NA,NA,NA
ZoomTracks.exe,30812,0x1C47021CD80,DXGI,0,512,1,Hardware: Independent Flip,10555.7995,NA,10.01330000000000,10.06370000000000,9.83180000000000,9.91250000000000,10.0119,10555.6003,10.0310,0.1992,9.8318,0.0678,10.0439,0.5243,9.5196,-0.0753,10555.6003,NA,26.4474,26.4474
ZoomTracks.exe,30812,0x1C47021CD80,DXGI,0,512,1,Hardware: Independent Flip,10565.8648,NA,10.06530000000000,9.95770000000000,9.75020000000000,9.81950000000000,9.9043,10565.6313,9.9837,0.2335,9.7502,0.0807,9.9723,0.5396,9.4327,0.0733,10565.6313,NA,NA,NA
ZoomTracks.exe,30812,0x1C47021CD80,DXGI,0,512,1,Hardware: Independent Flip,10575.8168,NA,9.95200000000000,10.05270000000000,9.73230000000000,9.98660000000000,10.0050,10575.6150,9.9341,0.2018,9.7323,0.0693,10.1191,0.6371,9.4820,-0.0690,10575.6150,NA,NA,NA
ZoomTracks.exe,30812,0x1C47021CD80,DXGI,0,512,1,Hardware: Independent Flip,10585.8528,NA,10.03600000000000,9.98570000000000,9.75330000000000,9.81910000000000,9.9547,10585.5491,10.0570,0.3037,9.7533,0.2543,9.8685,0.4498,9.4187,-0.0516,10585.5491,NA,NA,NA
ZoomTracks.exe,30812,0x1C47021CD80,DXGI,0,512,1,Hardware: Independent Flip,10595.8706,NA,10.01780000000000,10.02990000000000,9.69950000000000,9.94650000000000,9.9668,10595.6061,9.9640,0.2645,9.6995,0.0658,10.1452,0.7292,9.4160,0.0271,10595.6061,NA,NA,NA
ZoomTracks.exe,30812,0x1C47021CD80,DXGI,0,512,1,Hardware: Independent Flip,10605.9040,NA,10.03340000000000,9.99340000000000,9.69930000000000,9.76610000000000,9.9268,10605.5701,10.0332,0.3339,9.6993,0.2470,9.8530,0.4258,9.4272,-0.0294,10605.5701,NA,NA,NA
ZoomTracks.exe,30812,0x1C47021CD80,DXGI,0,512,1,Hardware: Independent Flip,10615.8006,NA,9.89660000000000,9.94700000000000,9.79760000000000,9.89230000000000,9.9772,10615.6033,9.9949,0.1973,9.7976,0.0668,10.0228,0.5832,9.4396,0.0862,10615.6033,NA,NA,NA
ZoomTracks.exe,30812,0x1C47021CD80,DXGI,0,512,1,Hardware: Independent Flip,10625.8301,NA,10.02950000000000,10.13850000000000,9.78970000000000,9.86870000000000,10.0862,10625.5982,10.0216,0.2319,9.7897,0.0947,10.0059,0.5117,9.4942,-0.1436,10625.5982,NA,15.5495,15.5495
ZoomTracks.exe,30812,0x1C47021CD80,DXGI,0,512,1,Hardware: Independent Flip,10635.8387,NA,10.00860000000000,9.84280000000000,9.76100000000000,9.83850000000000,9.9204,10635.6198,9.9799,0.2189,9.7610,0.0790,9.9784,0.5849,9.3935,0.1788,10635.6198,NA,NA,NA
ZoomTracks.exe,30812,0x1C47021CD80,DXGI,0,512,1,Hardware: Independent Flip,10645.8250,NA,9.98630000000000,10.04680000000000,9.79550000000000,9.86880000000000,9.9809,10645.5997,10.0208,0.2253,9.7955,0.0775,10.0166,0.5092,9.5074,-0.0669,10645.5997,NA,28.4725,28.4725
ZoomTracks.exe,30812,0x1C47021CD80,DXGI,0,512,1,Hardware: Independent Flip,10655.8659,NA,10.04090000000000,9.97120000000000,9.75230000000000,9.81820000000000,9.9112,10655.6205,9.9977,0.2454,9.7523,0.0733,9.9903,0.5488,9.4415,0.0496,10655.6205,NA,NA,NA
ZoomTracks.exe,30812,0x1C47021CD80,DXGI,0,512,1,Hardware: Independent Flip,10665.8387,NA,9.97280000000000,10.04400000000000,9.78880000000000,9.88320000000000,9.9824,10665.6182,10.0093,0.2205,9.7888,0.0659,10.0378,0.5581,9.4797,-0.0463,10665.6182,NA,NA,NA
ZoomTracks.exe,30812,0x1C47021CD80,DXGI,0,512,1,Hardware: Independent Flip,10675.8817,NA,10.04300000000000,10.01880000000000,9.67140000000000,9.87630000000000,9.9582,10675.6275,9.9256,0.2542,9.6714,0.0944,10.0361,0.6248,9.4113,-0.0095,10675.6275,NA,NA,NA
ZoomTracks.exe,30812,0x1C47021CD80,DXGI,0,512,1,Hardware: Independent Flip,10685.8713,NA,9.98960000000000,9.93950000000000,9.75110000000000,9.82050000000000,9.9081,10685.5531,10.0693,0.3182,9.7511,0.2049,9.9338,0.4666,9.4672,-0.0139,10685.5531,NA,NA,NA
ZoomTracks.exe,30812,0x1C47021CD80,DXGI,0,512,1,Hardware: Independent Flip,10695.8327,NA,9.96140000000000,10.04440000000000,9.72170000000000,9.97420000000000,9.9911,10695.6224,9.9320,0.2103,9.7217,0.0694,10.1151,0.6439,9.4712,0.0249,10695.6224,NA,NA,NA
ZoomTracks.exe,30812,0x1C47021CD80,DXGI,0,512,1,Hardware: Independent Flip,10705.8710,NA,10.03830000000000,9.96230000000000,9.75330000000000,9.83390000000000,9.9151,10705.5544,10.0699,0.3166,9.7533,0.2525,9.8980,0.4424,9.4556,-0.0303,10705.5544,NA,NA,NA
ZoomTracks.exe,30812,0x1C47021CD80,DXGI,0,512,1,Hardware: Independent Flip,10715.8416,NA,9.97060000000000,9.98420000000000,9.77990000000000,9.83580000000000,9.9287,10715.6243,9.9972,0.2173,9.7799,0.0806,9.9725,0.4973,9.4752,0.0857,10715.6243,NA,18.4246,18.4246
ZoomTracks.exe,30812,0x1C47021CD80,DXGI,0,512,1,Hardware: Independent Flip,10725.8717,NA,10.03010000000000,10.05250000000000,9.72540000000000,9.81690000000000,9.9511,10725.6215,9.9756,0.2502,9.7254,0.0559,10.0112,0.5354,9.4758,-0.0553,10725.6215,NA,NA,NA
ZoomTracks.exe,30812,0x1C47021CD80,DXGI,0,512,1,Hardware: Independent Flip,10735.8587,NA,9.98700000000000,9.94160000000000,9.75910000000000,9.82020000000000,9.9057,10735.5971,10.0207,0.2616,9.7591,0.0915,9.9903,0.5455,9.4448,0.0340,10735.5971,NA,NA,NA
ZoomTracks.exe,30812,0x1C47021CD80,DXGI,0,512,1,Hardware: Independent Flip,10745.8218,NA,9.96310000000000,10.04620000000000,9.78390000000000,9.88140000000000,9.9888,10745.6178,9.9879,0.2040,9.7839,0.0611,10.0243,0.5314,9.4929,-0.0255,10745.6178,NA,27.4354,27.4354
ZoomTracks.exe,30812,0x1C47021CD80,DXGI,0,512,1,Hardware: Independent Flip,10755.8665,NA,10.04470000000000,9.92480000000000,9.72060000000000,9.78030000000000,9.8689,10755.6057,9.9814,0.2608,9.7206,0.0975,9.9436,0.5065,9.4371,0.0631,10755.6057,NA,NA,NA
ZoomTracks.exe,30812,0x1C47021CD80,DXGI,0,512,1,Hardware: Independent Flip,10765.8502,NA,9.98370000000000,10.06200000000000,9.76340000000000,9.85430000000000,9.9472,10765.5871,10.0265,0.2631,9.7634,0.0597,10.0577,0.5334,9.5243,-0.0806,10765.5871,NA,NA,NA
ZoomTracks.exe,30812,0x1C47021CD80,DXGI,0,512,1,Hardware: Independent Flip,10775.8486,NA,9.99840000000000,9.95910000000000,9.75260000000000,9.81330000000000,9.9079,10775.6136,9.9876,0.2350,9.7526,0.0909,9.9574,0.5161,9.4413,0.0674,10775.6136,NA,NA,NA
ZoomTracks.exe,30812,0x1C47021CD80,DXGI,0,512,1,Hardware: Independent Flip,10785.8040,NA,9.95540000000000,10.16320000000000,9.93360000000000,10.02010000000000,10.1157,10785.6012,10.1364,0.2028,9.9336,0.0607,10.1622,0.5011,9.6611,-0.1756,10785.6012,NA,NA,NA
ZoomTracks.exe,30812,0x1C47021CD80,DXGI,0,512,1,Hardware: Independent Flip,10795.9755,NA,10.17150000000000,9.99360000000000,9.59450000000000,9.76430000000000,9.9378,10795.7376,9.8324,0.2379,9.5945,0.0865,9.9157,0.5879,9.3278,0.1428,10795.7376,NA,10.5546,10.5546
ZoomTracks.exe,30812,0x1C47021CD80,DXGI,0,512,1,Hardware: Independent Flip,10805.7835,NA,9.80800000000000,9.87680000000000,9.76790000000000,9.98550000000000,10.0066,10805.5700,9.9814,0.2135,9.7679,0.1698,10.0292,0.5319,9.4973,-0.0444,10805.5700,NA,NA,NA
ZoomTracks.exe,30812,0x1C47021CD80,DXGI,0,512,1,Hardware: Independent Flip,10815.8279,NA,10.04440000000000,9.94270000000000,9.73240000000000,9.81820000000000,9.9049,10815.5514,10.0089,0.2765,9.7324,0.2176,9.8771,0.3969,9.4802,0.0387,10815.5514,NA,11.2706,11.2706
ZoomTracks.exe,30812,0x1C47021CD80,DXGI,0,512,1,Hardware: Independent Flip,10825.7977,NA,9.96980000000000,10.04830000000000,9.82370000000000,9.89300000000000,9.9834,10825.5603,10.0611,0.2374,9.8237,0.0858,10.0446,0.5474,9.4972,-0.0394,10825.5603,NA,NA,NA
ZoomTracks.exe,30812,0x1C47021CD80,DXGI,0,512,1,Hardware: Independent Flip,10835.8319,NA,10.03420000000000,10.03810000000000,9.76680000000000,9.90390000000000,9.9873,10835.6214,9.9773,0.2105,9.7668,0.0693,10.0451,0.5756,9.4695,0.0230,10835.6214,NA,NA,NA
ZoomTracks.exe,30812,0x1C47021CD80,DXGI,0,512,1,Hardware: Independent Flip,10845.8773,NA,10.04540000000000,9.92580000000000,9.71430000000000,9.77590000000000,9.8677,10845.5987,9.9929,0.2786,9.7143,0.1371,9.9174,0.4760,9.4414,0.0515,10845.5987,NA,NA,NA
ZoomTracks.exe,30812,0x1C47021CD80,DXGI,0,512,1,Hardware: Independent Flip,10855.7982,NA,9.92090000000000,10.01430000000000,9.81500000000000,9.87190000000000,9.9611,10855.5916,10.0216,0.2066,9.8150,0.0616,10.0169,0.5140,9.5029,-0.0214,10855.5916,NA,NA,NA
ZoomTracks.exe,30812,0x1C47021CD80,DXGI,0,512,1,Hardware: Independent Flip,10865.8167,NA,10.01850000000000,10.02530000000000,9.78910000000000,9.86510000000000,9.9679,10865.6132,9.9926,0.2035,9.7891,0.0569,10.0117,0.5303,9.4814,-0.0037,10865.6132,NA,NA,NA
ZoomTracks.exe,30812,0x1C47021CD80,DXGI,0,512,1,Hardware: Independent Flip,10875.8385,NA,10.02180000000000,9.95700000000000,9.74300000000000,9.89340000000000,9.9031,10875.6058,9.9757,0.2327,9.7430,0.0760,10.0501,0.5908,9.4593,0.0356,10875.6058,NA,NA,NA
ZoomTracks.exe,30812,0x1C47021CD80,DXGI,0,512,1,Hardware: Independent Flip,10885.8588,NA,10.02030000000000,10.11570000000000,9.78330000000000,9.83750000000000,9.9985,10885.5815,10.0606,0.2773,9.7833,0.1504,9.9644,0.4957,9.4687,-0.1400,10885.5815,NA,NA,NA
ZoomTracks.exe,30812,0x1C47021CD80,DXGI,0,512,1,Hardware: Independent Flip,10895.8259,NA,9.96710000000000,9.91760000000000,9.72490000000000,9.94100000000000,9.9490,10895.6421,9.9087,0.1838,9.7249,0.0542,10.0706,0.6634,9.4072,0.1430,10895.6421,NA,NA,NA
ZoomTracks.exe,30812,0x1C47021CD80,DXGI,0,512,1,Hardware: Independent Flip,10906.3370,NA,10.51110000000000,10.01660000000000,9.21320000000000,9.43070000000000,9.4545,10905.5508,9.9994,0.7862,9.2132,0.2161,10.0008,0.5873,9.4135,-0.1079,10905.5508,NA,21.4367,21.4367
ZoomTracks.exe,30812,0x1C47021CD80,DXGI,0,512,1,Hardware: Independent Flip,10915.8321,NA,9.49510000000000,9.94010000000000,9.72390000000000,9.88750000000000,9.8995,10915.5502,10.0058,0.2819,9.7239,0.2175,9.9519,0.4844,9.4675,0.0593,10915.5502,NA,NA,NA
ZoomTracks.exe,30812,0x1C47021CD80,DXGI,0,512,1,Hardware: Independent Flip,10925.8530,NA,10.02090000000000,10.00340000000000,9.74180000000000,9.79200000000000,9.8820,10925.5560,10.0388,0.2970,9.7418,0.1636,9.9254,0.4917,9.4337,0.0024,10925.5560,NA,NA,NA
ZoomTracks.exe,30812,0x1C47021CD80,DXGI,0,512,1,Hardware: Independent Flip,10935.7866,NA,9.93360000000000,10.06880000000000,9.80740000000000,10.00920000000000,10.0172,10935.5948,9.9992,0.1918,9.8074,0.0502,10.1508,0.6454,9.5054,-0.0300,10935.5948,NA,NA,NA
ZoomTracks.exe,30812,0x1C47021CD80,DXGI,0,512,1,Hardware: Independent Flip,10945.9379,NA,10.15130000000000,9.99910000000000,9.68490000000000,9.76350000000000,9.8650,10945.5940,10.0288,0.3439,9.6849,0.2018,9.9056,0.5364,9.3692,0.0001,10945.5940,NA,NA,NA
ZoomTracks.exe,30812,0x1C47021CD80,DXGI,0,512,1,Hardware: Independent Flip,10955.8424,NA,9.90450000000000,9.93590000000000,9.76380000000000,9.81080000000000,9.8964,10955.6228,9.9834,0.2196,9.7638,0.0786,9.9518,0.4972,9.4546,0.0929,10955.6228,NA,NA,NA
ZoomTracks.exe,30812,0x1C47021CD80,DXGI,0,512,1,Hardware: Independent Flip,10965.7903,NA,9.94790000000000,10.02060000000000,9.82000000000000,9.88460000000000,9.9691,10965.6062,10.0041,0.1841,9.8200,0.0470,10.0217,0.4990,9.5227,-0.0372,10965.6062,NA,NA,NA
ZoomTracks.exe,30812,0x1C47021CD80,DXGI,0,512,1,Hardware: Independent Flip,10975.8137,NA,10.02340000000000,9.99000000000000,9.79620000000000,9.84330000000000,9.9357,10975.6103,9.9996,0.2034,9.7962,0.0646,9.9821,0.4599,9.5222,0.0141,10975.6103,NA,17.3901,17.3901
ZoomTracks.exe,30812,0x1C47021CD80,DXGI,0,512,1,Hardware: Independent Flip,10985.8699,NA,10.05620000000000,10.11420000000000,9.72200000000000,9.97470000000000,9.9937,10985.6099,9.9820,0.2600,9.7220,0.0471,10.1876,0.6773,9.5103,-0.1146,10985.6099,NA,16.5031,16.5031
ZoomTracks.exe,30812,0x1C47021CD80,DXGI,0,512,1,Hardware: Independent Flip,10995.9045,NA,10.03460000000000,13.49350000000000,9.67170000000000,13.34070000000000,13.4526,10995.5919,9.9843,0.3126,9.6717,0.2527,13.4006,4.0835,9.3171,-3.5115,10995.5919,NA,NA,NA
ZoomTracks.exe,30812,0x1C47021CD80,DXGI,0,512,1,Hardware: Independent Flip,11005.7037,NA,9.79920000000000,6.41560000000000,9.84730000000000,9.99570000000000,10.0690,11005.5762,9.9748,0.1275,9.8473,3.6690,6.4542,0.3410,6.1132,3.5687,11005.5762,NA,NA,NA
ZoomTracks.exe,30812,0x1C47021CD80,DXGI,0,512,1,Hardware: Independent Flip,11015.8082,NA,10.10450000000000,13.47170000000000,9.73860000000000,13.42050000000000,13.4362,11015.5510,9.9958,0.2572,9.7386,0.1484,13.5293,4.0691,9.4602,-3.4969,11015.5510,NA,NA,NA
ZoomTracks.exe,30812,0x1C47021CD80,DXGI,0,512,1,Hardware: Independent Flip,11025.6834,NA,9.87520000000000,9.10840000000000,9.88150000000000,10.09410000000000,12.6694,11025.5468,10.0181,0.1366,9.8815,3.6819,6.5488,0.3117,6.2371,0.8874,11025.5468,NA,NA,NA
ZoomTracks.exe,30812,0x1C47021CD80,DXGI,0,512,1,Hardware: Independent Flip,11035.8118,NA,10.12840000000000,11.03030000000000,9.77030000000000,13.56380000000000,13.5713,11035.5649,10.0172,0.2469,9.7703,0.2126,13.5981,4.2605,9.3376,-1.0122,11035.5649,NA,NA,NA
ZoomTracks.exe,30812,0x1C47021CD80,DXGI,0,512,1,Hardware: Independent Flip,11045.7245,NA,9.91270000000000,9.42550000000000,9.84950000000000,10.02160000000000,13.0841,11045.5821,9.9919,0.1424,9.8495,3.7935,6.3705,0.2923,6.0782,0.5917,11045.5821,NA,NA,NA
ZoomTracks.exe,30812,0x1C47021CD80,DXGI,0,512,1,Hardware: Independent Flip,11055.7837,NA,10.05920000000000,9.75920000000000,9.79320000000000,12.77720000000000,12.7841,11055.5740,10.0029,0.2097,9.7932,0.1721,12.8148,3.3616,9.4532,0.2327,11055.5740,NA,NA,NA
ZoomTracks.exe,30812,0x1C47021CD80,DXGI,0,512,1,Hardware: Independent Flip,11065.7254,NA,9.94170000000000,10.28980000000000,9.86630000000000,10.08010000000000,13.1322,11065.5769,10.0148,0.1485,9.8663,2.9840,7.2446,0.3383,6.9063,-0.2869,11065.5769,NA,NA,NA
ZoomTracks.exe,30812,0x1C47021CD80,DXGI,0,512,1,Hardware: Independent Flip,11075.8601,NA,10.13470000000000,10.44030000000000,9.71430000000000,13.42640000000000,13.4378,11075.5917,9.9827,0.2684,9.7143,0.2138,13.4810,4.1392,9.3418,-0.4255,11075.5917,NA,21.9242,21.9242
ZoomTracks.exe,30812,0x1C47021CD80,DXGI,0,512,1,Hardware: Independent Flip,11085.7152,NA,9.85510000000000,9.55830000000000,9.87320000000000,10.10180000000000,13.1410,11085.5744,10.0140,0.1408,9.8732,3.7121,6.5305,0.3603,6.1702,0.4244,11085.5744,NA,NA,NA
ZoomTracks.exe,30812,0x1C47021CD80,DXGI,0,512,1,Hardware: Independent Flip,11095.8455,NA,10.13030000000000,10.50340000000000,9.72180000000000,13.50640000000000,13.5141,11095.5884,9.9789,0.2571,9.7218,0.2286,13.5349,4.1936,9.3413,-0.4894,11095.5884,NA,NA,NA
ZoomTracks.exe,30812,0x1C47021CD80,DXGI,0,512,1,Hardware: Independent Flip,11105.7018,NA,9.85630000000000,9.44130000000000,9.85180000000000,10.03990000000000,13.0991,11105.5673,9.9863,0.1345,9.8518,3.7846,6.3898,0.2797,6.1101,0.5376,11105.5673,NA,26.4316,26.4316
ZoomTracks.exe,30812,0x1C47021CD80,DXGI,0,512,1,Hardware: Independent Flip,11115.6687,NA,9.96690000000000,7.10030000000000,9.91850000000000,10.20850000000000,10.2325,11115.5536,10.0336,0.1151,9.9185,0.1881,10.1355,0.5578,9.5777,2.8860,11115.5536,NA,NA,NA
ZoomTracks.exe,30812,0x1C47021CD80,DXGI,0,512,1,Hardware: Independent Flip,11125.9183,NA,10.24960000000000,12.93880000000000,9.64670000000000,9.85530000000000,12.9217,11125.5872,9.9778,0.3311,9.6467,0.2900,9.8964,0.6161,9.2803,-2.9052,11125.5872,NA,NA,NA
ZoomTracks.exe,30812,0x1C47021CD80,DXGI,0,512,1,Hardware: Independent Flip,11135.7020,NA,9.78370000000000,10.48560000000000,9.88180000000000,13.61570000000000,13.6236,11135.5650,10.0188,0.1370,9.8818,0.2086,13.5441,3.9994,9.5447,-0.5078,11135.5650,NA,NA,NA
ZoomTracks.exe,30812,0x1C47021CD80,DXGI,0,512,1,Hardware: Independent Flip,11145.7519,NA,10.04990000000000,9.53440000000000,9.83230000000000,10.03330000000000,13.1081,11145.5838,10.0004,0.1681,9.8323,3.7339,6.4675,0.3215,6.1460,0.4844,11145.5838,NA,NA,NA
ZoomTracks.exe,30812,0x1C47021CD80,DXGI,0,512,1,Hardware: Independent Flip,11155.8093,NA,10.05740000000000,10.46960000000000,9.76710000000000,13.50520000000000,13.5203,11155.5842,9.9922,0.2251,9.7671,0.2010,13.5293,4.1781,9.3512,-0.4692,11155.5842,NA,26.9529,26.9529
ZoomTracks.exe,30812,0x1C47021CD80,DXGI,0,512,1,Hardware: Independent Flip,11165.7272,NA,9.91790000000000,9.54770000000000,9.85900000000000,10.09900000000000,13.1501,11165.5764,10.0098,0.1508,9.8590,3.7381,6.5117,0.3687,6.1430,0.4445,11165.5764,NA,NA,NA
ZoomTracks.exe,30812,0x1C47021CD80,DXGI,0,512,1,Hardware: Independent Flip,11175.8602,NA,10.13300000000000,10.42760000000000,9.71220000000000,13.43660000000000,13.4447,11175.5862,9.9862,0.2740,9.7122,0.2400,13.4706,4.1459,9.3247,-0.4178,11175.5862,NA,21.9621,21.9621
ZoomTracks.exe,30812,0x1C47021CD80,DXGI,0,512,1,Hardware: Independent Flip,11185.7122,NA,9.85200000000000,9.51650000000000,9.85790000000000,10.05830000000000,13.1092,11185.5724,9.9977,0.1398,9.8579,3.7244,6.4737,0.3152,6.1585,0.4697,11185.5724,NA,NA,NA
ZoomTracks.exe,30812,0x1C47021CD80,DXGI,0,512,1,Hardware: Independent Flip,11195.7943,NA,10.08210000000000,10.44130000000000,9.79450000000000,13.46080000000000,13.4684,11195.5701,10.0187,0.2242,9.7945,0.2004,13.4846,4.0553,9.4293,-0.4436,11195.5701,NA,NA,NA
ZoomTracks.exe,30812,0x1C47021CD80,DXGI,0,512,1,Hardware: Independent Flip,11205.7226,NA,9.92830000000000,9.62280000000000,9.85840000000000,10.07350000000000,13.1629,11205.5888,9.9922,0.1338,9.8584,3.6663,6.5410,0.3304,6.2106,0.3959,11205.5888,NA,NA,NA
ZoomTracks.exe,30812,0x1C47021CD80,DXGI,0,512,1,Hardware: Independent Flip,11215.8388,NA,10.11620000000000,10.38660000000000,9.74910000000000,13.42520000000000,13.4333,11215.5810,10.0069,0.2578,9.7491,0.2151,13.4679,4.1172,9.3507,-0.3944,11215.5810,NA,NA,NA
ZoomTracks.exe,30812,0x1C47021CD80,DXGI,0,512,1,Hardware: Independent Flip,11225.7303,NA,9.89150000000000,9.64740000000000,9.83680000000000,10.12100000000000,13.1892,11225.5879,9.9792,0.1424,9.8368,3.6761,6.5873,0.3888,6.1985,0.3595,11225.5879,NA,NA,NA
ZoomTracks.exe,30812,0x1C47021CD80,DXGI,0,512,1,Hardware: Independent Flip,11235.7329,NA,10.00260000000000,10.38760000000000,9.85500000000000,13.56550000000000,13.5742,11235.5671,10.0208,0.1658,9.8550,0.2842,13.4471,3.9177,9.5294,-0.4084,11235.5671,NA,NA,NA
ZoomTracks.exe,30812,0x1C47021CD80,DXGI,0,512,1,Hardware: Independent Flip,11245.7345,NA,10.00160000000000,9.53230000000000,9.85750000000000,10.04370000000000,13.1049,11245.5879,10.0041,0.1466,9.8575,3.7105,6.4798,0.5111,5.9687,0.4885,11245.5879,NA,NA,NA
ZoomTracks.exe,30812,0x1C47021CD80,DXGI,0,512,1,Hardware: Independent Flip,11255.8035,NA,10.06900000000000,8.28110000000000,9.79210000000000,11.19870000000000,11.3170,11255.5920,10.0036,0.2115,9.7921,0.1862,11.2240,1.7573,9.4667,1.7230,11255.5920,NA,24.7563,24.7563
ZoomTracks.exe,30812,0x1C47021CD80,DXGI,0,512,1,Hardware: Independent Flip,11265.7477,NA,9.94420000000000,11.73330000000000,9.82670000000000,10.04430000000000,13.1061,11265.5956,9.9788,0.1521,9.8267,1.4066,8.7898,0.4385,8.3513,-1.7297,11265.5956,NA,22.4940,22.4940
ZoomTracks.exe,30812,0x1C47021CD80,DXGI,0,512,1,Hardware: Independent Flip,11275.8184,NA,10.07070000000000,10.52850000000000,9.76980000000000,13.55580000000000,13.5639,11275.5744,10.0138,0.2440,9.7698,0.2176,13.5822,4.2219,9.3603,-0.5497,11275.5744,NA,NA,NA
ZoomTracks.exe,30812,0x1C47021CD80,DXGI,0,512,1,Hardware: Independent Flip,11285.7363,NA,9.91790000000000,9.47580000000000,9.86270000000000,10.06480000000000,13.1218,11285.5882,10.0108,0.1481,9.8627,3.7860,6.4269,0.3360,6.0909,0.5380,11285.5882,NA,NA,NA
ZoomTracks.exe,30812,0x1C47021CD80,DXGI,0,512,1,Hardware: Independent Flip,11295.8274,NA,10.09110000000000,10.45470000000000,9.74040000000000,13.47690000000000,13.4854,11295.5990,9.9688,0.2284,9.7404,0.2021,13.5032,4.1804,9.3228,-0.4439,11295.5990,NA,NA,NA
ZoomTracks.exe,30812,0x1C47021CD80,DXGI,0,512,1,Hardware: Independent Flip,11305.7348,NA,9.90740000000000,9.55860000000000,9.85770000000000,10.07910000000000,13.1366,11305.5678,10.0247,0.1670,9.8577,3.7365,6.5096,0.3514,6.1582,0.4102,11305.5678,NA,NA,NA
ZoomTracks.exe,30812,0x1C47021CD80,DXGI,0,512,1,Hardware: Independent Flip,11315.8584,NA,10.12360000000000,7.05860000000000,9.71440000000000,10.04430000000000,10.0716,11315.5925,9.9803,0.2659,9.7144,0.2214,10.0888,0.7595,9.3293,2.9661,11315.5925,NA,NA,NA
ZoomTracks.exe,30812,0x1C47021CD80,DXGI,0,512,1,Hardware: Independent Flip,11325.7066,NA,9.84820000000000,12.90500000000000,9.85750000000000,10.06830000000000,13.1284,11325.5728,9.9913,0.1338,9.8575,0.3299,9.8722,0.6194,9.2528,-2.9247,11325.5728,NA,NA,NA
ZoomTracks.exe,30812,0x1C47021CD80,DXGI,0,512,1,Hardware: Independent Flip,11335.7110,NA,10.00440000000000,10.45640000000000,9.86680000000000,13.56950000000000,13.5804,11335.5641,10.0137,0.1469,9.8668,0.2108,13.5056,3.9583,9.5473,-0.4651,11335.5641,NA,NA,NA
ZoomTracks.exe,30812,0x1C47021CD80,DXGI,0,512,1,Hardware: Independent Flip,11345.7085,NA,9.99750000000000,9.51580000000000,9.84730000000000,10.05080000000000,13.0987,11345.5778,9.9780,0.1307,9.8473,3.7027,6.4788,0.4684,6.0104,0.4979,11345.5778,NA,NA,NA
ZoomTracks.exe,30812,0x1C47021CD80,DXGI,0,512,1,Hardware: Independent Flip,11355.6979,NA,9.98940000000000,10.47890000000000,9.89550000000000,13.58040000000000,13.5882,11355.5558,10.0376,0.1421,9.8955,0.2035,13.5190,4.0218,9.4972,-0.5009,11355.5558,NA,29.9245,29.9245
ZoomTracks.exe,30812,0x1C47021CD80,DXGI,0,512,1,Hardware: Independent Flip,11365.7584,NA,10.06050000000000,9.56800000000000,9.82670000000000,10.03400000000000,13.0957,11365.5934,9.9917,0.1650,9.8267,3.6849,6.5141,0.3294,6.1847,0.4696,11365.5934,NA,28.5125,28.5125
ZoomTracks.exe,30812,0x1C47021CD80,DXGI,0,512,1,Hardware: Independent Flip,11375.8170,NA,10.05860000000000,10.36190000000000,9.76770000000000,13.39150000000000,13.3990,11375.5851,9.9996,0.2319,9.7677,0.2073,13.4161,3.9918,9.4243,-0.3702,11375.5851,NA,NA,NA
ZoomTracks.exe,30812,0x1C47021CD80,DXGI,0,512,1,Hardware: Independent Flip,11385.7324,NA,9.91540000000000,9.61910000000000,9.85640000000000,10.05750000000000,13.1027,11385.5847,10.0041,0.1477,9.8564,3.6238,6.5814,0.3926,6.1888,0.3805,11385.5847,NA,NA,NA
ZoomTracks.exe,30812,0x1C47021CD80,DXGI,0,512,1,Hardware: Independent Flip,11395.8409,NA,10.10850000000000,10.45890000000000,9.73500000000000,13.44450000000000,13.4531,11395.5888,9.9871,0.2521,9.7350,0.2011,13.4955,4.1292,9.3663,-0.4548,11395.5888,NA,NA,NA
ZoomTracks.exe,30812,0x1C47021CD80,DXGI,0,512,1,Hardware: Independent Flip,11405.7359,NA,9.89500000000000,9.53620000000000,9.85520000000000,10.03830000000000,13.0943,11405.5759,10.0152,0.1600,9.8552,3.7095,6.4888,0.3117,6.1771,0.4509,11405.5759,NA,NA,NA
ZoomTracks.exe,30812,0x1C47021CD80,DXGI,0,512,1,Hardware: Independent Flip,11415.8187,NA,10.08280000000000,10.41510000000000,9.76260000000000,13.41880000000000,13.4266,11415.5911,9.9902,0.2276,9.7626,0.1831,13.4633,4.1019,9.3614,-0.3999,11415.5911,NA,NA,NA
ZoomTracks.exe,30812,0x1C47021CD80,DXGI,0,512,1,Hardware: Independent Flip,11425.7367,NA,9.91800000000000,9.61440000000000,9.85900000000000,10.07570000000000,13.1230,11425.5813,10.0144,0.1554,9.8590,3.6562,6.5749,0.3486,6.2263,0.3758,11425.5813,NA,NA,NA
ZoomTracks.exe,30812,0x1C47021CD80,DXGI,0,512,1,Hardware: Independent Flip,11435.8551,NA,10.11840000000000,10.43920000000000,9.72600000000000,13.43620000000000,13.4438,11435.5957,9.9854,0.2594,9.7260,0.2167,13.4789,4.1331,9.3458,-0.4248,11435.5957,NA,NA,NA
ZoomTracks.exe,30812,0x1C47021CD80,DXGI,0,512,1,Hardware: Independent Flip,11445.7454,NA,9.89030000000000,9.58440000000000,9.82650000000000,10.06390000000000,13.1379,11445.5811,9.9908,0.1643,9.8265,3.7102,6.5180,0.5307,5.9873,0.4010,11445.5811,NA,25.5105,25.5105
ZoomTracks.exe,30812,0x1C47021CD80,DXGI,0,512,1,Hardware: Independent Flip,11455.8217,NA,10.07630000000000,9.65590000000000,9.73610000000000,12.70990000000000,12.7175,11455.5719,9.9859,0.2498,9.7361,0.2374,12.7223,3.3291,9.3932,0.3349,11455.5719,NA,NA,NA
ZoomTracks.exe,30812,0x1C47021CD80,DXGI,0,512,1,Hardware: Independent Flip,11465.7279,NA,9.90620000000000,10.31920000000000,9.85070000000000,10.04910000000000,13.1305,11465.5578,10.0208,0.1701,9.8507,2.9738,7.2454,0.3832,6.8622,-0.3333,11465.5578,NA,21.4992,21.4992
ZoomTracks.exe,30812,0x1C47021CD80,DXGI,0,512,1,Hardware: Independent Flip,11475.8203,NA,10.09240000000000,10.47600000000000,9.77300000000000,13.50670000000000,13.5141,11475.5786,10.0147,0.2417,9.7730,0.1984,13.5500,4.1668,9.3832,-0.4552,11475.5786,NA,NA,NA
ZoomTracks.exe,30812,0x1C47021CD80,DXGI,0,512,1,Hardware: Independent Flip,11485.7270,NA,9.90670000000000,9.64770000000000,10.13260000000000,10.21950000000000,13.2551,11485.5933,10.2663,0.1337,10.1326,3.7337,6.6195,0.3223,6.2972,0.3670,11485.5933,NA,NA,NA
ZoomTracks.exe,30812,0x1C47021CD80,DXGI,0,512,1,Hardware: Independent Flip,11496.0811,NA,10.35410000000000,10.31910000000000,9.48540000000000,13.21290000000000,13.2201,11495.8596,9.7069,0.2215,9.4854,0.0869,13.3475,4.2054,9.1421,-0.0528,11495.8596,NA,NA,NA
ZoomTracks.exe,30812,0x1C47021CD80,DXGI,0,512,1,Hardware: Independent Flip,11505.7269,NA,9.64580000000000,9.58110000000000,9.86380000000000,10.10400000000000,13.1554,11505.5665,10.0242,0.1604,9.8638,3.7275,6.5369,0.3665,6.1704,0.1258,11505.5665,NA,NA,NA
ZoomTracks.exe,30812,0x1C47021CD80,DXGI,0,512,1,Hardware: Independent Flip,11515.8686,NA,10.14170000000000,10.38910000000000,9.71620000000000,13.39440000000000,13.4028,11515.5907,9.9941,0.2779,9.7162,0.2402,13.4321,4.1197,9.3124,-0.3649,11515.5907,NA,NA,NA
ZoomTracks.exe,30812,0x1C47021CD80,DXGI,0,512,1,Hardware: Independent Flip,11525.7456,NA,9.87700000000000,9.57230000000000,9.84190000000000,10.05000000000000,13.0981,11525.5848,10.0027,0.1608,9.8419,3.6782,6.5326,0.3328,6.1998,0.4218,11525.5848,NA,NA,NA
ZoomTracks.exe,30812,0x1C47021CD80,DXGI,0,512,1,Hardware: Independent Flip,11535.8390,NA,10.09340000000000,7.00340000000000,9.74230000000000,9.98150000000000,10.0081,11535.5875,9.9938,0.2515,9.7423,0.2081,10.0249,0.6529,9.3720,2.9993,11535.5875,NA,25.4959,25.4959
ZoomTracks.exe,30812,0x1C47021CD80,DXGI,0,512,1,Hardware: Independent Flip,11545.8653,NA,10.02630000000000,12.97250000000000,9.68640000000000,9.90960000000000,12.9543,11545.5813,9.9704,0.2840,9.6864,0.2392,9.9544,0.6573,9.2971,-2.9787,11545.5813,NA,25.4343,25.4343
ZoomTracks.exe,30812,0x1C47021CD80,DXGI,0,512,1,Hardware: Independent Flip,11555.6738,NA,9.80850000000000,6.99970000000000,9.87420000000000,10.04740000000000,10.1455,11555.5517,9.9963,0.1221,9.8742,0.2232,9.9463,0.3628,9.5835,2.9707,11555.5517,NA,NA,NA
ZoomTracks.exe,30812,0x1C47021CD80,DXGI,0,512,1,Hardware: Independent Flip,11565.7296,NA,10.05580000000000,13.07470000000000,9.89950000000000,10.11210000000000,13.1644,11565.5480,10.0811,0.1816,9.8995,0.1732,10.1205,0.5416,9.5789,-3.0784,11565.5480,NA,NA,NA
ZoomTracks.exe,30812,0x1C47021CD80,DXGI,0,512,1,Hardware: Independent Flip,11575.8884,NA,10.15880000000000,6.99790000000000,9.69650000000000,9.98060000000000,10.0035,11575.6291,9.9558,0.2593,9.6965,0.2126,10.0273,0.7159,9.3114,3.0832,11575.6291,NA,NA,NA
ZoomTracks.exe,30812,0x1C47021CD80,DXGI,0,512,1,Hardware: Independent Flip,11585.9133,NA,10.02490000000000,12.97270000000000,9.67220000000000,9.88660000000000,12.9513,11585.5849,10.0006,0.3284,9.6722,0.2841,9.9309,0.6446,9.2863,-3.0169,11585.5849,NA,NA,NA
ZoomTracks.exe,30812,0x1C47021CD80,DXGI,0,512,1,Hardware: Independent Flip,11595.8476,NA,9.93430000000000,7.06560000000000,9.73400000000000,10.07390000000000,10.0826,11595.5855,9.9961,0.2621,9.7340,0.2144,10.1216,0.7661,9.3555,2.9350,11595.5855,NA,NA,NA
ZoomTracks.exe,30812,0x1C47021CD80,DXGI,0,512,1,Hardware: Independent Flip,11605.9525,NA,10.10490000000000,12.31810000000000,9.62080000000000,9.80260000000000,12.2958,11605.5816,9.9917,0.3709,9.6208,0.3399,9.8336,0.7024,9.1312,-2.3220,11605.5816,NA,NA,NA
ZoomTracks.exe,30812,0x1C47021CD80,DXGI,0,512,1,Hardware: Independent Flip,11615.7998,NA,9.84730000000000,7.67640000000000,9.78400000000000,10.11740000000000,10.1249,11615.5733,10.0105,0.2265,9.7840,0.1818,10.1621,0.7201,9.4420,2.3153,11615.5733,NA,NA,NA
ZoomTracks.exe,30812,0x1C47021CD80,DXGI,0,512,1,Hardware: Independent Flip,11625.7120,NA,9.91220000000000,10.97720000000000,9.91990000000000,10.07300000000000,11.1899,11625.5838,10.0481,0.1282,9.9199,0.3334,9.8678,0.3903,9.4775,-0.9667,11625.5838,NA,NA,NA
ZoomTracks.exe,30812,0x1C47021CD80,DXGI,0,512,1,Hardware: Independent Flip,11635.8347,NA,10.12270000000000,9.08160000000000,9.74640000000000,10.12100000000000,10.1488,11635.6319,9.9492,0.2028,9.7464,0.1531,10.1707,0.8145,9.3562,0.9665,11635.6319,NA,25.6007,25.6007
ZoomTracks.exe,30812,0x1C47021CD80,DXGI,0,512,1,Hardware: Independent Flip,11645.7280,NA,9.89330000000000,9.92170000000000,9.84170000000000,10.05410000000000,10.1772,11645.5811,9.9886,0.1469,9.8417,0.3746,9.8264,0.6793,9.1471,0.0275,11645.5811,NA,23.5415,23.5415
ZoomTracks.exe,30812,0x1C47021CD80,DXGI,0,512,1,Hardware: Independent Flip,11655.8100,NA,10.08200000000000,10.24090000000000,9.74610000000000,9.90850000000000,10.3361,11655.5697,9.9864,0.2403,9.7461,0.2124,9.9364,0.5640,9.3724,-0.2523,11655.5697,NA,NA,NA
ZoomTracks.exe,30812,0x1C47021CD80,DXGI,0,512,1,Hardware: Independent Flip,11665.7597,NA,9.94970000000000,9.70950000000000,9.80710000000000,10.07620000000000,10.0959,11665.5561,10.0107,0.2036,9.8071,0.1624,10.1174,0.8518,9.2656,0.2769,11665.5561,NA,NA,NA
ZoomTracks.exe,30812,0x1C47021CD80,DXGI,0,512,1,Hardware: Independent Flip,11675.9226,NA,10.16290000000000,10.14820000000000,9.62500000000000,9.91200000000000,10.0812,11675.5668,9.9808,0.3558,9.6250,0.2691,9.9987,0.6835,9.3152,-0.1375,11675.5668,NA,NA,NA
ZoomTracks.exe,30812,0x1C47021CD80,DXGI,0,512,1,Hardware: Independent Flip,11685.7089,NA,9.78630000000000,9.80990000000000,9.87490000000000,10.08580000000000,10.1048,11685.5476,10.0362,0.1613,9.8749,0.2870,9.9601,0.5094,9.4507,0.1709,11685.5476,NA,NA,NA
ZoomTracks.exe,30812,0x1C47021CD80,DXGI,0,512,1,Hardware: Independent Flip,11695.8535,NA,10.14460000000000,10.06460000000000,9.72290000000000,10.01700000000000,10.0248,11695.5838,9.9926,0.2697,9.7229,0.2109,10.0758,0.7051,9.3707,-0.0284,11695.5838,NA,NA,NA
ZoomTracks.exe,30812,0x1C47021CD80,DXGI,0,512,1,Hardware: Independent Flip,11705.7250,NA,9.87150000000000,10.01520000000000,9.87290000000000,10.05010000000000,10.1685,11705.5764,10.0215,0.1486,9.8729,0.2941,9.9046,0.4003,9.5043,-0.0226,11705.5764,NA,25.5131,25.5131
ZoomTracks.exe,30812,0x1C47021CD80,DXGI,0,512,1,Hardware: Independent Flip,11715.8333,NA,10.10830000000000,9.99960000000000,9.74010000000000,10.05180000000000,10.0598,11715.5979,9.9755,0.2354,9.7401,0.1772,10.1100,0.7295,9.3805,0.0219,11715.5979,NA,25.5618,25.5618
ZoomTracks.exe,30812,0x1C47021CD80,DXGI,0,512,1,Hardware: Independent Flip,11725.9104,NA,10.07710000000000,10.00860000000000,9.67330000000000,9.85250000000000,9.9913,11725.5734,10.0103,0.3370,9.6733,0.3117,9.8778,0.7165,9.1613,-0.0331,11725.5734,NA,NA,NA
ZoomTracks.exe,30812,0x1C47021CD80,DXGI,0,512,1,Hardware: Independent Flip,11735.7865,NA,9.87610000000000,9.93330000000000,9.79330000000000,10.04110000000000,10.0485,11735.5837,9.9961,0.2028,9.7933,0.1792,10.0647,0.5821,9.4826,0.0770,11735.5837,NA,NA,NA
ZoomTracks.exe,30812,0x1C47021CD80,DXGI,0,512,1,Hardware: Independent Flip,11745.8720,NA,10.08550000000000,10.14830000000000,9.70840000000000,9.96160000000000,10.1113,11745.5798,10.0006,0.2922,9.7084,0.2478,10.0060,0.6672,9.3388,-0.1522,11745.5798,NA,NA,NA
ZoomTracks.exe,30812,0x1C47021CD80,DXGI,0,512,1,Hardware: Independent Flip,11755.8588,NA,9.98680000000000,9.78240000000000,9.69390000000000,9.88540000000000,9.9069,11755.5804,9.9723,0.2784,9.6939,0.2532,9.9106,0.5756,9.3350,0.2182,11755.5804,NA,NA,NA
ZoomTracks.exe,30812,0x1C47021CD80,DXGI,0,512,1,Hardware: Independent Flip,11765.8038,NA,9.94500000000000,10.04500000000000,9.75520000000000,9.98500000000000,10.0069,11765.5527,10.0063,0.2511,9.7552,0.1915,10.0446,0.5593,9.4853,-0.0727,11765.5527,NA,NA,NA
ZoomTracks.exe,30812,0x1C47021CD80,DXGI,0,512,1,Hardware: Independent Flip,11775.8634,NA,10.05960000000000,10.15800000000000,9.69030000000000,9.93820000000000,10.1053,11775.5590,9.9947,0.3044,9.6903,0.2298,10.0128,0.6529,9.3599,-0.1517,11775.5590,NA,NA,NA
ZoomTracks.exe,30812,0x1C47021CD80,DXGI,0,512,1,Hardware: Independent Flip,11785.6976,NA,9.83420000000000,9.94600000000000,9.88420000000000,10.19280000000000,10.2171,11785.5537,10.0281,0.1439,9.8842,0.2479,10.0888,0.6011,9.4877,0.0487,11785.5537,NA,NA,NA
ZoomTracks.exe,30812,0x1C47021CD80,DXGI,0,512,1,Hardware: Independent Flip,11795.7166,NA,10.01900000000000,9.94460000000000,9.86560000000000,10.12360000000000,10.1427,11795.5818,10.0004,0.1348,9.8656,0.3086,9.9498,0.6877,9.2621,0.0835,11795.5818,NA,26.4759,26.4759
ZoomTracks.exe,30812,0x1C47021CD80,DXGI,0,512,1,Hardware: Independent Flip,11805.9004,NA,10.18380000000000,10.17890000000000,9.67780000000000,10.09030000000000,10.1378,11805.5822,9.9960,0.3182,9.6778,0.2580,10.1505,0.9417,9.2088,-0.1785,11805.5822,NA,NA,NA
ZoomTracks.exe,30812,0x1C47021CD80,DXGI,0,512,1,Hardware: Independent Flip,11815.7322,NA,9.83180000000000,9.95710000000000,9.85650000000000,10.13310000000000,10.2631,11815.5782,10.0105,0.1540,9.8565,0.4125,9.8746,0.7209,9.1537,0.0389,11815.5782,NA,26.6323,26.6323
ZoomTracks.exe,30812,0x1C47021CD80,DXGI,0,512,1,Hardware: Independent Flip,11825.7259,NA,9.99370000000000,9.85260000000000,9.85590000000000,10.10360000000000,10.1220,11825.5887,9.9931,0.1372,9.8559,0.2766,9.9642,0.4865,9.4777,0.1579,11825.5887,NA,NA,NA
ZoomTracks.exe,30812,0x1C47021CD80,DXGI,0,512,1,Hardware: Independent Flip,11835.8847,NA,10.15880000000000,10.04680000000000,9.69540000000000,9.98440000000000,10.0100,11835.5818,9.9983,0.3029,9.6954,0.2477,10.0396,0.7011,9.3385,-0.0537,11835.5818,NA,NA,NA
ZoomTracks.exe,30812,0x1C47021CD80,DXGI,0,512,1,Hardware: Independent Flip,11845.9193,NA,10.03460000000000,10.03510000000000,9.66770000000000,9.98760000000000,10.0105,11845.5801,10.0069,0.3392,9.6677,0.2890,10.0378,0.8668,9.1710,-0.0368,11845.5801,NA,NA,NA
ZoomTracks.exe,30812,0x1C47021CD80,DXGI,0,512,1,Hardware: Independent Flip,11855.9484,NA,10.02910000000000,10.00830000000000,9.63590000000000,9.97250000000000,9.9897,11855.5870,9.9973,0.3614,9.6359,0.3199,10.0140,0.8063,9.2077,-0.0014,11855.5870,NA,NA,NA
ZoomTracks.exe,30812,0x1C47021CD80,DXGI,0,512,1,Hardware: Independent Flip,11865.7337,NA,9.78530000000000,9.92780000000000,9.84480000000000,10.10580000000000,10.1322,11865.5843,9.9942,0.1494,9.8448,0.3366,9.9186,0.4414,9.4772,0.0695,11865.5843,NA,NA,NA
ZoomTracks.exe,30812,0x1C47021CD80,DXGI,0,512,1,Hardware: Independent Flip,11875.8488,NA,10.11510000000000,10.01260000000000,9.72170000000000,10.02230000000000,10.0297,11875.5785,9.9920,0.2703,9.7217,0.2610,10.0316,0.7164,9.3152,-0.0184,11875.5785,NA,NA,NA
ZoomTracks.exe,30812,0x1C47021CD80,DXGI,0,512,1,Hardware: Independent Flip,11885.7133,NA,9.86450000000000,9.93960000000000,9.88180000000000,10.08580000000000,10.1048,11885.5705,10.0246,0.1428,9.8818,0.3006,9.9280,0.4258,9.5022,0.0524,11885.5705,NA,28.9536,28.9536
ZoomTracks.exe,30812,0x1C47021CD80,DXGI,0,512,1,Hardware: Independent Flip,11895.8552,NA,10.14190000000000,10.04810000000000,9.69430000000000,10.00270000000000,10.0110,11895.5951,9.9544,0.2601,9.6943,0.2040,10.0588,0.6942,9.3646,-0.0235,11895.5951,NA,24.5251,24.5251
ZoomTracks.exe,30812,0x1C47021CD80,DXGI,0,512,1,Hardware: Independent Flip,11905.7171,NA,9.86190000000000,10.01870000000000,9.86030000000000,10.06340000000000,10.1678,11905.5495,10.0279,0.1676,9.8603,0.3084,9.9226,0.4018,9.5208,-0.0643,11905.5495,NA,NA,NA
ZoomTracks.exe,30812,0x1C47021CD80,DXGI,0,512,1,Hardware: Independent Flip,11915.9219,NA,10.20480000000000,10.05190000000000,9.66010000000000,9.97740000000000,10.0149,11915.5774,10.0046,0.3445,9.6601,0.2031,10.1188,0.7503,9.3685,-0.0240,11915.5774,NA,NA,NA
ZoomTracks.exe,30812,0x1C47021CD80,DXGI,0,512,1,Hardware: Independent Flip,11925.7110,NA,9.78910000000000,9.99750000000000,9.87080000000000,10.07870000000000,10.2233,11925.5820,9.9998,0.1290,9.8708,0.3173,9.8904,0.7001,9.1903,0.0071,11925.5820,NA,NA,NA
ZoomTracks.exe,30812,0x1C47021CD80,DXGI,0,512,1,Hardware: Independent Flip,11935.8396,NA,10.12860000000000,10.05200000000000,9.73230000000000,10.13740000000000,10.1467,11935.5818,9.9901,0.2578,9.7323,0.2079,10.1873,0.8250,9.3623,-0.0522,11935.5818,NA,NA,NA
ZoomTracks.exe,30812,0x1C47021CD80,DXGI,0,512,1,Hardware: Independent Flip,11945.7017,NA,9.86210000000000,9.99350000000000,9.88960000000000,10.12940000000000,10.2781,11945.5719,10.0194,0.1298,9.8896,0.4051,9.8541,0.4315,9.4226,-0.0034,11945.5719,NA,NA,NA
ZoomTracks.exe,30812,0x1C47021CD80,DXGI,0,512,1,Hardware: Independent Flip,11955.8587,NA,10.15700000000000,9.91150000000000,9.74060000000000,10.01030000000000,10.0326,11955.5913,10.0080,0.2674,9.7406,0.2398,10.0379,0.7107,9.3272,0.1079,11955.5913,NA,NA,NA
ZoomTracks.exe,30812,0x1C47021CD80,DXGI,0,512,1,Hardware: Independent Flip,11965.9371,NA,10.07840000000000,10.07060000000000,9.63440000000000,9.85560000000000,10.0248,11965.5993,9.9722,0.3378,9.6344,0.2697,9.9237,0.7368,9.1869,-0.0626,11965.5993,NA,NA,NA
ZoomTracks.exe,30812,0x1C47021CD80,DXGI,0,512,1,Hardware: Independent Flip,11975.6890,NA,9.75190000000000,9.91950000000000,9.87320000000000,10.18350000000000,10.1924,11975.5715,9.9907,0.1175,9.8732,0.2212,10.0798,0.7091,9.3707,0.0527,11975.5715,NA,NA,NA
ZoomTracks.exe,30812,0x1C47021CD80,DXGI,0,512,1,Hardware: Independent Flip,11985.6976,NA,10.00860000000000,9.99960000000000,9.89150000000000,10.09870000000000,10.1834,11985.5622,10.0269,0.1354,9.8915,0.3103,9.9238,0.4079,9.5159,-0.0089,11985.5622,NA,27.5158,27.5158
ZoomTracks.exe,30812,0x1C47021CD80,DXGI,0,512,1,Hardware: Independent Flip,11995.9188,NA,10.22120000000000,10.00240000000000,9.63060000000000,9.95690000000000,9.9646,11995.5891,9.9603,0.3297,9.6306,0.2072,10.0794,0.7706,9.3088,0.0245,11995.5891,NA,NA,NA
ZoomTracks.exe,30812,0x1C47021CD80,DXGI,0,512,1,Hardware: Independent Flip,12005.6838,NA,9.76500000000000,9.95880000000000,9.93680000000000,10.13920000000000,10.1584,12005.5494,10.0712,0.1344,9.9368,0.3263,9.9473,0.4352,9.5121,0.0015,12005.5494,NA,NA,NA
ZoomTracks.exe,30812,0x1C47021CD80,DXGI,0,512,1,Hardware: Independent Flip,12015.8842,NA,10.20040000000000,10.04210000000000,9.70290000000000,9.97320000000000,10.0001,12015.6206,9.9665,0.2636,9.7029,0.2024,10.0344,0.6935,9.3409,0.0291,12015.6206,NA,NA,NA
ZoomTracks.exe,30812,0x1C47021CD80,DXGI,0,512,1,Hardware: Independent Flip,12025.9078,NA,10.02360000000000,10.07010000000000,9.67930000000000,10.02040000000000,10.0466,12025.5871,10.0000,0.3207,9.6793,0.2703,10.0708,0.7709,9.2999,-0.1036,12025.5871,NA,28.6025,28.6025
ZoomTracks.exe,30812,0x1C47021CD80,DXGI,0,512,1,Hardware: Independent Flip,12035.9761,NA,10.06830000000000,9.91890000000000,9.60310000000000,9.88910000000000,9.8972,12035.5871,9.9921,0.3890,9.6031,0.3411,9.9370,0.7269,9.2101,0.0811,12035.5871,NA,NA,NA
ZoomTracks.exe,30812,0x1C47021CD80,DXGI,0,512,1,Hardware: Independent Flip,12045.7068,NA,9.73070000000000,10.02470000000000,9.87710000000000,10.17260000000000,10.1912,12045.5792,10.0047,0.1276,9.8771,0.2860,10.0142,0.4849,9.5293,-0.0326,12045.5792,NA,NA,NA
ZoomTracks.exe,30812,0x1C47021CD80,DXGI,0,512,1,Hardware: Independent Flip,12055.9367,NA,10.22990000000000,10.00050000000000,9.65770000000000,9.94120000000000,9.9618,12055.5839,10.0105,0.3528,9.6577,0.2955,9.9985,0.7258,9.2727,0.0042,12055.5839,NA,NA,NA
ZoomTracks.exe,30812,0x1C47021CD80,DXGI,0,512,1,Hardware: Independent Flip,12065.9395,NA,10.00280000000000,10.00940000000000,9.67360000000000,9.94330000000000,9.9684,12065.5944,10.0187,0.3451,9.6736,0.2835,10.0049,0.7950,9.2099,0.0011,12065.5944,NA,24.5481,24.5481
ZoomTracks.exe,30812,0x1C47021CD80,DXGI,0,512,1,Hardware: Independent Flip,12075.9250,NA,9.98550000000000,9.90930000000000,9.65200000000000,9.88080000000000,9.8922,12075.6131,9.9639,0.3119,9.6520,0.2697,9.9230,0.6397,9.2833,0.1094,12075.6131,NA,25.4481,25.4481
ZoomTracks.exe,30812,0x1C47021CD80,DXGI,0,512,1,Hardware: Independent Flip,12085.8404,NA,9.91540000000000,10.00910000000000,9.74050000000000,9.96020000000000,9.9859,12085.5770,10.0039,0.2634,9.7405,0.2288,9.9948,0.6509,9.3439,-0.0452,12085.5770,NA,NA,NA
ZoomTracks.exe,30812,0x1C47021CD80,DXGI,0,512,1,Hardware: Independent Flip,12095.8483,NA,10.00790000000000,10.04090000000000,9.70810000000000,9.95520000000000,10.0189,12095.5809,9.9755,0.2674,9.7081,0.2197,10.0029,0.6674,9.3355,-0.0370,12095.5809,NA,NA,NA
ZoomTracks.exe,30812,0x1C47021CD80,DXGI,0,512,1,Hardware: Independent Flip,12105.6965,NA,9.84820000000000,9.96730000000000,9.88110000000000,10.13000000000000,10.1380,12105.5564,10.0212,0.1401,9.8811,0.2471,10.0230,0.4803,9.5427,0.0082,12105.5564,NA,NA,NA
ZoomTracks.exe,30812,0x1C47021CD80,DXGI,0,512,1,Hardware: Independent Flip,12115.9017,NA,10.20520000000000,10.11240000000000,9.65550000000000,10.03750000000000,10.0452,12115.5776,9.9796,0.3241,9.6555,0.2489,10.1127,0.7706,9.3421,-0.0912,12115.5776,NA,NA,NA
ZoomTracks.exe,30812,0x1C47021CD80,DXGI,0,512,1,Hardware: Independent Flip,12125.6966,NA,9.79490000000000,9.95740000000000,9.89900000000000,10.18570000000000,10.2077,12125.5572,10.0384,0.1394,9.8990,0.3820,9.9431,0.4883,9.4548,0.0222,12125.5572,NA,NA,NA
ZoomTracks.exe,30812,0x1C47021CD80,DXGI,0,512,1,Hardware: Independent Flip,12135.9288,NA,10.23220000000000,10.15730000000000,9.65740000000000,10.11930000000000,10.1328,12135.5956,9.9906,0.3332,9.6574,0.2867,10.1658,0.8944,9.2714,-0.1189,12135.5956,NA,NA,NA
ZoomTracks.exe,30812,0x1C47021CD80,DXGI,0,512,1,Hardware: Independent Flip,12145.7221,NA,9.79330000000000,9.87330000000000,9.89180000000000,10.05210000000000,10.2128,12145.5862,10.0277,0.1359,9.8918,0.4619,9.7261,0.3173,9.4088,0.1173,12145.5862,NA,NA,NA
ZoomTracks.exe,30812,0x1C47021CD80,DXGI,0,512,1,Hardware: Independent Flip,12155.8174,NA,10.09530000000000,9.92890000000000,9.76790000000000,10.02630000000000,10.0464,12155.6139,9.9714,0.2035,9.7679,0.1603,10.0695,0.6225,9.4470,0.0988,12155.6139,NA,NA,NA
ZoomTracks.exe,30812,0x1C47021CD80,DXGI,0,512,1,Hardware: Independent Flip,12165.8991,NA,10.08170000000000,10.17110000000000,9.74100000000000,9.88450000000000,10.1358,12165.5853,10.0548,0.3138,9.7410,0.2584,9.9399,0.6268,9.3131,-0.1997,12165.5853,NA,28.6838,28.6838
ZoomTracks.exe,30812,0x1C47021CD80,DXGI,0,512,1,Hardware: Independent Flip,12175.8273,NA,9.92820000000000,9.85550000000000,9.75330000000000,10.05560000000000,10.0631,12175.6401,9.9405,0.1872,9.7533,0.1435,10.0993,0.7002,9.3991,0.1993,12175.6401,NA,NA,NA
ZoomTracks.exe,30812,0x1C47021CD80,DXGI,0,512,1,Hardware: Independent Flip,12185.7207,NA,9.89340000000000,9.99500000000000,9.86680000000000,10.06080000000000,10.1647,12185.5806,10.0069,0.1401,9.8668,0.3023,9.8986,0.3761,9.5225,-0.0545,12185.5806,NA,20.5216,20.5216
ZoomTracks.exe,30812,0x1C47021CD80,DXGI,0,512,1,Hardware: Independent Flip,12195.8068,NA,10.08610000000000,9.96920000000000,9.74940000000000,10.04130000000000,10.0478,12195.5875,9.9687,0.2193,9.7494,0.1940,10.0666,0.6187,9.4479,0.0377,12195.5875,NA,NA,NA
ZoomTracks.exe,30812,0x1C47021CD80,DXGI,0,512,1,Hardware: Independent Flip,12205.6887,NA,9.88190000000000,10.10930000000000,9.89150000000000,10.26780000000000,10.2752,12205.5562,10.0240,0.1325,9.8915,0.2919,10.1084,0.5711,9.5373,-0.1406,12205.5562,NA,NA,NA
ZoomTracks.exe,30812,0x1C47021CD80,DXGI,0,512,1,Hardware: Independent Flip,12215.7610,NA,10.07230000000000,9.94790000000000,9.79970000000000,10.02090000000000,10.1508,12215.5802,9.9805,0.1808,9.7997,0.3763,9.8254,0.3745,9.4509,0.0761,12215.5802,NA,NA,NA
ZoomTracks.exe,30812,0x1C47021CD80,DXGI,0,512,1,Hardware: Independent Flip,12225.7036,NA,9.94260000000000,9.94830000000000,9.89690000000000,10.13900000000000,10.1565,12225.5607,10.0398,0.1429,9.8969,0.2212,10.0607,0.5157,9.5450,0.0322,12225.5607,NA,NA,NA
ZoomTracks.exe,30812,0x1C47021CD80,DXGI,0,512,1,Hardware: Independent Flip,12235.8974,NA,10.19380000000000,10.08570000000000,9.69430000000000,9.91980000000000,10.0484,12235.6005,9.9912,0.2969,9.6943,0.2421,9.9746,0.6560,9.3186,-0.0459,12235.6005,NA,NA,NA
ZoomTracks.exe,30812,0x1C47021CD80,DXGI,0,512,1,Hardware: Independent Flip,12245.8456,NA,9.94820000000000,9.96150000000000,9.80270000000000,10.04090000000000,10.0617,12245.5917,10.0566,0.2539,9.8027,0.2255,10.0693,0.6226,9.4467,0.0297,12245.5917,NA,28.5567,28.5567
ZoomTracks.exe,30812,0x1C47021CD80,DXGI,0,512,1,Hardware: Independent Flip,12255.9450,NA,10.09940000000000,9.93140000000000,9.63780000000000,9.87480000000000,9.8937,12255.6483,9.9345,0.2967,9.6378,0.2382,9.9333,0.6823,9.2510,0.1252,12255.6483,NA,27.4787,27.4787
ZoomTracks.exe,30812,0x1C47021CD80,DXGI,0,512,1,Hardware: Independent Flip,12265.8742,NA,9.92920000000000,10.04760000000000,9.70520000000000,9.98680000000000,10.0121,12265.5828,9.9966,0.2914,9.7052,0.2370,10.0412,0.7070,9.3342,-0.1131,12265.5828,NA,NA,NA
ZoomTracks.exe,30812,0x1C47021CD80,DXGI,0,512,1,Hardware: Independent Flip,12275.9097,NA,10.03550000000000,10.05240000000000,9.66980000000000,9.89750000000000,10.0290,12275.5794,10.0001,0.3303,9.6698,0.2816,9.9462,0.6314,9.3148,-0.0558,12275.5794,NA,NA,NA
ZoomTracks.exe,30812,0x1C47021CD80,DXGI,0,512,1,Hardware: Independent Flip,12285.8337,NA,9.92400000000000,9.96120000000000,9.74510000000000,10.04130000000000,10.0662,12285.5795,9.9993,0.2542,9.7451,0.2277,10.0678,0.7428,9.3250,0.0389,12285.5795,NA,NA,NA
ZoomTracks.exe,30812,0x1C47021CD80,DXGI,0,512,1,Hardware: Independent Flip,12295.8994,NA,10.06570000000000,9.96820000000000,9.67640000000000,9.94800000000000,9.9687,12295.5788,9.9970,0.3206,9.6764,0.2962,9.9724,0.6654,9.3070,0.0311,12295.5788,NA,NA,NA
ZoomTracks.exe,30812,0x1C47021CD80,DXGI,0,512,1,Hardware: Independent Flip,12305.9044,NA,10.00500000000000,10.00400000000000,9.69250000000000,9.94680000000000,9.9677,12305.5758,10.0211,0.3286,9.6925,0.2716,10.0038,0.6836,9.3202,-0.0070,12305.5758,NA,NA,NA
ZoomTracks.exe,30812,0x1C47021CD80,DXGI,0,512,1,Hardware: Independent Flip,12315.9178,NA,10.01340000000000,10.12430000000000,9.63750000000000,9.98670000000000,10.0786,12315.5969,9.9584,0.3209,9.6375,0.2543,10.0533,0.7535,9.2998,-0.1032,12315.5969,NA,NA,NA
ZoomTracks.exe,30812,0x1C47021CD80,DXGI,0,512,1,Hardware: Independent Flip,12325.7108,NA,9.79300000000000,9.83860000000000,9.83290000000000,10.11750000000000,10.1242,12325.5553,9.9884,0.1555,9.8329,0.3492,9.9238,0.5135,9.4103,0.1198,12325.5553,NA,NA,NA
ZoomTracks.exe,30812,0x1C47021CD80,DXGI,0,512,1,Hardware: Independent Flip,12335.6671,NA,9.95630000000000,10.00890000000000,9.91610000000000,10.15680000000000,10.1768,12335.5437,10.0395,0.1234,9.9161,0.2846,9.9956,0.4334,9.5622,-0.0205,12335.5437,NA,NA,NA
ZoomTracks.exe,30812,0x1C47021CD80,DXGI,0,512,1,Hardware: Independent Flip,12345.8722,NA,10.20510000000000,10.13710000000000,9.72980000000000,9.94430000000000,10.1088,12345.5832,10.0188,0.2890,9.7298,0.2407,9.9926,0.6805,9.3121,-0.0976,12345.5832,NA,23.5229,23.5229
ZoomTracks.exe,30812,0x1C47021CD80,DXGI,0,512,1,Hardware: Independent Flip,12355.8660,NA,9.99380000000000,9.86690000000000,9.71450000000000,9.97460000000000,9.9819,12355.6020,9.9785,0.2640,9.7145,0.2145,10.0241,0.6921,9.3320,0.1519,12355.6020,NA,NA,NA
ZoomTracks.exe,30812,0x1C47021CD80,DXGI,0,512,1,Hardware: Independent Flip,12365.7184,NA,9.85240000000000,10.06000000000000,9.86520000000000,10.08510000000000,10.1895,12365.5805,10.0031,0.1379,9.8652,0.2601,9.9629,0.4072,9.5557,-0.0815,12365.5805,NA,NA,NA
ZoomTracks.exe,30812,0x1C47021CD80,DXGI,0,512,1,Hardware: Independent Flip,12375.9258,NA,10.20740000000000,9.95660000000000,9.65910000000000,9.93130000000000,9.9387,12375.5836,10.0013,0.3422,9.6591,0.2199,10.0536,0.7197,9.3339,0.0465,12375.5836,NA,27.5057,27.5057
ZoomTracks.exe,30812,0x1C47021CD80,DXGI,0,512,1,Hardware: Independent Flip,12385.7337,NA,9.80790000000000,9.97140000000000,9.86160000000000,10.08410000000000,10.1022,12385.5849,10.0104,0.1488,9.8616,0.2722,9.9607,0.4034,9.5573,0.0299,12385.5849,NA,NA,NA
ZoomTracks.exe,30812,0x1C47021CD80,DXGI,0,512,1,Hardware: Independent Flip,12395.8604,NA,10.12670000000000,10.05280000000000,9.72310000000000,10.01970000000000,10.0283,12395.5953,9.9882,0.2651,9.7231,0.2225,10.0623,0.7094,9.3529,-0.0424,12395.5953,NA,NA,NA
ZoomTracks.exe,30812,0x1C47021CD80,DXGI,0,512,1,Hardware: Independent Flip,12405.7246,NA,9.86420000000000,9.99520000000000,9.89400000000000,10.14400000000000,10.1593,12405.5835,10.0351,0.1411,9.8940,0.2966,9.9885,0.4777,9.5108,-0.0070,12405.5835,NA,NA,NA
ZoomTracks.exe,30812,0x1C47021CD80,DXGI,0,512,1,Hardware: Independent Flip,12415.9399,NA,10.21530000000000,9.94480000000000,9.62480000000000,9.88240000000000,9.8888,12415.6186,9.9461,0.3213,9.6248,0.2500,9.9537,0.7327,9.2210,0.0903,12415.6186,NA,NA,NA
ZoomTracks.exe,30812,0x1C47021CD80,DXGI,0,512,1,Hardware: Independent Flip,12425.7070,NA,9.76710000000000,10.18940000000000,9.85350000000000,10.06580000000000,10.3111,12425.5647,9.9958,0.1423,9.8535,0.2576,9.9505,0.3766,9.5739,-0.2433,12425.5647,NA,28.6638,28.6638
ZoomTracks.exe,30812,0x1C47021CD80,DXGI,0,512,1,Hardware: Independent Flip,12435.6895,NA,9.98250000000000,9.83080000000000,9.89200000000000,10.13750000000000,10.1594,12435.5605,10.0210,0.1290,9.8920,0.2123,10.0542,0.6322,9.4220,0.1650,12435.5605,NA,26.4975,26.4975
ZoomTracks.exe,30812,0x1C47021CD80,DXGI,0,512,1,Hardware: Independent Flip,12445.8661,NA,10.17660000000000,10.05780000000000,9.72020000000000,10.00750000000000,10.0406,12445.5815,10.0048,0.2846,9.7202,0.2455,10.0466,0.6570,9.3896,-0.0368,12445.5815,NA,NA,NA
ZoomTracks.exe,30812,0x1C47021CD80,DXGI,0,512,1,Hardware: Independent Flip,12455.9475,NA,10.08140000000000,10.04550000000000,9.71940000000000,9.98160000000000,10.0047,12455.5863,10.0806,0.3612,9.7194,0.2873,10.0555,0.7642,9.2913,-0.0407,12455.5863,NA,NA,NA
ZoomTracks.exe,30812,0x1C47021CD80,DXGI,0,512,1,Hardware: Independent Flip,12465.9813,NA,10.03380000000000,9.92590000000000,9.59980000000000,9.87100000000000,9.8968,12465.6669,9.9142,0.3144,9.5998,0.2622,9.9232,0.7427,9.1805,0.1547,12465.6669,NA,NA,NA
ZoomTracks.exe,30812,0x1C47021CD80,DXGI,0,512,1,Hardware: Independent Flip,12475.8774,NA,9.89610000000000,9.97210000000000,9.69380000000000,9.96430000000000,9.9728,12475.5811,9.9901,0.2963,9.6938,0.2712,9.9894,0.6553,9.3341,-0.0579,12475.5811,NA,NA,NA
ZoomTracks.exe,30812,0x1C47021CD80,DXGI,0,512,1,Hardware: Independent Flip,12485.8898,NA,10.01240000000000,10.01120000000000,9.69320000000000,9.88390000000000,9.9716,12485.5712,10.0118,0.3186,9.6932,0.2705,9.9320,0.7188,9.2132,-0.0211,12485.5712,NA,NA,NA
ZoomTracks.exe,30812,0x1C47021CD80,DXGI,0,512,1,Hardware: Independent Flip,12495.8780,NA,9.98820000000000,10.11470000000000,9.70310000000000,10.08990000000000,10.0981,12495.5830,9.9981,0.2950,9.7031,0.1907,10.1942,0.8646,9.3296,-0.1029,12495.5830,NA,NA,NA
ZoomTracks.exe,30812,0x1C47021CD80,DXGI,0,512,1,Hardware: Independent Flip,12505.7240,NA,9.84600000000000,10.01240000000000,9.85910000000000,10.14530000000000,10.2645,12505.5811,10.0020,0.1429,9.8591,0.3868,9.9014,0.4732,9.4282,-0.0143,12505.5811,NA,NA,NA
ZoomTracks.exe,30812,0x1C47021CD80,DXGI,0,512,1,Hardware: Independent Flip,12515.9111,NA,10.18710000000000,9.99760000000000,9.66620000000000,10.06660000000000,10.0750,12515.5831,9.9942,0.3280,9.6662,0.2862,10.1084,0.8245,9.2839,0.0044,12515.5831,NA,NA,NA
ZoomTracks.exe,30812,0x1C47021CD80,DXGI,0,512,1,Hardware: Independent Flip,12525.7412,NA,9.83010000000000,9.99810000000000,9.82570000000000,10.03890000000000,10.2430,12525.5773,9.9896,0.1639,9.8257,0.4004,9.8024,0.3723,9.4301,-0.0039,12525.5773,NA,NA,NA
ZoomTracks.exe,30812,0x1C47021CD80,DXGI,0,512,1,Hardware: Independent Flip,12535.8076,NA,10.06640000000000,9.89530000000000,9.77640000000000,10.06390000000000,10.0719,12535.5669,10.0171,0.2407,9.7764,0.2132,10.0914,0.6772,9.4142,0.0943,12535.5669,NA,28.5191,28.5191
ZoomTracks.exe,30812,0x1C47021CD80,DXGI,0,512,1,Hardware: Independent Flip,12545.7337,NA,9.92610000000000,10.13140000000000,9.81790000000000,10.03190000000000,10.2772,12545.5840,9.9676,0.1497,9.8179,0.2875,9.8941,0.3828,9.5113,-0.1143,12545.5840,NA,NA,NA
ZoomTracks.exe,30812,0x1C47021CD80,DXGI,0,512,1,Hardware: Independent Flip,12555.6967,NA,9.96300000000000,9.97390000000000,9.88760000000000,10.16700000000000,10.2881,12555.5516,10.0327,0.1451,9.8876,0.2140,10.0981,0.5481,9.5500,-0.0063,12555.5516,NA,23.6059,23.6059
ZoomTracks.exe,30812,0x1C47021CD80,DXGI,0,512,1,Hardware: Independent Flip,12565.7411,NA,10.04440000000000,9.97740000000000,9.84220000000000,10.07940000000000,10.2211,12565.5843,9.9990,0.1568,9.8422,0.2794,9.9568,0.6501,9.3067,0.0553,12565.5843,NA,NA,NA
ZoomTracks.exe,30812,0x1C47021CD80,DXGI,0,512,1,Hardware: Independent Flip,12575.8531,NA,10.11200000000000,9.92430000000000,9.72940000000000,10.02510000000000,10.0334,12575.5833,9.9992,0.2698,9.7294,0.2372,10.0577,0.7218,9.3359,0.0747,12575.5833,NA,NA,NA
ZoomTracks.exe,30812,0x1C47021CD80,DXGI,0,512,1,Hardware: Independent Flip,12585.9308,NA,10.07770000000000,10.00830000000000,9.66390000000000,9.93540000000000,9.9640,12585.5825,10.0122,0.3483,9.6639,0.2957,9.9880,0.7825,9.2055,-0.0091,12585.5825,NA,NA,NA
ZoomTracks.exe,30812,0x1C47021CD80,DXGI,0,512,1,Hardware: Independent Flip,12595.9367,NA,10.00590000000000,9.96860000000000,9.64650000000000,9.90660000000000,9.9267,12595.5947,9.9885,0.3420,9.6465,0.2715,9.9771,0.6832,9.2939,0.0436,12595.5947,NA,NA,NA
ZoomTracks.exe,30812,0x1C47021CD80,DXGI,0,512,1,Hardware: Independent Flip,12605.8989,NA,9.96220000000000,10.15400000000000,9.68390000000000,9.98370000000000,10.1185,12605.5832,9.9996,0.3157,9.6839,0.2601,10.0393,0.8284,9.2109,-0.1655,12605.5832,NA,24.6737,24.6737
ZoomTracks.exe,30812,0x1C47021CD80,DXGI,0,512,1,Hardware: Independent Flip,12615.7154,NA,9.81650000000000,9.82920000000000,9.86480000000000,10.02930000000000,10.1312,12615.5828,9.9974,0.1326,9.8648,0.2998,9.8621,0.5885,9.2736,0.1704,12615.5828,NA,NA,NA
ZoomTracks.exe,30812,0x1C47021CD80,DXGI,0,512,1,Hardware: Independent Flip,12625.7834,NA,10.06800000000000,9.99440000000000,9.76970000000000,10.04910000000000,10.0576,12625.5802,9.9729,0.2032,9.7697,0.1645,10.0878,0.5835,9.5043,0.0030,12625.5802,NA,NA,NA
ZoomTracks.exe,30812,0x1C47021CD80,DXGI,0,512,1,Hardware: Independent Flip,12635.6864,NA,9.90300000000000,10.11460000000000,9.89730000000000,10.13160000000000,10.2692,12635.5531,10.0306,0.1333,9.8973,0.2794,9.9855,0.4355,9.5500,-0.1417,12635.5531,NA,NA,NA
ZoomTracks.exe,30812,0x1C47021CD80,DXGI,0,512,1,Hardware: Independent Flip,12645.7186,NA,10.03220000000000,9.89400000000000,9.83290000000000,10.12370000000000,10.1310,12645.5837,9.9678,0.1349,9.8329,0.2343,10.0243,0.6365,9.3878,0.1366,12645.5837,NA,NA,NA
ZoomTracks.exe,30812,0x1C47021CD80,DXGI,0,512,1,Hardware: Independent Flip,12655.8992,NA,10.18060000000000,10.03070000000000,9.67700000000000,9.95740000000000,9.9811,12655.5515,10.0247,0.3477,9.6770,0.2908,10.0143,0.6978,9.3165,-0.0629,12655.5515,NA,NA,NA
ZoomTracks.exe,30812,0x1C47021CD80,DXGI,0,512,1,Hardware: Independent Flip,12665.8807,NA,9.98150000000000,10.04180000000000,9.70990000000000,10.01840000000000,10.0414,12665.5762,10.0144,0.3045,9.7099,0.2804,10.0425,0.7342,9.3083,-0.0171,12665.5762,NA,NA,NA
ZoomTracks.exe,30812,0x1C47021CD80,DXGI,0,512,1,Hardware: Independent Flip,12675.9377,NA,10.05700000000000,9.92840000000000,9.63770000000000,9.89390000000000,9.9128,12675.5906,9.9848,0.3471,9.6377,0.3085,9.9325,0.6633,9.2692,0.0860,12675.5906,NA,NA,NA
ZoomTracks.exe,30812,0x1C47021CD80,DXGI,0,512,1,Hardware: Independent Flip,12685.8949,NA,9.95720000000000,10.08890000000000,9.71010000000000,10.01850000000000,10.0445,12685.5754,10.0296,0.3195,9.7101,0.2562,10.0818,0.8571,9.2247,-0.1041,12685.5754,NA,NA,NA
ZoomTracks.exe,30812,0x1C47021CD80,DXGI,0,512,1,Hardware: Independent Flip,12695.9630,NA,10.06810000000000,9.96580000000000,9.62180000000000,9.81960000000000,9.9422,12695.6050,9.9798,0.3580,9.6218,0.3084,9.8692,0.6248,9.2444,0.0638,12695.6050,NA,NA,NA
ZoomTracks.exe,30812,0x1C47021CD80,DXGI,0,512,1,Hardware: Independent Flip,12705.8074,NA,9.84440000000000,9.95310000000000,9.79130000000000,10.03060000000000,10.0509,12705.5848,10.0139,0.2226,9.7913,0.1978,10.0554,0.5923,9.4631,0.0267,12705.5848,NA,28.4999,28.4999
ZoomTracks.exe,30812,0x1C47021CD80,DXGI,0,512,1,Hardware: Independent Flip,12715.9006,NA,10.09320000000000,10.13620000000000,9.67330000000000,9.98480000000000,10.0939,12715.5987,9.9752,0.3019,9.6733,0.2393,10.0474,0.7268,9.3206,-0.1223,12715.5987,NA,NA,NA
ZoomTracks.exe,30812,0x1C47021CD80,DXGI,0,512,1,Hardware: Independent Flip,12725.6965,NA,9.79590000000000,9.84660000000000,9.89930000000000,10.12640000000000,10.1446,12725.5739,10.0219,0.1226,9.8993,0.3115,9.9375,0.4600,9.4775,0.1286,12725.5739,NA,24.9587,24.9587
ZoomTracks.exe,30812,0x1C47021CD80,DXGI,0,512,1,Hardware: Independent Flip,12735.8771,NA,10.18060000000000,10.03070000000000,9.69750000000000,9.98590000000000,9.9947,12735.5958,9.9788,0.2813,9.6975,0.2271,10.0401,0.6850,9.3551,-0.0088,12735.5958,NA,NA,NA
ZoomTracks.exe,30812,0x1C47021CD80,DXGI,0,512,1,Hardware: Independent Flip,12745.9135,NA,10.03640000000000,10.05620000000000,9.63500000000000,9.87930000000000,10.0145,12745.5746,9.9739,0.3389,9.6350,0.2884,9.9298,0.6128,9.3170,-0.0774,12745.5746,NA,NA,NA
ZoomTracks.exe,30812,0x1C47021CD80,DXGI,0,512,1,Hardware: Independent Flip,12755.8072,NA,9.89370000000000,9.95540000000000,9.77850000000000,10.04700000000000,10.0762,12755.5485,10.0372,0.2587,9.7785,0.2443,10.0614,0.6471,9.4143,0.0185,12755.5485,NA,NA,NA
ZoomTracks.exe,30812,0x1C47021CD80,DXGI,0,512,1,Hardware: Independent Flip,12765.7119,NA,9.90470000000000,10.03830000000000,9.84260000000000,10.06170000000000,10.2098,12765.5857,9.9688,0.1262,9.8426,0.2685,9.9194,0.6002,9.3192,-0.0011,12765.5857,NA,NA,NA
ZoomTracks.exe,30812,0x1C47021CD80,DXGI,0,512,1,Hardware: Independent Flip,12775.7060,NA,9.99410000000000,9.91970000000000,9.87450000000000,10.11660000000000,10.1354,12775.5545,10.0260,0.1515,9.8745,0.2191,10.0490,0.5211,9.5279,0.0491,12775.5545,NA,22.4827,22.4827
ZoomTracks.exe,30812,0x1C47021CD80,DXGI,0,512,1,Hardware: Independent Flip,12785.8744,NA,10.16840000000000,10.01280000000000,9.70140000000000,9.96050000000000,9.9798,12785.5805,9.9953,0.2939,9.7014,0.2421,10.0123,0.6758,9.3365,0.0132,12785.5805,NA,NA,NA
ZoomTracks.exe,30812,0x1C47021CD80,DXGI,0,512,1,Hardware: Independent Flip,12795.8893,NA,10.01490000000000,10.04730000000000,9.68910000000000,9.98730000000000,10.0122,12795.5758,10.0026,0.3135,9.6891,0.2591,10.0417,0.7089,9.3328,-0.0520,12795.5758,NA,NA,NA
ZoomTracks.exe,30812,0x1C47021CD80,DXGI,0,512,1,Hardware: Independent Flip,12805.9188,NA,10.02950000000000,10.02220000000000,9.66340000000000,9.97900000000000,10.0049,12805.5784,10.0038,0.3404,9.6634,0.2982,10.0212,0.7293,9.2919,-0.0196,12805.5784,NA,NA,NA
ZoomTracks.exe,30812,0x1C47021CD80,DXGI,0,512,1,Hardware: Independent Flip,12815.7115,NA,9.79270000000000,10.00750000000000,9.86620000000000,10.19270000000000,10.2197,12815.5822,9.9955,0.1293,9.8662,0.3156,10.0064,0.7450,9.2614,-0.0037,12815.5822,NA,NA,NA
ZoomTracks.exe,30812,0x1C47021CD80,DXGI,0,512,1,Hardware: Independent Flip,12825.9129,NA,10.20140000000000,9.99370000000000,9.67030000000000,9.98550000000000,10.0120,12825.5777,10.0055,0.3352,9.6703,0.3265,9.9942,0.8203,9.1739,0.0018,12825.5777,NA,NA,NA
ZoomTracks.exe,30812,0x1C47021CD80,DXGI,0,512,1,Hardware: Independent Flip,12835.7203,NA,9.80740000000000,10.00270000000000,9.86750000000000,10.17980000000000,10.2073,12835.5832,10.0046,0.1371,9.8675,0.3152,10.0017,0.7347,9.2670,0.0028,12835.5832,NA,NA,NA
ZoomTracks.exe,30812,0x1C47021CD80,DXGI,0,512,1,Hardware: Independent Flip,12845.7262,NA,10.00590000000000,9.89760000000000,9.82420000000000,10.09150000000000,10.0990,12845.5878,9.9626,0.1384,9.8242,0.3123,9.9176,0.7396,9.1780,0.1070,12845.5878,NA,NA,NA
ZoomTracks.exe,30812,0x1C47021CD80,DXGI,0,512,1,Hardware: Independent Flip,12855.8756,NA,10.14940000000000,10.02440000000000,9.70970000000000,9.95440000000000,9.9740,12855.5504,10.0349,0.3252,9.7097,0.2673,10.0123,0.6641,9.3482,-0.0618,12855.5504,NA,15.4856,15.4856
ZoomTracks.exe,30812,0x1C47021CD80,DXGI,0,512,1,Hardware: Independent Flip,12865.9313,NA,10.05570000000000,10.01440000000000,9.62710000000000,9.92430000000000,9.9327,12865.5853,9.9731,0.3460,9.6271,0.2447,10.0256,0.7656,9.2600,0.0205,12865.5853,NA,NA,NA
ZoomTracks.exe,30812,0x1C47021CD80,DXGI,0,512,1,Hardware: Independent Flip,12875.7241,NA,9.79280000000000,9.97290000000000,9.84180000000000,10.10520000000000,10.1128,12875.5584,10.0075,0.1657,9.8418,0.2972,9.9737,0.4441,9.5296,0.0002,12875.5584,NA,NA,NA
ZoomTracks.exe,30812,0x1C47021CD80,DXGI,0,512,1,Hardware: Independent Flip,12885.7054,NA,9.98130000000000,10.10610000000000,9.88830000000000,10.20860000000000,10.2376,12885.5659,10.0278,0.1395,9.8883,0.2634,10.0847,0.5252,9.5595,-0.0986,12885.5659,NA,NA,NA
ZoomTracks.exe,30812,0x1C47021CD80,DXGI,0,512,1,Hardware: Independent Flip,12895.7380,NA,10.03260000000000,9.96890000000000,9.84530000000000,10.07960000000000,10.1739,12895.5937,9.9896,0.1443,9.8453,0.3203,9.9036,0.6494,9.2542,0.0589,12895.5937,NA,NA,NA
ZoomTracks.exe,30812,0x1C47021CD80,DXGI,0,512,1,Hardware: Independent Flip,12905.7169,NA,9.97890000000000,9.96070000000000,9.86340000000000,10.13390000000000,10.1557,12905.5833,9.9970,0.1336,9.8634,0.2343,10.0332,0.8453,9.1879,0.0289,12905.5833,NA,NA,NA
ZoomTracks.exe,30812,0x1C47021CD80,DXGI,0,512,1,Hardware: Independent Flip,12915.8932,NA,10.17630000000000,10.10300000000000,9.68840000000000,10.00890000000000,10.0824,12915.5803,10.0013,0.3129,9.6884,0.2705,10.0513,0.7288,9.3225,-0.1060,12915.5803,NA,23.5826,23.5826
ZoomTracks.exe,30812,0x1C47021CD80,DXGI,0,512,1,Hardware: Independent Flip,12925.7350,NA,9.84180000000000,9.87050000000000,9.86540000000000,10.09150000000000,10.1111,12925.5816,10.0188,0.1534,9.8654,0.3205,9.9244,0.4882,9.4362,0.1308,12925.5816,NA,25.4783,25.4783
ZoomTracks.exe,30812,0x1C47021CD80,DXGI,0,512,1,Hardware: Independent Flip,12935.8819,NA,10.14690000000000,10.09190000000000,9.69950000000000,10.04820000000000,10.0561,12935.6004,9.9810,0.2815,9.6995,0.2261,10.1036,0.7999,9.3037,-0.0731,12935.6004,NA,NA,NA
ZoomTracks.exe,30812,0x1C47021CD80,DXGI,0,512,1,Hardware: Independent Flip,12945.7245,NA,9.84260000000000,9.95920000000000,9.85410000000000,10.03780000000000,10.1727,12945.5814,9.9972,0.1431,9.8541,0.3487,9.8322,0.3832,9.4490,0.0218,12945.5814,NA,NA,NA
ZoomTracks.exe,30812,0x1C47021CD80,DXGI,0,512,1,Hardware: Independent Flip,12955.8064,NA,10.08190000000000,9.96560000000000,9.76910000000000,10.03150000000000,10.0564,12955.5786,9.9969,0.2278,9.7691,0.1837,10.0756,0.7058,9.3698,0.0316,12955.5786,NA,NA,NA
ZoomTracks.exe,30812,0x1C47021CD80,DXGI,0,512,1,Hardware: Independent Flip,12965.7007,NA,9.89430000000000,10.11720000000000,9.85730000000000,10.06320000000000,10.2793,12965.5755,9.9825,0.1252,9.8573,0.2624,9.9260,0.6129,9.3131,-0.1203,12965.5755,NA,NA,NA
ZoomTracks.exe,30812,0x1C47021CD80,DXGI,0,512,1,Hardware: Independent Flip,12975.7780,NA,10.07730000000000,9.91290000000000,9.80070000000000,10.10550000000000,10.1149,12975.5580,10.0207,0.2200,9.8007,0.2059,10.1196,0.6850,9.4346,0.0696,12975.5580,NA,NA,NA
ZoomTracks.exe,30812,0x1C47021CD80,DXGI,0,512,1,Hardware: Independent Flip,12985.7244,NA,9.94640000000000,10.02240000000000,9.86630000000000,10.07720000000000,10.1909,12985.5787,10.0120,0.1457,9.8663,0.3048,9.9181,0.4238,9.4943,-0.0017,12985.5787,NA,NA,NA
ZoomTracks.exe,30812,0x1C47021CD80,DXGI,0,512,1,Hardware: Independent Flip,12995.8511,NA,10.12670000000000,10.05820000000000,9.73680000000000,10.11490000000000,10.1224,12995.5907,9.9972,0.2604,9.7368,0.2109,10.1644,0.7958,9.3686,-0.0462,12995.5907,NA,NA,NA
ZoomTracks.exe,30812,0x1C47021CD80,DXGI,0,512,1,Hardware: Independent Flip,13005.7539,NA,9.90280000000000,9.92070000000000,9.83110000000000,10.12200000000000,10.1403,13005.5879,9.9971,0.1660,9.8311,0.3781,9.9099,0.4829,9.4270,0.0765,13005.5879,NA,NA,NA
ZoomTracks.exe,30812,0x1C47021CD80,DXGI,0,512,1,Hardware: Independent Flip,13015.9141,NA,10.16020000000000,10.01630000000000,9.66840000000000,9.97800000000000,9.9964,13015.5850,9.9975,0.3291,9.6684,0.2909,10.0162,0.8045,9.2117,-0.0192,13015.5850,NA,27.5554,27.5554
ZoomTracks.exe,30812,0x1C47021CD80,DXGI,0,512,1,Hardware: Independent Flip,13025.9530,NA,10.03890000000000,10.03980000000000,9.62630000000000,9.85670000000000,9.9973,13025.5825,9.9968,0.3705,9.6263,0.3096,9.9176,0.6710,9.2466,-0.0423,13025.5825,NA,NA,NA
ZoomTracks.exe,30812,0x1C47021CD80,DXGI,0,512,1,Hardware: Independent Flip,13035.8354,NA,9.88240000000000,9.91760000000000,9.74960000000000,10.02550000000000,10.0325,13035.5793,10.0057,0.2561,9.7496,0.2304,10.0512,0.6941,9.3571,0.0792,13035.5793,NA,NA,NA
ZoomTracks.exe,30812,0x1C47021CD80,DXGI,0,512,1,Hardware: Independent Flip,13045.9057,NA,10.07030000000000,10.03610000000000,9.67010000000000,9.89170000000000,9.9983,13045.5850,9.9908,0.3207,9.6701,0.2759,9.9365,0.6362,9.3003,-0.0304,13045.5850,NA,21.5463,21.5463
ZoomTracks.exe,30812,0x1C47021CD80,DXGI,0,512,1,Hardware: Independent Flip,13055.9240,NA,10.01830000000000,9.94300000000000,9.66000000000000,9.90250000000000,9.9230,13055.5758,10.0082,0.3482,9.6600,0.2216,10.0291,0.6919,9.3372,0.0478,13055.5758,NA,NA,NA
ZoomTracks.exe,30812,0x1C47021CD80,DXGI,0,512,1,Hardware: Independent Flip,13065.8840,NA,9.96000000000000,10.01540000000000,9.69550000000000,9.97030000000000,9.9784,13065.5840,9.9955,0.3000,9.6955,0.2425,10.0278,0.6495,9.3783,-0.0072,13065.5840,NA,NA,NA
ZoomTracks.exe,30812,0x1C47021CD80,DXGI,0,512,1,Hardware: Independent Flip,13075.9151,NA,10.03110000000000,11.95740000000000,9.64200000000000,11.89520000000000,11.9047,13075.5795,9.9776,0.3356,9.6420,0.2748,11.9560,2.6431,9.3129,-1.9619,13075.5795,NA,NA,NA
ZoomTracks.exe,30812,0x1C47021CD80,DXGI,0,512,1,Hardware: Independent Flip,13085.7276,NA,9.81250000000000,8.11600000000000,9.86650000000000,10.18380000000000,10.2082,13085.5571,10.0370,0.1705,9.8665,2.2532,8.1011,0.4743,7.6268,1.8616,13085.5571,NA,NA,NA
ZoomTracks.exe,30812,0x1C47021CD80,DXGI,0,512,1,Hardware: Independent Flip,13095.9568,NA,10.22920000000000,12.50880000000000,9.63000000000000,12.47150000000000,12.4878,13095.5941,9.9927,0.3627,9.6300,0.3173,12.5169,3.2726,9.2443,-2.4718,13095.5941,NA,NA,NA
ZoomTracks.exe,30812,0x1C47021CD80,DXGI,0,512,1,Hardware: Independent Flip,13105.7246,NA,9.76780000000000,9.17160000000000,9.85800000000000,10.06830000000000,11.8916,13105.5868,9.9958,0.1378,9.8580,2.8415,7.3646,0.3403,7.0243,0.8211,13105.5868,NA,NA,NA
ZoomTracks.exe,30812,0x1C47021CD80,DXGI,0,512,1,Hardware: Independent Flip,13115.8353,NA,10.11070000000000,10.79090000000000,9.75130000000000,12.56400000000000,12.5718,13115.5826,10.0040,0.2527,9.7513,0.2103,12.6064,3.2391,9.3673,-0.7951,13115.5826,NA,31.0495,31.0495
ZoomTracks.exe,30812,0x1C47021CD80,DXGI,0,512,1,Hardware: Independent Flip,13125.7227,NA,9.88740000000000,10.43010000000000,9.85750000000000,10.05590000000000,13.1145,13125.5866,9.9936,0.1361,9.8575,2.8127,7.3793,0.3149,7.0644,-0.4261,13125.5866,NA,NA,NA
ZoomTracks.exe,30812,0x1C47021CD80,DXGI,0,512,1,Hardware: Independent Flip,13135.8214,NA,10.09870000000000,9.64330000000000,9.76250000000000,12.65100000000000,12.6591,13135.5802,10.0037,0.2412,9.7625,0.1984,12.6938,3.3352,9.3586,0.3503,13135.5802,NA,NA,NA
ZoomTracks.exe,30812,0x1C47021CD80,DXGI,0,512,1,Hardware: Independent Flip,13145.7105,NA,9.88910000000000,10.34240000000000,9.88330000000000,10.05440000000000,13.1124,13145.5839,10.0099,0.1266,9.8833,2.8885,7.2925,0.3012,6.9913,-0.3387,13145.5839,NA,NA,NA
ZoomTracks.exe,30812,0x1C47021CD80,DXGI,0,512,1,Hardware: Independent Flip,13155.8082,NA,10.09770000000000,9.54030000000000,9.76420000000000,12.54810000000000,12.5550,13155.5938,9.9786,0.2144,9.7642,0.1711,12.5914,3.2200,9.3714,0.4696,13155.5938,NA,NA,NA
ZoomTracks.exe,30812,0x1C47021CD80,DXGI,0,512,1,Hardware: Independent Flip,13165.6914,NA,9.88320000000000,10.51280000000000,9.90220000000000,10.13250000000000,13.1846,13165.5724,10.0212,0.1190,9.9022,2.7839,7.4676,0.4236,7.0440,-0.5342,13165.5724,NA,24.5139,24.5139
ZoomTracks.exe,30812,0x1C47021CD80,DXGI,0,512,1,Hardware: Independent Flip,13175.8684,NA,10.17700000000000,8.78530000000000,9.68110000000000,11.78500000000000,11.7929,13175.5936,9.9559,0.2748,9.6811,0.2303,11.8295,2.4923,9.3372,1.2359,13175.5936,NA,NA,NA
ZoomTracks.exe,30812,0x1C47021CD80,DXGI,0,512,1,Hardware: Independent Flip,13185.6667,NA,9.79830000000000,10.90780000000000,9.92450000000000,10.13000000000000,12.9024,13185.5495,10.0417,0.1172,9.9245,2.1039,8.1433,0.4128,7.7305,-0.9519,13185.5495,NA,NA,NA
ZoomTracks.exe,30812,0x1C47021CD80,DXGI,0,512,1,Hardware: Independent Flip,13195.8412,NA,10.17450000000000,9.83770000000000,9.73920000000000,12.54950000000000,12.5656,13195.5912,9.9892,0.2500,9.7392,0.2055,12.5940,3.2289,9.3651,0.2040,13195.5912,NA,NA,NA
ZoomTracks.exe,30812,0x1C47021CD80,DXGI,0,512,1,Hardware: Independent Flip,13205.7441,NA,9.90290000000000,9.16350000000000,9.85390000000000,10.06310000000000,11.8262,13205.5804,10.0176,0.1637,9.8539,2.8103,7.4165,0.3534,7.0631,0.8257,13205.5804,NA,27.1927,27.1927
ZoomTracks.exe,30812,0x1C47021CD80,DXGI,0,512,1,Hardware: Independent Flip,13215.8553,NA,10.11120000000000,10.92410000000000,9.72030000000000,12.63140000000000,12.6391,13215.5980,9.9776,0.2573,9.7203,0.2092,12.6795,3.3869,9.2926,-0.9065,13215.5980,NA,NA,NA
ZoomTracks.exe,30812,0x1C47021CD80,DXGI,0,512,1,Hardware: Independent Flip,13225.7131,NA,9.85780000000000,9.43440000000000,9.87490000000000,10.10560000000000,12.2157,13225.5756,10.0124,0.1375,9.8749,2.9111,7.3320,0.3612,6.9708,0.5432,13225.5756,NA,NA,NA
ZoomTracks.exe,30812,0x1C47021CD80,DXGI,0,512,1,Hardware: Independent Flip,13235.7235,NA,10.01040000000000,10.51590000000000,9.87150000000000,12.71360000000000,12.7212,13235.5880,10.0070,0.1355,9.8715,0.2307,12.6184,3.2880,9.3304,-0.5035,13235.5880,NA,NA,NA
ZoomTracks.exe,30812,0x1C47021CD80,DXGI,0,512,1,Hardware: Independent Flip,13245.7665,NA,10.04300000000000,10.25310000000000,9.84510000000000,10.08150000000000,12.9313,13245.5950,10.0166,0.1715,9.8451,2.8421,7.4109,0.3756,7.0353,-0.2461,13245.5950,NA,NA,NA
ZoomTracks.exe,30812,0x1C47021CD80,DXGI,0,512,1,Hardware: Independent Flip,13255.9026,NA,10.13610000000000,9.77610000000000,9.68410000000000,12.56080000000000,12.5713,13255.6116,9.9751,0.2910,9.6841,0.2364,12.6154,3.3311,9.2843,0.2405,13255.6116,NA,NA,NA
ZoomTracks.exe,30812,0x1C47021CD80,DXGI,0,512,1,Hardware: Independent Flip,13265.7310,NA,9.82840000000000,10.30050000000000,9.84170000000000,10.02740000000000,13.0434,13265.5867,9.9860,0.1443,9.8417,2.8767,7.2950,0.2973,6.9977,-0.3254,13265.5867,NA,24.4256,24.4256
ZoomTracks.exe,30812,0x1C47021CD80,DXGI,0,512,1,Hardware: Independent Flip,13275.7890,NA,10.05800000000000,7.15820000000000,9.78660000000000,10.02890000000000,10.1436,13275.5727,10.0029,0.2163,9.7866,0.1857,10.0595,0.6077,9.4518,2.8278,13275.5727,NA,NA,NA
ZoomTracks.exe,30812,0x1C47021CD80,DXGI,0,512,1,Hardware: Independent Flip,13285.7139,NA,9.92490000000000,12.59980000000000,9.87940000000000,10.05030000000000,12.8185,13285.5756,10.0177,0.1383,9.8794,0.2423,9.9463,0.4188,9.5275,-2.5969,13285.5756,NA,NA,NA
ZoomTracks.exe,30812,0x1C47021CD80,DXGI,0,512,1,Hardware: Independent Flip,13295.8116,NA,10.09770000000000,7.29030000000000,9.77880000000000,9.93710000000000,10.0111,13295.5933,9.9971,0.2183,9.7788,0.1709,9.9845,0.6248,9.3597,2.7274,13295.5933,NA,25.4668,25.4668
ZoomTracks.exe,30812,0x1C47021CD80,DXGI,0,512,1,Hardware: Independent Flip,13305.8642,NA,10.05260000000000,11.13480000000000,9.72270000000000,9.90110000000000,11.0933,13305.5904,9.9965,0.2738,9.7227,0.1583,10.0166,0.6021,9.4145,-1.1377,13305.5904,NA,NA,NA
ZoomTracks.exe,30812,0x1C47021CD80,DXGI,0,512,1,Hardware: Independent Flip,13315.7941,NA,9.92990000000000,8.96430000000000,9.79800000000000,10.09730000000000,10.1277,13315.5869,10.0052,0.2072,9.7980,0.1784,10.1261,0.7034,9.4227,1.0322,13315.5869,NA,NA,NA
ZoomTracks.exe,30812,0x1C47021CD80,DXGI,0,512,1,Hardware: Independent Flip,13325.7383,NA,9.94420000000000,10.22230000000000,9.84250000000000,10.07530000000000,10.4058,13325.5921,9.9887,0.1462,9.8425,0.2993,9.9222,0.6566,9.2656,-0.2171,13325.5921,NA,NA,NA
ZoomTracks.exe,30812,0x1C47021CD80,DXGI,0,512,1,Hardware: Independent Flip,13335.7122,NA,9.97390000000000,10.13290000000000,10.03160000000000,10.11830000000000,10.5648,13335.5808,10.1630,0.1314,10.0316,0.2328,10.0169,0.6519,9.3650,-0.1442,13335.5808,NA,NA,NA
ZoomTracks.exe,30812,0x1C47021CD80,DXGI,0,512,1,Hardware: Independent Flip,13345.9706,NA,10.25840000000000,9.59640000000000,9.62160000000000,9.88180000000000,9.9028,13345.7438,9.8484,0.2268,9.6216,0.0867,10.0219,0.7903,9.2316,0.5666,13345.7438,NA,NA,NA
ZoomTracks.exe,30812,0x1C47021CD80,DXGI,0,512,1,Hardware: Independent Flip,13355.9117,NA,9.94110000000000,10.29130000000000,9.67250000000000,10.07690000000000,10.2530,13355.5922,9.9920,0.3195,9.6725,0.2602,10.1362,0.8211,9.3151,-0.4429,13355.5922,NA,20.7998,20.7998
ZoomTracks.exe,30812,0x1C47021CD80,DXGI,0,512,1,Hardware: Independent Flip,13365.7342,NA,9.82250000000000,9.79700000000000,9.84770000000000,10.19920000000000,10.2275,13365.5842,9.9977,0.1500,9.8477,0.4044,9.9448,0.7907,9.1541,0.1950,13365.5842,NA,25.5954,25.5954
ZoomTracks.exe,30812,0x1C47021CD80,DXGI,0,512,1,Hardware: Independent Flip,13375.9442,NA,10.21000000000000,9.88590000000000,9.63740000000000,9.88290000000000,9.9034,13375.5819,9.9997,0.3623,9.6374,0.3515,9.8937,0.6655,9.2282,0.1118,13375.5819,NA,NA,NA
ZoomTracks.exe,30812,0x1C47021CD80,DXGI,0,512,1,Hardware: Independent Flip,13385.8925,NA,9.94830000000000,10.08370000000000,9.68570000000000,9.88020000000000,10.0388,13385.5816,9.9966,0.3109,9.6857,0.2455,9.9456,0.6215,9.3241,-0.0840,13385.5816,NA,NA,NA
ZoomTracks.exe,30812,0x1C47021CD80,DXGI,0,512,1,Hardware: Independent Flip,13395.8162,NA,9.92370000000000,9.92860000000000,9.75980000000000,10.03420000000000,10.0437,13395.5782,9.9978,0.2380,9.7598,0.1945,10.0777,0.6563,9.4214,0.0680,13395.5782,NA,NA,NA
ZoomTracks.exe,30812,0x1C47021CD80,DXGI,0,512,1,Hardware: Independent Flip,13405.9185,NA,10.10230000000000,9.99880000000000,9.65970000000000,9.91610000000000,9.9402,13405.5760,10.0022,0.3425,9.6597,0.2744,9.9842,0.6799,9.3043,-0.0010,13405.5760,NA,NA,NA
ZoomTracks.exe,30812,0x1C47021CD80,DXGI,0,512,1,Hardware: Independent Flip,13415.8812,NA,9.96270000000000,10.09230000000000,9.71700000000000,10.03540000000000,10.0698,13415.5782,10.0200,0.3030,9.7170,0.2564,10.0820,0.7475,9.3345,-0.0901,13415.5782,NA,NA,NA
ZoomTracks.exe,30812,0x1C47021CD80,DXGI,0,512,1,Hardware: Independent Flip,13425.9878,NA,10.10660000000000,9.97660000000000,9.60720000000000,9.91120000000000,9.9398,13425.5982,9.9968,0.3896,9.6072,0.3184,9.9824,0.7554,9.2270,0.0434,13425.5982,NA,NA,NA
ZoomTracks.exe,30812,0x1C47021CD80,DXGI,0,512,1,Hardware: Independent Flip,13435.7329,NA,9.74510000000000,9.93280000000000,9.84230000000000,10.10020000000000,10.1275,13435.5950,9.9802,0.1379,9.8423,0.3040,9.9341,0.6822,9.2519,0.0640,13435.5950,NA,NA,NA
ZoomTracks.exe,30812,0x1C47021CD80,DXGI,0,512,1,Hardware: Independent Flip,13445.7038,NA,9.97090000000000,10.00840000000000,9.88750000000000,10.14480000000000,10.1650,13445.5752,10.0161,0.1286,9.8875,0.2579,10.0155,0.6849,9.3306,-0.0282,13445.5752,NA,NA,NA
ZoomTracks.exe,30812,0x1C47021CD80,DXGI,0,512,1,Hardware: Independent Flip,13455.9057,NA,10.20190000000000,10.03180000000000,9.67610000000000,9.96870000000000,9.9949,13455.5913,9.9905,0.3144,9.6761,0.2573,10.0258,0.7265,9.2993,-0.0157,13455.5913,NA,25.5478,25.5478
ZoomTracks.exe,30812,0x1C47021CD80,DXGI,0,512,1,Hardware: Independent Flip,13465.9209,NA,10.01520000000000,9.95840000000000,9.65520000000000,9.91870000000000,9.9381,13465.5818,9.9943,0.3391,9.6552,0.2926,9.9652,0.6718,9.2934,0.0321,13465.5818,NA,NA,NA
ZoomTracks.exe,30812,0x1C47021CD80,DXGI,0,512,1,Hardware: Independent Flip,13475.8842,NA,9.96330000000000,10.06180000000000,9.70240000000000,10.00150000000000,10.0366,13475.5761,10.0105,0.3081,9.7024,0.2635,10.0461,0.7120,9.3341,-0.0675,13475.5761,NA,NA,NA
ZoomTracks.exe,30812,0x1C47021CD80,DXGI,0,512,1,Hardware: Independent Flip,13485.9551,NA,10.07090000000000,9.95870000000000,9.62340000000000,9.83270000000000,9.9244,13485.5866,9.9919,0.3685,9.6234,0.2991,9.9021,0.6341,9.2680,0.0518,13485.5866,NA,NA,NA
ZoomTracks.exe,30812,0x1C47021CD80,DXGI,0,512,1,Hardware: Independent Flip,13495.8949,NA,9.93980000000000,9.95350000000000,9.65610000000000,9.92850000000000,9.9381,13495.5785,9.9725,0.3164,9.6561,0.2093,10.0356,0.7238,9.3118,0.0384,13495.5785,NA,NA,NA
ZoomTracks.exe,30812,0x1C47021CD80,DXGI,0,512,1,Hardware: Independent Flip,13505.6862,NA,9.79130000000000,10.09130000000000,9.91030000000000,10.21310000000000,10.2381,13505.5510,10.0455,0.1352,9.9103,0.2724,10.0759,0.5112,9.5647,-0.1188,13505.5510,NA,NA,NA
ZoomTracks.exe,30812,0x1C47021CD80,DXGI,0,512,1,Hardware: Independent Flip,13515.9433,NA,10.25710000000000,9.94090000000000,9.61580000000000,9.91450000000000,9.9219,13515.5965,9.9626,0.3468,9.6158,0.3028,9.9585,0.6845,9.2740,0.1046,13515.5965,NA,NA,NA
ZoomTracks.exe,30812,0x1C47021CD80,DXGI,0,512,1,Hardware: Independent Flip,13525.7075,NA,9.76420000000000,9.99500000000000,9.88020000000000,10.13400000000000,10.1527,13525.5591,10.0286,0.1484,9.8802,0.2987,9.9837,0.4623,9.5214,-0.0324,13525.5591,NA,27.4982,27.4982
ZoomTracks.exe,30812,0x1C47021CD80,DXGI,0,512,1,Hardware: Independent Flip,13535.9008,NA,10.19330000000000,10.02550000000000,9.67890000000000,9.96020000000000,9.9849,13535.5877,9.9920,0.3131,9.6789,0.2538,10.0195,0.6967,9.3228,0.0031,13535.5877,NA,22.5090,22.5090
ZoomTracks.exe,30812,0x1C47021CD80,DXGI,0,512,1,Hardware: Independent Flip,13545.8853,NA,9.98450000000000,10.02470000000000,9.69380000000000,10.00250000000000,10.0251,13545.5797,9.9994,0.3056,9.6938,0.2813,10.0268,0.7196,9.3072,-0.0327,13545.5797,NA,NA,NA
ZoomTracks.exe,30812,0x1C47021CD80,DXGI,0,512,1,Hardware: Independent Flip,13555.9566,NA,10.07130000000000,9.99810000000000,9.62240000000000,9.93000000000000,9.9519,13555.5791,9.9999,0.3775,9.6224,0.3087,9.9988,0.7347,9.2641,0.0013,13555.5791,NA,NA,NA
ZoomTracks.exe,30812,0x1C47021CD80,DXGI,0,512,1,Hardware: Independent Flip,13565.9499,NA,9.99330000000000,10.00030000000000,9.63910000000000,9.93270000000000,9.9589,13565.5790,10.0100,0.3709,9.6391,0.3076,9.9960,0.7285,9.2675,-0.0004,13565.5790,NA,NA,NA
ZoomTracks.exe,30812,0x1C47021CD80,DXGI,0,512,1,Hardware: Independent Flip,13575.9351,NA,9.98520000000000,9.98340000000000,9.67330000000000,9.93190000000000,9.9571,13575.5890,10.0194,0.3461,9.6733,0.2936,9.9844,0.7084,9.2760,0.0266,13575.5890,NA,NA,NA
ZoomTracks.exe,30812,0x1C47021CD80,DXGI,0,512,1,Hardware: Independent Flip,13585.9346,NA,9.99950000000000,9.99160000000000,9.64200000000000,9.92500000000000,9.9492,13585.6084,9.9682,0.3262,9.6420,0.2586,9.9926,0.7041,9.2885,0.0278,13585.6084,NA,NA,NA
ZoomTracks.exe,30812,0x1C47021CD80,DXGI,0,512,1,Hardware: Independent Flip,13595.9005,NA,9.96590000000000,9.98040000000000,9.65440000000000,9.88920000000000,9.9637,13595.5766,9.9783,0.3239,9.6544,0.2830,9.9301,0.6148,9.3153,-0.0122,13595.5766,NA,NA,NA
ZoomTracks.exe,30812,0x1C47021CD80,DXGI,0,512,1,Hardware: Independent Flip,13605.7011,NA,9.80060000000000,10.00390000000000,9.89170000000000,10.14620000000000,10.1670,13605.5549,10.0379,0.1462,9.8917,0.2348,10.0576,0.4708,9.5868,-0.0256,13605.5549,NA,26.4915,26.4915
ZoomTracks.exe,30812,0x1C47021CD80,DXGI,0,512,1,Hardware: Independent Flip,13615.8897,NA,10.18860000000000,10.09060000000000,9.66470000000000,10.04910000000000,10.0690,13615.5928,9.9616,0.2969,9.6647,0.2545,10.0915,0.7594,9.3321,-0.0527,13615.5928,NA,NA,NA
ZoomTracks.exe,30812,0x1C47021CD80,DXGI,0,512,1,Hardware: Independent Flip,13625.6957,NA,9.80600000000000,9.91390000000000,9.89490000000000,10.15420000000000,10.1769,13625.5544,10.0362,0.1413,9.8949,0.3844,9.9111,0.4201,9.4910,0.0477,13625.5544,NA,NA,NA
ZoomTracks.exe,30812,0x1C47021CD80,DXGI,0,512,1,Hardware: Independent Flip,13635.8966,NA,10.20090000000000,10.06280000000000,9.68780000000000,10.03080000000000,10.0388,13635.5906,9.9938,0.3060,9.6878,0.2593,10.0775,0.7642,9.3133,-0.0266,13635.5906,NA,NA,NA
ZoomTracks.exe,30812,0x1C47021CD80,DXGI,0,512,1,Hardware: Independent Flip,13645.7338,NA,9.83720000000000,10.01380000000000,9.85800000000000,10.10780000000000,10.2154,13645.5844,10.0074,0.1494,9.8580,0.3430,9.9142,0.4301,9.4841,-0.0200,13645.5844,NA,24.5819,24.5819
ZoomTracks.exe,30812,0x1C47021CD80,DXGI,0,512,1,Hardware: Independent Flip,13655.9698,NA,10.23600000000000,9.99950000000000,9.60960000000000,9.97040000000000,9.9789,13655.5918,9.9876,0.3780,9.6096,0.2498,10.0986,0.8605,9.2381,0.0079,13655.5918,NA,NA,NA
ZoomTracks.exe,30812,0x1C47021CD80,DXGI,0,512,1,Hardware: Independent Flip,13665.7263,NA,9.75650000000000,10.75690000000000,9.85240000000000,10.37040000000000,10.9793,13665.5794,9.9993,0.1469,9.8524,0.3608,10.1565,0.7060,9.4505,-0.7693,13665.5794,NA,NA,NA
ZoomTracks.exe,30812,0x1C47021CD80,DXGI,0,512,1,Hardware: Independent Flip,13675.7160,NA,9.98970000000000,9.21020000000000,9.87340000000000,10.19220000000000,10.1998,13675.5787,10.0107,0.1373,9.8734,0.5180,9.8115,1.0350,8.7765,0.7891,13675.5787,NA,NA,NA
ZoomTracks.exe,30812,0x1C47021CD80,DXGI,0,512,1,Hardware: Independent Flip,13685.7405,NA,10.02450000000000,9.91540000000000,9.84040000000000,10.07050000000000,10.0907,13685.5894,9.9915,0.1511,9.8404,0.3188,9.9028,0.4682,9.4346,0.0953,13685.5894,NA,NA,NA
ZoomTracks.exe,30812,0x1C47021CD80,DXGI,0,512,1,Hardware: Independent Flip,13695.8728,NA,10.13230000000000,10.22920000000000,9.75200000000000,9.99700000000000,10.1876,13695.5809,10.0439,0.2919,9.7520,0.2301,10.0588,0.7217,9.3371,-0.2377,13695.5809,NA,28.6897,28.6897
ZoomTracks.exe,30812,0x1C47021CD80,DXGI,0,512,1,Hardware: Independent Flip,13705.7510,NA,9.87820000000000,9.83660000000000,9.84390000000000,10.12550000000000,10.1460,13705.6248,9.9701,0.1262,9.8439,0.2450,10.0067,0.5873,9.4194,0.2073,13705.6248,NA,NA,NA
ZoomTracks.exe,30812,0x1C47021CD80,DXGI,0,512,1,Hardware: Independent Flip,13715.9333,NA,10.18230000000000,10.05430000000000,9.62710000000000,10.01110000000000,10.0180,13715.5949,9.9655,0.3384,9.6271,0.2816,10.0679,0.7854,9.2825,-0.0842,13715.5949,NA,24.6090,24.6090
ZoomTracks.exe,30812,0x1C47021CD80,DXGI,0,512,1,Hardware: Independent Flip,13725.7180,NA,9.78470000000000,9.92360000000000,9.83600000000000,10.05790000000000,10.1569,13725.5604,9.9936,0.1576,9.8360,0.3840,9.8315,0.3740,9.4575,0.0419,13725.5604,NA,NA,NA
ZoomTracks.exe,30812,0x1C47021CD80,DXGI,0,512,1,Hardware: Independent Flip,13735.8069,NA,10.08890000000000,10.06150000000000,9.76730000000000,10.12140000000000,10.1295,13735.5540,10.0202,0.2529,9.7673,0.2219,10.1524,0.7193,9.4331,-0.0679,13735.5540,NA,NA,NA
ZoomTracks.exe,30812,0x1C47021CD80,DXGI,0,512,1,Hardware: Independent Flip,13745.7055,NA,9.89860000000000,10.07980000000000,9.87990000000000,10.13020000000000,10.3107,13745.5742,10.0112,0.1313,9.8799,0.3541,9.9074,0.4391,9.4683,-0.0596,13745.5742,NA,NA,NA
ZoomTracks.exe,30812,0x1C47021CD80,DXGI,0,512,1,Hardware: Independent Flip,13755.8728,NA,10.16730000000000,9.95770000000000,9.70650000000000,10.09410000000000,10.1011,13755.5854,9.9939,0.2874,9.7065,0.2503,10.1312,0.8023,9.3289,0.0535,13755.5854,NA,NA,NA
ZoomTracks.exe,30812,0x1C47021CD80,DXGI,0,512,1,Hardware: Independent Flip,13765.7030,NA,9.83020000000000,10.01290000000000,9.87660000000000,10.09130000000000,10.2838,13765.5793,10.0003,0.1237,9.8766,0.3876,9.8274,0.3931,9.4343,-0.0190,13765.5793,NA,23.6215,23.6215
ZoomTracks.exe,30812,0x1C47021CD80,DXGI,0,512,1,Hardware: Independent Flip,13775.8250,NA,10.12200000000000,9.90220000000000,9.76600000000000,10.05580000000000,10.0640,13775.5796,10.0114,0.2454,9.7660,0.2147,10.0865,0.6577,9.4288,0.0981,13775.5796,NA,NA,NA
ZoomTracks.exe,30812,0x1C47021CD80,DXGI,0,512,1,Hardware: Independent Flip,13785.7367,NA,9.91170000000000,10.07130000000000,9.84230000000000,10.06870000000000,10.2236,13785.5910,9.9880,0.1457,9.8423,0.2898,9.9246,0.3870,9.5376,-0.0599,13785.5910,NA,26.6033,26.6033
ZoomTracks.exe,30812,0x1C47021CD80,DXGI,0,512,1,Hardware: Independent Flip,13795.8464,NA,10.10970000000000,9.94660000000000,9.74350000000000,10.05270000000000,10.0605,13795.5790,10.0109,0.2674,9.7435,0.2264,10.0937,0.7349,9.3588,0.0414,13795.5790,NA,NA,NA
ZoomTracks.exe,30812,0x1C47021CD80,DXGI,0,512,1,Hardware: Independent Flip,13805.9218,NA,10.07540000000000,10.01220000000000,9.67070000000000,9.89270000000000,9.9973,13805.5899,10.0026,0.3319,9.6707,0.3092,9.9154,0.6778,9.2376,-0.0013,13805.5899,NA,25.5454,25.5454
ZoomTracks.exe,30812,0x1C47021CD80,DXGI,0,512,1,Hardware: Independent Flip,13815.7260,NA,9.80420000000000,10.01260000000000,9.83230000000000,10.19780000000000,10.2057,13815.5925,9.9658,0.1335,9.8323,0.2220,10.1093,0.7832,9.3261,-0.0100,13815.5925,NA,NA,NA
ZoomTracks.exe,30812,0x1C47021CD80,DXGI,0,512,1,Hardware: Independent Flip,13825.7029,NA,9.97690000000000,9.90530000000000,9.85050000000000,10.07180000000000,10.1341,13825.5583,9.9951,0.1446,9.8505,0.3655,9.8509,0.3784,9.4725,0.0605,13825.5583,NA,NA,NA
ZoomTracks.exe,30812,0x1C47021CD80,DXGI,0,512,1,Hardware: Independent Flip,13835.8878,NA,10.18490000000000,10.12250000000000,9.70810000000000,10.06450000000000,10.0717,13835.5534,10.0425,0.3344,9.7081,0.2213,10.1776,0.8467,9.3309,-0.1274,13835.5534,NA,NA,NA
ZoomTracks.exe,30812,0x1C47021CD80,DXGI,0,512,1,Hardware: Independent Flip,13845.7255,NA,9.83770000000000,9.94500000000000,9.84840000000000,10.05240000000000,10.1790,13845.5959,9.9780,0.1296,9.8484,0.3564,9.8256,0.3704,9.4552,0.0975,13845.5959,NA,NA,NA
ZoomTracks.exe,30812,0x1C47021CD80,DXGI,0,512,1,Hardware: Independent Flip,13855.8204,NA,10.09490000000000,10.08270000000000,9.75670000000000,10.15780000000000,10.1668,13855.5739,10.0032,0.2465,9.7567,0.2040,10.2003,0.8250,9.3753,-0.1047,13855.5739,NA,NA,NA
ZoomTracks.exe,30812,0x1C47021CD80,DXGI,0,512,1,Hardware: Independent Flip,13865.7458,NA,9.92540000000000,10.02520000000000,9.82710000000000,10.05850000000000,10.2666,13865.5771,9.9958,0.1687,9.8271,0.4011,9.8261,0.3543,9.4718,-0.0220,13865.5771,NA,NA,NA
ZoomTracks.exe,30812,0x1C47021CD80,DXGI,0,512,1,Hardware: Independent Flip,13875.8134,NA,10.06760000000000,10.01260000000000,9.77580000000000,10.19200000000000,10.2116,13875.5729,10.0163,0.2405,9.7758,0.2314,10.2011,0.8575,9.3436,-0.0168,13875.5729,NA,NA,NA
ZoomTracks.exe,30812,0x1C47021CD80,DXGI,0,512,1,Hardware: Independent Flip,13885.7087,NA,9.89530000000000,9.99270000000000,9.87290000000000,10.09300000000000,10.3090,13885.5892,9.9924,0.1195,9.8729,0.4162,9.7963,0.3506,9.4457,0.0236,13885.5892,NA,NA,NA
ZoomTracks.exe,30812,0x1C47021CD80,DXGI,0,512,1,Hardware: Independent Flip,13895.8258,NA,10.11710000000000,9.87500000000000,9.74990000000000,10.05910000000000,10.0669,13895.5816,9.9941,0.2442,9.7499,0.2201,10.0832,0.6824,9.4008,0.1174,13895.5816,NA,NA,NA
ZoomTracks.exe,30812,0x1C47021CD80,DXGI,0,512,1,Hardware: Independent Flip,13905.7315,NA,9.90570000000000,10.06090000000000,9.84990000000000,10.08960000000000,10.2221,13905.5757,10.0057,0.1558,9.8499,0.3092,9.9362,0.4255,9.5107,-0.0668,13905.5757,NA,NA,NA
ZoomTracks.exe,30812,0x1C47021CD80,DXGI,0,512,1,Hardware: Independent Flip,13915.8470,NA,10.11550000000000,9.97060000000000,9.72970000000000,10.06860000000000,10.0772,13915.5814,9.9953,0.2656,9.7297,0.2397,10.0945,0.7798,9.3147,0.0351,13915.5814,NA,25.5541,25.5541
ZoomTracks.exe,30812,0x1C47021CD80,DXGI,0,512,1,Hardware: Independent Flip,13925.9423,NA,10.09530000000000,9.95780000000000,9.61440000000000,9.93200000000000,9.9397,13925.5767,9.9800,0.3656,9.6144,0.3389,9.9587,0.7358,9.2229,0.0375,13925.5767,NA,NA,NA
ZoomTracks.exe,30812,0x1C47021CD80,DXGI,0,512,1,Hardware: Independent Flip,13935.6848,NA,9.74250000000000,10.05610000000000,9.89180000000000,10.24630000000000,10.2533,13935.5567,10.0199,0.1281,9.8918,0.3176,10.0568,0.5635,9.4933,-0.0761,13935.5567,NA,NA,NA
ZoomTracks.exe,30812,0x1C47021CD80,DXGI,0,512,1,Hardware: Independent Flip,13945.7443,NA,10.05950000000000,9.93480000000000,9.81480000000000,10.12140000000000,10.1286,13945.5766,9.9825,0.1677,9.8148,0.3545,9.9346,0.4743,9.4603,0.0851,13945.5766,NA,NA,NA
ZoomTracks.exe,30812,0x1C47021CD80,DXGI,0,512,1,Hardware: Independent Flip,13955.7142,NA,9.96990000000000,10.12930000000000,9.85680000000000,10.27980000000000,10.2880,13955.5591,10.0119,0.1551,9.8568,0.3066,10.1283,0.6140,9.5143,-0.1468,13955.5591,NA,NA,NA
ZoomTracks.exe,30812,0x1C47021CD80,DXGI,0,512,1,Hardware: Independent Flip,13965.7078,NA,9.99360000000000,9.94270000000000,9.87400000000000,10.09880000000000,10.2371,13965.5710,10.0108,0.1368,9.8740,0.4230,9.8126,0.3476,9.4650,0.0692,13965.5710,NA,NA,NA
ZoomTracks.exe,30812,0x1C47021CD80,DXGI,0,512,1,Hardware: Independent Flip,13975.8336,NA,10.12580000000000,9.93990000000000,9.74920000000000,10.04310000000000,10.0512,13975.5818,10.0010,0.2518,9.7492,0.2248,10.0701,0.7316,9.3385,0.0709,13975.5818,NA,NA,NA
ZoomTracks.exe,30812,0x1C47021CD80,DXGI,0,512,1,Hardware: Independent Flip,13985.6943,NA,9.86070000000000,10.09670000000000,9.88810000000000,10.10010000000000,10.2872,13985.5828,9.9996,0.1115,9.8881,0.2939,9.9177,0.3730,9.5447,-0.0957,13985.5828,NA,NA,NA
ZoomTracks.exe,30812,0x1C47021CD80,DXGI,0,512,1,Hardware: Independent Flip,13995.8184,NA,10.12410000000000,9.94410000000000,9.75790000000000,10.09970000000000,10.1072,13995.5824,9.9939,0.2360,9.7579,0.2120,10.1237,0.7818,9.3419,0.0555,13995.5824,NA,28.5678,28.5678
ZoomTracks.exe,30812,0x1C47021CD80,DXGI,0,512,1,Hardware: Independent Flip,14005.7100,NA,9.89160000000000,10.02380000000000,9.84270000000000,10.09920000000000,10.2394,14005.5763,9.9764,0.1337,9.8427,0.3418,9.8911,0.4215,9.4696,-0.0299,14005.5763,NA,25.5856,25.5856
ZoomTracks.exe,30812,0x1C47021CD80,DXGI,0,512,1,Hardware: Independent Flip,14015.6673,NA,9.95730000000000,10.09220000000000,9.91580000000000,10.34230000000000,10.3743,14015.5527,10.0304,0.1146,9.9158,0.2565,10.2004,0.6785,9.5219,-0.1158,14015.5527,NA,NA,NA
ZoomTracks.exe,30812,0x1C47021CD80,DXGI,0,512,1,Hardware: Independent Flip,14025.7275,NA,10.06020000000000,9.83990000000000,9.81470000000000,10.04740000000000,10.1540,14025.5831,9.9591,0.1444,9.8147,0.4265,9.7653,0.6994,9.0659,0.1905,14025.5831,NA,NA,NA
ZoomTracks.exe,30812,0x1C47021CD80,DXGI,0,512,1,Hardware: Independent Flip,14035.6658,NA,9.93830000000000,10.04360000000000,9.92320000000000,10.25150000000000,10.2593,14035.5422,10.0468,0.1236,9.9232,0.2327,10.1424,0.6437,9.4987,-0.0845,14035.5422,NA,NA,NA
ZoomTracks.exe,30812,0x1C47021CD80,DXGI,0,512,1,Hardware: Independent Flip,14045.7594,NA,10.09360000000000,10.04900000000000,9.79160000000000,10.01250000000000,10.2147,14045.5890,9.9620,0.1704,9.7916,0.3283,9.8546,0.3728,9.4818,-0.0022,14045.5890,NA,NA,NA
ZoomTracks.exe,30812,0x1C47021CD80,DXGI,0,512,1,Hardware: Independent Flip,14055.6844,NA,9.92500000000000,10.01040000000000,9.90370000000000,10.29270000000000,10.3001,14055.5510,10.0371,0.1334,9.9037,0.2209,10.2052,0.6860,9.5192,-0.0484,14055.5510,NA,NA,NA
ZoomTracks.exe,30812,0x1C47021CD80,DXGI,0,512,1,Hardware: Independent Flip,14065.7289,NA,10.04450000000000,9.98200000000000,9.83850000000000,10.04940000000000,10.2376,14065.5881,9.9793,0.1408,9.8385,0.3890,9.8012,0.3270,9.4742,0.0551,14065.5881,NA,NA,NA
ZoomTracks.exe,30812,0x1C47021CD80,DXGI,0,512,1,Hardware: Independent Flip,14075.8020,NA,10.07310000000000,9.95410000000000,9.79920000000000,10.11270000000000,10.1186,14075.5674,10.0338,0.2346,9.7992,0.2109,10.1364,0.6842,9.4522,0.0252,14075.5674,NA,NA,NA
ZoomTracks.exe,30812,0x1C47021CD80,DXGI,0,512,1,Hardware: Independent Flip,14085.7352,NA,9.93320000000000,10.00780000000000,9.83670000000000,10.01500000000000,10.1932,14085.6012,9.9707,0.1340,9.8367,0.3135,9.8355,0.3782,9.4573,0.0260,14085.6012,NA,23.5689,23.5689
ZoomTracks.exe,30812,0x1C47021CD80,DXGI,0,512,1,Hardware: Independent Flip,14095.7932,NA,10.05800000000000,10.05950000000000,9.79400000000000,10.18630000000000,10.1947,14095.5719,10.0153,0.2213,9.7940,0.1783,10.2293,0.7836,9.4457,-0.0888,14095.5719,NA,NA,NA
ZoomTracks.exe,30812,0x1C47021CD80,DXGI,0,512,1,Hardware: Independent Flip,14105.7495,NA,9.95630000000000,9.98330000000000,9.82670000000000,10.04190000000000,10.2217,14105.5872,9.9890,0.1623,9.8267,0.3923,9.8119,0.3401,9.4718,0.0320,14105.5872,NA,NA,NA
ZoomTracks.exe,30812,0x1C47021CD80,DXGI,0,512,1,Hardware: Independent Flip,14115.8180,NA,10.06850000000000,9.94960000000000,9.75220000000000,10.09520000000000,10.1028,14115.5762,9.9940,0.2418,9.7522,0.2152,10.1218,0.7004,9.4214,0.0394,14115.5762,NA,NA,NA
ZoomTracks.exe,30812,0x1C47021CD80,DXGI,0,512,1,Hardware: Independent Flip,14125.6925,NA,9.87450000000000,10.04700000000000,9.87430000000000,10.08720000000000,10.2753,14125.5702,9.9966,0.1223,9.8743,0.3430,9.8665,0.3860,9.4805,-0.0530,14125.5702,NA,NA,NA
ZoomTracks.exe,30812,0x1C47021CD80,DXGI,0,512,1,Hardware: Independent Flip,14135.8037,NA,10.11120000000000,9.95710000000000,9.79690000000000,10.11280000000000,10.1212,14135.5668,10.0338,0.2369,9.7969,0.2129,10.1368,0.7692,9.3676,0.0395,14135.5668,NA,NA,NA
ZoomTracks.exe,30812,0x1C47021CD80,DXGI,0,512,1,Hardware: Independent Flip,14145.7518,NA,9.94810000000000,9.99900000000000,9.81860000000000,10.03130000000000,10.1721,14145.6006,9.9698,0.1512,9.8186,0.3159,9.8666,0.3784,9.4882,0.0348,14145.6006,NA,21.5601,21.5601
ZoomTracks.exe,30812,0x1C47021CD80,DXGI,0,512,1,Hardware: Independent Flip,14155.7150,NA,9.96320000000000,9.99500000000000,9.86570000000000,10.19630000000000,10.2039,14155.5704,10.0103,0.1446,9.8657,0.2127,10.1282,0.5959,9.5323,-0.0252,14155.5704,NA,NA,NA
ZoomTracks.exe,30812,0x1C47021CD80,DXGI,0,512,1,Hardware: Independent Flip,14165.7194,NA,10.00440000000000,9.99380000000000,9.82890000000000,10.05650000000000,10.1933,14165.5807,9.9676,0.1387,9.8289,0.3306,9.8646,0.3750,9.4896,0.0165,14165.5807,NA,20.5649,20.5649
ZoomTracks.exe,30812,0x1C47021CD80,DXGI,0,512,1,Hardware: Independent Flip,14175.6899,NA,9.97050000000000,10.04320000000000,9.88030000000000,10.25830000000000,10.2660,14175.5483,10.0219,0.1416,9.8803,0.2276,10.1723,0.6368,9.5355,-0.0756,14175.5483,NA,NA,NA
ZoomTracks.exe,30812,0x1C47021CD80,DXGI,0,512,1,Hardware: Independent Flip,14185.7007,NA,10.01080000000000,9.95620000000000,9.88700000000000,10.08140000000000,10.2114,14185.5702,10.0175,0.1305,9.8870,0.3780,9.8339,0.3603,9.4736,0.0657,14185.5702,NA,NA,NA
ZoomTracks.exe,30812,0x1C47021CD80,DXGI,0,512,1,Hardware: Independent Flip,14195.8064,NA,10.10570000000000,9.99680000000000,9.76570000000000,10.09500000000000,10.1025,14195.5877,9.9844,0.2187,9.7657,0.1944,10.1193,0.6445,9.4748,0.0207,14195.5877,NA,NA,NA
ZoomTracks.exe,30812,0x1C47021CD80,DXGI,0,512,1,Hardware: Independent Flip,14205.7214,NA,9.91500000000000,10.05060000000000,9.84170000000000,10.04290000000000,10.2381,14205.5721,9.9910,0.1493,9.8417,0.3293,9.8629,0.3690,9.4939,-0.0662,14205.5721,NA,NA,NA
ZoomTracks.exe,30812,0x1C47021CD80,DXGI,0,512,1,Hardware: Independent Flip,14215.7879,NA,10.06650000000000,9.98490000000000,9.78160000000000,10.14340000000000,10.1565,14215.5631,10.0064,0.2248,9.7816,0.2012,10.1670,0.7052,9.4618,0.0061,14215.5631,NA,NA,NA
ZoomTracks.exe,30812,0x1C47021CD80,DXGI,0,512,1,Hardware: Independent Flip,14225.7069,NA,9.91900000000000,10.00010000000000,9.91190000000000,10.07810000000000,10.2376,14225.5695,10.0493,0.1374,9.9119,0.3618,9.8537,0.3429,9.5108,0.0063,14225.5695,NA,NA,NA
ZoomTracks.exe,30812,0x1C47021CD80,DXGI,0,512,1,Hardware: Independent Flip,14235.8269,NA,10.12000000000000,10.02800000000000,9.73980000000000,10.13390000000000,10.1456,14235.6188,9.9479,0.2081,9.7398,0.1662,10.1758,0.8246,9.3512,0.0213,14235.6188,NA,26.6050,26.6050
ZoomTracks.exe,30812,0x1C47021CD80,DXGI,0,512,1,Hardware: Independent Flip,14245.7286,NA,9.90170000000000,9.94940000000000,9.84170000000000,10.05930000000000,10.1933,14245.5667,10.0036,0.1619,9.8417,0.3941,9.8271,0.3318,9.4953,-0.0015,14245.5667,NA,20.5494,20.5494
ZoomTracks.exe,30812,0x1C47021CD80,DXGI,0,512,1,Hardware: Independent Flip,14255.8180,NA,10.08940000000000,9.99660000000000,9.77820000000000,10.09310000000000,10.1005,14255.5703,10.0259,0.2477,9.7782,0.2176,10.1232,0.7741,9.3491,0.0070,14255.5703,NA,NA,NA
ZoomTracks.exe,30812,0x1C47021CD80,DXGI,0,512,1,Hardware: Independent Flip,14265.7397,NA,9.92170000000000,10.04870000000000,9.81340000000000,10.05860000000000,10.2275,14265.5962,9.9569,0.1435,9.8134,0.3149,9.8872,0.4001,9.4871,-0.0228,14265.5962,NA,NA,NA
ZoomTracks.exe,30812,0x1C47021CD80,DXGI,0,512,1,Hardware: Independent Flip,14275.7114,NA,9.97170000000000,10.05010000000000,9.87660000000000,10.29870000000000,10.3059,14275.5531,10.0349,0.1583,9.8766,0.2452,10.2118,0.7272,9.4846,-0.0932,14275.5531,NA,NA,NA
ZoomTracks.exe,30812,0x1C47021CD80,DXGI,0,512,1,Hardware: Independent Flip,14285.7434,NA,10.03200000000000,9.90540000000000,9.89620000000000,10.05160000000000,10.1793,14285.5880,10.0516,0.1554,9.8962,0.4221,9.7849,0.3351,9.4498,0.1295,14285.5880,NA,NA,NA
ZoomTracks.exe,30812,0x1C47021CD80,DXGI,0,512,1,Hardware: Independent Flip,14295.8362,NA,10.09280000000000,10.01850000000000,9.73190000000000,10.09780000000000,10.1050,14295.6396,9.9285,0.1966,9.7319,0.1554,10.1390,0.7884,9.3506,0.0331,14295.6396,NA,NA,NA
ZoomTracks.exe,30812,0x1C47021CD80,DXGI,0,512,1,Hardware: Independent Flip,14305.6799,NA,9.84370000000000,10.03230000000000,9.88460000000000,10.09320000000000,10.2936,14305.5681,9.9964,0.1118,9.8846,0.3659,9.8391,0.3830,9.4561,-0.1038,14305.5681,NA,20.6047,20.6047
ZoomTracks.exe,30812,0x1C47021CD80,DXGI,0,512,1,Hardware: Independent Flip,14315.7982,NA,10.11830000000000,9.91150000000000,9.77200000000000,10.07990000000000,10.0868,14315.5645,10.0057,0.2337,9.7720,0.2086,10.1050,0.6668,9.4382,0.0849,14315.5645,NA,NA,NA
ZoomTracks.exe,30812,0x1C47021CD80,DXGI,0,512,1,Hardware: Independent Flip,14325.7045,NA,9.90630000000000,10.10130000000000,9.85710000000000,10.07550000000000,10.2818,14325.5702,9.9914,0.1343,9.8571,0.3079,9.9019,0.3853,9.5166,-0.0956,14325.5702,NA,NA,NA
ZoomTracks.exe,30812,0x1C47021CD80,DXGI,0,512,1,Hardware: Independent Flip,14335.8049,NA,10.10040000000000,9.93860000000000,9.77430000000000,10.11290000000000,10.1200,14335.5616,10.0176,0.2433,9.7743,0.2184,10.1378,0.7662,9.3716,0.0528,14335.5616,NA,24.5595,24.5595
ZoomTracks.exe,30812,0x1C47021CD80,DXGI,0,512,1,Hardware: Independent Flip,14345.7105,NA,9.90560000000000,9.97120000000000,9.85920000000000,10.07740000000000,10.1856,14345.5792,9.9905,0.1313,9.8592,0.3386,9.8701,0.4006,9.4695,0.0464,14345.5792,NA,NA,NA
ZoomTracks.exe,30812,0x1C47021CD80,DXGI,0,512,1,Hardware: Independent Flip,14355.6951,NA,9.98460000000000,10.06450000000000,9.88330000000000,10.25900000000000,10.2655,14355.5697,10.0087,0.1254,9.8833,0.2182,10.1662,0.8011,9.3651,-0.0740,14355.5697,NA,NA,NA
ZoomTracks.exe,30812,0x1C47021CD80,DXGI,0,512,1,Hardware: Independent Flip,14365.7396,NA,10.04450000000000,9.91930000000000,9.81610000000000,10.04450000000000,10.1403,14365.5784,9.9773,0.1612,9.8161,0.3757,9.8300,0.3763,9.4537,0.0894,14365.5784,NA,NA,NA
ZoomTracks.exe,30812,0x1C47021CD80,DXGI,0,512,1,Hardware: Independent Flip,14375.7119,NA,9.97230000000000,10.08470000000000,9.84790000000000,10.24620000000000,10.2527,14375.5557,10.0041,0.1562,9.8479,0.2284,10.1740,0.6549,9.5191,-0.1074,14375.5557,NA,NA,NA
ZoomTracks.exe,30812,0x1C47021CD80,DXGI,0,512,1,Hardware: Independent Flip,14385.7006,NA,9.98870000000000,10.04140000000000,10.03240000000000,10.10360000000000,10.3054,14385.5598,10.1732,0.1408,10.0324,0.3983,9.8461,0.4173,9.4288,-0.0373,14385.5598,NA,NA,NA
ZoomTracks.exe,30812,0x1C47021CD80,DXGI,0,512,1,Hardware: Independent Flip,14395.9592,NA,10.25860000000000,9.89560000000000,9.62700000000000,9.93430000000000,9.9424,14395.7330,9.8532,0.2262,9.6270,0.0712,10.0893,0.8804,9.2089,0.2776,14395.7330,NA,NA,NA
ZoomTracks.exe,30812,0x1C47021CD80,DXGI,0,512,1,Hardware: Independent Flip,14405.9172,NA,9.95800000000000,10.11250000000000,9.65430000000000,9.86580000000000,10.0969,14405.5862,9.9853,0.3310,9.6543,0.3073,9.8895,0.6436,9.2459,-0.2593,14405.5862,NA,19.6495,19.6495
ZoomTracks.exe,30812,0x1C47021CD80,DXGI,0,512,1,Hardware: Independent Flip,14415.8075,NA,9.89030000000000,9.94010000000000,9.77600000000000,10.12740000000000,10.1467,14415.5715,10.0120,0.2360,9.7760,0.2115,10.1519,0.7453,9.4066,0.0452,14415.5715,NA,NA,NA
ZoomTracks.exe,30812,0x1C47021CD80,DXGI,0,512,1,Hardware: Independent Flip,14425.7318,NA,9.92430000000000,9.99120000000000,9.84520000000000,10.07830000000000,10.2136,14425.5835,9.9935,0.1483,9.8452,0.3514,9.8752,0.3704,9.5048,0.0208,14425.5835,NA,NA,NA
ZoomTracks.exe,30812,0x1C47021CD80,DXGI,0,512,1,Hardware: Independent Flip,14435.8219,NA,10.09010000000000,9.95670000000000,9.74470000000000,10.07160000000000,10.0802,14435.5770,9.9896,0.2449,9.7447,0.2331,10.0834,0.7433,9.3401,0.0368,14435.5770,NA,NA,NA
ZoomTracks.exe,30812,0x1C47021CD80,DXGI,0,512,1,Hardware: Independent Flip,14445.6952,NA,9.87330000000000,9.97590000000000,9.88350000000000,10.08850000000000,10.1828,14445.5666,10.0121,0.1286,9.8835,0.3269,9.8902,0.3926,9.4976,0.0137,14445.5666,NA,NA,NA
ZoomTracks.exe,30812,0x1C47021CD80,DXGI,0,512,1,Hardware: Independent Flip,14455.8087,NA,10.11350000000000,10.04590000000000,9.76450000000000,10.10760000000000,10.1152,14455.5787,9.9945,0.2300,9.7645,0.2050,10.1326,0.7047,9.4279,-0.0338,14455.5787,NA,NA,NA
ZoomTracks.exe,30812,0x1C47021CD80,DXGI,0,512,1,Hardware: Independent Flip,14465.7276,NA,9.91890000000000,9.93670000000000,9.82090000000000,10.04210000000000,10.1330,14465.5732,9.9753,0.1544,9.8209,0.3431,9.8534,0.3770,9.4764,0.0578,14465.5732,NA,NA,NA
ZoomTracks.exe,30812,0x1C47021CD80,DXGI,0,512,1,Hardware: Independent Flip,14475.6919,NA,9.96430000000000,10.08190000000000,9.84610000000000,10.24410000000000,10.2506,14475.5485,9.9895,0.1434,9.8461,0.2212,10.1663,0.6474,9.5189,-0.1066,14475.5485,NA,27.5834,27.5834
ZoomTracks.exe,30812,0x1C47021CD80,DXGI,0,512,1,Hardware: Independent Flip,14485.6829,NA,9.99100000000000,10.00940000000000,9.99120000000000,10.10410000000000,10.2690,14485.5380,10.1361,0.1449,9.9912,0.3980,9.8510,0.3902,9.4608,-0.0199,14485.5380,NA,NA,NA
ZoomTracks.exe,30812,0x1C47021CD80,DXGI,0,512,1,Hardware: Independent Flip,14495.9079,NA,10.22500000000000,9.93570000000000,9.67260000000000,9.97190000000000,9.9797,14495.6741,9.9064,0.2338,9.6726,0.1129,10.0928,0.8430,9.2498,0.2004,14495.6741,NA,NA,NA
ZoomTracks.exe,30812,0x1C47021CD80,DXGI,0,512,1,Hardware: Independent Flip,14505.7290,NA,9.82110000000000,10.12910000000000,9.84910000000000,10.07940000000000,10.2877,14505.5805,9.9976,0.1485,9.8491,0.2993,9.9286,0.4173,9.5113,-0.2227,14505.5805,NA,20.6462,20.6462
ZoomTracks.exe,30812,0x1C47021CD80,DXGI,0,512,1,Hardware: Independent Flip,14515.8348,NA,10.10580000000000,9.86560000000000,9.74080000000000,10.03920000000000,10.0475,14515.5781,9.9975,0.2567,9.7408,0.2303,10.0656,0.7189,9.3467,0.1320,14515.5781,NA,NA,NA
ZoomTracks.exe,30812,0x1C47021CD80,DXGI,0,512,1,Hardware: Independent Flip,14525.8972,NA,10.06240000000000,10.05480000000000,9.67720000000000,9.89870000000000,10.0399,14525.5756,9.9988,0.3216,9.6772,0.2984,9.9219,0.5866,9.3353,-0.0573,14525.5756,NA,NA,NA
ZoomTracks.exe,30812,0x1C47021CD80,DXGI,0,512,1,Hardware: Independent Flip,14535.8201,NA,9.92290000000000,10.01790000000000,9.75280000000000,10.12690000000000,10.1349,14535.5744,9.9985,0.2457,9.7528,0.2215,10.1511,0.8038,9.3473,-0.0191,14535.5744,NA,NA,NA
ZoomTracks.exe,30812,0x1C47021CD80,DXGI,0,512,1,Hardware: Independent Flip,14545.7041,NA,9.88400000000000,9.91470000000000,9.86970000000000,10.13140000000000,10.1656,14545.5729,10.0009,0.1312,9.8697,0.3741,9.8885,0.3854,9.5031,0.0838,14545.5729,NA,NA,NA
ZoomTracks.exe,30812,0x1C47021CD80,DXGI,0,512,1,Hardware: Independent Flip,14555.8896,NA,10.18550000000000,10.08290000000000,9.68940000000000,10.05630000000000,10.0630,14555.5738,10.0052,0.3158,9.6894,0.2617,10.1104,0.7795,9.3309,-0.0820,14555.5738,NA,NA,NA
ZoomTracks.exe,30812,0x1C47021CD80,DXGI,0,512,1,Hardware: Independent Flip,14565.7402,NA,9.85060000000000,9.94540000000000,9.82440000000000,10.04330000000000,10.1578,14565.5790,9.9856,0.1612,9.8244,0.3669,9.8376,0.3899,9.4477,0.0598,14565.5790,NA,22.5187,22.5187
ZoomTracks.exe,30812,0x1C47021CD80,DXGI,0,512,1,Hardware: Independent Flip,14575.8096,NA,10.06940000000000,10.02750000000000,9.91770000000000,10.10750000000000,10.1159,14575.5646,10.1627,0.2450,9.9177,0.2189,10.1336,0.7715,9.3621,-0.0419,14575.5646,NA,NA,NA
ZoomTracks.exe,30812,0x1C47021CD80,DXGI,0,512,1,Hardware: Independent Flip,14586.0273,NA,10.21770000000000,10.04850000000000,9.52350000000000,9.72290000000000,9.9467,14585.7273,9.8235,0.3000,9.5235,0.1898,9.8331,0.6979,9.1352,0.1142,14585.7273,NA,22.6074,22.6074
ZoomTracks.exe,30812,0x1C47021CD80,DXGI,0,512,1,Hardware: Independent Flip,14595.7943,NA,9.76700000000000,9.88260000000000,9.75170000000000,10.05550000000000,10.0623,14595.5508,9.9952,0.2435,9.7517,0.1994,10.0996,0.7123,9.3873,-0.0591,14595.5508,NA,NA,NA
ZoomTracks.exe,30812,0x1C47021CD80,DXGI,0,512,1,Hardware: Independent Flip,14605.6821,NA,9.88780000000000,10.15170000000000,9.87950000000000,10.12240000000000,10.3262,14605.5460,10.0156,0.1361,9.8795,0.3038,9.9547,0.4300,9.5247,-0.1565,14605.5460,NA,NA,NA
ZoomTracks.exe,30812,0x1C47021CD80,DXGI,0,512,1,Hardware: Independent Flip,14615.8278,NA,10.14570000000000,9.89720000000000,9.74370000000000,10.07110000000000,10.0777,14615.5616,10.0099,0.2662,9.7437,0.2429,10.0944,0.7801,9.3143,0.1184,14615.5616,NA,NA,NA
ZoomTracks.exe,30812,0x1C47021CD80,DXGI,0,512,1,Hardware: Independent Flip,14625.7204,NA,9.89260000000000,9.97430000000000,9.87130000000000,10.04820000000000,10.1594,14625.5715,10.0202,0.1489,9.8713,0.3274,9.8697,0.3638,9.5059,0.0356,14625.5715,NA,NA,NA
ZoomTracks.exe,30812,0x1C47021CD80,DXGI,0,512,1,Hardware: Independent Flip,14635.7914,NA,10.07100000000000,10.02650000000000,9.77560000000000,10.10780000000000,10.1149,14635.5917,9.9753,0.1997,9.7756,0.1769,10.1306,0.6493,9.4813,-0.0063,14635.5917,NA,NA,NA
ZoomTracks.exe,30812,0x1C47021CD80,DXGI,0,512,1,Hardware: Independent Flip,14645.6986,NA,9.90720000000000,9.92270000000000,9.86830000000000,10.11060000000000,10.1304,14645.5670,9.9999,0.1316,9.8683,0.3322,9.9100,0.4174,9.4926,0.0526,14645.5670,NA,29.4598,29.4598
ZoomTracks.exe,30812,0x1C47021CD80,DXGI,0,512,1,Hardware: Independent Flip,14655.8718,NA,10.17320000000000,10.08950000000000,9.70330000000000,10.03940000000000,10.0467,14655.5669,10.0082,0.3049,9.7033,0.2423,10.1020,0.7574,9.3446,-0.0896,14655.5669,NA,NA,NA
ZoomTracks.exe,30812,0x1C47021CD80,DXGI,0,512,1,Hardware: Independent Flip,14665.7006,NA,9.82880000000000,10.01780000000000,9.86870000000000,10.09740000000000,10.2357,14665.5751,9.9942,0.1255,9.8687,0.3361,9.8868,0.4012,9.4856,-0.0096,14665.5751,NA,NA,NA
ZoomTracks.exe,30812,0x1C47021CD80,DXGI,0,512,1,Hardware: Independent Flip,14675.8222,NA,10.12160000000000,9.89750000000000,9.71890000000000,10.00320000000000,10.0116,14675.5693,9.9718,0.2529,9.7189,0.2287,10.0274,0.6834,9.3440,0.0967,14675.5693,NA,23.4659,23.4659
ZoomTracks.exe,30812,0x1C47021CD80,DXGI,0,512,1,Hardware: Independent Flip,14685.6796,NA,9.85740000000000,10.12150000000000,9.87930000000000,10.10600000000000,10.2757,14685.5411,10.0178,0.1385,9.8793,0.2843,9.9602,0.3862,9.5740,-0.1497,14685.5411,NA,NA,NA
ZoomTracks.exe,30812,0x1C47021CD80,DXGI,0,512,1,Hardware: Independent Flip,14695.6875,NA,10.00790000000000,9.97830000000000,9.86070000000000,10.23970000000000,10.2461,14695.5589,9.9893,0.1286,9.8607,0.2267,10.1416,0.6439,9.4977,0.0395,14695.5589,NA,NA,NA
ZoomTracks.exe,30812,0x1C47021CD80,DXGI,0,512,1,Hardware: Independent Flip,14705.6685,NA,9.98100000000000,9.92760000000000,9.90140000000000,10.18500000000000,10.1927,14705.5482,10.0217,0.1203,9.9014,0.3790,9.9263,0.4760,9.4503,0.0617,14705.5482,NA,NA,NA
ZoomTracks.exe,30812,0x1C47021CD80,DXGI,0,512,1,Hardware: Independent Flip,14715.7116,NA,10.04310000000000,10.00800000000000,9.86380000000000,10.15120000000000,10.1576,14715.5699,10.0055,0.1417,9.8638,0.2836,10.0093,0.4625,9.5468,0.0137,14715.5699,NA,NA,NA
ZoomTracks.exe,30812,0x1C47021CD80,DXGI,0,512,1,Hardware: Independent Flip,14725.7129,NA,10.00130000000000,10.06370000000000,9.87100000000000,10.11180000000000,10.2200,14725.5754,10.0085,0.1375,9.8710,0.2874,9.9619,0.4154,9.5465,-0.0582,14725.5754,NA,NA,NA
ZoomTracks.exe,30812,0x1C47021CD80,DXGI,0,512,1,Hardware: Independent Flip,14735.9549,NA,10.24200000000000,9.99730000000000,9.61680000000000,9.96710000000000,9.9753,14735.5839,9.9878,0.3710,9.6168,0.2408,10.0973,0.7687,9.3286,0.0112,14735.5839,NA,NA,NA
ZoomTracks.exe,30812,0x1C47021CD80,DXGI,0,512,1,Hardware: Independent Flip,14745.6808,NA,9.72590000000000,9.92520000000000,9.90300000000000,10.07610000000000,10.1746,14745.5717,10.0121,0.1091,9.9030,0.3503,9.8349,0.3562,9.4787,0.0626,14745.5717,NA,NA,NA
ZoomTracks.exe,30812,0x1C47021CD80,DXGI,0,512,1,Hardware: Independent Flip,14755.7954,NA,10.11460000000000,10.03710000000000,9.77410000000000,10.09050000000000,10.0971,14755.5838,9.9857,0.2116,9.7741,0.1731,10.1290,0.6946,9.4344,-0.0250,14755.5838,NA,25.5116,25.5116
ZoomTracks.exe,30812,0x1C47021CD80,DXGI,0,512,1,Hardware: Independent Flip,14765.7122,NA,9.91680000000000,9.99920000000000,9.85490000000000,10.04340000000000,10.1795,14765.5695,9.9976,0.1427,9.8549,0.3164,9.8697,0.3626,9.5071,-0.0135,14765.5695,NA,26.5296,26.5296
ZoomTracks.exe,30812,0x1C47021CD80,DXGI,0,512,1,Hardware: Independent Flip,14775.7989,NA,10.08670000000000,10.09200000000000,9.75910000000000,10.17240000000000,10.1848,14775.5671,9.9909,0.2318,9.7591,0.1885,10.2157,0.7691,9.4466,-0.0944,14775.5671,NA,NA,NA
ZoomTracks.exe,30812,0x1C47021CD80,DXGI,0,512,1,Hardware: Independent Flip,14785.6748,NA,9.87590000000000,9.98340000000000,9.90030000000000,10.11100000000000,10.2923,14785.5580,10.0171,0.1168,9.9003,0.4133,9.8145,0.3412,9.4733,0.0075,14785.5580,NA,NA,NA
ZoomTracks.exe,30812,0x1C47021CD80,DXGI,0,512,1,Hardware: Independent Flip,14795.8102,NA,10.13540000000000,9.99250000000000,9.75260000000000,10.14060000000000,10.1494,14795.5751,9.9877,0.2351,9.7526,0.2107,10.1650,0.7374,9.4276,0.0246,14795.5751,NA,NA,NA
ZoomTracks.exe,30812,0x1C47021CD80,DXGI,0,512,1,Hardware: Independent Flip,14805.6987,NA,9.88850000000000,10.08290000000000,9.88530000000000,10.12690000000000,10.3438,14805.5628,10.0212,0.1359,9.8853,0.3880,9.8748,0.3913,9.4835,-0.0952,14805.5628,NA,NA,NA
ZoomTracks.exe,30812,0x1C47021CD80,DXGI,0,512,1,Hardware: Independent Flip,14815.8497,NA,10.15100000000000,9.86390000000000,9.70530000000000,10.04930000000000,10.0567,14815.5840,9.9710,0.2657,9.7053,0.2416,10.0734,0.7332,9.3402,0.1573,14815.5840,NA,24.5504,24.5504
ZoomTracks.exe,30812,0x1C47021CD80,DXGI,0,512,1,Hardware: Independent Flip,14825.6795,NA,9.82980000000000,10.06420000000000,9.90490000000000,10.10460000000000,10.2911,14825.5550,10.0294,0.1245,9.9049,0.3440,9.8851,0.4075,9.4776,-0.0932,14825.5550,NA,22.5740,22.5740
ZoomTracks.exe,30812,0x1C47021CD80,DXGI,0,512,1,Hardware: Independent Flip,14835.8239,NA,10.14440000000000,9.93100000000000,9.74010000000000,10.07020000000000,10.0777,14835.5844,9.9796,0.2395,9.7401,0.1997,10.1100,0.7516,9.3584,0.0984,14835.5844,NA,NA,NA
ZoomTracks.exe,30812,0x1C47021CD80,DXGI,0,512,1,Hardware: Independent Flip,14845.7207,NA,9.89680000000000,10.00130000000000,9.85810000000000,10.07230000000000,10.1822,14845.5640,10.0148,0.1567,9.8581,0.3301,9.8989,0.3981,9.5008,-0.0217,14845.5640,NA,NA,NA
ZoomTracks.exe,30812,0x1C47021CD80,DXGI,0,512,1,Hardware: Independent Flip,14855.9230,NA,10.20230000000000,10.00160000000000,9.64590000000000,9.97340000000000,9.9815,14855.5788,9.9901,0.3442,9.6459,0.2142,10.1034,0.7431,9.3603,0.0132,14855.5788,NA,NA,NA
ZoomTracks.exe,30812,0x1C47021CD80,DXGI,0,512,1,Hardware: Independent Flip,14865.6965,NA,9.77350000000000,9.95600000000000,9.86100000000000,10.07860000000000,10.1640,14865.5689,9.9886,0.1276,9.8610,0.3275,9.8787,0.3836,9.4951,0.0341,14865.5689,NA,NA,NA
ZoomTracks.exe,30812,0x1C47021CD80,DXGI,0,512,1,Hardware: Independent Flip,14875.8763,NA,10.17980000000000,10.07800000000000,9.68880000000000,10.05510000000000,10.0622,14875.5575,10.0076,0.3188,9.6888,0.2176,10.1563,0.8329,9.3234,-0.0894,14875.5575,NA,NA,NA
ZoomTracks.exe,30812,0x1C47021CD80,DXGI,0,512,1,Hardware: Independent Flip,14885.6983,NA,9.82200000000000,9.98630000000000,9.87830000000000,10.09500000000000,10.2265,14885.5651,10.0115,0.1332,9.8783,0.3663,9.8619,0.3983,9.4636,0.0213,14885.5651,NA,NA,NA
ZoomTracks.exe,30812,0x1C47021CD80,DXGI,0,512,1,Hardware: Independent Flip,14895.7042,NA,10.00590000000000,9.93570000000000,9.85190000000000,10.14730000000000,10.1563,14895.5766,9.9795,0.1276,9.8519,0.2167,10.0582,0.7170,9.3412,0.0758,14895.5766,NA,NA,NA
ZoomTracks.exe,30812,0x1C47021CD80,DXGI,0,512,1,Hardware: Independent Flip,14905.8899,NA,10.18570000000000,10.10510000000000,9.69800000000000,9.88870000000000,10.0757,14905.5561,10.0318,0.3338,9.6980,0.2954,9.9271,0.6272,9.2999,-0.1256,14905.5561,NA,24.6140,24.6140
ZoomTracks.exe,30812,0x1C47021CD80,DXGI,0,512,1,Hardware: Independent Flip,14915.8040,NA,9.91410000000000,12.52700000000000,9.73920000000000,12.68130000000000,12.6886,14915.5879,9.9553,0.2161,9.7392,0.1907,12.7067,3.2629,9.4438,-2.4952,14915.5879,NA,NA,NA
ZoomTracks.exe,30812,0x1C47021CD80,DXGI,0,512,1,Hardware: Independent Flip,14925.6857,NA,9.88170000000000,7.24260000000000,9.89930000000000,10.04160000000000,10.0495,14925.5432,10.0418,0.1425,9.8993,2.9421,7.2420,0.3390,6.9030,2.7127,14925.5432,NA,NA,NA
ZoomTracks.exe,30812,0x1C47021CD80,DXGI,0,512,1,Hardware: Independent Flip,14935.8502,NA,10.16450000000000,10.00320000000000,9.74850000000000,9.80870000000000,9.8882,14935.5850,10.0137,0.2652,9.7485,0.1423,9.9316,0.4752,9.4564,0.0386,14935.5850,NA,NA,NA
ZoomTracks.exe,30812,0x1C47021CD80,DXGI,0,512,1,Hardware: Independent Flip,14945.7885,NA,9.93830000000000,12.15570000000000,9.79020000000000,9.86950000000000,12.1056,14945.5987,9.9800,0.1898,9.7902,0.0602,9.9991,0.4921,9.5070,-2.1420,14945.5987,NA,NA,NA
ZoomTracks.exe,30812,0x1C47021CD80,DXGI,0,512,1,Hardware: Independent Flip,14955.7915,NA,10.00300000000000,7.85710000000000,9.77100000000000,9.95020000000000,9.9597,14955.5787,9.9838,0.2128,9.7710,0.0793,10.0837,0.6172,9.4665,2.1229,14955.5787,NA,NA,NA
ZoomTracks.exe,30812,0x1C47021CD80,DXGI,0,512,1,Hardware: Independent Flip,14965.8635,NA,10.07200000000000,10.56740000000000,9.72370000000000,9.83640000000000,10.4551,14965.5625,10.0247,0.3010,9.7237,0.1792,9.9582,0.4977,9.4605,-0.5836,14965.5625,NA,NA,NA
ZoomTracks.exe,30812,0x1C47021CD80,DXGI,0,512,1,Hardware: Independent Flip,14975.8296,NA,9.96610000000000,9.72410000000000,9.76740000000000,9.84490000000000,10.2131,14975.5872,10.0098,0.2424,9.7674,0.1127,9.9746,0.5106,9.4640,0.3006,14975.5872,NA,NA,NA
ZoomTracks.exe,30812,0x1C47021CD80,DXGI,0,512,1,Hardware: Independent Flip,14985.8206,NA,9.99100000000000,9.72320000000000,9.75300000000000,9.93560000000000,9.9453,14985.5970,9.9766,0.2236,9.7530,0.0775,10.0817,0.5955,9.4862,0.2866,14985.5970,NA,29.4259,29.4259
ZoomTracks.exe,30812,0x1C47021CD80,DXGI,0,512,1,Hardware: Independent Flip,14995.8898,NA,10.06920000000000,10.27890000000000,9.70760000000000,9.77900000000000,10.1550,14995.5736,10.0238,0.3162,9.7076,0.1826,9.9126,0.4992,9.4134,-0.3023,14995.5736,NA,NA,NA
ZoomTracks.exe,30812,0x1C47021CD80,DXGI,0,512,1,Hardware: Independent Flip,15005.7934,NA,9.90360000000000,9.72830000000000,9.80610000000000,9.89630000000000,9.9797,15005.5974,10.0021,0.1960,9.8061,0.0714,10.0209,0.5438,9.4771,0.2955,15005.5974,NA,NA,NA
ZoomTracks.exe,30812,0x1C47021CD80,DXGI,0,512,1,Hardware: Independent Flip,15015.9008,NA,10.10740000000000,10.07280000000000,9.65420000000000,9.83850000000000,9.9451,15015.5995,9.9555,0.3013,9.6542,0.0902,10.0496,0.5789,9.4707,-0.0707,15015.5995,NA,16.4779,16.4779
ZoomTracks.exe,30812,0x1C47021CD80,DXGI,0,512,1,Hardware: Independent Flip,15025.7799,NA,9.87910000000000,9.94260000000000,9.77180000000000,9.98760000000000,10.0086,15025.5550,9.9967,0.2249,9.7718,0.1843,10.0282,0.5059,9.5223,0.0129,15025.5550,NA,NA,NA
ZoomTracks.exe,30812,0x1C47021CD80,DXGI,0,512,1,Hardware: Independent Flip,15035.8296,NA,10.04970000000000,10.00150000000000,9.82690000000000,9.87890000000000,9.9604,15035.5517,10.1048,0.2779,9.8269,0.2158,9.9410,0.4190,9.5220,-0.0048,15035.5517,NA,NA,NA
ZoomTracks.exe,30812,0x1C47021CD80,DXGI,0,512,1,Hardware: Independent Flip,15045.8472,NA,10.01760000000000,9.98140000000000,9.76490000000000,9.83550000000000,9.9242,15045.6565,9.9556,0.1907,9.7649,0.0520,9.9742,0.5413,9.4329,0.1234,15045.6565,NA,10.4138,10.4138
ZoomTracks.exe,30812,0x1C47021CD80,DXGI,0,512,1,Hardware: Independent Flip,15055.8348,NA,9.98760000000000,9.96280000000000,9.73880000000000,9.89190000000000,9.8994,15055.6121,9.9615,0.2227,9.7388,0.0706,10.0440,0.5633,9.4807,-0.0072,15055.6121,NA,NA,NA
ZoomTracks.exe,30812,0x1C47021CD80,DXGI,0,512,1,Hardware: Independent Flip,15065.8925,NA,10.05770000000000,10.03960000000000,9.72400000000000,9.78850000000000,9.8813,15065.5736,10.0429,0.3189,9.7240,0.1531,9.9543,0.5059,9.4484,-0.0781,15065.5736,NA,NA,NA
ZoomTracks.exe,30812,0x1C47021CD80,DXGI,0,512,1,Hardware: Independent Flip,15075.8302,NA,9.93770000000000,10.00340000000000,9.78490000000000,9.86260000000000,9.9470,15075.6165,9.9986,0.2137,9.7849,0.0645,10.0118,0.5186,9.4932,0.0395,15075.6165,NA,10.4123,10.4123
ZoomTracks.exe,30812,0x1C47021CD80,DXGI,0,512,1,Hardware: Independent Flip,15085.8301,NA,9.99990000000000,10.00450000000000,9.76950000000000,9.85200000000000,9.9516,15085.6151,9.9845,0.2150,9.7695,0.0777,9.9893,0.5236,9.4657,-0.0059,15085.6151,NA,NA,NA
ZoomTracks.exe,30812,0x1C47021CD80,DXGI,0,512,1,Hardware: Independent Flip,15095.8443,NA,10.01420000000000,9.92540000000000,9.73970000000000,9.79370000000000,9.8628,15095.5996,9.9844,0.2447,9.7397,0.0825,9.9559,0.4977,9.4582,0.0591,15095.5996,NA,NA,NA
ZoomTracks.exe,30812,0x1C47021CD80,DXGI,0,512,1,Hardware: Independent Flip,15105.7636,NA,9.91930000000000,10.04220000000000,9.83760000000000,9.89330000000000,9.9857,15105.5840,10.0172,0.1796,9.8376,0.0540,10.0189,0.4738,9.5451,-0.0578,15105.5840,NA,NA,NA
ZoomTracks.exe,30812,0x1C47021CD80,DXGI,0,512,1,Hardware: Independent Flip,15115.8012,NA,10.03760000000000,10.03260000000000,9.74630000000000,9.96190000000000,9.9807,15115.6012,9.9463,0.2000,9.7463,0.0557,10.1062,0.6158,9.4904,-0.0154,15115.6012,NA,NA,NA
ZoomTracks.exe,30812,0x1C47021CD80,DXGI,0,512,1,Hardware: Independent Flip,15125.8284,NA,10.02720000000000,10.08050000000000,9.72470000000000,10.00400000000000,10.0340,15125.5475,10.0056,0.2809,9.7247,0.2156,10.0693,0.5889,9.4804,-0.1342,15125.5475,NA,NA,NA
ZoomTracks.exe,30812,0x1C47021CD80,DXGI,0,512,1,Hardware: Independent Flip,15135.9185,NA,10.09010000000000,9.87300000000000,9.63110000000000,9.80080000000000,9.8169,15135.5531,9.9965,0.3654,9.6311,0.2793,9.8869,0.4845,9.4024,0.1326,15135.5531,NA,NA,NA
ZoomTracks.exe,30812,0x1C47021CD80,DXGI,0,512,1,Hardware: Independent Flip,15145.8831,NA,9.96460000000000,10.02200000000000,9.73450000000000,9.78700000000000,9.8743,15145.5496,10.0680,0.3335,9.7345,0.1697,9.9508,0.5237,9.4271,-0.0255,15145.5496,NA,NA,NA
ZoomTracks.exe,30812,0x1C47021CD80,DXGI,0,512,1,Hardware: Independent Flip,15155.8219,NA,9.93880000000000,10.00410000000000,9.77570000000000,9.84140000000000,9.9396,15155.6176,9.9800,0.2043,9.7757,0.0525,9.9932,0.5291,9.4641,0.0639,15155.6176,NA,15.3957,15.3957
ZoomTracks.exe,30812,0x1C47021CD80,DXGI,0,512,1,Hardware: Independent Flip,15165.8095,NA,9.98760000000000,9.96360000000000,9.78820000000000,9.83610000000000,9.9156,15165.5976,10.0001,0.2119,9.7882,0.0657,9.9823,0.4844,9.4979,0.0164,15165.5976,NA,NA,NA
ZoomTracks.exe,30812,0x1C47021CD80,DXGI,0,512,1,Hardware: Independent Flip,15175.7698,NA,9.96030000000000,9.99530000000000,9.80860000000000,9.87190000000000,9.9506,15175.5977,9.9807,0.1721,9.8086,0.0479,9.9961,0.5018,9.4943,0.0048,15175.5977,NA,19.3747,19.3747
ZoomTracks.exe,30812,0x1C47021CD80,DXGI,0,512,1,Hardware: Independent Flip,15185.7766,NA,10.00680000000000,10.05840000000000,9.83800000000000,9.89980000000000,10.0022,15185.5784,10.0362,0.1982,9.8380,0.0633,10.0347,0.5055,9.5292,-0.0777,15185.5784,NA,NA,NA
ZoomTracks.exe,30812,0x1C47021CD80,DXGI,0,512,1,Hardware: Independent Flip,15195.8377,NA,10.06110000000000,10.04460000000000,9.73890000000000,9.85960000000000,9.9857,15195.6146,9.9620,0.2231,9.7389,0.0618,10.0209,0.5646,9.4563,-0.0084,15195.6146,NA,NA,NA
ZoomTracks.exe,30812,0x1C47021CD80,DXGI,0,512,1,Hardware: Independent Flip,15205.8137,NA,9.97600000000000,9.91190000000000,9.77800000000000,9.84230000000000,9.9216,15205.5766,10.0151,0.2371,9.7780,0.1207,9.9587,0.5409,9.4178,0.0501,15205.5766,NA,NA,NA
ZoomTracks.exe,30812,0x1C47021CD80,DXGI,0,512,1,Hardware: Independent Flip,15215.7818,NA,9.96810000000000,10.00810000000000,9.81740000000000,9.88530000000000,9.9616,15215.5917,10.0075,0.1901,9.8174,0.0643,10.0111,0.4808,9.5303,0.0070,15215.5917,NA,NA,NA
ZoomTracks.exe,30812,0x1C47021CD80,DXGI,0,512,1,Hardware: Independent Flip,15225.8857,NA,10.10390000000000,10.03870000000000,9.67390000000000,9.87470000000000,9.8964,15225.5992,9.9604,0.2865,9.6739,0.0679,10.0933,0.5784,9.5149,-0.0312,15225.5992,NA,11.4248,11.4248
ZoomTracks.exe,30812,0x1C47021CD80,DXGI,0,512,1,Hardware: Independent Flip,15235.8197,NA,9.93400000000000,10.03640000000000,9.75980000000000,9.92370000000000,9.9988,15235.5596,10.0199,0.2601,9.7598,0.2008,9.9830,0.4702,9.5128,-0.0760,15235.5596,NA,18.4761,18.4761
ZoomTracks.exe,30812,0x1C47021CD80,DXGI,0,512,1,Hardware: Independent Flip,15245.8708,NA,10.05110000000000,9.93170000000000,9.71510000000000,9.86690000000000,9.8794,15245.5795,10.0064,0.2913,9.7151,0.1639,9.9943,0.6046,9.3897,0.0882,15245.5795,NA,NA,NA
ZoomTracks.exe,30812,0x1C47021CD80,DXGI,0,512,1,Hardware: Independent Flip,15255.8964,NA,10.02560000000000,9.99500000000000,9.71480000000000,9.77330000000000,9.8488,15255.5859,10.0253,0.3105,9.7148,0.1518,9.9320,0.5040,9.4280,0.0114,15255.5859,NA,NA,NA
ZoomTracks.exe,30812,0x1C47021CD80,DXGI,0,512,1,Hardware: Independent Flip,15265.7963,NA,9.89990000000000,10.04080000000000,9.81350000000000,9.89270000000000,9.9897,15265.6112,9.9986,0.1851,9.8135,0.0585,10.0193,0.4995,9.5198,-0.0155,15265.6112,NA,NA,NA
ZoomTracks.exe,30812,0x1C47021CD80,DXGI,0,512,1,Hardware: Independent Flip,15275.9148,NA,10.11850000000000,10.01240000000000,9.70340000000000,9.79260000000000,9.8836,15275.6098,10.0084,0.3050,9.7034,0.0792,10.0184,0.5467,9.4717,-0.0138,15275.6098,NA,NA,NA
ZoomTracks.exe,30812,0x1C47021CD80,DXGI,0,512,1,Hardware: Independent Flip,15285.8552,NA,9.94040000000000,9.93070000000000,9.71060000000000,9.86060000000000,9.8739,15285.6182,9.9476,0.2370,9.7106,0.0892,10.0084,0.5766,9.4318,0.0777,15285.6182,NA,NA,NA
ZoomTracks.exe,30812,0x1C47021CD80,DXGI,0,512,1,Hardware: Independent Flip,15295.8379,NA,9.98270000000000,10.00970000000000,9.75390000000000,9.81890000000000,9.9009,15295.5658,10.0260,0.2721,9.7539,0.1500,9.9410,0.4780,9.4630,-0.0621,15295.5658,NA,NA,NA
ZoomTracks.exe,30812,0x1C47021CD80,DXGI,0,512,1,Hardware: Independent Flip,15305.7915,NA,9.95360000000000,10.10990000000000,9.83020000000000,9.91250000000000,10.0572,15305.5918,10.0299,0.1997,9.8302,0.0650,10.0472,0.5240,9.5232,-0.0839,15305.5918,NA,NA,NA
ZoomTracks.exe,30812,0x1C47021CD80,DXGI,0,512,1,Hardware: Independent Flip,15315.8192,NA,10.02770000000000,9.88230000000000,9.78490000000000,9.84640000000000,9.9118,15315.6217,9.9824,0.1975,9.7849,0.0823,9.9616,0.5520,9.4096,0.1476,15315.6217,NA,NA,NA
ZoomTracks.exe,30812,0x1C47021CD80,DXGI,0,512,1,Hardware: Independent Flip,15325.8457,NA,10.02650000000000,10.02910000000000,9.69930000000000,9.84100000000000,9.9144,15325.6041,9.9409,0.2416,9.6993,0.0615,10.0211,0.4844,9.5367,-0.0467,15325.6041,NA,15.3628,15.3628
ZoomTracks.exe,30812,0x1C47021CD80,DXGI,0,512,1,Hardware: Independent Flip,15335.7949,NA,9.94920000000000,9.97230000000000,9.76640000000000,9.92670000000000,9.9375,15335.5450,10.0163,0.2499,9.7664,0.1417,10.0349,0.5292,9.5057,-0.0314,15335.5450,NA,NA,NA
ZoomTracks.exe,30812,0x1C47021CD80,DXGI,0,512,1,Hardware: Independent Flip,15345.8710,NA,10.07610000000000,10.05740000000000,9.66810000000000,9.90080000000000,9.9188,15345.5613,9.9778,0.3097,9.6681,0.1603,10.0502,0.6141,9.4361,-0.0411,15345.5613,NA,16.4202,16.4202
ZoomTracks.exe,30812,0x1C47021CD80,DXGI,0,512,1,Hardware: Independent Flip,15355.8365,NA,9.96550000000000,9.99520000000000,9.77840000000000,9.84530000000000,9.9485,15355.5391,10.0758,0.2974,9.7784,0.2327,9.9100,0.4319,9.4781,-0.0174,15355.5391,NA,NA,NA
ZoomTracks.exe,30812,0x1C47021CD80,DXGI,0,512,1,Hardware: Independent Flip,15365.9115,NA,10.07500000000000,9.98920000000000,9.70570000000000,9.77420000000000,9.8627,15365.6149,10.0023,0.2966,9.7057,0.0669,10.0039,0.5160,9.4879,0.0866,15365.6149,NA,NA,NA
ZoomTracks.exe,30812,0x1C47021CD80,DXGI,0,512,1,Hardware: Independent Flip,15375.8288,NA,9.91730000000000,9.99870000000000,9.75780000000000,9.83210000000000,9.9441,15375.6172,9.9694,0.2116,9.7578,0.0685,9.9752,0.4922,9.4830,0.0036,15375.6172,NA,NA,NA
ZoomTracks.exe,30812,0x1C47021CD80,DXGI,0,512,1,Hardware: Independent Flip,15385.8219,NA,9.99310000000000,10.16120000000000,9.93090000000000,9.99320000000000,10.1122,15385.5866,10.1662,0.2353,9.9309,0.0743,10.1542,0.5438,9.6104,-0.1918,15385.5866,NA,NA,NA
ZoomTracks.exe,30812,0x1C47021CD80,DXGI,0,512,1,Hardware: Independent Flip,15396.0046,NA,10.18270000000000,9.93560000000000,9.60820000000000,9.67440000000000,9.8651,15395.7528,9.8600,0.2518,9.6082,0.0623,9.8639,0.5605,9.3034,0.2306,15395.7528,NA,10.4818,10.4818
ZoomTracks.exe,30812,0x1C47021CD80,DXGI,0,512,1,Hardware: Independent Flip,15405.7990,NA,9.79440000000000,9.87910000000000,9.78920000000000,9.87230000000000,9.9498,15405.6128,9.9754,0.1862,9.7892,0.0662,9.9923,0.5475,9.4448,-0.0191,15405.6128,NA,NA,NA
ZoomTracks.exe,30812,0x1C47021CD80,DXGI,0,512,1,Hardware: Independent Flip,15415.8121,NA,10.01310000000000,10.03130000000000,9.75510000000000,9.83470000000000,9.9680,15415.5882,9.9790,0.2239,9.7551,0.0831,9.9755,0.4707,9.5048,-0.0559,15415.5882,NA,23.4134,23.4134
ZoomTracks.exe,30812,0x1C47021CD80,DXGI,0,512,1,Hardware: Independent Flip,15425.7768,NA,9.96470000000000,9.98710000000000,9.77240000000000,9.97160000000000,9.9904,15425.5672,9.9820,0.2096,9.7724,0.0796,10.1016,0.6240,9.4776,-0.0081,15425.5672,NA,NA,NA
ZoomTracks.exe,30812,0x1C47021CD80,DXGI,0,512,1,Hardware: Independent Flip,15435.8042,NA,10.02740000000000,9.98010000000000,9.73820000000000,9.83440000000000,9.9431,15435.5492,9.9932,0.2550,9.7382,0.1992,9.8902,0.4158,9.4744,0.0019,15435.5492,NA,NA,NA
ZoomTracks.exe,30812,0x1C47021CD80,DXGI,0,512,1,Hardware: Independent Flip,15445.7295,NA,9.92530000000000,10.05740000000000,9.82290000000000,10.04980000000000,10.0752,15445.5424,10.0100,0.1871,9.8229,0.0962,10.1407,0.6615,9.4792,-0.0642,15445.5424,NA,NA,NA
ZoomTracks.exe,30812,0x1C47021CD80,DXGI,0,512,1,Hardware: Independent Flip,15455.8376,NA,10.10810000000000,10.00200000000000,9.73680000000000,9.83850000000000,9.9691,15455.5524,10.0220,0.2852,9.7368,0.2269,9.8968,0.4643,9.4325,0.0080,15455.5524,NA,NA,NA
ZoomTracks.exe,30812,0x1C47021CD80,DXGI,0,512,1,Hardware: Independent Flip,15465.8035,NA,9.96590000000000,9.93960000000000,9.79870000000000,9.85250000000000,9.9428,15465.5744,10.0278,0.2291,9.7987,0.1017,9.9799,0.5263,9.4536,0.0824,15465.5744,NA,NA,NA
ZoomTracks.exe,30812,0x1C47021CD80,DXGI,0,512,1,Hardware: Independent Flip,15475.8107,NA,10.00720000000000,10.01230000000000,9.78980000000000,9.85320000000000,9.9479,15475.6022,9.9983,0.2085,9.7898,0.0538,10.0079,0.5153,9.4926,0.0155,15475.6022,NA,18.4195,18.4195
ZoomTracks.exe,30812,0x1C47021CD80,DXGI,0,512,1,Hardware: Independent Flip,15485.8041,NA,9.99340000000000,10.02570000000000,9.81620000000000,9.89690000000000,9.9802,15485.6005,10.0198,0.2036,9.8162,0.0634,10.0371,0.5204,9.5167,-0.0274,15485.6005,NA,NA,NA
ZoomTracks.exe,30812,0x1C47021CD80,DXGI,0,512,1,Hardware: Independent Flip,15495.8387,NA,10.03460000000000,9.95610000000000,9.74580000000000,9.80750000000000,9.9017,15495.6203,9.9642,0.2184,9.7458,0.0807,9.9452,0.4802,9.4650,0.0637,15495.6203,NA,10.3855,10.3855
ZoomTracks.exe,30812,0x1C47021CD80,DXGI,0,512,1,Hardware: Independent Flip,15505.7848,NA,9.94610000000000,9.99940000000000,9.82130000000000,9.87260000000000,9.9550,15505.5845,10.0216,0.2003,9.8213,0.0617,10.0112,0.4887,9.5225,-0.0352,15505.5845,NA,NA,NA
ZoomTracks.exe,30812,0x1C47021CD80,DXGI,0,512,1,Hardware: Independent Flip,15515.7783,NA,9.99350000000000,10.02300000000000,9.79470000000000,9.87490000000000,9.9845,15515.6061,9.9669,0.1722,9.7947,0.0513,9.9958,0.5149,9.4809,-0.0014,15515.6061,NA,NA,NA
ZoomTracks.exe,30812,0x1C47021CD80,DXGI,0,512,1,Hardware: Independent Flip,15525.8106,NA,10.03230000000000,10.01090000000000,9.77580000000000,9.85360000000000,9.9631,15525.5730,10.0134,0.2376,9.7758,0.0802,10.0110,0.5085,9.5025,-0.0440,15525.5730,NA,NA,NA
ZoomTracks.exe,30812,0x1C47021CD80,DXGI,0,512,1,Hardware: Independent Flip,15535.8372,NA,10.02660000000000,9.97210000000000,9.73230000000000,9.90100000000000,9.9086,15535.5864,9.9831,0.2508,9.7323,0.0778,10.0740,0.6175,9.4565,0.0413,15535.5864,NA,NA,NA
ZoomTracks.exe,30812,0x1C47021CD80,DXGI,0,512,1,Hardware: Independent Flip,15545.8620,NA,10.02480000000000,10.06150000000000,9.69170000000000,9.92760000000000,9.9453,15545.5695,9.9842,0.2925,9.6917,0.1687,10.0514,0.6255,9.4259,-0.0784,15545.5695,NA,NA,NA
ZoomTracks.exe,30812,0x1C47021CD80,DXGI,0,512,1,Hardware: Independent Flip,15555.8528,NA,9.99080000000000,9.98340000000000,9.74760000000000,9.81790000000000,9.9379,15555.5537,10.0467,0.2991,9.7476,0.2359,9.8811,0.4282,9.4529,0.0008,15555.5537,NA,NA,NA
ZoomTracks.exe,30812,0x1C47021CD80,DXGI,0,512,1,Hardware: Independent Flip,15565.8441,NA,9.99130000000000,10.00650000000000,9.71160000000000,9.93120000000000,9.9531,15565.6004,9.9553,0.2437,9.7116,0.0703,10.1046,0.6173,9.4873,0.0402,15565.6004,NA,14.4308,14.4308
ZoomTracks.exe,30812,0x1C47021CD80,DXGI,0,512,1,Hardware: Independent Flip,15575.8447,NA,10.00060000000000,9.98820000000000,9.73040000000000,9.79700000000000,9.9407,15575.5557,10.0194,0.2890,9.7304,0.2196,9.8664,0.3996,9.4668,-0.0329,15575.5557,NA,NA,NA
ZoomTracks.exe,30812,0x1C47021CD80,DXGI,0,512,1,Hardware: Independent Flip,15585.8020,NA,9.95730000000000,9.96670000000000,9.80870000000000,9.85860000000000,9.9501,15585.5751,10.0356,0.2269,9.8087,0.0666,10.0189,0.4981,9.5208,0.0527,15585.5751,NA,NA,NA
ZoomTracks.exe,30812,0x1C47021CD80,DXGI,0,512,1,Hardware: Independent Flip,15595.8175,NA,10.01550000000000,10.06250000000000,9.75450000000000,9.85920000000000,9.9971,15595.6107,9.9613,0.2068,9.7545,0.0499,10.0161,0.5175,9.4986,-0.0269,15595.6107,NA,20.4610,20.4610
ZoomTracks.exe,30812,0x1C47021CD80,DXGI,0,512,1,Hardware: Independent Flip,15605.7988,NA,9.98130000000000,9.93130000000000,9.77970000000000,9.86970000000000,9.9471,15605.5720,10.0065,0.2268,9.7797,0.1047,9.9918,0.5431,9.4487,0.0300,15605.5720,NA,NA,NA
ZoomTracks.exe,30812,0x1C47021CD80,DXGI,0,512,1,Hardware: Independent Flip,15615.7951,NA,9.99630000000000,9.99390000000000,9.79770000000000,9.85820000000000,9.9447,15615.5785,10.0143,0.2166,9.7977,0.0900,9.9848,0.4644,9.5204,0.0126,15615.5785,NA,NA,NA
ZoomTracks.exe,30812,0x1C47021CD80,DXGI,0,512,1,Hardware: Independent Flip,15625.7889,NA,9.99380000000000,10.04550000000000,9.82960000000000,9.88970000000000,9.9964,15625.5928,10.0257,0.1961,9.8296,0.0605,10.0253,0.5165,9.5088,-0.0312,15625.5928,NA,NA,NA
ZoomTracks.exe,30812,0x1C47021CD80,DXGI,0,512,1,Hardware: Independent Flip,15635.8427,NA,10.05380000000000,9.99900000000000,9.76070000000000,9.82190000000000,9.9416,15635.6185,9.9849,0.2242,9.7607,0.0601,9.9860,0.5399,9.4461,0.0267,15635.6185,NA,NA,NA
ZoomTracks.exe,30812,0x1C47021CD80,DXGI,0,512,1,Hardware: Independent Flip,15645.7723,NA,9.92960000000000,10.06620000000000,9.78620000000000,10.05530000000000,10.0782,15645.6034,9.9551,0.1689,9.7862,0.0612,10.1630,0.7021,9.4609,-0.0813,15645.6034,NA,NA,NA
ZoomTracks.exe,30812,0x1C47021CD80,DXGI,0,512,1,Hardware: Independent Flip,15655.8811,NA,10.10880000000000,9.97800000000000,9.72490000000000,9.79580000000000,9.9474,15655.5585,10.0475,0.3226,9.7249,0.2691,9.8493,0.4547,9.3946,-0.0229,15655.5585,NA,NA,NA
ZoomTracks.exe,30812,0x1C47021CD80,DXGI,0,512,1,Hardware: Independent Flip,15665.8174,NA,9.93630000000000,9.97810000000000,9.73450000000000,9.96820000000000,9.9892,15665.6060,9.9459,0.2114,9.7345,0.0709,10.1087,0.6821,9.4266,0.0694,15665.6060,NA,25.4457,25.4457
ZoomTracks.exe,30812,0x1C47021CD80,DXGI,0,512,1,Hardware: Independent Flip,15675.8364,NA,10.01900000000000,10.01950000000000,9.75630000000000,9.81740000000000,9.9897,15675.5519,10.0408,0.2845,9.7563,0.2337,9.8682,0.4217,9.4465,-0.0736,15675.5519,NA,NA,NA
ZoomTracks.exe,30812,0x1C47021CD80,DXGI,0,512,1,Hardware: Independent Flip,15685.8012,NA,9.96480000000000,9.93170000000000,9.80240000000000,9.87000000000000,9.9566,15685.5927,10.0109,0.2085,9.8024,0.0611,10.0174,0.5760,9.4414,0.1091,15685.5927,NA,22.3927,22.3927
ZoomTracks.exe,30812,0x1C47021CD80,DXGI,0,512,1,Hardware: Independent Flip,15695.8229,NA,10.02170000000000,10.07810000000000,9.77350000000000,9.87200000000000,10.0130,15695.6036,9.9928,0.2193,9.7735,0.0676,10.0237,0.5230,9.5007,-0.0672,15695.6036,NA,NA,NA
ZoomTracks.exe,30812,0x1C47021CD80,DXGI,0,512,1,Hardware: Independent Flip,15705.8262,NA,10.00330000000000,9.91240000000000,9.74650000000000,9.91260000000000,9.9221,15705.5964,9.9763,0.2298,9.7465,0.0985,10.0439,0.6249,9.4190,0.0804,15705.5964,NA,NA,NA
ZoomTracks.exe,30812,0x1C47021CD80,DXGI,0,512,1,Hardware: Independent Flip,15715.8524,NA,10.02620000000000,9.98670000000000,9.71200000000000,9.87080000000000,9.8826,15715.5727,9.9917,0.2797,9.7120,0.1661,9.9844,0.5512,9.4332,-0.0104,15715.5727,NA,NA,NA
ZoomTracks.exe,30812,0x1C47021CD80,DXGI,0,512,1,Hardware: Independent Flip,15725.8458,NA,9.99340000000000,10.00590000000000,9.72900000000000,9.80790000000000,9.8951,15725.5644,10.0104,0.2814,9.7290,0.1588,9.9305,0.4896,9.4409,-0.0142,15725.5644,NA,NA,NA
ZoomTracks.exe,30812,0x1C47021CD80,DXGI,0,512,1,Hardware: Independent Flip,15735.7738,NA,9.92800000000000,10.03390000000000,9.80390000000000,9.99240000000000,10.0010,15735.5748,10.0029,0.1990,9.8039,0.0789,10.1125,0.6212,9.4913,-0.0235,15735.5748,NA,NA,NA
ZoomTracks.exe,30812,0x1C47021CD80,DXGI,0,512,1,Hardware: Independent Flip,15745.8908,NA,10.11700000000000,9.90990000000000,9.67590000000000,9.73450000000000,9.7939,15745.5777,9.9890,0.3131,9.6759,0.1885,9.8591,0.4305,9.4286,0.0930,15745.5777,NA,NA,NA
ZoomTracks.exe,30812,0x1C47021CD80,DXGI,0,512,1,Hardware: Independent Flip,15755.7408,NA,9.85000000000000,10.07090000000000,9.85080000000000,9.93480000000000,10.0148,15755.5667,10.0249,0.1741,9.8508,0.0586,10.0503,0.4424,9.6079,-0.0819,15755.5667,NA,NA,NA
ZoomTracks.exe,30812,0x1C47021CD80,DXGI,0,512,1,Hardware: Independent Flip,15765.8100,NA,10.06920000000000,10.07690000000000,9.74690000000000,9.93500000000000,10.0225,15765.5916,9.9653,0.2184,9.7469,0.0840,10.0694,0.5788,9.4906,-0.0520,15765.5916,NA,15.4825,15.4825
ZoomTracks.exe,30812,0x1C47021CD80,DXGI,0,512,1,Hardware: Independent Flip,15775.7852,NA,9.97520000000000,9.93670000000000,9.77130000000000,9.96410000000000,9.9840,15775.5569,9.9996,0.2283,9.7713,0.1881,10.0043,0.4915,9.5128,0.0286,15775.5569,NA,NA,NA
ZoomTracks.exe,30812,0x1C47021CD80,DXGI,0,512,1,Hardware: Independent Flip,15785.8044,NA,10.01920000000000,9.94920000000000,9.74250000000000,9.83980000000000,9.9140,15785.5565,9.9904,0.2479,9.7425,0.1928,9.8949,0.3983,9.4966,0.0504,15785.5565,NA,NA,NA
ZoomTracks.exe,30812,0x1C47021CD80,DXGI,0,512,1,Hardware: Independent Flip,15795.7813,NA,9.97690000000000,10.02840000000000,9.82530000000000,9.88030000000000,9.9655,15795.5469,10.0597,0.2344,9.8253,0.0973,10.0174,0.5069,9.5105,-0.0380,15795.5469,NA,NA,NA
ZoomTracks.exe,30812,0x1C47021CD80,DXGI,0,512,1,Hardware: Independent Flip,15805.7983,NA,10.01700000000000,9.98020000000000,9.80160000000000,9.84600000000000,9.9287,15805.6066,9.9933,0.1917,9.8016,0.0550,9.9827,0.4869,9.4958,0.0795,15805.6066,NA,NA,NA
ZoomTracks.exe,30812,0x1C47021CD80,DXGI,0,512,1,Hardware: Independent Flip,15815.7837,NA,9.98540000000000,10.05550000000000,9.82530000000000,9.89890000000000,9.9988,15815.5999,10.0091,0.1838,9.8253,0.0444,10.0383,0.5064,9.5319,-0.0622,15815.5999,NA,NA,NA
ZoomTracks.exe,30812,0x1C47021CD80,DXGI,0,512,1,Hardware: Independent Flip,15825.8356,NA,10.05190000000000,9.99070000000000,9.76380000000000,9.83870000000000,9.9376,15825.6090,9.9904,0.2266,9.7638,0.0736,9.9917,0.5245,9.4672,0.0184,15825.6090,NA,NA,NA
ZoomTracks.exe,30812,0x1C47021CD80,DXGI,0,512,1,Hardware: Independent Flip,15835.9030,NA,10.06740000000000,10.02980000000000,9.69380000000000,9.79680000000000,9.9000,15835.5994,9.9974,0.3036,9.6938,0.0749,10.0255,0.5440,9.4815,-0.0394,15835.5994,NA,NA,NA
ZoomTracks.exe,30812,0x1C47021CD80,DXGI,0,512,1,Hardware: Independent Flip,15845.8589,NA,9.95590000000000,9.97010000000000,9.73950000000000,9.81830000000000,9.9142,15845.5968,10.0016,0.2621,9.7395,0.1030,9.9774,0.5405,9.4369,0.0273,15845.5968,NA,NA,NA
ZoomTracks.exe,30812,0x1C47021CD80,DXGI,0,512,1,Hardware: Independent Flip,15855.8387,NA,9.97980000000000,10.09740000000000,9.73940000000000,10.00590000000000,10.0318,15855.5984,9.9797,0.2403,9.7394,0.0788,10.1674,0.7033,9.4641,-0.0958,15855.5984,NA,NA,NA
ZoomTracks.exe,30812,0x1C47021CD80,DXGI,0,512,1,Hardware: Independent Flip,15865.6982,NA,9.85950000000000,9.98640000000000,9.85270000000000,10.05640000000000,10.1587,15865.5781,9.9728,0.1201,9.8527,0.2665,9.9100,0.5106,9.3994,-0.0067,15865.5781,NA,NA,NA
ZoomTracks.exe,30812,0x1C47021CD80,DXGI,0,512,1,Hardware: Independent Flip,15875.7966,NA,10.09840000000000,9.94020000000000,9.75830000000000,9.97930000000000,10.0005,15875.5509,10.0040,0.2457,9.7583,0.2037,10.0213,0.5538,9.4675,0.0326,15875.5509,NA,NA,NA
ZoomTracks.exe,30812,0x1C47021CD80,DXGI,0,512,1,Hardware: Independent Flip,15885.8330,NA,10.03640000000000,10.01920000000000,9.72630000000000,9.84730000000000,9.9833,15885.5549,10.0044,0.2781,9.7263,0.2210,9.9044,0.4497,9.4547,-0.0152,15885.5549,NA,24.4466,24.4466
ZoomTracks.exe,30812,0x1C47021CD80,DXGI,0,512,1,Hardware: Independent Flip,15895.8688,NA,10.03580000000000,9.92960000000000,9.73040000000000,9.78970000000000,9.8771,15895.5593,10.0399,0.3095,9.7304,0.1210,9.9782,0.4631,9.5151,0.0748,15895.5593,NA,NA,NA
ZoomTracks.exe,30812,0x1C47021CD80,DXGI,0,512,1,Hardware: Independent Flip,15905.8769,NA,10.00810000000000,10.07050000000000,9.74040000000000,9.82770000000000,9.9395,15905.5992,10.0181,0.2777,9.7404,0.0593,10.0461,0.5260,9.5201,-0.0306,15905.5992,NA,26.4797,26.4797
ZoomTracks.exe,30812,0x1C47021CD80,DXGI,0,512,1,Hardware: Independent Flip,15915.8552,NA,9.97830000000000,9.99160000000000,9.77810000000000,9.84110000000000,9.9528,15915.6173,10.0160,0.2379,9.7781,0.0873,9.9917,0.5492,9.4425,0.0265,15915.6173,NA,NA,NA
ZoomTracks.exe,30812,0x1C47021CD80,DXGI,0,512,1,Hardware: Independent Flip,15925.8684,NA,10.01320000000000,9.96090000000000,9.72500000000000,9.80290000000000,9.9005,15925.6333,9.9601,0.2351,9.7250,0.0630,9.9750,0.5354,9.4396,0.0551,15925.6333,NA,NA,NA
ZoomTracks.exe,30812,0x1C47021CD80,DXGI,0,512,1,Hardware: Independent Flip,15935.8240,NA,9.95560000000000,9.97140000000000,9.77220000000000,9.83340000000000,9.9163,15935.5934,10.0028,0.2306,9.7722,0.0779,9.9861,0.5074,9.4787,-0.0113,15935.5934,NA,NA,NA
ZoomTracks.exe,30812,0x1C47021CD80,DXGI,0,512,1,Hardware: Independent Flip,15945.7865,NA,9.96250000000000,9.99780000000000,9.79680000000000,9.93930000000000,9.9516,15945.5962,9.9871,0.1903,9.7968,0.0612,10.0684,0.5914,9.4770,0.0050,15945.5962,NA,NA,NA
ZoomTracks.exe,30812,0x1C47021CD80,DXGI,0,512,1,Hardware: Independent Flip,15955.8708,NA,10.08430000000000,10.09460000000000,9.77420000000000,9.86380000000000,9.9619,15955.5833,10.0617,0.2875,9.7742,0.1425,10.0088,0.5191,9.4897,-0.1075,15955.5833,NA,NA,NA
ZoomTracks.exe,30812,0x1C47021CD80,DXGI,0,512,1,Hardware: Independent Flip,15965.9666,NA,10.09580000000000,9.93150000000000,9.65790000000000,9.71170000000000,9.7976,15965.6450,9.9795,0.3216,9.6579,0.0896,9.9437,0.5181,9.4256,0.1302,15965.6450,NA,10.3991,10.3991
ZoomTracks.exe,30812,0x1C47021CD80,DXGI,0,512,1,Hardware: Independent Flip,15975.8279,NA,9.86130000000000,10.01610000000000,9.72000000000000,9.92920000000000,9.9524,15975.6245,9.9234,0.2034,9.7200,0.0538,10.0788,0.5945,9.4843,-0.0366,15975.6245,NA,NA,NA
ZoomTracks.exe,30812,0x1C47021CD80,DXGI,0,512,1,Hardware: Independent Flip,15985.8179,NA,9.99000000000000,9.99130000000000,9.74260000000000,9.84020000000000,9.9537,15985.5479,10.0126,0.2700,9.7426,0.2092,9.9010,0.3964,9.5046,-0.0679,15985.5479,NA,15.4032,15.4032
ZoomTracks.exe,30812,0x1C47021CD80,DXGI,0,512,1,Hardware: Independent Flip,15995.8673,NA,10.04940000000000,9.97840000000000,9.73500000000000,9.80400000000000,9.8827,15995.5605,10.0418,0.3068,9.7350,0.0976,10.0132,0.5524,9.4608,0.0342,15995.5605,NA,NA,NA
ZoomTracks.exe,30812,0x1C47021CD80,DXGI,0,512,1,Hardware: Independent Flip,16005.7976,NA,9.93030000000000,10.03590000000000,9.80320000000000,9.88040000000000,9.9883,16005.6023,9.9985,0.1953,9.8032,0.0690,10.0067,0.5349,9.4718,0.0059,16005.6023,NA,NA,NA
ZoomTracks.exe,30812,0x1C47021CD80,DXGI,0,512,1,Hardware: Independent Flip,16015.8223,NA,10.02470000000000,9.96080000000000,9.77420000000000,9.83570000000000,9.9244,16015.6008,9.9957,0.2215,9.7742,0.0772,9.9800,0.5897,9.3903,0.0377,16015.6008,NA,NA,NA
ZoomTracks.exe,30812,0x1C47021CD80,DXGI,0,512,1,Hardware: Independent Flip,16025.7853,NA,9.96300000000000,10.02720000000000,9.82320000000000,9.88820000000000,9.9886,16025.5965,10.0120,0.1888,9.8232,0.0615,10.0155,0.5641,9.4514,-0.0315,16025.5965,NA,NA,NA
ZoomTracks.exe,30812,0x1C47021CD80,DXGI,0,512,1,Hardware: Independent Flip,16035.8216,NA,10.03630000000000,9.95780000000000,9.75830000000000,9.81710000000000,9.9101,16035.6085,9.9714,0.2131,9.7583,0.0650,9.9652,0.4821,9.4831,0.0542,16035.6085,NA,NA,NA
ZoomTracks.exe,30812,0x1C47021CD80,DXGI,0,512,1,Hardware: Independent Flip,16045.7892,NA,9.96760000000000,10.02180000000000,9.80850000000000,9.86350000000000,9.9643,16045.5799,10.0178,0.2093,9.8085,0.0588,10.0140,0.5069,9.5071,-0.0504,16045.5799,NA,NA,NA
ZoomTracks.exe,30812,0x1C47021CD80,DXGI,0,512,1,Hardware: Independent Flip,16055.8153,NA,10.02610000000000,10.01560000000000,9.75850000000000,9.94180000000000,9.9538,16055.5977,9.9761,0.2176,9.7585,0.0550,10.1044,0.6383,9.4661,0.0022,16055.5977,NA,NA,NA
ZoomTracks.exe,30812,0x1C47021CD80,DXGI,0,512,1,Hardware: Independent Flip,16065.8904,NA,10.07510000000000,9.96710000000000,9.70220000000000,9.76640000000000,9.8458,16065.5738,10.0188,0.3166,9.7022,0.1833,9.8997,0.4951,9.4046,0.0090,16065.5738,NA,15.3606,15.3606
ZoomTracks.exe,30812,0x1C47021CD80,DXGI,0,512,1,Hardware: Independent Flip,16075.7888,NA,9.89840000000000,10.11030000000000,9.80000000000000,10.03120000000000,10.0577,16075.5926,9.9962,0.1962,9.8000,0.0642,10.1632,0.6424,9.5208,-0.0915,16075.5926,NA,NA,NA
ZoomTracks.exe,30812,0x1C47021CD80,DXGI,0,512,1,Hardware: Independent Flip,16085.8969,NA,10.10810000000000,9.90900000000000,9.66420000000000,9.84610000000000,9.8586,16085.5888,9.9723,0.3081,9.6642,0.2312,9.9230,0.5049,9.4181,0.0872,16085.5888,NA,11.3964,11.3964
ZoomTracks.exe,30812,0x1C47021CD80,DXGI,0,512,1,Hardware: Independent Flip,16095.8816,NA,9.98470000000000,10.01730000000000,9.66460000000000,9.87240000000000,9.8912,16095.5611,9.9851,0.3205,9.6646,0.1819,10.0110,0.6222,9.3888,-0.0450,16095.5611,NA,NA,NA
ZoomTracks.exe,30812,0x1C47021CD80,DXGI,0,512,1,Hardware: Independent Flip,16105.8195,NA,9.93790000000000,10.06260000000000,9.75740000000000,9.89000000000000,10.0159,16105.5462,10.0307,0.2733,9.7574,0.2078,9.9555,0.4721,9.4834,-0.0775,16105.5462,NA,NA,NA
ZoomTracks.exe,30812,0x1C47021CD80,DXGI,0,512,1,Hardware: Independent Flip,16115.8049,NA,9.98540000000000,9.90610000000000,9.76560000000000,9.92340000000000,9.9366,16115.5769,9.9936,0.2280,9.7656,0.1326,10.0188,0.6147,9.4041,0.1246,16115.5769,NA,NA,NA
ZoomTracks.exe,30812,0x1C47021CD80,DXGI,0,512,1,Hardware: Independent Flip,16125.8606,NA,10.05570000000000,10.05200000000000,9.73050000000000,9.81700000000000,9.9329,16125.5705,10.0206,0.2901,9.7305,0.1578,9.9493,0.5083,9.4410,-0.0584,16125.5705,NA,NA,NA
ZoomTracks.exe,30812,0x1C47021CD80,DXGI,0,512,1,Hardware: Independent Flip,16135.8466,NA,9.98600000000000,9.97590000000000,9.72390000000000,9.91430000000000,9.9228,16135.5911,9.9794,0.2555,9.7239,0.0865,10.0833,0.6508,9.4325,0.0447,16135.5911,NA,NA,NA
ZoomTracks.exe,30812,0x1C47021CD80,DXGI,0,512,1,Hardware: Independent Flip,16145.8823,NA,10.03570000000000,10.03670000000000,9.73910000000000,9.83710000000000,9.9238,16145.5705,10.0509,0.3118,9.7391,0.1904,9.9585,0.5483,9.4102,-0.0573,16145.5705,NA,NA,NA
ZoomTracks.exe,30812,0x1C47021CD80,DXGI,0,512,1,Hardware: Independent Flip,16155.8610,NA,9.97870000000000,9.91030000000000,9.72740000000000,9.77780000000000,9.8554,16155.6214,9.9670,0.2396,9.7274,0.0980,9.9194,0.4659,9.4535,0.1406,16155.6214,NA,19.3514,19.3514
ZoomTracks.exe,30812,0x1C47021CD80,DXGI,0,512,1,Hardware: Independent Flip,16165.7720,NA,9.91100000000000,10.04750000000000,9.82150000000000,9.98130000000000,9.9919,16165.5884,10.0051,0.1836,9.8215,0.0504,10.1145,0.5752,9.5393,-0.0805,16165.5884,NA,11.3861,11.3861
ZoomTracks.exe,30812,0x1C47021CD80,DXGI,0,512,1,Hardware: Independent Flip,16175.8958,NA,10.12380000000000,9.99890000000000,9.69790000000000,9.76640000000000,9.8670,16175.5935,10.0002,0.3023,9.6979,0.1598,9.9089,0.4942,9.4147,0.0062,16175.5935,NA,NA,NA
ZoomTracks.exe,30812,0x1C47021CD80,DXGI,0,512,1,Hardware: Independent Flip,16185.8197,NA,9.92390000000000,10.02980000000000,9.78880000000000,9.87060000000000,9.9729,16185.5937,10.0148,0.2260,9.7888,0.0685,10.0281,0.5341,9.4940,-0.0296,16185.5937,NA,NA,NA
ZoomTracks.exe,30812,0x1C47021CD80,DXGI,0,512,1,Hardware: Independent Flip,16195.8492,NA,10.02950000000000,10.11080000000000,9.70940000000000,9.93000000000000,10.0542,16195.6085,9.9501,0.2407,9.7094,0.0818,10.0889,0.6390,9.4499,-0.0960,16195.6085,NA,NA,NA
ZoomTracks.exe,30812,0x1C47021CD80,DXGI,0,512,1,Hardware: Independent Flip,16205.8055,NA,9.95630000000000,9.93570000000000,9.81460000000000,9.89530000000000,10.0336,16205.5586,10.0615,0.2469,9.8146,0.2206,9.9216,0.4362,9.4854,0.0144,16205.5586,NA,NA,NA
ZoomTracks.exe,30812,0x1C47021CD80,DXGI,0,512,1,Hardware: Independent Flip,16215.8239,NA,10.01840000000000,9.90000000000000,9.77930000000000,9.83080000000000,9.9152,16215.6201,9.9831,0.2038,9.7793,0.0807,9.9539,0.5557,9.3982,0.1615,16215.6201,NA,NA,NA
ZoomTracks.exe,30812,0x1C47021CD80,DXGI,0,512,1,Hardware: Independent Flip,16225.7892,NA,9.96530000000000,10.03750000000000,9.78080000000000,9.86710000000000,9.9874,16225.6032,9.9668,0.1860,9.7808,0.0515,10.0016,0.5078,9.4938,-0.0544,16225.6032,NA,NA,NA
ZoomTracks.exe,30812,0x1C47021CD80,DXGI,0,512,1,Hardware: Independent Flip,16235.8118,NA,10.02260000000000,10.00790000000000,9.78480000000000,9.87330000000000,9.9727,16235.5700,10.0266,0.2418,9.7848,0.0863,10.0288,0.5539,9.4749,-0.0411,16235.5700,NA,NA,NA
ZoomTracks.exe,30812,0x1C47021CD80,DXGI,0,512,1,Hardware: Independent Flip,16245.8197,NA,10.00790000000000,9.94210000000000,9.77010000000000,9.89820000000000,9.9069,16245.5966,9.9932,0.2231,9.7701,0.0885,10.0328,0.5682,9.4646,0.0845,16245.5966,NA,NA,NA
ZoomTracks.exe,30812,0x1C47021CD80,DXGI,0,512,1,Hardware: Independent Flip,16255.8569,NA,10.03720000000000,10.02160000000000,9.72720000000000,9.88390000000000,9.8913,16255.5898,9.9943,0.2671,9.7272,0.1281,10.0229,0.6015,9.4214,-0.0284,16255.5898,NA,14.3639,14.3639
ZoomTracks.exe,30812,0x1C47021CD80,DXGI,0,512,1,Hardware: Independent Flip,16265.8525,NA,9.99560000000000,9.97510000000000,9.71300000000000,9.86220000000000,9.8708,16265.5841,9.9814,0.2684,9.7130,0.1567,9.9739,0.5444,9.4295,0.0192,16265.5841,NA,NA,NA
ZoomTracks.exe,30812,0x1C47021CD80,DXGI,0,512,1,Hardware: Independent Flip,16275.8438,NA,9.99130000000000,10.04770000000000,9.74120000000000,9.85300000000000,9.9272,16275.5655,10.0195,0.2783,9.7412,0.1492,9.9821,0.5281,9.4540,-0.0663,16275.5655,NA,11.4283,11.4283
ZoomTracks.exe,30812,0x1C47021CD80,DXGI,0,512,1,Hardware: Independent Flip,16285.8240,NA,9.98020000000000,10.03670000000000,9.77070000000000,9.86070000000000,9.9837,16285.5850,10.0097,0.2390,9.7707,0.1118,9.9879,0.5018,9.4861,-0.0172,16285.5850,NA,NA,NA
ZoomTracks.exe,30812,0x1C47021CD80,DXGI,0,512,1,Hardware: Independent Flip,16295.8438,NA,10.01980000000000,10.01100000000000,9.69780000000000,9.95690000000000,9.9749,16295.5947,9.9469,0.2491,9.6978,0.0900,10.1160,0.6936,9.4224,-0.0013,16295.5947,NA,NA,NA
ZoomTracks.exe,30812,0x1C47021CD80,DXGI,0,512,1,Hardware: Independent Flip,16305.8649,NA,10.02110000000000,9.99920000000000,9.71070000000000,9.83240000000000,9.9530,16305.5416,10.0340,0.3233,9.7107,0.2591,9.8966,0.4562,9.4404,-0.0523,16305.5416,NA,NA,NA
ZoomTracks.exe,30812,0x1C47021CD80,DXGI,0,512,1,Hardware: Independent Flip,16315.7967,NA,9.93180000000000,10.00940000000000,9.75980000000000,10.02250000000000,10.0306,16315.5756,9.9809,0.2211,9.7598,0.1217,10.1219,0.7042,9.4177,0.0246,16315.5756,NA,NA,NA
ZoomTracks.exe,30812,0x1C47021CD80,DXGI,0,512,1,Hardware: Independent Flip,16325.7076,NA,9.91090000000000,9.96760000000000,9.87680000000000,9.94630000000000,10.0873,16325.5565,10.0279,0.1511,9.8768,0.2627,9.8347,0.2567,9.5780,0.0133,16325.5565,NA,NA,NA
ZoomTracks.exe,30812,0x1C47021CD80,DXGI,0,512,1,Hardware: Independent Flip,16335.7808,NA,10.07320000000000,9.99530000000000,9.79210000000000,9.98710000000000,10.0094,16335.5844,9.9885,0.1964,9.7921,0.0695,10.1140,0.6467,9.4673,0.0326,16335.5844,NA,NA,NA
ZoomTracks.exe,30812,0x1C47021CD80,DXGI,0,512,1,Hardware: Independent Flip,16345.8176,NA,10.03680000000000,10.14320000000000,9.80080000000000,9.93740000000000,10.1158,16345.5729,10.0455,0.2447,9.8008,0.1950,9.9871,0.5060,9.4811,-0.1547,16345.5729,NA,21.5761,21.5761
ZoomTracks.exe,30812,0x1C47021CD80,DXGI,0,512,1,Hardware: Independent Flip,16355.8975,NA,10.07990000000000,9.82050000000000,9.69570000000000,9.77580000000000,9.8564,16355.6184,9.9748,0.2791,9.6957,0.1366,9.9183,0.6023,9.3160,0.2250,16355.6184,NA,NA,NA
ZoomTracks.exe,30812,0x1C47021CD80,DXGI,0,512,1,Hardware: Independent Flip,16365.8022,NA,9.90470000000000,10.04810000000000,9.80000000000000,9.86540000000000,9.9998,16365.5932,10.0090,0.2090,9.8000,0.0801,9.9943,0.4925,9.5018,-0.0733,16365.5932,NA,15.4309,15.4309
ZoomTracks.exe,30812,0x1C47021CD80,DXGI,0,512,1,Hardware: Independent Flip,16375.7922,NA,9.99000000000000,9.93250000000000,9.78530000000000,9.84890000000000,9.9423,16375.6022,9.9753,0.1900,9.7853,0.0654,9.9735,0.5215,9.4520,0.0765,16375.6022,NA,NA,NA
ZoomTracks.exe,30812,0x1C47021CD80,DXGI,0,512,1,Hardware: Independent Flip,16385.7868,NA,9.99460000000000,10.02140000000000,9.80490000000000,9.89410000000000,9.9691,16385.5775,10.0142,0.2093,9.8049,0.0636,10.0398,0.5327,9.5071,-0.0461,16385.5775,NA,NA,NA
ZoomTracks.exe,30812,0x1C47021CD80,DXGI,0,512,1,Hardware: Independent Flip,16395.8084,NA,10.02160000000000,10.12110000000000,9.73980000000000,9.93270000000000,10.0686,16395.5917,9.9565,0.2167,9.7398,0.0892,10.0602,0.5786,9.4816,-0.1069,16395.5917,NA,NA,NA
ZoomTracks.exe,30812,0x1C47021CD80,DXGI,0,512,1,Hardware: Independent Flip,16405.7657,NA,9.95730000000000,9.90920000000000,9.84290000000000,9.93210000000000,10.0205,16405.5482,10.0604,0.2175,9.8429,0.1929,9.9567,0.4537,9.5030,0.0473,16405.5482,NA,NA,NA
ZoomTracks.exe,30812,0x1C47021CD80,DXGI,0,512,1,Hardware: Independent Flip,16415.8411,NA,10.07540000000000,10.03640000000000,9.71830000000000,9.96250000000000,9.9815,16415.6086,9.9508,0.2325,9.7183,0.0892,10.1058,0.6463,9.4595,0.0240,16415.6086,NA,NA,NA
ZoomTracks.exe,30812,0x1C47021CD80,DXGI,0,512,1,Hardware: Independent Flip,16425.8742,NA,10.03310000000000,9.97170000000000,9.76690000000000,9.83300000000000,9.9201,16425.5594,10.0817,0.3148,9.7669,0.2442,9.9036,0.4595,9.4441,-0.0209,16425.5594,NA,NA,NA
ZoomTracks.exe,30812,0x1C47021CD80,DXGI,0,512,1,Hardware: Independent Flip,16435.8451,NA,9.97090000000000,9.94790000000000,9.74990000000000,9.81400000000000,9.8971,16435.6411,9.9539,0.2040,9.7499,0.0661,9.9519,0.4929,9.4590,0.1338,16435.6411,NA,NA,NA
ZoomTracks.exe,30812,0x1C47021CD80,DXGI,0,512,1,Hardware: Independent Flip,16445.7895,NA,9.94440000000000,10.05950000000000,9.80890000000000,9.89010000000000,10.0122,16445.5950,10.0034,0.1945,9.8089,0.0641,10.0205,0.5128,9.5077,-0.1056,16445.5950,NA,20.4446,20.4446
ZoomTracks.exe,30812,0x1C47021CD80,DXGI,0,512,1,Hardware: Independent Flip,16455.8550,NA,10.06550000000000,9.93350000000000,9.75800000000000,9.80910000000000,9.8802,16455.5984,10.0146,0.2566,9.7580,0.0812,9.9845,0.5356,9.4489,0.0699,16455.5984,NA,NA,NA
ZoomTracks.exe,30812,0x1C47021CD80,DXGI,0,512,1,Hardware: Independent Flip,16465.7850,NA,9.93000000000000,10.06370000000000,9.81730000000000,9.90930000000000,10.0139,16465.6130,9.9893,0.1720,9.8173,0.0511,10.0302,0.4970,9.5332,-0.0491,16465.6130,NA,18.4619,18.4619
ZoomTracks.exe,30812,0x1C47021CD80,DXGI,0,512,1,Hardware: Independent Flip,16475.8550,NA,10.07000000000000,9.95470000000000,9.73160000000000,9.81020000000000,9.8986,16475.6023,9.9843,0.2527,9.7316,0.0920,9.9709,0.5298,9.4411,0.0346,16475.6023,NA,NA,NA
ZoomTracks.exe,30812,0x1C47021CD80,DXGI,0,512,1,Hardware: Independent Flip,16485.8077,NA,9.95270000000000,9.97400000000000,9.76520000000000,9.91120000000000,9.9199,16485.5866,9.9863,0.2211,9.7652,0.0786,10.0537,0.5753,9.4784,0.0103,16485.5866,NA,NA,NA
ZoomTracks.exe,30812,0x1C47021CD80,DXGI,0,512,1,Hardware: Independent Flip,16495.8671,NA,10.05940000000000,10.01530000000000,9.72840000000000,9.79490000000000,9.8758,16495.5729,10.0226,0.2942,9.7284,0.1460,9.9431,0.4701,9.4730,-0.0290,16495.5729,NA,NA,NA
ZoomTracks.exe,30812,0x1C47021CD80,DXGI,0,512,1,Hardware: Independent Flip,16505.7906,NA,9.92350000000000,10.00860000000000,9.81870000000000,9.87460000000000,9.9609,16505.5955,10.0138,0.1951,9.8187,0.0665,10.0032,0.5005,9.5027,0.0140,16505.5955,NA,NA,NA
ZoomTracks.exe,30812,0x1C47021CD80,DXGI,0,512,1,Hardware: Independent Flip,16515.8025,NA,10.01190000000000,10.06210000000000,9.84170000000000,9.93630000000000,10.0111,16515.6093,10.0349,0.1932,9.8417,0.0559,10.0736,0.5848,9.4888,-0.0483,16515.6093,NA,NA,NA
ZoomTracks.exe,30812,0x1C47021CD80,DXGI,0,512,1,Hardware: Independent Flip,16525.8633,NA,10.06080000000000,10.05270000000000,9.75890000000000,9.87530000000000,10.0030,16525.6442,9.9780,0.2191,9.7589,0.0946,9.9998,0.5912,9.4086,-0.0178,16525.6442,NA,NA,NA
ZoomTracks.exe,30812,0x1C47021CD80,DXGI,0,512,1,Hardware: Independent Flip,16535.9048,NA,10.04150000000000,9.86080000000000,9.64950000000000,9.81550000000000,9.8223,16535.6222,9.9321,0.2826,9.6495,0.1164,9.9817,0.6464,9.3353,0.1172,16535.6222,NA,20.3777,20.3777
ZoomTracks.exe,30812,0x1C47021CD80,DXGI,0,512,1,Hardware: Independent Flip,16545.8602,NA,9.95540000000000,10.03260000000000,9.73030000000000,9.80780000000000,9.8995,16545.5543,10.0362,0.3059,9.7303,0.1660,9.9477,0.5035,9.4442,-0.1005,16545.5543,NA,NA,NA
ZoomTracks.exe,30812,0x1C47021CD80,DXGI,0,512,1,Hardware: Independent Flip,16555.8129,NA,9.95270000000000,9.97570000000000,9.78940000000000,9.83990000000000,9.9225,16555.5905,10.0118,0.2224,9.7894,0.0775,9.9848,0.4911,9.4937,0.0605,16555.5905,NA,NA,NA
ZoomTracks.exe,30812,0x1C47021CD80,DXGI,0,512,1,Hardware: Independent Flip,16565.8317,NA,10.01880000000000,10.02050000000000,9.74910000000000,9.91250000000000,9.9242,16565.6023,9.9785,0.2294,9.7491,0.0505,10.0914,0.5896,9.5018,-0.0087,16565.6023,NA,NA,NA
ZoomTracks.exe,30812,0x1C47021CD80,DXGI,0,512,1,Hardware: Independent Flip,16575.8707,NA,10.03900000000000,10.20130000000000,9.79740000000000,9.94790000000000,10.0865,16575.5808,10.0873,0.2899,9.7974,0.1634,10.0744,0.6548,9.4196,-0.2228,16575.5808,NA,NA,NA
ZoomTracks.exe,30812,0x1C47021CD80,DXGI,0,512,1,Hardware: Independent Flip,16585.9320,NA,10.06130000000000,9.84910000000000,9.64190000000000,9.86210000000000,9.8743,16585.6681,9.9058,0.2639,9.6419,0.1505,9.9755,0.6885,9.2870,0.2382,16585.6681,NA,NA,NA
ZoomTracks.exe,30812,0x1C47021CD80,DXGI,0,512,1,Hardware: Independent Flip,16595.9287,NA,9.99670000000000,9.93850000000000,9.67760000000000,9.73430000000000,9.8161,16595.5739,10.0324,0.3548,9.6776,0.2202,9.8689,0.5240,9.3449,-0.0327,16595.5739,NA,12.3778,12.3778
ZoomTracks.exe,30812,0x1C47021CD80,DXGI,0,512,1,Hardware: Independent Flip,16605.7981,NA,9.86940000000000,10.05180000000000,9.78100000000000,9.86350000000000,9.9985,16605.6063,9.9728,0.1918,9.7810,0.0567,9.9986,0.4961,9.5025,-0.0194,16605.6063,NA,NA,NA
ZoomTracks.exe,30812,0x1C47021CD80,DXGI,0,512,1,Hardware: Independent Flip,16615.8371,NA,10.03900000000000,9.94160000000000,9.76350000000000,9.82340000000000,9.9011,16615.5791,10.0215,0.2580,9.7635,0.0825,9.9989,0.5434,9.4555,0.0312,16615.5791,NA,NA,NA
ZoomTracks.exe,30812,0x1C47021CD80,DXGI,0,512,1,Hardware: Independent Flip,16625.7912,NA,9.95410000000000,10.10510000000000,9.88240000000000,9.95840000000000,10.0521,16625.6006,10.0730,0.1906,9.8824,0.0599,10.0891,0.4998,9.5893,-0.0836,16625.6006,NA,NA,NA
ZoomTracks.exe,30812,0x1C47021CD80,DXGI,0,512,1,Hardware: Independent Flip,16635.8986,NA,10.10740000000000,9.85330000000000,9.65750000000000,9.78960000000000,9.7980,16635.6736,9.8825,0.2250,9.6575,0.0760,9.9386,0.5956,9.3430,0.2197,16635.6736,NA,13.3272,13.3272
ZoomTracks.exe,30812,0x1C47021CD80,DXGI,0,512,1,Hardware: Independent Flip,16645.8422,NA,9.94360000000000,10.07530000000000,9.72880000000000,9.91670000000000,9.9297,16645.5561,10.0149,0.2861,9.7288,0.1321,10.0707,0.5753,9.4954,-0.1928,16645.5561,NA,NA,NA
ZoomTracks.exe,30812,0x1C47021CD80,DXGI,0,512,1,Hardware: Independent Flip,16655.8927,NA,10.05050000000000,10.04460000000000,9.70900000000000,9.77610000000000,9.9238,16655.5710,10.0307,0.3217,9.7090,0.1879,9.9099,0.5045,9.4054,-0.0297,16655.5710,NA,NA,NA
ZoomTracks.exe,30812,0x1C47021CD80,DXGI,0,512,1,Hardware: Independent Flip,16665.7913,NA,9.89860000000000,9.90290000000000,9.78670000000000,9.92070000000000,9.9281,16665.6017,9.9763,0.1896,9.7867,0.0671,10.0432,0.5987,9.4445,0.1278,16665.6017,NA,NA,NA
ZoomTracks.exe,30812,0x1C47021CD80,DXGI,0,512,1,Hardware: Independent Flip,16675.8825,NA,10.09120000000000,10.10150000000000,9.70030000000000,9.92740000000000,9.9384,16675.5780,10.0048,0.3045,9.7003,0.1340,10.0979,0.6436,9.4543,-0.1252,16675.5780,NA,NA,NA
ZoomTracks.exe,30812,0x1C47021CD80,DXGI,0,512,1,Hardware: Independent Flip,16685.9385,NA,10.05600000000000,9.91370000000000,9.66650000000000,9.71860000000000,9.7961,16685.5828,10.0222,0.3557,9.6665,0.2271,9.8472,0.5499,9.2973,0.0911,16685.5828,NA,NA,NA
ZoomTracks.exe,30812,0x1C47021CD80,DXGI,0,512,1,Hardware: Independent Flip,16695.8624,NA,9.92390000000000,10.07390000000000,9.75080000000000,9.84750000000000,9.9461,16695.6050,10.0082,0.2574,9.7508,0.0521,10.0528,0.5105,9.5423,-0.0517,16695.6050,NA,18.4399,18.4399
ZoomTracks.exe,30812,0x1C47021CD80,DXGI,0,512,1,Hardware: Independent Flip,16705.8744,NA,10.01200000000000,10.03790000000000,9.75190000000000,9.83550000000000,9.9720,16705.6132,10.0131,0.2612,9.7519,0.0967,10.0000,0.5679,9.4321,-0.0297,16705.6132,NA,NA,NA
ZoomTracks.exe,30812,0x1C47021CD80,DXGI,0,512,1,Hardware: Independent Flip,16715.8815,NA,10.00710000000000,9.91900000000000,9.71530000000000,9.78800000000000,9.8839,16715.6263,9.9705,0.2552,9.7153,0.0836,9.9596,0.5530,9.4066,0.0941,16715.6263,NA,NA,NA
ZoomTracks.exe,30812,0x1C47021CD80,DXGI,0,512,1,Hardware: Independent Flip,16725.8174,NA,9.93590000000000,10.06210000000000,9.80130000000000,9.86950000000000,10.0101,16725.5968,10.0219,0.2206,9.8013,0.0727,10.0174,0.5287,9.4887,-0.0916,16725.5968,NA,15.4842,15.4842
ZoomTracks.exe,30812,0x1C47021CD80,DXGI,0,512,1,Hardware: Independent Flip,16735.8454,NA,10.02800000000000,10.01160000000000,9.71620000000000,9.97350000000000,9.9937,16735.6187,9.9429,0.2267,9.7162,0.0682,10.1320,0.7011,9.4309,0.0103,16735.6187,NA,NA,NA
ZoomTracks.exe,30812,0x1C47021CD80,DXGI,0,512,1,Hardware: Independent Flip,16745.8767,NA,10.03130000000000,10.05820000000000,9.70810000000000,9.99660000000000,10.0206,16745.5616,10.0232,0.3151,9.7081,0.2573,10.0544,0.6345,9.4199,-0.1153,16745.5616,NA,NA,NA
ZoomTracks.exe,30812,0x1C47021CD80,DXGI,0,512,1,Hardware: Independent Flip,16755.9399,NA,10.06320000000000,9.91850000000000,9.67460000000000,9.75440000000000,9.8759,16755.5848,10.0297,0.3551,9.6746,0.2885,9.8210,0.4813,9.3397,0.1047,16755.5848,NA,NA,NA
ZoomTracks.exe,30812,0x1C47021CD80,DXGI,0,512,1,Hardware: Independent Flip,16765.8831,NA,9.94320000000000,9.93820000000000,9.71840000000000,9.79050000000000,9.8709,16765.6145,9.9870,0.2686,9.7184,0.0798,9.9793,0.5709,9.4084,0.0915,16765.6145,NA,NA,NA
ZoomTracks.exe,30812,0x1C47021CD80,DXGI,0,512,1,Hardware: Independent Flip,16775.7952,NA,9.91210000000000,10.15480000000000,9.91870000000000,10.03880000000000,10.1136,16775.6015,10.1124,0.1937,9.9187,0.0721,10.1604,0.5494,9.6110,-0.1678,16775.6015,NA,NA,NA
ZoomTracks.exe,30812,0x1C47021CD80,DXGI,0,512,1,Hardware: Independent Flip,16785.9638,NA,10.16860000000000,9.86970000000000,9.64490000000000,9.72690000000000,9.8147,16785.7139,9.8948,0.2499,9.6449,0.1201,9.8567,0.5721,9.2846,0.2427,16785.7139,NA,10.4123,10.4123
ZoomTracks.exe,30812,0x1C47021CD80,DXGI,0,512,1,Hardware: Independent Flip,16795.8548,NA,9.89100000000000,9.92330000000000,9.71600000000000,9.83960000000000,9.8470,16795.6087,9.9621,0.2461,9.7160,0.0820,10.0037,0.5342,9.4695,-0.0285,16795.6087,NA,NA,NA
ZoomTracks.exe,30812,0x1C47021CD80,DXGI,0,512,1,Hardware: Independent Flip,16805.8538,NA,9.99900000000000,10.13900000000000,9.73390000000000,9.81450000000000,9.9870,16805.5708,10.0169,0.2830,9.7339,0.1236,9.9739,0.5050,9.4689,-0.1769,16805.5708,NA,NA,NA
ZoomTracks.exe,30812,0x1C47021CD80,DXGI,0,512,1,Hardware: Independent Flip,16815.8147,NA,9.96090000000000,9.97650000000000,9.76840000000000,9.99190000000000,10.0026,16815.5877,9.9954,0.2270,9.7684,0.0806,10.1383,0.7222,9.4161,0.0404,16815.5877,NA,NA,NA
ZoomTracks.exe,30812,0x1C47021CD80,DXGI,0,512,1,Hardware: Independent Flip,16825.9412,NA,10.12650000000000,10.00550000000000,9.63330000000000,9.75290000000000,9.8816,16825.5831,9.9914,0.3581,9.6333,0.2235,9.8875,0.5448,9.3427,-0.0101,16825.5831,NA,NA,NA
ZoomTracks.exe,30812,0x1C47021CD80,DXGI,0,512,1,Hardware: Independent Flip,16835.8032,NA,9.86200000000000,9.95440000000000,9.74780000000000,9.95530000000000,9.9740,16835.5745,9.9765,0.2287,9.7478,0.1196,10.0644,0.6491,9.4153,0.0370,16835.5745,NA,NA,NA
ZoomTracks.exe,30812,0x1C47021CD80,DXGI,0,512,1,Hardware: Independent Flip,16845.8366,NA,10.03340000000000,10.07080000000000,9.72620000000000,9.93040000000000,10.0114,16845.5510,10.0118,0.2856,9.7262,0.2075,10.0085,0.5300,9.4785,-0.0943,16845.5510,NA,27.4863,27.4863
ZoomTracks.exe,30812,0x1C47021CD80,DXGI,0,512,1,Hardware: Independent Flip,16855.8780,NA,10.04140000000000,9.87350000000000,9.70980000000000,9.83540000000000,9.8435,16855.5628,10.0250,0.3152,9.7098,0.2042,9.9464,0.4903,9.4561,0.1383,16855.5628,NA,NA,NA
ZoomTracks.exe,30812,0x1C47021CD80,DXGI,0,512,1,Hardware: Independent Flip,16865.8746,NA,9.99660000000000,10.03850000000000,9.71360000000000,9.80660000000000,9.8854,16865.5878,10.0004,0.2868,9.7136,0.1256,9.9678,0.5066,9.4612,-0.0135,16865.5878,NA,NA,NA
ZoomTracks.exe,30812,0x1C47021CD80,DXGI,0,512,1,Hardware: Independent Flip,16875.8140,NA,9.93940000000000,10.08450000000000,9.79330000000000,9.87320000000000,10.0305,16875.5882,10.0191,0.2258,9.7933,0.0930,10.0060,0.5200,9.4860,-0.0841,16875.5882,NA,NA,NA
ZoomTracks.exe,30812,0x1C47021CD80,DXGI,0,512,1,Hardware: Independent Flip,16885.8015,NA,9.98750000000000,9.90110000000000,9.80310000000000,9.86530000000000,9.9441,16885.6073,9.9973,0.1942,9.8031,0.0799,9.9796,0.5577,9.4219,0.1180,16885.6073,NA,NA,NA
ZoomTracks.exe,30812,0x1C47021CD80,DXGI,0,512,1,Hardware: Independent Flip,16895.8014,NA,9.99990000000000,10.02330000000000,9.80240000000000,9.88650000000000,9.9675,16895.6046,9.9992,0.1968,9.8024,0.0622,10.0211,0.5027,9.5184,-0.0260,16895.6046,NA,16.4054,16.4054
ZoomTracks.exe,30812,0x1C47021CD80,DXGI,0,512,1,Hardware: Independent Flip,16905.8208,NA,10.01940000000000,9.97950000000000,9.78130000000000,9.84880000000000,9.9276,16905.6038,9.9983,0.2170,9.7813,0.0841,9.9817,0.4952,9.4865,0.0197,16905.6038,NA,NA,NA
ZoomTracks.exe,30812,0x1C47021CD80,DXGI,0,512,1,Hardware: Independent Flip,16915.8013,NA,9.98050000000000,10.02940000000000,9.79690000000000,9.89050000000000,9.9765,16915.6021,9.9961,0.1992,9.7969,0.0675,10.0222,0.5163,9.5059,-0.0311,16915.6021,NA,NA,NA
ZoomTracks.exe,30812,0x1C47021CD80,DXGI,0,512,1,Hardware: Independent Flip,16925.8292,NA,10.02790000000000,10.00610000000000,9.78610000000000,9.85310000000000,9.9547,16925.5982,10.0171,0.2310,9.7861,0.0936,9.9905,0.5193,9.4712,-0.0100,16925.5982,NA,NA,NA
ZoomTracks.exe,30812,0x1C47021CD80,DXGI,0,512,1,Hardware: Independent Flip,16935.8391,NA,10.00990000000000,9.96020000000000,9.73230000000000,9.89670000000000,9.9050,16935.6153,9.9561,0.2238,9.7323,0.0670,10.0535,0.6032,9.4503,0.0569,16935.6153,NA,NA,NA
ZoomTracks.exe,30812,0x1C47021CD80,DXGI,0,512,1,Hardware: Independent Flip,16945.8534,NA,10.01430000000000,10.10780000000000,9.69320000000000,9.95970000000000,9.9985,16945.5714,9.9752,0.2820,9.6932,0.1644,10.0773,0.6479,9.4294,-0.1517,16945.5714,NA,NA,NA
ZoomTracks.exe,30812,0x1C47021CD80,DXGI,0,512,1,Hardware: Independent Flip,16955.8930,NA,10.03960000000000,9.93990000000000,9.72130000000000,9.81140000000000,9.8988,16955.5466,10.0677,0.3464,9.7213,0.2665,9.8913,0.5032,9.3881,0.0353,16955.5466,NA,NA,NA
ZoomTracks.exe,30812,0x1C47021CD80,DXGI,0,512,1,Hardware: Independent Flip,16965.8477,NA,9.95470000000000,10.07670000000000,9.71250000000000,9.99630000000000,10.0208,16965.6143,9.9459,0.2334,9.7125,0.0901,10.1396,0.6877,9.4519,-0.0090,16965.6143,NA,NA,NA
ZoomTracks.exe,30812,0x1C47021CD80,DXGI,0,512,1,Hardware: Independent Flip,16975.9141,NA,10.06640000000000,9.94330000000000,9.69460000000000,9.80120000000000,9.8977,16975.5602,10.0485,0.3539,9.6946,0.2838,9.8713,0.5232,9.3481,0.0026,16975.5602,NA,NA,NA
ZoomTracks.exe,30812,0x1C47021CD80,DXGI,0,512,1,Hardware: Independent Flip,16985.8642,NA,9.95010000000000,10.07190000000000,9.70640000000000,9.99370000000000,10.0195,16985.6087,9.9619,0.2555,9.7064,0.1066,10.1426,0.7066,9.4360,-0.0234,16985.6087,NA,13.4995,13.4995
ZoomTracks.exe,30812,0x1C47021CD80,DXGI,0,512,1,Hardware: Independent Flip,16995.8731,NA,10.00890000000000,10.09100000000000,9.71940000000000,9.92530000000000,10.1016,16995.5706,10.0219,0.3025,9.7194,0.2873,9.9405,0.6271,9.3134,-0.1291,16995.5706,NA,NA,NA
ZoomTracks.exe,30812,0x1C47021CD80,DXGI,0,512,1,Hardware: Independent Flip,17005.8453,NA,9.97220000000000,9.87170000000000,9.71710000000000,9.97610000000000,10.0011,17005.5925,9.9699,0.2528,9.7171,0.2059,10.0230,0.6584,9.3646,0.1502,17005.5925,NA,NA,NA
ZoomTracks.exe,30812,0x1C47021CD80,DXGI,0,512,1,Hardware: Independent Flip,17015.8668,NA,10.02150000000000,10.21100000000000,9.71360000000000,10.17080000000000,10.1906,17015.5624,10.0180,0.3044,9.7136,0.2590,10.2162,0.8688,9.3474,-0.2411,17015.5624,NA,NA,NA
ZoomTracks.exe,30812,0x1C47021CD80,DXGI,0,512,1,Hardware: Independent Flip,17025.7235,NA,9.85670000000000,9.83070000000000,9.85170000000000,10.13880000000000,10.1646,17025.5804,9.9948,0.1431,9.8517,0.4572,9.8247,0.4229,9.4018,0.1873,17025.5804,NA,24.5172,24.5172
ZoomTracks.exe,30812,0x1C47021CD80,DXGI,0,512,1,Hardware: Independent Flip,17035.7151,NA,9.99160000000000,9.98580000000000,9.87250000000000,10.14360000000000,10.1588,17035.5752,10.0124,0.1399,9.8725,0.2871,9.9964,0.6978,9.2986,0.0090,17035.5752,NA,NA,NA
ZoomTracks.exe,30812,0x1C47021CD80,DXGI,0,512,1,Hardware: Independent Flip,17045.8959,NA,10.18080000000000,10.12840000000000,9.65770000000000,9.88550000000000,10.1064,17045.5876,9.9660,0.3083,9.6577,0.2711,9.9227,0.7158,9.2069,-0.1160,17045.5876,NA,NA,NA
ZoomTracks.exe,30812,0x1C47021CD80,DXGI,0,512,1,Hardware: Independent Flip,17055.8023,NA,9.90640000000000,9.83010000000000,9.79350000000000,10.01020000000000,10.0301,17055.5536,10.0422,0.2487,9.7935,0.2278,10.0311,0.5794,9.4517,0.1359,17055.5536,NA,NA,NA
ZoomTracks.exe,30812,0x1C47021CD80,DXGI,0,512,1,Hardware: Independent Flip,17065.8700,NA,10.06770000000000,10.11020000000000,9.68140000000000,9.92350000000000,10.0726,17065.5958,9.9556,0.2742,9.6814,0.2167,9.9810,0.5846,9.3964,-0.0680,17065.5958,NA,NA,NA
ZoomTracks.exe,30812,0x1C47021CD80,DXGI,0,512,1,Hardware: Independent Flip,17075.7094,NA,9.83940000000000,9.95940000000000,9.87760000000000,10.16860000000000,10.1926,17075.5514,10.0356,0.1580,9.8776,0.2421,10.0845,0.6327,9.4518,-0.0038,17075.5514,NA,NA,NA
ZoomTracks.exe,30812,0x1C47021CD80,DXGI,0,512,1,Hardware: Independent Flip,17085.9199,NA,10.21050000000000,9.93840000000000,9.65890000000000,9.89920000000000,9.9205,17085.5870,9.9918,0.3329,9.6589,0.2910,9.9411,0.6054,9.3357,0.0972,17085.5870,NA,25.4907,25.4907
ZoomTracks.exe,30812,0x1C47021CD80,DXGI,0,512,1,Hardware: Independent Flip,17095.8815,NA,9.96160000000000,10.08240000000000,9.70610000000000,10.01590000000000,10.0413,17095.5788,10.0088,0.3027,9.7061,0.2403,10.0783,0.7594,9.3189,-0.0906,17095.5788,NA,NA,NA
ZoomTracks.exe,30812,0x1C47021CD80,DXGI,0,512,1,Hardware: Independent Flip,17105.9454,NA,10.06390000000000,9.98220000000000,9.64140000000000,9.93610000000000,9.9596,17105.5876,9.9992,0.3578,9.6414,0.3098,9.9841,0.7231,9.2610,0.0266,17105.5876,NA,NA,NA
ZoomTracks.exe,30812,0x1C47021CD80,DXGI,0,512,1,Hardware: Independent Flip,17115.9221,NA,9.97670000000000,9.97500000000000,9.65360000000000,9.93440000000000,9.9579,17115.5868,9.9889,0.3353,9.6536,0.2947,9.9750,0.6915,9.2835,0.0242,17115.5868,NA,NA,NA
ZoomTracks.exe,30812,0x1C47021CD80,DXGI,0,512,1,Hardware: Independent Flip,17125.8969,NA,9.97480000000000,10.24150000000000,9.67330000000000,10.18040000000000,10.2246,17125.5757,9.9945,0.3212,9.6733,0.2808,10.2208,0.9417,9.2791,-0.2526,17125.5757,NA,NA,NA
ZoomTracks.exe,30812,0x1C47021CD80,DXGI,0,512,1,Hardware: Independent Flip,17135.6997,NA,9.80280000000000,9.83850000000000,9.89620000000000,10.10230000000000,10.2603,17135.5702,10.0257,0.1295,9.8962,0.5071,9.7247,0.6945,9.0302,0.1560,17135.5702,NA,NA,NA
ZoomTracks.exe,30812,0x1C47021CD80,DXGI,0,512,1,Hardware: Independent Flip,17145.8312,NA,10.13150000000000,9.89990000000000,9.73760000000000,10.00580000000000,10.0287,17145.5959,9.9729,0.2353,9.7376,0.2061,10.0350,0.5836,9.4514,0.1258,17145.5959,NA,NA,NA
ZoomTracks.exe,30812,0x1C47021CD80,DXGI,0,512,1,Hardware: Independent Flip,17155.8746,NA,10.04340000000000,10.05720000000000,9.69500000000000,9.89160000000000,10.0425,17155.5688,10.0008,0.3058,9.6950,0.2682,9.9292,0.5998,9.3294,-0.0843,17155.5688,NA,NA,NA
ZoomTracks.exe,30812,0x1C47021CD80,DXGI,0,512,1,Hardware: Independent Flip,17165.7946,NA,9.92000000000000,9.92780000000000,9.76870000000000,10.04340000000000,10.0503,17165.5696,9.9937,0.2250,9.7687,0.1966,10.0718,0.5975,9.4743,0.0730,17165.5696,NA,NA,NA
ZoomTracks.exe,30812,0x1C47021CD80,DXGI,0,512,1,Hardware: Independent Flip,17175.7085,NA,9.91390000000000,10.04110000000000,9.86060000000000,10.08750000000000,10.1775,17175.5633,10.0058,0.1452,9.8606,0.2747,9.9580,0.4205,9.5375,-0.0474,17175.5633,NA,NA,NA
ZoomTracks.exe,30812,0x1C47021CD80,DXGI,0,512,1,Hardware: Independent Flip,17185.7112,NA,10.00270000000000,9.95650000000000,9.84620000000000,10.12390000000000,10.1313,17185.5691,9.9883,0.1421,9.8462,0.2269,10.0391,0.7445,9.2946,0.0493,17185.5691,NA,21.4825,21.4825
ZoomTracks.exe,30812,0x1C47021CD80,DXGI,0,512,1,Hardware: Independent Flip,17195.7065,NA,9.99530000000000,10.04300000000000,9.87030000000000,10.15650000000000,10.1790,17195.5574,10.0194,0.1491,9.8703,0.2777,10.0279,0.4859,9.5420,-0.0547,17195.5574,NA,NA,NA
ZoomTracks.exe,30812,0x1C47021CD80,DXGI,0,512,1,Hardware: Independent Flip,17205.9024,NA,10.19590000000000,10.09180000000000,9.67440000000000,10.04630000000000,10.0749,17205.5768,10.0000,0.3256,9.6744,0.2862,10.0857,0.7736,9.3121,-0.0724,17205.5768,NA,21.6251,21.6251
ZoomTracks.exe,30812,0x1C47021CD80,DXGI,0,512,1,Hardware: Independent Flip,17215.7186,NA,9.81620000000000,10.11580000000000,9.85580000000000,10.26240000000000,10.3745,17215.5768,9.9976,0.1418,9.8558,0.3719,10.0323,0.8272,9.2051,-0.1158,17215.5768,NA,NA,NA
ZoomTracks.exe,30812,0x1C47021CD80,DXGI,0,512,1,Hardware: Independent Flip,17225.7272,NA,10.00860000000000,9.78520000000000,9.84930000000000,10.11970000000000,10.1511,17225.5744,10.0021,0.1528,9.8493,0.4066,9.8659,0.4918,9.3741,0.2124,17225.5744,NA,NA,NA
ZoomTracks.exe,30812,0x1C47021CD80,DXGI,0,512,1,Hardware: Independent Flip,17235.6965,NA,9.96930000000000,10.02290000000000,9.88240000000000,10.17740000000000,10.2047,17235.5765,10.0024,0.1200,9.8824,0.2704,10.0270,0.7284,9.2986,-0.0208,17235.5765,NA,NA,NA
ZoomTracks.exe,30812,0x1C47021CD80,DXGI,0,512,1,Hardware: Independent Flip,17245.7115,NA,10.01500000000000,10.03770000000000,9.86710000000000,10.06660000000000,10.2274,17245.5789,9.9997,0.1326,9.8671,0.2950,9.9042,0.6243,9.2799,-0.0353,17245.5789,NA,NA,NA
ZoomTracks.exe,30812,0x1C47021CD80,DXGI,0,512,1,Hardware: Independent Flip,17255.8120,NA,10.10050000000000,9.90300000000000,9.77360000000000,10.00330000000000,10.0299,17255.5786,10.0070,0.2334,9.7736,0.1995,10.0372,0.6010,9.4362,0.0967,17255.5786,NA,NA,NA
ZoomTracks.exe,30812,0x1C47021CD80,DXGI,0,512,1,Hardware: Independent Flip,17265.8645,NA,10.05250000000000,10.08370000000000,9.68920000000000,9.92030000000000,10.0611,17265.5856,9.9681,0.2789,9.6892,0.2297,9.9695,0.5632,9.4063,-0.0767,17265.5856,NA,22.5683,22.5683
ZoomTracks.exe,30812,0x1C47021CD80,DXGI,0,512,1,Hardware: Independent Flip,17275.8159,NA,9.95140000000000,10.15400000000000,9.76970000000000,10.25700000000000,10.2637,17275.5537,10.0319,0.2622,9.7697,0.2311,10.2881,0.8566,9.4315,-0.1859,17275.5537,NA,28.7389,28.7389
ZoomTracks.exe,30812,0x1C47021CD80,DXGI,0,512,1,Hardware: Independent Flip,17285.7378,NA,9.92190000000000,9.85310000000000,9.82860000000000,10.17770000000000,10.1949,17285.5856,9.9808,0.1522,9.8286,0.4873,9.8426,0.5890,9.2536,0.1788,17285.5856,NA,NA,NA
ZoomTracks.exe,30812,0x1C47021CD80,DXGI,0,512,1,Hardware: Independent Flip,17295.7212,NA,9.98340000000000,9.90170000000000,9.84610000000000,10.09180000000000,10.1132,17295.5664,10.0009,0.1548,9.8461,0.3491,9.8975,0.4433,9.4542,0.0791,17295.5664,NA,NA,NA
ZoomTracks.exe,30812,0x1C47021CD80,DXGI,0,512,1,Hardware: Independent Flip,17305.8536,NA,10.13240000000000,10.20170000000000,9.72700000000000,9.98300000000000,10.1825,17305.5673,10.0133,0.2863,9.7270,0.2457,10.0236,0.6068,9.4168,-0.2008,17305.5673,NA,NA,NA
ZoomTracks.exe,30812,0x1C47021CD80,DXGI,0,512,1,Hardware: Independent Flip,17315.7244,NA,9.87080000000000,10.08310000000000,9.85810000000000,10.38690000000000,10.3948,17315.5806,10.0019,0.1438,9.8581,0.2560,10.2747,0.9766,9.2981,-0.0698,17315.5806,NA,NA,NA
ZoomTracks.exe,30812,0x1C47021CD80,DXGI,0,512,1,Hardware: Independent Flip,17325.7516,NA,10.02720000000000,9.78600000000000,9.82340000000000,10.13100000000000,10.1536,17325.5825,9.9925,0.1691,9.8234,0.5288,9.7713,0.4294,9.3419,0.2159,17325.5825,NA,NA,NA
ZoomTracks.exe,30812,0x1C47021CD80,DXGI,0,512,1,Hardware: Independent Flip,17335.9299,NA,10.17830000000000,10.00600000000000,9.65050000000000,9.95650000000000,9.9813,17335.5750,10.0054,0.3549,9.6505,0.3076,10.0038,0.7457,9.2581,-0.0135,17335.5750,NA,NA,NA
ZoomTracks.exe,30812,0x1C47021CD80,DXGI,0,512,1,Hardware: Independent Flip,17345.9380,NA,10.00810000000000,10.14640000000000,9.64060000000000,9.88470000000000,10.1196,17345.5804,9.9982,0.3576,9.6406,0.3060,9.9363,0.6658,9.2705,-0.1410,17345.5804,NA,NA,NA
ZoomTracks.exe,30812,0x1C47021CD80,DXGI,0,512,1,Hardware: Independent Flip,17355.7190,NA,9.78100000000000,9.80430000000000,9.84590000000000,10.11900000000000,10.1429,17355.5786,9.9863,0.1404,9.8459,0.2441,10.0153,0.6767,9.3386,0.1939,17355.5786,NA,NA,NA
ZoomTracks.exe,30812,0x1C47021CD80,DXGI,0,512,1,Hardware: Independent Flip,17365.6959,NA,9.97690000000000,10.07240000000000,9.87470000000000,10.08820000000000,10.2384,17365.5649,10.0057,0.1310,9.8747,0.2731,9.9461,0.6571,9.2890,-0.0861,17365.5649,NA,NA,NA
ZoomTracks.exe,30812,0x1C47021CD80,DXGI,0,512,1,Hardware: Independent Flip,17375.8099,NA,10.11400000000000,9.94010000000000,9.76540000000000,10.03840000000000,10.0645,17375.5706,10.0047,0.2393,9.7654,0.2135,10.0642,0.6309,9.4333,0.0656,17375.5706,NA,NA,NA
ZoomTracks.exe,30812,0x1C47021CD80,DXGI,0,512,1,Hardware: Independent Flip,17385.7034,NA,9.89350000000000,9.98110000000000,9.89180000000000,10.12130000000000,10.1521,17385.5753,10.0199,0.1281,9.8918,0.2730,9.9764,0.7331,9.2433,0.0236,17385.5753,NA,26.4944,26.4944
ZoomTracks.exe,30812,0x1C47021CD80,DXGI,0,512,1,Hardware: Independent Flip,17395.8922,NA,10.18880000000000,10.01420000000000,9.66640000000000,9.91160000000000,9.9775,17395.5952,9.9634,0.2970,9.6664,0.2295,9.9791,0.6412,9.3379,0.0057,17395.5952,NA,NA,NA
ZoomTracks.exe,30812,0x1C47021CD80,DXGI,0,512,1,Hardware: Independent Flip,17405.9071,NA,10.01490000000000,10.03490000000000,9.68010000000000,9.96920000000000,9.9975,17405.5586,10.0286,0.3485,9.6801,0.2452,10.0725,0.7584,9.3141,-0.0715,17405.5586,NA,20.5498,20.5498
ZoomTracks.exe,30812,0x1C47021CD80,DXGI,0,512,1,Hardware: Independent Flip,17415.9349,NA,10.02780000000000,10.15470000000000,9.64800000000000,10.10820000000000,10.1244,17415.5872,9.9957,0.3477,9.6480,0.2891,10.1668,0.8893,9.2775,-0.1261,17415.5872,NA,NA,NA
ZoomTracks.exe,30812,0x1C47021CD80,DXGI,0,512,1,Hardware: Independent Flip,17425.7027,NA,9.76780000000000,9.84460000000000,9.89090000000000,10.17790000000000,10.2012,17425.5829,10.0107,0.1198,9.8909,0.4602,9.8375,0.4909,9.3466,0.1511,17425.5829,NA,NA,NA
ZoomTracks.exe,30812,0x1C47021CD80,DXGI,0,512,1,Hardware: Independent Flip,17435.9276,NA,10.22490000000000,9.99600000000000,9.65680000000000,9.94910000000000,9.9723,17435.5936,9.9908,0.3340,9.6568,0.2870,9.9961,0.7155,9.2806,0.0147,17435.5936,NA,NA,NA
ZoomTracks.exe,30812,0x1C47021CD80,DXGI,0,512,1,Hardware: Independent Flip,17445.9257,NA,9.99810000000000,10.08600000000000,9.65580000000000,9.86430000000000,10.0602,17445.5844,9.9971,0.3413,9.6558,0.2923,9.9133,0.6334,9.2799,-0.0952,17445.5844,NA,NA,NA
ZoomTracks.exe,30812,0x1C47021CD80,DXGI,0,512,1,Hardware: Independent Flip,17455.8320,NA,9.90630000000000,9.89050000000000,9.74680000000000,10.01830000000000,10.0444,17455.5815,9.9973,0.2505,9.7468,0.2085,10.0603,0.6944,9.3659,0.1066,17455.5815,NA,NA,NA
ZoomTracks.exe,30812,0x1C47021CD80,DXGI,0,512,1,Hardware: Independent Flip,17465.9095,NA,10.07750000000000,10.09470000000000,9.67690000000000,9.91650000000000,10.0616,17465.5788,10.0076,0.3307,9.6769,0.2715,9.9757,0.7146,9.2611,-0.0974,17465.5788,NA,26.5909,26.5909
ZoomTracks.exe,30812,0x1C47021CD80,DXGI,0,512,1,Hardware: Independent Flip,17475.8529,NA,9.94340000000000,9.88480000000000,9.73360000000000,9.97660000000000,10.0030,17475.5864,10.0001,0.2665,9.7336,0.2396,10.0035,0.6644,9.3391,0.1228,17475.5864,NA,NA,NA
ZoomTracks.exe,30812,0x1C47021CD80,DXGI,0,512,1,Hardware: Independent Flip,17485.8920,NA,10.03910000000000,9.98430000000000,9.66880000000000,9.93990000000000,9.9482,17485.5865,9.9743,0.3055,9.6688,0.2430,10.0024,0.6587,9.3437,0.0158,17485.5865,NA,28.5023,28.5023
ZoomTracks.exe,30812,0x1C47021CD80,DXGI,0,512,1,Hardware: Independent Flip,17495.7020,NA,9.81000000000000,13.36610000000000,9.85870000000000,13.40050000000000,13.5043,17495.5608,9.9999,0.1412,9.8587,0.2711,13.2706,3.7191,9.5515,-3.3918,17495.5608,NA,NA,NA
ZoomTracks.exe,30812,0x1C47021CD80,DXGI,0,512,1,Hardware: Independent Flip,17505.7225,NA,10.02050000000000,6.65480000000000,9.86190000000000,10.12000000000000,10.1386,17505.5607,10.0237,0.1618,9.8619,3.5418,6.7400,0.4911,6.2489,3.3451,17505.5607,NA,NA,NA
ZoomTracks.exe,30812,0x1C47021CD80,DXGI,0,512,1,Hardware: Independent Flip,17515.8833,NA,10.16080000000000,13.14210000000000,9.68360000000000,13.10370000000000,13.1199,17515.5844,9.9825,0.2989,9.6836,0.2581,13.1445,3.8330,9.3115,-3.1184,17515.5844,NA,NA,NA
ZoomTracks.exe,30812,0x1C47021CD80,DXGI,0,512,1,Hardware: Independent Flip,17525.7374,NA,9.85410000000000,9.27210000000000,9.84370000000000,10.01880000000000,12.5379,17525.5669,10.0142,0.1705,9.8437,3.4201,6.7692,0.3032,6.4660,0.7104,17525.5669,NA,NA,NA
ZoomTracks.exe,30812,0x1C47021CD80,DXGI,0,512,1,Hardware: Independent Flip,17535.7803,NA,10.04290000000000,10.80730000000000,9.80390000000000,13.29350000000000,13.3023,17535.5811,10.0031,0.1992,9.8039,0.1751,13.3176,3.8377,9.4799,-0.7931,17535.5811,NA,NA,NA
ZoomTracks.exe,30812,0x1C47021CD80,DXGI,0,512,1,Hardware: Independent Flip,17545.7125,NA,9.93220000000000,9.78630000000000,9.87020000000000,10.08540000000000,13.1564,17545.5842,9.9985,0.1283,9.8702,3.4896,6.7241,0.3367,6.3874,0.2168,17545.5842,NA,NA,NA
ZoomTracks.exe,30812,0x1C47021CD80,DXGI,0,512,1,Hardware: Independent Flip,17555.8213,NA,10.10880000000000,9.59140000000000,9.76090000000000,12.63110000000000,12.6390,17555.5827,9.9995,0.2386,9.7609,0.2152,12.6545,3.3109,9.3436,0.4071,17555.5827,NA,NA,NA
ZoomTracks.exe,30812,0x1C47021CD80,DXGI,0,512,1,Hardware: Independent Flip,17565.7364,NA,9.91510000000000,10.40140000000000,9.84230000000000,10.05980000000000,13.1253,17565.5822,9.9965,0.1542,9.8423,2.8702,7.3438,0.3318,7.0120,-0.4019,17565.5822,NA,NA,NA
ZoomTracks.exe,30812,0x1C47021CD80,DXGI,0,512,1,Hardware: Independent Flip,17575.8342,NA,10.09780000000000,10.23980000000000,9.74590000000000,13.26040000000000,13.2673,17575.5787,10.0014,0.2555,9.7459,0.2175,13.2984,3.9603,9.3381,-0.2433,17575.5787,NA,23.7168,23.7168
ZoomTracks.exe,30812,0x1C47021CD80,DXGI,0,512,1,Hardware: Independent Flip,17585.7103,NA,9.87610000000000,9.73650000000000,9.86800000000000,10.06180000000000,13.1277,17585.5801,9.9982,0.1302,9.8680,3.5145,6.6775,0.3129,6.3646,0.2649,17585.5801,NA,NA,NA
ZoomTracks.exe,30812,0x1C47021CD80,DXGI,0,512,1,Hardware: Independent Flip,17595.6973,NA,9.98700000000000,9.53970000000000,9.84790000000000,12.66480000000000,12.6804,17595.5783,9.9669,0.1190,9.8479,0.1938,12.5900,3.1460,9.4440,0.4585,17595.5783,NA,NA,NA
ZoomTracks.exe,30812,0x1C47021CD80,DXGI,0,512,1,Hardware: Independent Flip,17605.6833,NA,9.98600000000000,10.45860000000000,9.89110000000000,10.09530000000000,13.1530,17605.5452,10.0292,0.1381,9.8911,2.8169,7.4165,0.3413,7.0752,-0.4917,17605.5452,NA,NA,NA
ZoomTracks.exe,30812,0x1C47021CD80,DXGI,0,512,1,Hardware: Independent Flip,17615.8204,NA,10.13710000000000,10.19380000000000,9.73080000000000,13.20330000000000,13.2097,17615.5744,9.9768,0.2460,9.7308,0.2042,13.2451,3.8107,9.4344,-0.1646,17615.5744,NA,27.6727,27.6727
ZoomTracks.exe,30812,0x1C47021CD80,DXGI,0,512,1,Hardware: Independent Flip,17625.6828,NA,9.86240000000000,9.87520000000000,9.94970000000000,10.14070000000000,13.2225,17625.5512,10.0813,0.1316,9.9497,3.4725,6.7998,0.4377,6.3621,0.1016,17625.5512,NA,NA,NA
ZoomTracks.exe,30812,0x1C47021CD80,DXGI,0,512,1,Hardware: Independent Flip,17635.8663,NA,10.18350000000000,10.17890000000000,9.70800000000000,13.21090000000000,13.2179,17635.6325,9.9418,0.2338,9.7080,0.1910,13.2537,3.9169,9.3368,-0.0976,17635.6325,NA,NA,NA
ZoomTracks.exe,30812,0x1C47021CD80,DXGI,0,512,1,Hardware: Independent Flip,17645.7341,NA,9.86780000000000,9.78530000000000,9.85110000000000,10.06460000000000,13.1354,17645.5743,10.0109,0.1598,9.8511,3.5029,6.7215,0.3906,6.3309,0.1565,17645.5743,NA,23.5147,23.5147
ZoomTracks.exe,30812,0x1C47021CD80,DXGI,0,512,1,Hardware: Independent Flip,17655.8221,NA,10.08800000000000,8.03500000000000,9.76230000000000,11.07500000000000,11.0824,17655.5852,9.9992,0.2369,9.7623,0.2135,11.0984,1.7557,9.3427,1.9759,17655.5852,NA,NA,NA
ZoomTracks.exe,30812,0x1C47021CD80,DXGI,0,512,1,Hardware: Independent Flip,17665.7201,NA,9.89800000000000,11.97860000000000,9.85950000000000,10.08690000000000,13.1630,17665.5844,9.9952,0.1357,9.8595,1.3127,8.9099,0.3404,8.5695,-1.9794,17665.5844,NA,27.5266,27.5266
ZoomTracks.exe,30812,0x1C47021CD80,DXGI,0,512,1,Hardware: Independent Flip,17675.8329,NA,10.11280000000000,10.19150000000000,9.73810000000000,13.23170000000000,13.2417,17675.5796,9.9914,0.2533,9.7381,0.2274,13.2576,3.9258,9.3318,-0.1963,17675.5796,NA,NA,NA
ZoomTracks.exe,30812,0x1C47021CD80,DXGI,0,512,1,Hardware: Independent Flip,17685.6945,NA,9.86160000000000,8.96310000000000,9.90880000000000,10.04720000000000,12.3432,17685.5710,10.0323,0.1235,9.9088,3.4936,6.6771,0.2824,6.3947,1.0283,17685.5710,NA,NA,NA
ZoomTracks.exe,30812,0x1C47021CD80,DXGI,0,512,1,Hardware: Independent Flip,17695.7851,NA,10.09060000000000,7.81220000000000,9.77180000000000,9.99310000000000,10.0648,17695.6033,9.9536,0.1818,9.7718,0.1384,10.0365,0.6548,9.3817,2.2201,17695.6033,NA,NA,NA
ZoomTracks.exe,30812,0x1C47021CD80,DXGI,0,512,1,Hardware: Independent Flip,17705.7002,NA,9.91510000000000,12.87300000000000,9.88770000000000,10.08990000000000,13.0227,17705.5569,10.0310,0.1433,9.8877,0.2213,10.0119,0.4490,9.5629,-2.9194,17705.5569,NA,NA,NA
ZoomTracks.exe,30812,0x1C47021CD80,DXGI,0,512,1,Hardware: Independent Flip,17715.8122,NA,10.11200000000000,7.22670000000000,9.74120000000000,10.01770000000000,10.1374,17715.5879,9.9655,0.2243,9.7412,0.2022,10.0398,0.6240,9.4158,2.8043,17715.5879,NA,NA,NA
ZoomTracks.exe,30812,0x1C47021CD80,DXGI,0,512,1,Hardware: Independent Flip,17725.7067,NA,9.89450000000000,10.72840000000000,9.87790000000000,10.06380000000000,10.9713,17725.5534,10.0312,0.1533,9.8779,0.2765,9.9406,0.4332,9.5074,-0.7629,17725.5534,NA,NA,NA
ZoomTracks.exe,30812,0x1C47021CD80,DXGI,0,512,1,Hardware: Independent Flip,17735.7947,NA,10.08800000000000,9.29240000000000,9.79330000000000,10.14520000000000,10.1757,17735.5846,10.0034,0.2101,9.7933,0.1859,10.1694,0.6995,9.4699,0.7388,17735.5846,NA,NA,NA
ZoomTracks.exe,30812,0x1C47021CD80,DXGI,0,512,1,Hardware: Independent Flip,17745.7188,NA,9.92410000000000,10.05940000000000,9.84220000000000,10.05640000000000,10.3110,17745.5880,9.9730,0.1308,9.8422,0.3519,9.8353,0.6173,9.2180,-0.0560,17745.5880,NA,NA,NA
ZoomTracks.exe,30812,0x1C47021CD80,DXGI,0,512,1,Hardware: Independent Flip,17755.6814,NA,9.96260000000000,10.03870000000000,9.90190000000000,10.11180000000000,10.3871,17755.5610,10.0223,0.1204,9.9019,0.2142,10.0180,0.6410,9.3770,-0.0657,17755.5610,NA,NA,NA
ZoomTracks.exe,30812,0x1C47021CD80,DXGI,0,512,1,Hardware: Independent Flip,17765.8025,NA,10.12110000000000,9.83210000000000,9.83240000000000,10.07880000000000,10.0981,17765.5833,10.0516,0.2192,9.8324,0.2099,10.0881,0.6747,9.4134,0.1902,17765.5833,NA,25.5180,25.5180
ZoomTracks.exe,30812,0x1C47021CD80,DXGI,0,512,1,Hardware: Independent Flip,17775.9376,NA,10.13510000000000,10.36470000000000,9.64440000000000,9.98600000000000,10.3277,17775.6349,9.9471,0.3027,9.6444,0.2464,10.0423,0.7672,9.2751,-0.3131,17775.6349,NA,NA,NA
ZoomTracks.exe,30812,0x1C47021CD80,DXGI,0,512,1,Hardware: Independent Flip,17785.7083,NA,9.77070000000000,9.57410000000000,9.87030000000000,10.10530000000000,10.1311,17785.5820,9.9966,0.1263,9.8703,0.3416,9.8900,0.6814,9.2086,0.3730,17785.5820,NA,20.4760,20.4760
ZoomTracks.exe,30812,0x1C47021CD80,DXGI,0,512,1,Hardware: Independent Flip,17795.8589,NA,10.15060000000000,10.02540000000000,9.70700000000000,9.97620000000000,10.0059,17795.5786,9.9873,0.2803,9.7070,0.2350,10.0215,0.6742,9.3473,-0.0288,17795.5786,NA,NA,NA
ZoomTracks.exe,30812,0x1C47021CD80,DXGI,0,512,1,Hardware: Independent Flip,17805.6912,NA,9.83230000000000,10.24300000000000,9.87770000000000,10.27200000000000,10.4166,17805.5659,10.0030,0.1253,9.8777,0.2692,10.1281,0.7882,9.3399,-0.2557,17805.5659,NA,NA,NA
ZoomTracks.exe,30812,0x1C47021CD80,DXGI,0,512,1,Hardware: Independent Flip,17815.7179,NA,10.02670000000000,10.87740000000000,9.83330000000000,11.26010000000000,11.2673,17815.5689,9.9823,0.1490,9.8333,0.3943,11.0148,1.8436,9.1712,-0.8744,17815.5689,NA,NA,NA
ZoomTracks.exe,30812,0x1C47021CD80,DXGI,0,512,1,Hardware: Independent Flip,17825.6906,NA,9.97270000000000,8.85820000000000,9.90530000000000,10.13370000000000,10.1528,17825.5512,10.0447,0.1394,9.9053,1.4268,8.8463,0.4460,8.4003,1.1241,17825.5512,NA,NA,NA
ZoomTracks.exe,30812,0x1C47021CD80,DXGI,0,512,1,Hardware: Independent Flip,17835.8824,NA,10.19180000000000,10.06180000000000,9.69960000000000,9.99810000000000,10.0228,17835.5959,9.9861,0.2865,9.6996,0.2284,10.0562,0.7335,9.3227,-0.0171,17835.5959,NA,27.5206,27.5206
ZoomTracks.exe,30812,0x1C47021CD80,DXGI,0,512,1,Hardware: Independent Flip,17845.9310,NA,10.04860000000000,10.99790000000000,9.65680000000000,9.88090000000000,10.9721,17845.5820,10.0058,0.3490,9.6568,0.2985,9.9314,0.6654,9.2660,-1.0118,17845.5820,NA,NA,NA
ZoomTracks.exe,30812,0x1C47021CD80,DXGI,0,512,1,Hardware: Independent Flip,17855.8601,NA,9.92910000000000,9.02270000000000,9.72350000000000,10.03570000000000,10.0657,17855.5878,9.9958,0.2723,9.7235,0.2241,10.0839,0.7481,9.3358,0.9831,17855.5878,NA,27.5611,27.5611
ZoomTracks.exe,30812,0x1C47021CD80,DXGI,0,512,1,Hardware: Independent Flip,17865.7202,NA,9.86010000000000,10.46900000000000,9.87270000000000,10.07640000000000,10.6746,17865.5836,10.0093,0.1366,9.8727,0.3122,9.9008,0.6319,9.2689,-0.4732,17865.5836,NA,NA,NA
ZoomTracks.exe,30812,0x1C47021CD80,DXGI,0,512,1,Hardware: Independent Flip,17875.8404,NA,10.12020000000000,9.66830000000000,9.74360000000000,9.98480000000000,10.2227,17875.5929,9.9911,0.2475,9.7436,0.2037,10.0286,0.6528,9.3758,0.3410,17875.5929,NA,NA,NA
ZoomTracks.exe,30812,0x1C47021CD80,DXGI,0,512,1,Hardware: Independent Flip,17885.8520,NA,10.01160000000000,9.83490000000000,9.72270000000000,10.02430000000000,10.0460,17885.5840,9.9907,0.2680,9.7227,0.2412,10.0511,0.7147,9.3364,0.1562,17885.5840,NA,NA,NA
ZoomTracks.exe,30812,0x1C47021CD80,DXGI,0,512,1,Hardware: Independent Flip,17895.9209,NA,10.06890000000000,10.21750000000000,9.64690000000000,9.86120000000000,10.1946,17895.5747,9.9931,0.3462,9.6469,0.3016,9.9058,0.6379,9.2679,-0.2268,17895.5747,NA,NA,NA
ZoomTracks.exe,30812,0x1C47021CD80,DXGI,0,512,1,Hardware: Independent Flip,17905.8064,NA,9.88550000000000,9.78370000000000,9.76620000000000,10.06620000000000,10.0928,17905.5678,10.0048,0.2386,9.7662,0.2143,10.0905,0.7318,9.3587,0.2094,17905.5678,NA,NA,NA
ZoomTracks.exe,30812,0x1C47021CD80,DXGI,0,512,1,Hardware: Independent Flip,17915.6962,NA,9.88980000000000,9.98270000000000,9.84810000000000,10.08040000000000,10.1857,17915.5726,9.9717,0.1236,9.8481,0.3000,9.9040,0.6142,9.2898,0.0221,17915.5726,NA,NA,NA
ZoomTracks.exe,30812,0x1C47021CD80,DXGI,0,512,1,Hardware: Independent Flip,17925.6725,NA,9.97630000000000,9.99230000000000,9.91720000000000,10.17920000000000,10.2017,17925.5443,10.0454,0.1282,9.9172,0.2323,10.0751,0.5020,9.5731,-0.0206,17925.5443,NA,NA,NA
ZoomTracks.exe,30812,0x1C47021CD80,DXGI,0,512,1,Hardware: Independent Flip,17935.8954,NA,10.22290000000000,9.93330000000000,9.65800000000000,9.82750000000000,9.9121,17935.5897,9.9637,0.3057,9.6580,0.2620,9.8712,0.5487,9.3225,0.1121,17935.5897,NA,NA,NA
ZoomTracks.exe,30812,0x1C47021CD80,DXGI,0,512,1,Hardware: Independent Flip,17945.8587,NA,9.96330000000000,10.06330000000000,9.71920000000000,9.99170000000000,10.0121,17945.5534,10.0245,0.3053,9.7192,0.1695,10.1275,0.6552,9.4723,-0.0996,17945.5534,NA,15.5030,15.5030
ZoomTracks.exe,30812,0x1C47021CD80,DXGI,0,512,1,Hardware: Independent Flip,17955.9046,NA,10.04590000000000,10.05470000000000,9.67170000000000,9.88550000000000,10.0209,17955.5779,9.9984,0.3267,9.6717,0.2725,9.9397,0.6280,9.3117,-0.0302,17955.5779,NA,NA,NA
ZoomTracks.exe,30812,0x1C47021CD80,DXGI,0,512,1,Hardware: Independent Flip,17965.7985,NA,9.89390000000000,9.98920000000000,9.79530000000000,10.08910000000000,10.1162,17965.5763,10.0175,0.2222,9.7953,0.2138,10.0975,0.7462,9.3513,0.0092,17965.5763,NA,NA,NA
ZoomTracks.exe,30812,0x1C47021CD80,DXGI,0,512,1,Hardware: Independent Flip,17975.7249,NA,9.92640000000000,9.98060000000000,9.84210000000000,10.14400000000000,10.1704,17975.5938,9.9732,0.1311,9.8421,0.2938,9.9813,0.7253,9.2560,0.0369,17975.5938,NA,24.5304,24.5304
ZoomTracks.exe,30812,0x1C47021CD80,DXGI,0,512,1,Hardware: Independent Flip,17985.6974,NA,9.97250000000000,9.97190000000000,9.87270000000000,10.14540000000000,10.1698,17985.5670,10.0031,0.1304,9.8727,0.3019,9.9739,0.6775,9.2964,0.0013,17985.5670,NA,NA,NA
ZoomTracks.exe,30812,0x1C47021CD80,DXGI,0,512,1,Hardware: Independent Flip,17995.8839,NA,10.18650000000000,10.00990000000000,9.68450000000000,9.97160000000000,9.9932,17995.5701,9.9983,0.3138,9.6845,0.2727,10.0127,0.6887,9.3240,-0.0068,17995.5701,NA,NA,NA
ZoomTracks.exe,30812,0x1C47021CD80,DXGI,0,512,1,Hardware: Independent Flip,18005.8929,NA,10.00900000000000,10.03250000000000,9.68070000000000,9.98400000000000,10.0167,18005.5684,10.0052,0.3245,9.6807,0.2871,10.0214,0.7081,9.3133,-0.0342,18005.5684,NA,NA,NA
ZoomTracks.exe,30812,0x1C47021CD80,DXGI,0,512,1,Hardware: Independent Flip,18015.7068,NA,9.81390000000000,9.92860000000000,9.85230000000000,10.06550000000000,10.1314,18015.5736,9.9855,0.1332,9.8523,0.3033,9.8954,0.5973,9.2981,0.0766,18015.5736,NA,NA,NA
ZoomTracks.exe,30812,0x1C47021CD80,DXGI,0,512,1,Hardware: Independent Flip,18025.8007,NA,10.09390000000000,10.06440000000000,9.77830000000000,10.07760000000000,10.1019,18025.5591,10.0199,0.2416,9.7783,0.2132,10.1060,0.6278,9.4782,-0.0789,18025.5591,NA,21.5355,21.5355
ZoomTracks.exe,30812,0x1C47021CD80,DXGI,0,512,1,Hardware: Independent Flip,18035.7102,NA,9.90950000000000,10.02240000000000,9.84770000000000,10.10510000000000,10.2148,18035.5790,9.9789,0.1312,9.8477,0.2993,9.9370,0.6461,9.2909,-0.0025,18035.5790,NA,NA,NA
ZoomTracks.exe,30812,0x1C47021CD80,DXGI,0,512,1,Hardware: Independent Flip,18045.6964,NA,9.98620000000000,9.92340000000000,9.88110000000000,10.12990000000000,10.1520,18045.5579,10.0196,0.1385,9.8811,0.2574,10.0110,0.4954,9.5156,0.0555,18045.5579,NA,29.5001,29.5001
ZoomTracks.exe,30812,0x1C47021CD80,DXGI,0,512,1,Hardware: Independent Flip,18055.8818,NA,10.18540000000000,9.97200000000000,9.68940000000000,9.91300000000000,9.9386,18055.5775,9.9937,0.3043,9.6894,0.2488,9.9685,0.6267,9.3418,0.0476,18055.5775,NA,NA,NA
ZoomTracks.exe,30812,0x1C47021CD80,DXGI,0,512,1,Hardware: Independent Flip,18065.8401,NA,9.95830000000000,10.05200000000000,9.73690000000000,10.00720000000000,10.0323,18065.5712,10.0058,0.2689,9.7369,0.2236,10.0525,0.7052,9.3473,-0.0583,18065.5712,NA,NA,NA
ZoomTracks.exe,30812,0x1C47021CD80,DXGI,0,512,1,Hardware: Independent Flip,18075.6913,NA,9.85120000000000,10.04520000000000,9.88510000000000,10.19550000000000,10.2263,18075.5770,9.9994,0.1143,9.8851,0.2703,10.0395,0.7223,9.3172,-0.0394,18075.5770,NA,NA,NA
ZoomTracks.exe,30812,0x1C47021CD80,DXGI,0,512,1,Hardware: Independent Flip,18085.7033,NA,10.01200000000000,10.01140000000000,9.86900000000000,10.19910000000000,10.2257,18085.5764,9.9959,0.1269,9.8690,0.3104,10.0156,0.7295,9.2861,-0.0120,18085.5764,NA,NA,NA
ZoomTracks.exe,30812,0x1C47021CD80,DXGI,0,512,1,Hardware: Independent Flip,18095.7013,NA,9.99800000000000,9.97100000000000,9.89170000000000,10.17530000000000,10.1987,18095.5723,10.0207,0.1290,9.8917,0.3301,9.9742,0.7185,9.2557,0.0249,18095.5723,NA,NA,NA
ZoomTracks.exe,30812,0x1C47021CD80,DXGI,0,512,1,Hardware: Independent Flip,18105.9267,NA,10.22540000000000,9.92340000000000,9.64240000000000,9.87300000000000,9.8967,18105.5930,9.9761,0.3337,9.6424,0.2836,9.9231,0.6474,9.2757,0.0973,18105.5930,NA,NA,NA
ZoomTracks.exe,30812,0x1C47021CD80,DXGI,0,512,1,Hardware: Independent Flip,18115.8442,NA,9.91750000000000,10.00360000000000,9.72500000000000,9.96260000000000,9.9828,18115.5691,10.0001,0.2751,9.7250,0.2306,10.0071,0.6834,9.3237,-0.0275,18115.5691,NA,NA,NA
ZoomTracks.exe,30812,0x1C47021CD80,DXGI,0,512,1,Hardware: Independent Flip,18125.8640,NA,10.01980000000000,10.04350000000000,9.70070000000000,9.98010000000000,10.0065,18125.5692,9.9955,0.2948,9.7007,0.2376,10.0373,0.7008,9.3365,-0.0434,18125.5692,NA,NA,NA
ZoomTracks.exe,30812,0x1C47021CD80,DXGI,0,512,1,Hardware: Independent Flip,18135.6965,NA,9.83250000000000,10.01360000000000,9.86900000000000,10.18010000000000,10.1876,18135.5647,10.0008,0.1318,9.8690,0.2794,10.0325,0.7098,9.3227,-0.0181,18135.5647,NA,NA,NA
ZoomTracks.exe,30812,0x1C47021CD80,DXGI,0,512,1,Hardware: Independent Flip,18145.7119,NA,10.01540000000000,9.93430000000000,9.83490000000000,10.09920000000000,10.1065,18145.5655,9.9813,0.1464,9.8349,0.3111,9.9345,0.4338,9.5007,0.0665,18145.5655,NA,27.4684,27.4684
ZoomTracks.exe,30812,0x1C47021CD80,DXGI,0,512,1,Hardware: Independent Flip,18155.6686,NA,9.95670000000000,10.12160000000000,9.94670000000000,10.23840000000000,10.2714,18155.5468,10.0685,0.1218,9.9467,0.2643,10.0959,0.5057,9.5902,-0.1403,18155.5468,NA,NA,NA
ZoomTracks.exe,30812,0x1C47021CD80,DXGI,0,512,1,Hardware: Independent Flip,18165.9736,NA,10.30500000000000,10.01170000000000,9.61450000000000,9.93970000000000,9.9781,18165.6153,9.9728,0.3583,9.6145,0.2917,10.0063,0.7540,9.2523,0.0568,18165.6153,NA,25.5999,25.5999
ZoomTracks.exe,30812,0x1C47021CD80,DXGI,0,512,1,Hardware: Independent Flip,18175.9729,NA,9.99930000000000,9.96470000000000,9.60770000000000,9.92100000000000,9.9435,18175.5881,9.9925,0.3848,9.6077,0.3252,9.9806,0.7314,9.2492,0.0081,18175.5881,NA,NA,NA
ZoomTracks.exe,30812,0x1C47021CD80,DXGI,0,512,1,Hardware: Independent Flip,18185.9383,NA,9.96540000000000,10.05420000000000,9.64280000000000,9.88570000000000,10.0323,18185.5806,10.0005,0.3577,9.6428,0.3133,9.9301,0.6613,9.2688,-0.0617,18185.5806,NA,NA,NA
ZoomTracks.exe,30812,0x1C47021CD80,DXGI,0,512,1,Hardware: Independent Flip,18195.8337,NA,9.89540000000000,9.96470000000000,9.89850000000000,10.09160000000000,10.1016,18195.5811,10.1511,0.2526,9.8985,0.2429,10.1013,0.7549,9.3464,0.0358,18195.5811,NA,NA,NA
ZoomTracks.exe,30812,0x1C47021CD80,DXGI,0,512,1,Hardware: Independent Flip,18206.1024,NA,10.26870000000000,9.92670000000000,9.48510000000000,9.67920000000000,9.7596,18205.7322,9.8553,0.3702,9.4851,0.1931,9.8563,0.6932,9.1631,0.2244,18205.7322,NA,10.4809,10.4809
ZoomTracks.exe,30812,0x1C47021CD80,DXGI,0,512,1,Hardware: Independent Flip,18215.8977,NA,9.79530000000000,10.02960000000000,9.68860000000000,9.96830000000000,9.9939,18215.5875,9.9988,0.3102,9.6886,0.1941,10.0844,0.7654,9.3190,-0.1743,18215.5875,NA,NA,NA
ZoomTracks.exe,30812,0x1C47021CD80,DXGI,0,512,1,Hardware: Independent Flip,18225.9137,NA,10.01600000000000,9.96710000000000,9.65840000000000,9.83060000000000,9.9450,18225.5863,9.9858,0.3274,9.6584,0.2797,9.8783,0.5835,9.2948,0.0317,18225.5863,NA,NA,NA
ZoomTracks.exe,30812,0x1C47021CD80,DXGI,0,512,1,Hardware: Independent Flip,18235.8866,NA,9.97290000000000,9.98560000000000,9.66840000000000,9.94990000000000,9.9577,18235.5721,9.9829,0.3145,9.6684,0.1722,10.0922,0.6789,9.4133,0.0002,18235.5721,NA,29.4921,29.4921
ZoomTracks.exe,30812,0x1C47021CD80,DXGI,0,512,1,Hardware: Independent Flip,18245.7061,NA,9.81950000000000,10.08260000000000,9.84570000000000,10.07530000000000,10.2208,18245.5550,9.9968,0.1511,9.8457,0.2815,9.9449,0.3890,9.5559,-0.0997,18245.5550,NA,NA,NA
ZoomTracks.exe,30812,0x1C47021CD80,DXGI,0,512,1,Hardware: Independent Flip,18255.6878,NA,9.98170000000000,9.94150000000000,9.90510000000000,10.16150000000000,10.1806,18255.5518,10.0411,0.1360,9.9051,0.2296,10.0679,0.5392,9.5287,0.0553,18255.5518,NA,NA,NA
ZoomTracks.exe,30812,0x1C47021CD80,DXGI,0,512,1,Hardware: Independent Flip,18265.9043,NA,10.21650000000000,10.01970000000000,9.68210000000000,9.86390000000000,9.9838,18265.5929,9.9935,0.3114,9.6821,0.2564,9.9189,0.5988,9.3201,0.0214,18265.5929,NA,NA,NA
ZoomTracks.exe,30812,0x1C47021CD80,DXGI,0,512,1,Hardware: Independent Flip,18275.8159,NA,9.91160000000000,10.03120000000000,9.75660000000000,10.06340000000000,10.1034,18275.5864,9.9861,0.2295,9.7566,0.1818,10.1111,0.7497,9.3614,-0.0377,18275.5864,NA,NA,NA
ZoomTracks.exe,30812,0x1C47021CD80,DXGI,0,512,1,Hardware: Independent Flip,18285.9406,NA,10.12470000000000,9.99010000000000,9.63130000000000,9.94500000000000,9.9688,18285.5725,9.9994,0.3681,9.6313,0.3068,10.0063,0.7202,9.2861,-0.0040,18285.5725,NA,NA,NA
ZoomTracks.exe,30812,0x1C47021CD80,DXGI,0,512,1,Hardware: Independent Flip,18295.9346,NA,9.99400000000000,9.95490000000000,9.63060000000000,9.90750000000000,9.9297,18295.5719,9.9933,0.3627,9.6306,0.3137,9.9565,0.7023,9.2542,0.0445,18295.5719,NA,NA,NA
ZoomTracks.exe,30812,0x1C47021CD80,DXGI,0,512,1,Hardware: Independent Flip,18305.8804,NA,9.94580000000000,10.05100000000000,9.70250000000000,10.00620000000000,10.0349,18305.5652,10.0177,0.3152,9.7025,0.2769,10.0445,0.7177,9.3268,-0.0577,18305.5652,NA,NA,NA
ZoomTracks.exe,30812,0x1C47021CD80,DXGI,0,512,1,Hardware: Independent Flip,18315.9381,NA,10.05770000000000,9.93890000000000,9.63040000000000,9.89190000000000,9.9161,18315.5829,9.9856,0.3552,9.6304,0.3037,9.9434,0.6749,9.2685,0.0788,18315.5829,NA,NA,NA
ZoomTracks.exe,30812,0x1C47021CD80,DXGI,0,512,1,Hardware: Independent Flip,18325.8764,NA,9.93830000000000,10.03680000000000,9.69450000000000,9.99350000000000,10.0146,18325.5685,10.0024,0.3079,9.6945,0.2615,10.0399,0.7148,9.3251,-0.0512,18325.5685,NA,NA,NA
ZoomTracks.exe,30812,0x1C47021CD80,DXGI,0,512,1,Hardware: Independent Flip,18335.9255,NA,10.04910000000000,10.02330000000000,9.65750000000000,9.96360000000000,9.9888,18335.5709,10.0121,0.3546,9.6575,0.2990,10.0192,0.7136,9.3056,-0.0209,18335.5709,NA,22.5559,22.5559
ZoomTracks.exe,30812,0x1C47021CD80,DXGI,0,512,1,Hardware: Independent Flip,18345.7171,NA,9.79160000000000,9.90570000000000,9.82740000000000,10.07910000000000,10.1029,18345.5830,9.9615,0.1341,9.8274,0.3061,9.9071,0.6420,9.2651,0.1064,18345.5830,NA,NA,NA
ZoomTracks.exe,30812,0x1C47021CD80,DXGI,0,512,1,Hardware: Independent Flip,18355.8520,NA,10.13490000000000,10.07220000000000,9.73430000000000,10.01360000000000,10.0402,18355.5445,10.0418,0.3075,9.7343,0.2517,10.0694,0.7251,9.3443,-0.1107,18355.5445,NA,21.5483,21.5483
ZoomTracks.exe,30812,0x1C47021CD80,DXGI,0,512,1,Hardware: Independent Flip,18365.7209,NA,9.86890000000000,9.95820000000000,9.83360000000000,10.12080000000000,10.1295,18365.5863,9.9682,0.1346,9.8336,0.2793,9.9761,0.6663,9.3098,0.0836,18365.5863,NA,NA,NA
ZoomTracks.exe,30812,0x1C47021CD80,DXGI,0,512,1,Hardware: Independent Flip,18375.6951,NA,9.97420000000000,10.05380000000000,9.87120000000000,10.18340000000000,10.2091,18375.5545,10.0118,0.1406,9.8712,0.2872,10.0368,0.4956,9.5412,-0.0856,18375.5545,NA,NA,NA
ZoomTracks.exe,30812,0x1C47021CD80,DXGI,0,512,1,Hardware: Independent Flip,18385.6982,NA,10.00310000000000,10.00200000000000,9.87080000000000,10.11410000000000,10.2080,18385.5663,10.0027,0.1319,9.8708,0.3122,9.9338,0.6521,9.2817,0.0098,18385.5663,NA,NA,NA
ZoomTracks.exe,30812,0x1C47021CD80,DXGI,0,512,1,Hardware: Independent Flip,18395.6947,NA,9.99650000000000,9.90680000000000,9.88120000000000,10.09560000000000,10.1183,18395.5690,10.0069,0.1257,9.8812,0.2433,9.9780,0.6236,9.3544,0.0959,18395.5690,NA,NA,NA
ZoomTracks.exe,30812,0x1C47021CD80,DXGI,0,512,1,Hardware: Independent Flip,18405.8346,NA,10.13990000000000,10.04300000000000,9.74460000000000,9.91250000000000,10.0214,18405.5759,10.0033,0.2587,9.7446,0.2144,9.9568,0.6018,9.3550,-0.0361,18405.5759,NA,NA,NA
ZoomTracks.exe,30812,0x1C47021CD80,DXGI,0,512,1,Hardware: Independent Flip,18415.7899,NA,9.95530000000000,10.05250000000000,9.80070000000000,10.09170000000000,10.1186,18415.5792,10.0114,0.2107,9.8007,0.1679,10.1345,0.6942,9.4403,-0.0492,18415.5792,NA,24.5463,24.5463
ZoomTracks.exe,30812,0x1C47021CD80,DXGI,0,512,1,Hardware: Independent Flip,18425.9330,NA,10.14310000000000,10.15270000000000,9.63310000000000,10.09890000000000,10.1282,18425.5906,9.9755,0.3424,9.6331,0.2910,10.1503,0.8845,9.2658,-0.1413,18425.5906,NA,27.6776,27.6776
ZoomTracks.exe,30812,0x1C47021CD80,DXGI,0,512,1,Hardware: Independent Flip,18435.7166,NA,9.78360000000000,9.99060000000000,9.86200000000000,10.21790000000000,10.3352,18435.5661,10.0125,0.1505,9.8620,0.4658,9.9026,0.8847,9.0179,-0.0151,18435.5661,NA,NA,NA
ZoomTracks.exe,30812,0x1C47021CD80,DXGI,0,512,1,Hardware: Independent Flip,18445.7242,NA,10.00760000000000,9.77410000000000,9.82220000000000,10.09340000000000,10.1017,18445.5786,9.9678,0.1456,9.8222,0.3559,9.8831,0.6755,9.2076,0.2384,18445.5786,NA,NA,NA
ZoomTracks.exe,30812,0x1C47021CD80,DXGI,0,512,1,Hardware: Independent Flip,18455.6830,NA,9.95880000000000,10.05590000000000,9.87550000000000,10.17400000000000,10.1988,18455.5464,10.0121,0.1366,9.8755,0.2712,10.0394,0.4808,9.5586,-0.0881,18455.5464,NA,NA,NA
ZoomTracks.exe,30812,0x1C47021CD80,DXGI,0,512,1,Hardware: Independent Flip,18465.6911,NA,10.00810000000000,9.95990000000000,9.86120000000000,10.14350000000000,10.1506,18465.5585,9.9938,0.1326,9.8612,0.2985,9.9776,0.6589,9.3187,0.0522,18465.5585,NA,NA,NA
ZoomTracks.exe,30812,0x1C47021CD80,DXGI,0,512,1,Hardware: Independent Flip,18475.7237,NA,10.03260000000000,10.00870000000000,9.84870000000000,10.10510000000000,10.1267,18475.5523,10.0201,0.1714,9.8487,0.2823,9.9942,0.4555,9.5387,-0.0149,18475.5523,NA,NA,NA
ZoomTracks.exe,30812,0x1C47021CD80,DXGI,0,512,1,Hardware: Independent Flip,18485.8697,NA,10.14600000000000,10.06770000000000,9.70810000000000,9.94070000000000,10.0484,18485.5724,10.0054,0.2973,9.7081,0.2564,9.9816,0.6408,9.3408,-0.0476,18485.5724,NA,NA,NA
ZoomTracks.exe,30812,0x1C47021CD80,DXGI,0,512,1,Hardware: Independent Flip,18495.9401,NA,10.07040000000000,9.94110000000000,9.63200000000000,9.89440000000000,9.9191,18495.5778,9.9943,0.3623,9.6320,0.2326,10.0241,0.7636,9.2605,0.0643,18495.5778,NA,NA,NA
ZoomTracks.exe,30812,0x1C47021CD80,DXGI,0,512,1,Hardware: Independent Flip,18505.8589,NA,9.91880000000000,10.04580000000000,9.72290000000000,10.01980000000000,10.0461,18505.5721,10.0097,0.2868,9.7229,0.2624,10.0442,0.7087,9.3355,-0.0515,18505.5721,NA,NA,NA
ZoomTracks.exe,30812,0x1C47021CD80,DXGI,0,512,1,Hardware: Independent Flip,18515.7122,NA,9.85330000000000,9.93830000000000,9.86100000000000,10.10400000000000,10.1311,18515.5818,9.9914,0.1304,9.8610,0.2969,9.9375,0.6500,9.2875,0.0714,18515.5818,NA,NA,NA
ZoomTracks.exe,30812,0x1C47021CD80,DXGI,0,512,1,Hardware: Independent Flip,18525.8246,NA,10.11240000000000,10.06610000000000,9.75350000000000,10.05630000000000,10.0848,18525.5732,10.0049,0.2514,9.7535,0.2430,10.0647,0.7390,9.3257,-0.0747,18525.5732,NA,25.5410,25.5410
ZoomTracks.exe,30812,0x1C47021CD80,DXGI,0,512,1,Hardware: Independent Flip,18535.9081,NA,10.08350000000000,9.99900000000000,9.66780000000000,9.87780000000000,10.0003,18535.5781,9.9978,0.3300,9.6678,0.3028,9.9050,0.6186,9.2864,0.0059,18535.5781,NA,22.5514,22.5514
ZoomTracks.exe,30812,0x1C47021CD80,DXGI,0,512,1,Hardware: Independent Flip,18545.7953,NA,9.88720000000000,9.97890000000000,9.77410000000000,10.06850000000000,10.0920,18545.5759,9.9935,0.2194,9.7741,0.2100,10.0779,0.6499,9.4280,0.0189,18545.5759,NA,NA,NA
ZoomTracks.exe,30812,0x1C47021CD80,DXGI,0,512,1,Hardware: Independent Flip,18555.9108,NA,10.11550000000000,10.00840000000000,9.65390000000000,9.88830000000000,9.9849,18555.5694,9.9953,0.3414,9.6539,0.2944,9.9353,0.6456,9.2897,-0.0149,18555.5694,NA,NA,NA
ZoomTracks.exe,30812,0x1C47021CD80,DXGI,0,512,1,Hardware: Independent Flip,18565.6905,NA,9.77970000000000,9.93330000000000,9.85830000000000,10.13210000000000,10.1385,18565.5647,9.9841,0.1258,9.8583,0.2344,10.0235,0.7049,9.3186,0.0620,18565.5647,NA,NA,NA
ZoomTracks.exe,30812,0x1C47021CD80,DXGI,0,512,1,Hardware: Independent Flip,18575.6847,NA,9.99420000000000,10.07620000000000,9.91050000000000,10.19430000000000,10.2205,18575.5488,10.0464,0.1359,9.9105,0.2738,10.0564,0.4887,9.5677,-0.0921,18575.5488,NA,NA,NA
ZoomTracks.exe,30812,0x1C47021CD80,DXGI,0,512,1,Hardware: Independent Flip,18585.9044,NA,10.21970000000000,9.95470000000000,9.65000000000000,9.94900000000000,9.9555,18585.5952,9.9592,0.3092,9.6500,0.2838,9.9744,0.6799,9.2945,0.0917,18585.5952,NA,NA,NA
ZoomTracks.exe,30812,0x1C47021CD80,DXGI,0,512,1,Hardware: Independent Flip,18595.7152,NA,9.81080000000000,10.00060000000000,9.86150000000000,10.12330000000000,10.1453,18595.5544,10.0223,0.1608,9.8615,0.2990,9.9851,0.4484,9.5367,-0.0414,18595.5544,NA,NA,NA
ZoomTracks.exe,30812,0x1C47021CD80,DXGI,0,512,1,Hardware: Independent Flip,18605.8826,NA,10.16740000000000,10.03070000000000,9.69380000000000,9.97070000000000,10.0086,18605.5767,9.9997,0.3059,9.6938,0.2618,10.0148,0.6873,9.3275,-0.0084,18605.5767,NA,23.5207,23.5207
ZoomTracks.exe,30812,0x1C47021CD80,DXGI,0,512,1,Hardware: Independent Flip,18615.9247,NA,10.04210000000000,10.01070000000000,9.65690000000000,9.95000000000000,9.9772,18615.5764,10.0052,0.3483,9.6569,0.2769,10.0214,0.7166,9.3048,-0.0110,18615.5764,NA,29.5613,29.5613
ZoomTracks.exe,30812,0x1C47021CD80,DXGI,0,512,1,Hardware: Independent Flip,18625.7341,NA,9.80940000000000,10.00660000000000,9.83990000000000,10.14960000000000,10.1744,18625.5816,9.9924,0.1525,9.8399,0.2931,10.0090,0.7187,9.2903,-0.0014,18625.5816,NA,NA,NA
ZoomTracks.exe,30812,0x1C47021CD80,DXGI,0,512,1,Hardware: Independent Flip,18635.9352,NA,10.20110000000000,9.99450000000000,9.64050000000000,9.94160000000000,9.9678,18635.5740,10.0017,0.3612,9.6405,0.3097,9.9931,0.7197,9.2734,-0.0021,18635.5740,NA,NA,NA
ZoomTracks.exe,30812,0x1C47021CD80,DXGI,0,512,1,Hardware: Independent Flip,18645.8859,NA,9.95070000000000,9.93960000000000,9.68650000000000,9.93540000000000,9.9567,18645.5757,9.9967,0.3102,9.6865,0.3011,9.9445,0.6691,9.2754,0.0621,18645.5757,NA,NA,NA
ZoomTracks.exe,30812,0x1C47021CD80,DXGI,0,512,1,Hardware: Independent Flip,18655.8632,NA,9.97730000000000,9.99600000000000,9.71490000000000,9.95810000000000,9.9754,18655.5724,10.0057,0.2908,9.7149,0.2489,10.0000,0.6601,9.3399,0.0007,18655.5724,NA,NA,NA
ZoomTracks.exe,30812,0x1C47021CD80,DXGI,0,512,1,Hardware: Independent Flip,18665.8774,NA,10.01420000000000,9.99990000000000,9.67380000000000,9.95320000000000,9.9611,18665.5781,9.9731,0.2993,9.6738,0.2432,10.0093,0.6744,9.3349,0.0058,18665.5781,NA,NA,NA
ZoomTracks.exe,30812,0x1C47021CD80,DXGI,0,512,1,Hardware: Independent Flip,18675.6890,NA,9.81160000000000,10.04250000000000,9.87830000000000,10.15940000000000,10.1920,18675.5512,10.0161,0.1378,9.8783,0.2794,10.0178,0.4731,9.5447,-0.0694,18675.5512,NA,NA,NA
ZoomTracks.exe,30812,0x1C47021CD80,DXGI,0,512,1,Hardware: Independent Flip,18685.9075,NA,10.21850000000000,9.94840000000000,9.64300000000000,9.91650000000000,9.9219,18685.5673,9.9832,0.3402,9.6430,0.2811,9.9756,0.6691,9.3065,0.0677,18685.5673,NA,NA,NA
ZoomTracks.exe,30812,0x1C47021CD80,DXGI,0,512,1,Hardware: Independent Flip,18695.6872,NA,9.77970000000000,10.04010000000000,9.89670000000000,10.16010000000000,10.1823,18695.5505,10.0334,0.1367,9.8967,0.2735,10.0233,0.4676,9.5557,-0.0569,18695.5505,NA,22.5191,22.5191
ZoomTracks.exe,30812,0x1C47021CD80,DXGI,0,512,1,Hardware: Independent Flip,18705.8907,NA,10.20350000000000,9.98260000000000,9.67750000000000,9.93500000000000,9.9614,18705.5839,9.9843,0.3068,9.6775,0.2634,9.9784,0.6607,9.3177,0.0508,18705.5839,NA,28.5094,28.5094
ZoomTracks.exe,30812,0x1C47021CD80,DXGI,0,512,1,Hardware: Independent Flip,18715.8711,NA,9.98040000000000,10.03890000000000,9.72500000000000,10.00220000000000,10.0199,18715.5682,10.0279,0.3029,9.7250,0.2575,10.0476,0.7033,9.3443,-0.0546,18715.5682,NA,NA,NA
ZoomTracks.exe,30812,0x1C47021CD80,DXGI,0,512,1,Hardware: Independent Flip,18725.9263,NA,10.05520000000000,10.00830000000000,9.64490000000000,9.94620000000000,9.9730,18725.5961,9.9751,0.3302,9.6449,0.2772,9.9992,0.7191,9.2801,0.0196,18725.5961,NA,NA,NA
ZoomTracks.exe,30812,0x1C47021CD80,DXGI,0,512,1,Hardware: Independent Flip,18735.8985,NA,9.97220000000000,9.98530000000000,9.67790000000000,9.97710000000000,9.9861,18735.5712,10.0052,0.3273,9.6779,0.3013,10.0031,0.6998,9.3033,-0.0102,18735.5712,NA,NA,NA
ZoomTracks.exe,30812,0x1C47021CD80,DXGI,0,512,1,Hardware: Independent Flip,18745.9293,NA,10.03080000000000,9.98130000000000,9.63860000000000,9.84930000000000,9.9366,18745.5764,9.9915,0.3529,9.6386,0.2992,9.9030,0.6265,9.2765,0.0239,18745.5764,NA,NA,NA
ZoomTracks.exe,30812,0x1C47021CD80,DXGI,0,512,1,Hardware: Independent Flip,18755.8718,NA,9.94250000000000,9.99370000000000,9.70960000000000,9.96700000000000,9.9878,18755.5679,10.0135,0.3039,9.7096,0.2107,10.0602,0.6663,9.3939,-0.0022,18755.5679,NA,NA,NA
ZoomTracks.exe,30812,0x1C47021CD80,DXGI,0,512,1,Hardware: Independent Flip,18765.8775,NA,10.00570000000000,9.99350000000000,9.69830000000000,9.88320000000000,9.9756,18765.5814,9.9944,0.2961,9.6983,0.2574,9.9219,0.6091,9.3128,0.0200,18765.5814,NA,NA,NA
ZoomTracks.exe,30812,0x1C47021CD80,DXGI,0,512,1,Hardware: Independent Flip,18775.7856,NA,9.90810000000000,9.97830000000000,9.80370000000000,10.02490000000000,10.0458,18775.5758,10.0135,0.2098,9.8037,0.1849,10.0498,0.5620,9.4878,0.0161,18775.5758,NA,23.4272,23.4272
ZoomTracks.exe,30812,0x1C47021CD80,DXGI,0,512,1,Hardware: Independent Flip,18785.8793,NA,10.09370000000000,10.04300000000000,9.67350000000000,9.89070000000000,9.9951,18785.5893,9.9635,0.2900,9.6735,0.2212,9.9595,0.6158,9.3437,-0.0295,18785.5893,NA,20.5205,20.5205
ZoomTracks.exe,30812,0x1C47021CD80,DXGI,0,512,1,Hardware: Independent Flip,18795.7054,NA,9.82610000000000,9.96500000000000,9.85040000000000,10.12590000000000,10.1340,18795.5528,10.0030,0.1526,9.8504,0.2172,10.0613,0.5342,9.5271,-0.0015,18795.5528,NA,NA,NA
ZoomTracks.exe,30812,0x1C47021CD80,DXGI,0,512,1,Hardware: Independent Flip,18805.8889,NA,10.18350000000000,9.98810000000000,9.65570000000000,9.91150000000000,9.9386,18805.5558,9.9888,0.3331,9.6557,0.2755,9.9691,0.6476,9.3215,0.0149,18805.5558,NA,NA,NA
ZoomTracks.exe,30812,0x1C47021CD80,DXGI,0,512,1,Hardware: Independent Flip,18815.8098,NA,9.92090000000000,11.84940000000000,9.77340000000000,11.85940000000000,11.8671,18815.5446,10.0386,0.2652,9.7734,0.2558,11.8688,2.5175,9.3513,-1.8606,18815.5446,NA,NA,NA
ZoomTracks.exe,30812,0x1C47021CD80,DXGI,0,512,1,Hardware: Independent Flip,18825.7424,NA,9.93260000000000,8.19760000000000,9.81420000000000,10.03990000000000,10.1321,18825.5832,9.9734,0.1592,9.8142,2.0860,8.1131,0.3318,7.7813,1.8410,18825.5832,NA,NA,NA
ZoomTracks.exe,30812,0x1C47021CD80,DXGI,0,512,1,Hardware: Independent Flip,18835.6810,NA,9.93860000000000,10.00250000000000,9.89390000000000,10.17290000000000,10.1960,18835.5566,10.0183,0.1244,9.8939,0.2257,10.0716,0.7400,9.3316,-0.0291,18835.5566,NA,NA,NA
ZoomTracks.exe,30812,0x1C47021CD80,DXGI,0,512,1,Hardware: Independent Flip,18845.9179,NA,10.23690000000000,11.69720000000000,9.66370000000000,9.82040000000000,11.6563,18845.5749,10.0067,0.3430,9.6637,0.2790,9.8844,0.5681,9.3163,-1.6789,18845.5749,NA,NA,NA
ZoomTracks.exe,30812,0x1C47021CD80,DXGI,0,512,1,Hardware: Independent Flip,18855.7820,NA,9.86410000000000,8.30120000000000,9.78990000000000,10.06830000000000,10.0934,18855.5816,9.9903,0.2004,9.7899,0.1567,10.1120,0.6498,9.4622,1.7055,18855.5816,NA,NA,NA
ZoomTracks.exe,30812,0x1C47021CD80,DXGI,0,512,1,Hardware: Independent Flip,18865.6925,NA,9.91050000000000,10.81780000000000,9.88620000000000,10.10000000000000,11.0007,18865.5719,10.0068,0.1206,9.8862,0.2784,9.9422,0.6218,9.3204,-0.8275,18865.5719,NA,NA,NA
ZoomTracks.exe,30812,0x1C47021CD80,DXGI,0,512,1,Hardware: Independent Flip,18875.8192,NA,10.12670000000000,9.55320000000000,9.75660000000000,9.99150000000000,10.4272,18875.5787,9.9971,0.2405,9.7566,0.2138,10.0182,0.6612,9.3570,0.4536,18875.5787,NA,22.8892,22.8892
ZoomTracks.exe,30812,0x1C47021CD80,DXGI,0,512,1,Hardware: Independent Flip,18885.7071,NA,9.88790000000000,9.58790000000000,9.84040000000000,10.12010000000000,10.1272,18885.5758,9.9717,0.1313,9.8404,0.2349,10.0165,0.6723,9.3442,0.4092,18885.5758,NA,NA,NA
ZoomTracks.exe,30812,0x1C47021CD80,DXGI,0,512,1,Hardware: Independent Flip,18895.7009,NA,9.99380000000000,10.33410000000000,9.84630000000000,10.01270000000000,10.4675,18895.5475,9.9997,0.1534,9.8463,0.2797,9.8864,0.3298,9.5566,-0.3624,18895.5475,NA,NA,NA
ZoomTracks.exe,30812,0x1C47021CD80,DXGI,0,512,1,Hardware: Independent Flip,18905.7598,NA,10.05890000000000,9.68110000000000,9.81070000000000,10.07010000000000,10.0897,18905.5472,10.0233,0.2126,9.8107,0.1664,10.1163,0.7571,9.3592,0.3186,18905.5472,NA,28.5037,28.5037
ZoomTracks.exe,30812,0x1C47021CD80,DXGI,0,512,1,Hardware: Independent Flip,18915.8877,NA,10.12790000000000,10.07540000000000,9.68580000000000,9.90600000000000,10.0372,18915.5705,10.0030,0.3172,9.6858,0.2594,9.9638,0.6237,9.3401,-0.0521,18915.5705,NA,NA,NA
ZoomTracks.exe,30812,0x1C47021CD80,DXGI,0,512,1,Hardware: Independent Flip,18925.8163,NA,9.92860000000000,9.95540000000000,9.76700000000000,10.03720000000000,10.0640,18925.5735,10.0098,0.2428,9.7670,0.2202,10.0598,0.6305,9.4293,0.0476,18925.5735,NA,NA,NA
ZoomTracks.exe,30812,0x1C47021CD80,DXGI,0,512,1,Hardware: Independent Flip,18935.7062,NA,9.88990000000000,10.00710000000000,9.88910000000000,10.15820000000000,10.1812,18935.5833,10.0120,0.1229,9.8891,0.2702,10.0109,0.6971,9.3138,0.0027,18935.5833,NA,NA,NA
ZoomTracks.exe,30812,0x1C47021CD80,DXGI,0,512,1,Hardware: Independent Flip,18945.9030,NA,10.19680000000000,9.92170000000000,9.77150000000000,9.89810000000000,9.9061,18945.5953,10.0792,0.3077,9.7715,0.2691,9.9367,0.6283,9.3084,0.0903,18945.5953,NA,NA,NA
ZoomTracks.exe,30812,0x1C47021CD80,DXGI,0,512,1,Hardware: Independent Flip,18955.9560,NA,10.05300000000000,10.09260000000000,9.63200000000000,9.91310000000000,9.9457,18955.6745,9.9135,0.2815,9.6320,0.1266,10.0680,0.7722,9.2958,-0.0134,18955.6745,NA,10.5487,10.5487
ZoomTracks.exe,30812,0x1C47021CD80,DXGI,0,512,1,Hardware: Independent Flip,18965.9335,NA,9.97750000000000,9.98780000000000,9.65080000000000,9.93560000000000,9.9560,18965.5880,9.9963,0.3455,9.6508,0.2811,10.0000,0.7045,9.2955,-0.0743,18965.5880,NA,NA,NA
ZoomTracks.exe,30812,0x1C47021CD80,DXGI,0,512,1,Hardware: Independent Flip,18975.9283,NA,9.99480000000000,9.94290000000000,9.63820000000000,9.88580000000000,9.9041,18975.5843,9.9822,0.3440,9.6382,0.2848,9.9450,0.6625,9.2825,0.0534,18975.5843,NA,NA,NA
ZoomTracks.exe,30812,0x1C47021CD80,DXGI,0,512,1,Hardware: Independent Flip,18985.8698,NA,9.94150000000000,10.09510000000000,9.70200000000000,10.02550000000000,10.0577,18985.5665,10.0053,0.3033,9.7020,0.2476,10.0812,0.7323,9.3489,-0.1129,18985.5665,NA,NA,NA
ZoomTracks.exe,30812,0x1C47021CD80,DXGI,0,512,1,Hardware: Independent Flip,18995.9055,NA,10.03570000000000,9.89610000000000,9.64840000000000,9.89570000000000,9.9181,18995.5718,9.9821,0.3337,9.6484,0.3235,9.9059,0.6444,9.2615,0.1092,18995.5718,NA,NA,NA
ZoomTracks.exe,30812,0x1C47021CD80,DXGI,0,512,1,Hardware: Independent Flip,19005.8717,NA,9.96620000000000,10.00040000000000,9.67240000000000,9.94420000000000,9.9523,19005.5539,9.9902,0.3178,9.6724,0.2473,10.0147,0.6923,9.3224,-0.0183,19005.5539,NA,NA,NA
ZoomTracks.exe,30812,0x1C47021CD80,DXGI,0,512,1,Hardware: Independent Flip,19015.8563,NA,9.98460000000000,10.39510000000000,9.68570000000000,10.25340000000000,10.3628,19015.5441,9.9979,0.3122,9.6857,0.2718,10.2938,0.9787,9.3151,-0.4049,19015.5441,NA,NA,NA
ZoomTracks.exe,30812,0x1C47021CD80,DXGI,0,512,1,Hardware: Independent Flip,19025.6903,NA,9.83400000000000,9.66540000000000,9.89500000000000,10.17100000000000,10.1942,19025.5420,10.0433,0.1483,9.8950,0.5677,9.7516,0.5145,9.2371,0.3325,19025.5420,NA,NA,NA
ZoomTracks.exe,30812,0x1C47021CD80,DXGI,0,512,1,Hardware: Independent Flip,19035.8865,NA,10.19620000000000,9.96040000000000,9.69310000000000,9.94070000000000,9.9584,19035.5853,9.9943,0.3012,9.6931,0.2760,9.9659,0.6570,9.3089,0.0829,19035.5853,NA,NA,NA
ZoomTracks.exe,30812,0x1C47021CD80,DXGI,0,512,1,Hardware: Independent Flip,19045.8821,NA,9.99560000000000,10.34330000000000,9.69400000000000,9.93830000000000,10.3061,19045.5796,9.9965,0.3025,9.6940,0.2476,9.9932,0.6491,9.3441,-0.3490,19045.5796,NA,23.8192,23.8192
ZoomTracks.exe,30812,0x1C47021CD80,DXGI,0,512,1,Hardware: Independent Flip,19055.8504,NA,9.96830000000000,9.66570000000000,9.72500000000000,9.98450000000000,10.0035,19055.5761,9.9993,0.2743,9.7250,0.2443,10.0145,0.7291,9.2854,0.3308,19055.5761,NA,NA,NA
ZoomTracks.exe,30812,0x1C47021CD80,DXGI,0,512,1,Hardware: Independent Flip,19065.8755,NA,10.02510000000000,10.13030000000000,9.70250000000000,9.91930000000000,10.1087,19065.5754,10.0026,0.3001,9.7025,0.2595,9.9599,0.6288,9.3311,-0.1310,19065.5754,NA,NA,NA
ZoomTracks.exe,30812,0x1C47021CD80,DXGI,0,512,1,Hardware: Independent Flip,19075.8215,NA,9.94600000000000,9.94550000000000,9.75250000000000,9.98450000000000,10.1082,19075.5780,9.9960,0.2435,9.7525,0.2168,10.0112,0.6610,9.3502,0.0571,19075.5780,NA,28.5805,28.5805
ZoomTracks.exe,30812,0x1C47021CD80,DXGI,0,512,1,Hardware: Independent Flip,19085.6959,NA,9.87440000000000,9.96270000000000,9.88350000000000,10.17050000000000,10.1965,19085.5740,10.0054,0.1219,9.8835,0.2320,10.0604,0.7031,9.3573,0.0333,19085.5740,NA,NA,NA
ZoomTracks.exe,30812,0x1C47021CD80,DXGI,0,512,1,Hardware: Independent Flip,19095.9154,NA,10.21950000000000,9.92510000000000,9.63600000000000,9.78610000000000,9.9021,19095.5794,9.9720,0.3360,9.6360,0.2870,9.8351,0.5403,9.2948,0.0803,19095.5794,NA,NA,NA
ZoomTracks.exe,30812,0x1C47021CD80,DXGI,0,512,1,Hardware: Independent Flip,19105.7440,NA,9.82860000000000,10.02420000000000,9.82390000000000,10.07430000000000,10.0977,19105.5514,10.0165,0.1926,9.8239,0.1501,10.1168,0.5795,9.5373,-0.0522,19105.5514,NA,NA,NA
ZoomTracks.exe,30812,0x1C47021CD80,DXGI,0,512,1,Hardware: Independent Flip,19115.8747,NA,10.13070000000000,10.12170000000000,9.67750000000000,9.92810000000000,10.0887,19115.5679,9.9843,0.3068,9.6775,0.2504,9.9845,0.6557,9.3288,-0.1052,19115.5679,NA,NA,NA
ZoomTracks.exe,30812,0x1C47021CD80,DXGI,0,512,1,Hardware: Independent Flip,19125.6969,NA,9.82220000000000,9.90610000000000,9.90420000000000,10.15410000000000,10.1726,19125.5522,10.0489,0.1447,9.9042,0.2506,10.0482,0.5422,9.5060,0.0782,19125.5522,NA,NA,NA
ZoomTracks.exe,30812,0x1C47021CD80,DXGI,0,512,1,Hardware: Independent Flip,19135.9053,NA,10.20840000000000,10.00070000000000,9.66600000000000,9.94190000000000,9.9649,19135.6011,9.9702,0.3042,9.6660,0.2499,9.9962,0.6812,9.3150,0.0482,19135.6011,NA,27.4953,27.4953
ZoomTracks.exe,30812,0x1C47021CD80,DXGI,0,512,1,Hardware: Independent Flip,19145.8918,NA,9.98650000000000,9.95530000000000,9.67840000000000,9.91300000000000,9.9337,19145.5713,9.9989,0.3205,9.6784,0.2759,9.9576,0.6402,9.3174,0.0149,19145.5713,NA,NA,NA
ZoomTracks.exe,30812,0x1C47021CD80,DXGI,0,512,1,Hardware: Independent Flip,19155.8742,NA,9.98240000000000,10.06550000000000,9.72470000000000,9.99210000000000,10.0168,19155.5702,10.0287,0.3040,9.7247,0.2346,10.0615,0.7075,9.3540,-0.0666,19155.5702,NA,NA,NA
ZoomTracks.exe,30812,0x1C47021CD80,DXGI,0,512,1,Hardware: Independent Flip,19165.9139,NA,10.03970000000000,10.01770000000000,9.66920000000000,9.96930000000000,9.9948,19165.5989,9.9842,0.3150,9.6692,0.2674,10.0169,0.7232,9.2937,0.0110,19165.5989,NA,NA,NA
ZoomTracks.exe,30812,0x1C47021CD80,DXGI,0,512,1,Hardware: Independent Flip,19175.9240,NA,10.01010000000000,10.00440000000000,9.64700000000000,9.96250000000000,9.9891,19175.5831,9.9879,0.3409,9.6470,0.3001,10.0033,0.7230,9.2803,-0.0202,19175.5831,NA,26.5529,26.5529
ZoomTracks.exe,30812,0x1C47021CD80,DXGI,0,512,1,Hardware: Independent Flip,19185.8964,NA,9.97240000000000,10.00600000000000,9.69310000000000,9.89200000000000,10.0227,19185.5710,10.0185,0.3254,9.6931,0.3155,9.9019,0.6269,9.2750,-0.0181,19185.5710,NA,NA,NA
ZoomTracks.exe,30812,0x1C47021CD80,DXGI,0,512,1,Hardware: Independent Flip,19195.8369,NA,9.94050000000000,9.89920000000000,9.73770000000000,9.96130000000000,9.9814,19195.5895,9.9851,0.2474,9.7377,0.1989,10.0098,0.6511,9.3587,0.1193,19195.5895,NA,NA,NA
ZoomTracks.exe,30812,0x1C47021CD80,DXGI,0,512,1,Hardware: Independent Flip,19205.8568,NA,10.01990000000000,10.06030000000000,9.71260000000000,9.93280000000000,10.0218,19205.5746,9.9948,0.2822,9.7126,0.2236,9.9914,0.6623,9.3291,-0.0752,19205.5746,NA,15.5146,15.5146
ZoomTracks.exe,30812,0x1C47021CD80,DXGI,0,512,1,Hardware: Independent Flip,19215.8969,NA,10.04010000000000,9.96270000000000,9.64670000000000,9.93640000000000,9.9444,19215.5694,9.9742,0.3275,9.6467,0.2202,10.0437,0.6622,9.3815,0.0321,19215.5694,NA,NA,NA
ZoomTracks.exe,30812,0x1C47021CD80,DXGI,0,512,1,Hardware: Independent Flip,19225.6850,NA,9.78810000000000,10.03150000000000,9.89860000000000,10.16320000000000,10.1878,19225.5436,10.0400,0.1414,9.8986,0.2897,10.0149,0.4551,9.5598,-0.0573,19225.5436,NA,NA,NA
ZoomTracks.exe,30812,0x1C47021CD80,DXGI,0,512,1,Hardware: Independent Flip,19235.8957,NA,10.21070000000000,9.97780000000000,9.68430000000000,9.87000000000000,9.9549,19235.5836,9.9964,0.3121,9.6843,0.2646,9.9175,0.6015,9.3160,0.0622,19235.5836,NA,NA,NA
ZoomTracks.exe,30812,0x1C47021CD80,DXGI,0,512,1,Hardware: Independent Flip,19245.8645,NA,9.96880000000000,9.98340000000000,9.73270000000000,9.94910000000000,9.9695,19245.5800,10.0172,0.2845,9.7327,0.1857,10.0479,0.6410,9.4069,0.0130,19245.5800,NA,NA,NA
ZoomTracks.exe,30812,0x1C47021CD80,DXGI,0,512,1,Hardware: Independent Flip,19255.8700,NA,10.00550000000000,10.04510000000000,9.70920000000000,9.98500000000000,10.0091,19255.5972,9.9820,0.2728,9.7092,0.2164,10.0414,0.6878,9.3536,-0.0279,19255.5972,NA,NA,NA
ZoomTracks.exe,30812,0x1C47021CD80,DXGI,0,512,1,Hardware: Independent Flip,19265.7063,NA,9.83630000000000,9.99370000000000,9.87000000000000,10.14240000000000,10.1665,19265.5792,9.9971,0.1271,9.8700,0.2758,9.9937,0.6737,9.3200,-0.0117,19265.5792,NA,NA,NA
ZoomTracks.exe,30812,0x1C47021CD80,DXGI,0,512,1,Hardware: Independent Flip,19275.9147,NA,10.20840000000000,9.97640000000000,9.66510000000000,9.91070000000000,9.9345,19275.5763,10.0035,0.3384,9.6651,0.2724,9.9767,0.6710,9.3057,0.0207,19275.5763,NA,NA,NA
ZoomTracks.exe,30812,0x1C47021CD80,DXGI,0,512,1,Hardware: Independent Flip,19285.8722,NA,9.95750000000000,10.06900000000000,9.70870000000000,10.02020000000000,10.0460,19285.5798,10.0011,0.2924,9.7087,0.2456,10.0670,0.7348,9.3322,-0.0655,19285.5798,NA,NA,NA
ZoomTracks.exe,30812,0x1C47021CD80,DXGI,0,512,1,Hardware: Independent Flip,19295.9398,NA,10.06760000000000,9.94240000000000,9.63320000000000,9.90300000000000,9.9208,19295.5809,9.9921,0.3589,9.6332,0.3115,9.9504,0.6862,9.2642,0.0587,19295.5809,NA,NA,NA
ZoomTracks.exe,30812,0x1C47021CD80,DXGI,0,512,1,Hardware: Independent Flip,19305.8947,NA,9.95490000000000,9.96410000000000,9.67600000000000,9.90820000000000,9.9300,19305.5730,9.9977,0.3217,9.6760,0.2698,9.9601,0.6439,9.3162,0.0280,19305.5730,NA,NA,NA
ZoomTracks.exe,30812,0x1C47021CD80,DXGI,0,512,1,Hardware: Independent Flip,19315.8421,NA,9.94740000000000,11.15000000000000,9.69730000000000,11.06680000000000,11.1326,19315.5707,9.9687,0.2714,9.6973,0.2322,11.1060,1.7846,9.3214,-1.1523,19315.5707,NA,30.6105,30.6105
ZoomTracks.exe,30812,0x1C47021CD80,DXGI,0,512,1,Hardware: Independent Flip,19325.6893,NA,9.84720000000000,8.94290000000000,9.91650000000000,10.20220000000000,10.2283,19325.5394,10.0664,0.1499,9.9165,1.3695,8.9826,0.5599,8.4227,1.0258,19325.5394,NA,NA,NA
ZoomTracks.exe,30812,0x1C47021CD80,DXGI,0,512,1,Hardware: Independent Flip,19335.7305,NA,10.04120000000000,9.95050000000000,9.82790000000000,10.13090000000000,10.1376,19335.6058,9.9526,0.1247,9.8279,0.2857,9.9699,0.7180,9.2519,0.1159,19335.6058,NA,NA,NA
ZoomTracks.exe,30812,0x1C47021CD80,DXGI,0,512,1,Hardware: Independent Flip,19345.6912,NA,9.96070000000000,11.06620000000000,9.88540000000000,10.08750000000000,11.2431,19345.5584,10.0182,0.1328,9.8854,0.3030,9.9173,0.3867,9.5306,-1.1136,19345.5584,NA,NA,NA
ZoomTracks.exe,30812,0x1C47021CD80,DXGI,0,512,1,Hardware: Independent Flip,19355.8230,NA,10.13180000000000,8.95120000000000,9.75210000000000,10.03460000000000,10.0625,19355.5766,9.9985,0.2464,9.7521,0.2021,10.0789,0.7031,9.3758,1.0670,19355.5766,NA,NA,NA
ZoomTracks.exe,30812,0x1C47021CD80,DXGI,0,512,1,Hardware: Independent Flip,19365.7060,NA,9.88300000000000,10.52560000000000,9.87720000000000,10.08000000000000,10.7051,19365.5751,10.0081,0.1309,9.8772,0.2825,9.9284,0.6182,9.3102,-0.5271,19365.5751,NA,NA,NA
ZoomTracks.exe,30812,0x1C47021CD80,DXGI,0,512,1,Hardware: Independent Flip,19375.8113,NA,10.10530000000000,9.66230000000000,9.75950000000000,10.00040000000000,10.2621,19375.5832,9.9876,0.2281,9.7595,0.2028,10.0257,0.6127,9.4130,0.3458,19375.5832,NA,23.6995,23.6995
ZoomTracks.exe,30812,0x1C47021CD80,DXGI,0,512,1,Hardware: Independent Flip,19385.7128,NA,9.90150000000000,9.80550000000000,9.87720000000000,10.14060000000000,10.1661,19385.5708,10.0192,0.1420,9.8772,0.2409,10.0417,0.7066,9.3351,0.1821,19385.5708,NA,NA,NA
ZoomTracks.exe,30812,0x1C47021CD80,DXGI,0,512,1,Hardware: Independent Flip,19395.9004,NA,10.18760000000000,10.25670000000000,9.67480000000000,9.89900000000000,10.2352,19395.5900,9.9852,0.3104,9.6748,0.2634,9.9460,0.6361,9.3099,-0.2375,19395.5900,NA,NA,NA
ZoomTracks.exe,30812,0x1C47021CD80,DXGI,0,512,1,Hardware: Independent Flip,19405.8244,NA,9.92400000000000,9.74790000000000,9.75290000000000,10.03750000000000,10.0591,19405.5752,10.0021,0.2492,9.7529,0.2242,10.0625,0.7282,9.3343,0.2373,19405.5752,NA,NA,NA
ZoomTracks.exe,30812,0x1C47021CD80,DXGI,0,512,1,Hardware: Independent Flip,19415.8988,NA,10.07440000000000,11.19330000000000,9.64660000000000,11.07560000000000,11.1780,19415.5773,9.9681,0.3215,9.6466,0.2846,11.1125,1.8192,9.2933,-1.1912,19415.5773,NA,NA,NA
ZoomTracks.exe,30812,0x1C47021CD80,DXGI,0,512,1,Hardware: Independent Flip,19425.6818,NA,9.78300000000000,8.75920000000000,9.88220000000000,10.13630000000000,10.1542,19425.5454,10.0186,0.1364,9.8822,1.4290,8.8437,0.4710,8.3727,1.2089,19425.5454,NA,25.4518,25.4518
ZoomTracks.exe,30812,0x1C47021CD80,DXGI,0,512,1,Hardware: Independent Flip,19435.8867,NA,10.20490000000000,10.05600000000000,9.66850000000000,9.98270000000000,10.0053,19435.5640,9.9912,0.3227,9.6685,0.2541,10.0513,0.6945,9.3568,-0.0374,19435.5640,NA,NA,NA
ZoomTracks.exe,30812,0x1C47021CD80,DXGI,0,512,1,Hardware: Independent Flip,19445.6794,NA,9.79270000000000,11.13990000000000,9.90480000000000,10.11500000000000,11.3525,19445.5552,10.0290,0.1242,9.9048,0.3142,9.9250,0.3713,9.5537,-1.1487,19445.5552,NA,NA,NA
ZoomTracks.exe,30812,0x1C47021CD80,DXGI,0,512,1,Hardware: Independent Flip,19455.8189,NA,10.13950000000000,8.92400000000000,9.76880000000000,10.10790000000000,10.1370,19455.5842,10.0035,0.2347,9.7688,0.2102,10.1324,0.7659,9.3665,1.1050,19455.5842,NA,NA,NA
ZoomTracks.exe,30812,0x1C47021CD80,DXGI,0,512,1,Hardware: Independent Flip,19465.7271,NA,9.90820000000000,10.47770000000000,9.84450000000000,10.03230000000000,10.7065,19465.5877,9.9839,0.1394,9.8445,0.3391,9.8326,0.5950,9.2376,-0.4742,19465.5877,NA,NA,NA
ZoomTracks.exe,30812,0x1C47021CD80,DXGI,0,512,1,Hardware: Independent Flip,19475.8057,NA,10.07860000000000,9.61950000000000,9.79330000000000,10.01420000000000,10.2474,19475.5716,10.0274,0.2341,9.7933,0.1878,10.0605,0.6657,9.3948,0.3644,19475.5716,NA,22.6877,22.6877
ZoomTracks.exe,30812,0x1C47021CD80,DXGI,0,512,1,Hardware: Independent Flip,19485.7274,NA,9.92170000000000,9.86140000000000,9.84060000000000,10.15350000000000,10.1871,19485.5990,9.9690,0.1284,9.8406,0.2209,10.0610,0.7427,9.3183,0.1660,19485.5990,NA,NA,NA
ZoomTracks.exe,30812,0x1C47021CD80,DXGI,0,512,1,Hardware: Independent Flip,19495.9594,NA,10.23200000000000,10.20880000000000,9.60580000000000,9.83270000000000,10.1639,19495.5680,9.9972,0.3914,9.6058,0.3129,9.9112,0.6652,9.2460,-0.2398,19495.5680,NA,NA,NA
ZoomTracks.exe,30812,0x1C47021CD80,DXGI,0,512,1,Hardware: Independent Flip,19505.8163,NA,9.85690000000000,9.69510000000000,9.76270000000000,9.98060000000000,10.0021,19505.5652,10.0138,0.2511,9.7627,0.2269,10.0048,0.6533,9.3515,0.3021,19505.5652,NA,NA,NA
ZoomTracks.exe,30812,0x1C47021CD80,DXGI,0,512,1,Hardware: Independent Flip,19515.8390,NA,10.02270000000000,10.09110000000000,9.73850000000000,10.04380000000000,10.0705,19515.5790,9.9985,0.2600,9.7385,0.2179,10.0859,0.6897,9.3962,-0.0773,19515.5790,NA,NA,NA
ZoomTracks.exe,30812,0x1C47021CD80,DXGI,0,512,1,Hardware: Independent Flip,19525.7009,NA,9.86190000000000,9.96910000000000,9.87260000000000,10.15140000000000,10.1777,19525.5775,9.9960,0.1234,9.8726,0.3053,9.9695,0.6903,9.2792,0.0294,19525.5775,NA,NA,NA
ZoomTracks.exe,30812,0x1C47021CD80,DXGI,0,512,1,Hardware: Independent Flip,19535.8608,NA,10.15990000000000,9.97120000000000,9.69720000000000,9.98110000000000,9.9890,19535.5735,9.9845,0.2873,9.6972,0.2788,9.9896,0.6963,9.2933,0.0248,19535.5735,NA,NA,NA
ZoomTracks.exe,30812,0x1C47021CD80,DXGI,0,512,1,Hardware: Independent Flip,19545.7037,NA,9.84290000000000,9.91430000000000,9.83950000000000,9.98550000000000,10.0604,19545.5580,9.9852,0.1457,9.8395,0.2839,9.8473,0.3113,9.5360,0.0702,19545.5580,NA,NA,NA
ZoomTracks.exe,30812,0x1C47021CD80,DXGI,0,512,1,Hardware: Independent Flip,19555.7992,NA,10.09550000000000,10.04450000000000,9.85240000000000,10.00060000000000,10.0094,19555.5432,10.1084,0.2560,9.8524,0.1460,10.1106,0.6870,9.4236,-0.0593,19555.5432,NA,NA,NA
ZoomTracks.exe,30812,0x1C47021CD80,DXGI,0,512,1,Hardware: Independent Flip,19565.9358,NA,10.13660000000000,10.10210000000000,9.64270000000000,9.84970000000000,9.9749,19565.6516,9.9269,0.2842,9.6427,0.1482,9.9857,0.7255,9.2602,0.0063,19565.6516,NA,10.5498,10.5498
ZoomTracks.exe,30812,0x1C47021CD80,DXGI,0,512,1,Hardware: Independent Flip,19575.8136,NA,9.87780000000000,10.04210000000000,9.76880000000000,10.11350000000000,10.1392,19575.5785,10.0039,0.2351,9.7688,0.2070,10.1416,0.7858,9.3558,-0.1152,19575.5785,NA,NA,NA
ZoomTracks.exe,30812,0x1C47021CD80,DXGI,0,512,1,Hardware: Independent Flip,19585.7068,NA,9.89320000000000,9.93390000000000,9.85840000000000,10.06270000000000,10.1799,19585.5824,9.9828,0.1244,9.8584,0.3447,9.8424,0.6102,9.2322,0.0700,19585.5824,NA,NA,NA
ZoomTracks.exe,30812,0x1C47021CD80,DXGI,0,512,1,Hardware: Independent Flip,19595.7950,NA,10.08820000000000,9.98980000000000,9.79270000000000,10.05850000000000,10.0815,19595.5652,10.0225,0.2298,9.7927,0.2043,10.0840,0.6334,9.4506,-0.0070,19595.5652,NA,NA,NA
ZoomTracks.exe,30812,0x1C47021CD80,DXGI,0,512,1,Hardware: Independent Flip,19605.8975,NA,10.10250000000000,10.03800000000000,9.68140000000000,9.90750000000000,10.0170,19605.5877,9.9912,0.3098,9.6814,0.2658,9.9515,0.6382,9.3133,-0.0155,19605.5877,NA,NA,NA
ZoomTracks.exe,30812,0x1C47021CD80,DXGI,0,512,1,Hardware: Independent Flip,19615.8479,NA,9.95040000000000,11.08090000000000,9.73480000000000,11.13970000000000,11.1475,19615.5789,10.0038,0.2690,9.7348,0.2261,11.1826,1.8306,9.3520,-1.0897,19615.5789,NA,26.6370,26.6370
ZoomTracks.exe,30812,0x1C47021CD80,DXGI,0,512,1,Hardware: Independent Flip,19625.7335,NA,9.88560000000000,8.87830000000000,9.86070000000000,10.04220000000000,10.1402,19625.5827,10.0115,0.1508,9.8607,1.4049,8.7881,0.3090,8.4791,1.1255,19625.5827,NA,NA,NA
ZoomTracks.exe,30812,0x1C47021CD80,DXGI,0,512,1,Hardware: Independent Flip,19635.8184,NA,10.08490000000000,9.95830000000000,9.73300000000000,10.00710000000000,10.0136,19635.5942,9.9572,0.2242,9.7330,0.1815,10.0498,0.6600,9.3898,0.0532,19635.5942,NA,NA,NA
ZoomTracks.exe,30812,0x1C47021CD80,DXGI,0,512,1,Hardware: Independent Flip,19645.7028,NA,9.88440000000000,11.10040000000000,9.85290000000000,10.03280000000000,11.2296,19645.5514,10.0043,0.1514,9.8529,0.2741,9.9101,0.3540,9.5561,-1.1432,19645.5514,NA,24.5783,24.5783
ZoomTracks.exe,30812,0x1C47021CD80,DXGI,0,512,1,Hardware: Independent Flip,19655.7795,NA,10.07670000000000,8.88340000000000,9.77750000000000,10.02920000000000,10.0363,19655.5557,10.0013,0.2238,9.7775,0.1799,10.0731,0.6742,9.3989,1.1209,19655.5557,NA,NA,NA
ZoomTracks.exe,30812,0x1C47021CD80,DXGI,0,512,1,Hardware: Independent Flip,19665.8643,NA,10.08480000000000,10.61750000000000,9.70980000000000,9.91820000000000,10.5690,19665.5570,10.0171,0.3073,9.7098,0.2517,9.9738,0.6159,9.3579,-0.6162,19665.5570,NA,NA,NA
ZoomTracks.exe,30812,0x1C47021CD80,DXGI,0,512,1,Hardware: Independent Flip,19675.8080,NA,9.94370000000000,9.67270000000000,9.92680000000000,10.00610000000000,10.2980,19675.5741,10.1607,0.2339,9.9268,0.2084,10.0316,0.6597,9.3719,0.3444,19675.5741,NA,NA,NA
ZoomTracks.exe,30812,0x1C47021CD80,DXGI,0,512,1,Hardware: Independent Flip,19685.9668,NA,10.15880000000000,9.75940000000000,9.59530000000000,9.87620000000000,9.8986,19685.7348,9.8273,0.2320,9.5953,0.0793,10.0289,0.7747,9.2542,0.4013,19685.7348,NA,NA,NA
ZoomTracks.exe,30812,0x1C47021CD80,DXGI,0,512,1,Hardware: Independent Flip,19695.9123,NA,9.94550000000000,10.30520000000000,9.68170000000000,9.89390000000000,10.2583,19695.5621,10.0319,0.3502,9.6817,0.2809,9.9632,0.6191,9.3441,-0.4779,19695.5621,NA,20.7945,20.7945
ZoomTracks.exe,30812,0x1C47021CD80,DXGI,0,512,1,Hardware: Independent Flip,19705.8428,NA,9.93050000000000,9.69460000000000,9.73290000000000,10.00010000000000,10.0224,19705.5940,9.9817,0.2488,9.7329,0.2122,10.0367,0.7335,9.3032,0.3373,19705.5940,NA,NA,NA
ZoomTracks.exe,30812,0x1C47021CD80,DXGI,0,512,1,Hardware: Independent Flip,19715.8853,NA,10.04250000000000,10.03770000000000,9.69340000000000,9.99220000000000,10.0176,19715.5757,10.0030,0.3096,9.6934,0.2672,10.0346,0.7344,9.3002,-0.0560,19715.5757,NA,NA,NA
ZoomTracks.exe,30812,0x1C47021CD80,DXGI,0,512,1,Hardware: Independent Flip,19725.9256,NA,10.04030000000000,9.99190000000000,9.64790000000000,9.94240000000000,9.9692,19725.5787,9.9948,0.3469,9.6479,0.2988,9.9905,0.7153,9.2752,0.0111,19725.5787,NA,NA,NA
ZoomTracks.exe,30812,0x1C47021CD80,DXGI,0,512,1,Hardware: Independent Flip,19735.6999,NA,9.77430000000000,9.94010000000000,9.87400000000000,10.12640000000000,10.1350,19735.5735,10.0004,0.1264,9.8740,0.2945,9.9583,0.6806,9.2777,0.0547,19735.5735,NA,NA,NA
ZoomTracks.exe,30812,0x1C47021CD80,DXGI,0,512,1,Hardware: Independent Flip,19745.7026,NA,10.00270000000000,9.95100000000000,9.85400000000000,10.06350000000000,10.0833,19745.5739,9.9827,0.1287,9.8540,0.2524,9.9398,0.3739,9.5659,0.0494,19745.5739,NA,NA,NA
ZoomTracks.exe,30812,0x1C47021CD80,DXGI,0,512,1,Hardware: Independent Flip,19755.8232,NA,10.12060000000000,10.05470000000000,9.73190000000000,9.99760000000000,10.0174,19755.5566,9.9985,0.2666,9.7319,0.2095,10.0547,0.6605,9.3942,-0.0720,19755.5566,NA,21.4812,21.4812
ZoomTracks.exe,30812,0x1C47021CD80,DXGI,0,512,1,Hardware: Independent Flip,19765.8918,NA,10.06860000000000,9.93660000000000,9.65880000000000,9.86690000000000,9.8854,19765.5551,9.9955,0.3367,9.6588,0.2657,9.9379,0.6055,9.3324,0.0619,19765.5551,NA,NA,NA
ZoomTracks.exe,30812,0x1C47021CD80,DXGI,0,512,1,Hardware: Independent Flip,19775.8366,NA,9.94480000000000,9.94660000000000,9.75000000000000,9.80380000000000,9.8872,19775.5506,10.0360,0.2860,9.7500,0.2081,9.8817,0.3836,9.4981,0.0489,19775.5506,NA,14.3672,14.3672
ZoomTracks.exe,30812,0x1C47021CD80,DXGI,0,512,1,Hardware: Independent Flip,19785.7782,NA,9.94160000000000,10.10920000000000,9.83710000000000,9.91850000000000,10.0548,19785.5866,10.0287,0.1916,9.8371,0.0538,10.0563,0.5556,9.5007,-0.0732,19785.5866,NA,14.4908,14.4908
ZoomTracks.exe,30812,0x1C47021CD80,DXGI,0,512,1,Hardware: Independent Flip,19795.8686,NA,10.09040000000000,9.95560000000000,9.74400000000000,9.82060000000000,9.9200,19795.6153,9.9973,0.2533,9.7440,0.0814,9.9925,0.5687,9.4238,0.0731,19795.6153,NA,NA,NA
ZoomTracks.exe,30812,0x1C47021CD80,DXGI,0,512,1,Hardware: Independent Flip,19805.8437,NA,9.97510000000000,9.96980000000000,9.75720000000000,9.81750000000000,9.9147,19805.6126,9.9883,0.2311,9.7572,0.0766,9.9720,0.5021,9.4699,0.0275,19805.6126,NA,NA,NA
ZoomTracks.exe,30812,0x1C47021CD80,DXGI,0,512,1,Hardware: Independent Flip,19815.8146,NA,9.97090000000000,10.03810000000000,9.79150000000000,9.87640000000000,9.9819,19815.6009,10.0052,0.2137,9.7915,0.0603,10.0298,0.5451,9.4847,-0.0498,19815.6009,NA,NA,NA
ZoomTracks.exe,30812,0x1C47021CD80,DXGI,0,512,1,Hardware: Independent Flip,19825.8326,NA,10.01800000000000,9.97450000000000,9.77600000000000,9.83550000000000,9.9384,19825.6061,10.0025,0.2265,9.7760,0.0849,9.9771,0.5219,9.4552,0.0307,19825.6061,NA,NA,NA
ZoomTracks.exe,30812,0x1C47021CD80,DXGI,0,512,1,Hardware: Independent Flip,19835.8275,NA,9.99490000000000,9.95910000000000,9.77210000000000,9.82120000000000,9.9026,19835.6086,9.9910,0.2189,9.7721,0.0595,9.9806,0.4968,9.4838,0.0434,19835.6086,NA,NA,NA
ZoomTracks.exe,30812,0x1C47021CD80,DXGI,0,512,1,Hardware: Independent Flip,19845.7830,NA,9.95550000000000,10.05480000000000,9.77320000000000,9.98300000000000,10.0019,19845.5996,9.9566,0.1834,9.7732,0.0491,10.1173,0.6246,9.4927,-0.0638,19845.5996,NA,NA,NA
ZoomTracks.exe,30812,0x1C47021CD80,DXGI,0,512,1,Hardware: Independent Flip,19855.8234,NA,10.04040000000000,9.98810000000000,9.75160000000000,9.84810000000000,9.9496,19855.5562,10.0188,0.2672,9.7516,0.2098,9.9055,0.4074,9.4981,-0.0315,19855.5562,NA,NA,NA
ZoomTracks.exe,30812,0x1C47021CD80,DXGI,0,512,1,Hardware: Independent Flip,19865.8201,NA,9.99670000000000,10.01070000000000,9.72160000000000,9.94230000000000,9.9636,19865.5750,9.9667,0.2451,9.7216,0.0965,10.0909,0.6444,9.4465,0.0081,19865.5750,NA,NA,NA
ZoomTracks.exe,30812,0x1C47021CD80,DXGI,0,512,1,Hardware: Independent Flip,19875.8337,NA,10.01360000000000,10.00790000000000,9.76820000000000,9.83830000000000,9.9579,19875.5417,10.0602,0.2920,9.7682,0.2207,9.9096,0.4201,9.4895,-0.0412,19875.5417,NA,25.4347,25.4347
ZoomTracks.exe,30812,0x1C47021CD80,DXGI,0,512,1,Hardware: Independent Flip,19885.8259,NA,9.99220000000000,10.02420000000000,9.83850000000000,9.91150000000000,9.9899,19885.6019,10.0625,0.2240,9.8385,0.0701,10.0654,0.5316,9.5338,0.0360,19885.6019,NA,NA,NA
ZoomTracks.exe,30812,0x1C47021CD80,DXGI,0,512,1,Hardware: Independent Flip,19895.8678,NA,10.04190000000000,9.98040000000000,9.71260000000000,9.80680000000000,9.9284,19895.6644,9.9160,0.2034,9.7126,0.0730,9.9372,0.4783,9.4589,0.0821,19895.6644,NA,10.4403,10.4403
ZoomTracks.exe,30812,0x1C47021CD80,DXGI,0,512,1,Hardware: Independent Flip,19905.8267,NA,9.95890000000000,9.93880000000000,9.73820000000000,9.89680000000000,9.9083,19905.5804,9.9845,0.2463,9.7382,0.0942,10.0489,0.5906,9.4583,-0.0228,19905.5804,NA,NA,NA
ZoomTracks.exe,30812,0x1C47021CD80,DXGI,0,512,1,Hardware: Independent Flip,19915.8508,NA,10.02410000000000,10.03710000000000,9.73320000000000,9.79950000000000,9.9213,19915.5649,10.0191,0.2859,9.7332,0.1586,9.9268,0.4859,9.4409,-0.0526,19915.5649,NA,NA,NA
ZoomTracks.exe,30812,0x1C47021CD80,DXGI,0,512,1,Hardware: Independent Flip,19925.8027,NA,9.95190000000000,9.97700000000000,9.79250000000000,9.85850000000000,9.9464,19925.5840,10.0112,0.2187,9.7925,0.0663,10.0109,0.5112,9.4997,0.0421,19925.5840,NA,NA,NA
ZoomTracks.exe,30812,0x1C47021CD80,DXGI,0,512,1,Hardware: Independent Flip,19935.8208,NA,10.01810000000000,10.03470000000000,9.77810000000000,9.86390000000000,9.9630,19935.5952,10.0037,0.2256,9.7781,0.0660,10.0235,0.5326,9.4909,-0.0235,19935.5952,NA,27.4197,27.4197
ZoomTracks.exe,30812,0x1C47021CD80,DXGI,0,512,1,Hardware: Independent Flip,19945.8369,NA,10.01610000000000,9.97650000000000,9.75490000000000,9.82750000000000,9.9234,19945.5989,9.9929,0.2380,9.7549,0.0858,9.9797,0.5237,9.4560,0.0272,19945.5989,NA,NA,NA
ZoomTracks.exe,30812,0x1C47021CD80,DXGI,0,512,1,Hardware: Independent Flip,19955.8128,NA,9.97590000000000,9.98940000000000,9.80410000000000,9.85780000000000,9.9369,19955.5918,10.0251,0.2210,9.8041,0.0726,10.0062,0.5004,9.5058,0.0035,19955.5918,NA,NA,NA
ZoomTracks.exe,30812,0x1C47021CD80,DXGI,0,512,1,Hardware: Independent Flip,19965.8034,NA,9.99060000000000,10.04750000000000,9.74990000000000,9.97500000000000,9.9938,19965.6169,9.9364,0.1865,9.7499,0.0537,10.1078,0.6345,9.4733,-0.0224,19965.6169,NA,10.4339,10.4339
ZoomTracks.exe,30812,0x1C47021CD80,DXGI,0,512,1,Hardware: Independent Flip,19975.8448,NA,10.04140000000000,9.97690000000000,9.76770000000000,9.83780000000000,9.9293,19975.5533,10.0592,0.2915,9.7677,0.2251,9.9042,0.4149,9.4893,-0.0405,19975.5533,NA,NA,NA
ZoomTracks.exe,30812,0x1C47021CD80,DXGI,0,512,1,Hardware: Independent Flip,19985.8266,NA,9.98180000000000,10.01900000000000,9.72630000000000,9.94780000000000,9.9665,19985.6125,9.9404,0.2141,9.7263,0.0701,10.0918,0.6170,9.4748,0.0402,19985.6125,NA,NA,NA
ZoomTracks.exe,30812,0x1C47021CD80,DXGI,0,512,1,Hardware: Independent Flip,19995.8410,NA,10.01440000000000,10.00190000000000,9.74980000000000,9.82840000000000,9.9540,19995.5529,10.0379,0.2881,9.7498,0.2215,9.8950,0.4084,9.4866,-0.0615,19995.5529,NA,NA,NA
ZoomTracks.exe,30812,0x1C47021CD80,DXGI,0,512,1,Hardware: Independent Flip,20005.7906,NA,9.94960000000000,9.96610000000000,9.79600000000000,9.88700000000000,9.9705,20005.5908,9.9958,0.1998,9.7960,0.0786,10.0082,0.5320,9.4762,0.0718,20005.5908,NA,29.4056,29.4056
ZoomTracks.exe,30812,0x1C47021CD80,DXGI,0,512,1,Hardware: Independent Flip,20015.8057,NA,10.01510000000000,10.04500000000000,9.76780000000000,9.89610000000000,10.0004,20015.5866,9.9869,0.2191,9.7678,0.0910,10.0242,0.5565,9.4677,-0.0492,20015.5866,NA,NA,NA
ZoomTracks.exe,30812,0x1C47021CD80,DXGI,0,512,1,Hardware: Independent Flip,20025.8349,NA,10.02920000000000,9.93620000000000,9.73130000000000,9.89850000000000,9.9074,20025.5735,9.9927,0.2614,9.7313,0.1283,10.0316,0.6045,9.4271,0.0507,20025.5735,NA,NA,NA
ZoomTracks.exe,30812,0x1C47021CD80,DXGI,0,512,1,Hardware: Independent Flip,20035.8658,NA,10.03090000000000,10.05260000000000,9.73040000000000,9.82880000000000,9.9291,20035.5662,10.0300,0.2996,9.7304,0.1672,9.9612,0.5107,9.4505,-0.0599,20035.5662,NA,NA,NA
ZoomTracks.exe,30812,0x1C47021CD80,DXGI,0,512,1,Hardware: Independent Flip,20045.8498,NA,9.98400000000000,9.95080000000000,9.74270000000000,9.80960000000000,9.8959,20045.5962,9.9963,0.2536,9.7427,0.0984,9.9648,0.5119,9.4529,0.0792,20045.5962,NA,NA,NA
ZoomTracks.exe,30812,0x1C47021CD80,DXGI,0,512,1,Hardware: Independent Flip,20055.7975,NA,9.94770000000000,10.01120000000000,9.81840000000000,9.87170000000000,9.9594,20055.5925,10.0234,0.2050,9.8184,0.0669,10.0098,0.4996,9.5102,-0.0149,20055.5925,NA,14.3965,14.3965
ZoomTracks.exe,30812,0x1C47021CD80,DXGI,0,512,1,Hardware: Independent Flip,20065.8331,NA,10.03560000000000,10.05490000000000,9.73790000000000,9.95910000000000,9.9787,20065.6159,9.9551,0.2172,9.7379,0.0533,10.1230,0.6317,9.4913,-0.0315,20065.6159,NA,19.3911,19.3911
ZoomTracks.exe,30812,0x1C47021CD80,DXGI,0,512,1,Hardware: Independent Flip,20075.8623,NA,10.02920000000000,9.96720000000000,9.75610000000000,9.82840000000000,9.9167,20075.5710,10.0474,0.2913,9.7561,0.2212,9.8985,0.4480,9.4505,-0.0121,20075.5710,NA,NA,NA
ZoomTracks.exe,30812,0x1C47021CD80,DXGI,0,512,1,Hardware: Independent Flip,20085.8310,NA,9.96870000000000,10.02230000000000,9.72820000000000,9.95140000000000,9.9703,20085.6184,9.9408,0.2126,9.7282,0.0723,10.0917,0.6289,9.4628,0.0251,20085.6184,NA,NA,NA
ZoomTracks.exe,30812,0x1C47021CD80,DXGI,0,512,1,Hardware: Independent Flip,20095.8360,NA,10.00500000000000,9.98140000000000,9.74820000000000,9.81120000000000,9.9467,20095.5592,10.0250,0.2768,9.7482,0.2232,9.8648,0.3838,9.4810,-0.0406,20095.5592,NA,NA,NA
ZoomTracks.exe,30812,0x1C47021CD80,DXGI,0,512,1,Hardware: Independent Flip,20105.8142,NA,9.97820000000000,9.98610000000000,9.77080000000000,9.94640000000000,9.9546,20105.5842,10.0008,0.2300,9.7708,0.0630,10.1134,0.6451,9.4683,0.0389,20105.5842,NA,NA,NA
ZoomTracks.exe,30812,0x1C47021CD80,DXGI,0,512,1,Hardware: Independent Flip,20115.8905,NA,10.07630000000000,10.05560000000000,9.68270000000000,9.76790000000000,9.9339,20115.5850,9.9882,0.3055,9.6827,0.1756,9.8978,0.4873,9.4105,-0.0548,20115.5850,NA,NA,NA
ZoomTracks.exe,30812,0x1C47021CD80,DXGI,0,512,1,Hardware: Independent Flip,20125.7733,NA,9.88280000000000,9.96560000000000,9.82170000000000,9.91120000000000,10.0167,20125.5732,10.0218,0.2001,9.8217,0.0852,10.0261,0.5589,9.4672,0.0226,20125.5732,NA,NA,NA
ZoomTracks.exe,30812,0x1C47021CD80,DXGI,0,512,1,Hardware: Independent Flip,20135.8478,NA,10.07450000000000,9.97360000000000,9.74920000000000,9.81900000000000,9.9158,20135.5950,10.0020,0.2528,9.7492,0.0895,9.9823,0.5231,9.4592,0.0482,20135.5950,NA,NA,NA
ZoomTracks.exe,30812,0x1C47021CD80,DXGI,0,512,1,Hardware: Independent Flip,20145.8096,NA,9.96180000000000,9.93810000000000,9.74900000000000,9.88470000000000,9.8921,20145.5970,9.9616,0.2126,9.7490,0.0698,10.0275,0.5374,9.4901,0.0639,20145.5970,NA,NA,NA
ZoomTracks.exe,30812,0x1C47021CD80,DXGI,0,512,1,Hardware: Independent Flip,20155.8316,NA,10.02200000000000,10.05580000000000,9.78480000000000,9.83820000000000,9.9259,20155.5586,10.0578,0.2730,9.7848,0.1357,9.9755,0.4719,9.5036,-0.0942,20155.5586,NA,NA,NA
ZoomTracks.exe,30812,0x1C47021CD80,DXGI,0,512,1,Hardware: Independent Flip,20165.8146,NA,9.98300000000000,10.04410000000000,9.79260000000000,9.89340000000000,9.9870,20165.6164,9.9908,0.1982,9.7926,0.0534,10.0382,0.5404,9.4978,0.0137,20165.6164,NA,NA,NA
ZoomTracks.exe,30812,0x1C47021CD80,DXGI,0,512,1,Hardware: Independent Flip,20175.8363,NA,10.02170000000000,9.92180000000000,9.75790000000000,9.80660000000000,9.8871,20175.6072,9.9870,0.2291,9.7579,0.1008,9.9349,0.4904,9.4445,0.0690,20175.6072,NA,NA,NA
ZoomTracks.exe,30812,0x1C47021CD80,DXGI,0,512,1,Hardware: Independent Flip,20185.7749,NA,9.93860000000000,10.07820000000000,9.77640000000000,10.00820000000000,10.0267,20185.5942,9.9571,0.1807,9.7764,0.0487,10.1402,0.6261,9.5141,-0.0912,20185.5942,NA,NA,NA
ZoomTracks.exe,30812,0x1C47021CD80,DXGI,0,512,1,Hardware: Independent Flip,20195.8485,NA,10.07360000000000,10.00370000000000,9.75280000000000,9.81830000000000,9.9568,20195.5513,10.0500,0.2972,9.7528,0.2318,9.8837,0.4130,9.4707,-0.0466,20195.5513,NA,NA,NA
ZoomTracks.exe,30812,0x1C47021CD80,DXGI,0,512,1,Hardware: Independent Flip,20205.7969,NA,9.94840000000000,9.96410000000000,9.77610000000000,9.96030000000000,9.9725,20205.6013,9.9717,0.1956,9.7761,0.0655,10.0904,0.6285,9.4619,0.0859,20205.6013,NA,NA,NA
ZoomTracks.exe,30812,0x1C47021CD80,DXGI,0,512,1,Hardware: Independent Flip,20215.8896,NA,10.09270000000000,10.01640000000000,9.69750000000000,9.76930000000000,9.8962,20215.5730,10.0141,0.3166,9.6975,0.1842,9.9017,0.5204,9.3813,-0.0447,20215.5730,NA,NA,NA
ZoomTracks.exe,30812,0x1C47021CD80,DXGI,0,512,1,Hardware: Independent Flip,20225.8154,NA,9.92580000000000,9.97230000000000,9.79090000000000,9.85640000000000,9.9427,20225.5871,10.0192,0.2283,9.7909,0.0718,10.0129,0.5333,9.4796,0.0418,20225.5871,NA,NA,NA
ZoomTracks.exe,30812,0x1C47021CD80,DXGI,0,512,1,Hardware: Independent Flip,20235.7996,NA,9.98420000000000,9.98870000000000,9.79150000000000,9.85390000000000,9.9472,20235.6063,9.9848,0.1933,9.7915,0.0655,9.9817,0.5210,9.4607,0.0305,20235.6063,NA,NA,NA
ZoomTracks.exe,30812,0x1C47021CD80,DXGI,0,512,1,Hardware: Independent Flip,20245.7919,NA,9.99230000000000,9.96050000000000,9.78520000000000,9.90770000000000,9.9154,20245.5911,9.9860,0.2008,9.7852,0.0624,10.0461,0.5472,9.4989,0.0243,20245.5911,NA,NA,NA
ZoomTracks.exe,30812,0x1C47021CD80,DXGI,0,512,1,Hardware: Independent Flip,20255.8293,NA,10.03740000000000,10.04870000000000,9.77040000000000,9.84140000000000,9.9267,20255.5771,10.0226,0.2522,9.7704,0.1225,9.9711,0.4718,9.4993,-0.0627,20255.5771,NA,NA,NA
ZoomTracks.exe,30812,0x1C47021CD80,DXGI,0,512,1,Hardware: Independent Flip,20265.8016,NA,9.97230000000000,10.03690000000000,9.79310000000000,9.87530000000000,9.9913,20265.5997,9.9950,0.2019,9.7931,0.0710,10.0062,0.5033,9.5029,-0.0143,20265.5997,NA,NA,NA
ZoomTracks.exe,30812,0x1C47021CD80,DXGI,0,512,1,Hardware: Independent Flip,20275.8565,NA,10.05490000000000,9.97510000000000,9.71850000000000,9.90000000000000,9.9115,20275.5947,9.9803,0.2618,9.7185,0.0822,10.0796,0.6354,9.4442,0.0199,20275.5947,NA,NA,NA
ZoomTracks.exe,30812,0x1C47021CD80,DXGI,0,512,1,Hardware: Independent Flip,20285.8761,NA,10.01960000000000,10.02310000000000,9.68530000000000,9.89640000000000,9.9150,20285.5750,9.9864,0.3011,9.6853,0.1815,10.0160,0.5976,9.4184,-0.0428,20285.5750,NA,NA,NA
ZoomTracks.exe,30812,0x1C47021CD80,DXGI,0,512,1,Hardware: Independent Flip,20295.8396,NA,9.96350000000000,9.94610000000000,9.73780000000000,9.88750000000000,9.8976,20295.5614,10.0160,0.2782,9.7378,0.2111,9.9546,0.5085,9.4461,0.0403,20295.5614,NA,NA,NA
ZoomTracks.exe,30812,0x1C47021CD80,DXGI,0,512,1,Hardware: Independent Flip,20305.8306,NA,9.99100000000000,9.99560000000000,9.71350000000000,9.88910000000000,9.9022,20305.5774,9.9667,0.2532,9.7135,0.1497,9.9926,0.5882,9.4044,0.0204,20305.5774,NA,NA,NA
ZoomTracks.exe,30812,0x1C47021CD80,DXGI,0,512,1,Hardware: Independent Flip,20315.8502,NA,10.01960000000000,10.04560000000000,9.71420000000000,9.84220000000000,9.9282,20315.5441,10.0203,0.3061,9.7142,0.1756,9.9727,0.5327,9.4400,-0.0789,20315.5441,NA,NA,NA
ZoomTracks.exe,30812,0x1C47021CD80,DXGI,0,512,1,Hardware: Independent Flip,20325.8110,NA,9.96080000000000,9.97980000000000,9.78880000000000,9.85120000000000,9.9472,20325.5644,10.0354,0.2466,9.7888,0.1280,9.9698,0.4240,9.5458,0.0405,20325.5644,NA,NA,NA
ZoomTracks.exe,30812,0x1C47021CD80,DXGI,0,512,1,Hardware: Independent Flip,20335.8089,NA,9.99790000000000,9.98900000000000,9.75650000000000,9.92660000000000,9.9383,20335.5998,9.9656,0.2091,9.7565,0.0624,10.0733,0.5931,9.4802,0.0464,20335.5998,NA,NA,NA
ZoomTracks.exe,30812,0x1C47021CD80,DXGI,0,512,1,Hardware: Independent Flip,20345.8510,NA,10.04210000000000,9.96390000000000,9.73250000000000,9.78140000000000,9.8601,20345.5654,10.0181,0.2856,9.7325,0.1701,9.8969,0.4560,9.4409,0.0017,20345.5654,NA,NA,NA
ZoomTracks.exe,30812,0x1C47021CD80,DXGI,0,512,1,Hardware: Independent Flip,20355.8445,NA,9.99350000000000,10.02880000000000,9.75170000000000,9.80470000000000,9.8954,20355.5835,10.0127,0.2610,9.7517,0.0489,10.0168,0.4651,9.5517,-0.0107,20355.5835,NA,NA,NA
ZoomTracks.exe,30812,0x1C47021CD80,DXGI,0,512,1,Hardware: Independent Flip,20365.7949,NA,9.95040000000000,10.05800000000000,9.81540000000000,9.89950000000000,10.0030,20365.5962,10.0141,0.1987,9.8154,0.0530,10.0452,0.5401,9.5051,-0.0453,20365.5962,NA,NA,NA
ZoomTracks.exe,30812,0x1C47021CD80,DXGI,0,512,1,Hardware: Independent Flip,20375.8522,NA,10.05730000000000,9.97180000000000,9.74550000000000,9.82100000000000,9.9175,20375.6103,9.9874,0.2419,9.7455,0.0841,9.9788,0.5354,9.4434,0.0423,20375.6103,NA,NA,NA
ZoomTracks.exe,30812,0x1C47021CD80,DXGI,0,512,1,Hardware: Independent Flip,20385.8908,NA,10.03860000000000,10.05220000000000,9.66850000000000,9.91240000000000,9.9311,20385.5977,9.9616,0.2931,9.6685,0.0755,10.1300,0.6538,9.4762,-0.0648,20385.5977,NA,NA,NA
ZoomTracks.exe,30812,0x1C47021CD80,DXGI,0,512,1,Hardware: Independent Flip,20395.8721,NA,9.98130000000000,10.03070000000000,9.69540000000000,9.89160000000000,9.9805,20395.5593,10.0082,0.3128,9.6954,0.2439,9.9605,0.5389,9.4216,-0.0691,20395.5593,NA,NA,NA
ZoomTracks.exe,30812,0x1C47021CD80,DXGI,0,512,1,Hardware: Independent Flip,20405.6996,NA,9.82750000000000,9.91640000000000,9.86790000000000,10.05770000000000,10.0694,20405.5675,10.0000,0.1321,9.8679,0.1962,9.9936,0.4053,9.5883,0.0918,20405.5675,NA,NA,NA
ZoomTracks.exe,30812,0x1C47021CD80,DXGI,0,512,1,Hardware: Independent Flip,20415.9100,NA,10.21040000000000,9.98000000000000,9.69750000000000,9.75540000000000,9.8390,20415.5675,10.0400,0.3425,9.6975,0.1898,9.9081,0.5276,9.3805,0.0200,20415.5675,NA,NA,NA
ZoomTracks.exe,30812,0x1C47021CD80,DXGI,0,512,1,Hardware: Independent Flip,20425.7858,NA,9.87580000000000,9.99610000000000,9.80470000000000,9.87770000000000,9.9593,20425.6075,9.9830,0.1783,9.8047,0.0579,9.9981,0.5189,9.4792,0.0439,20425.6075,NA,NA,NA
ZoomTracks.exe,30812,0x1C47021CD80,DXGI,0,512,1,Hardware: Independent Flip,20435.7791,NA,9.99330000000000,10.00550000000000,9.81090000000000,9.87160000000000,9.9715,20435.5905,9.9995,0.1886,9.8109,0.0730,9.9872,0.4932,9.4940,-0.0225,20435.5905,NA,NA,NA
ZoomTracks.exe,30812,0x1C47021CD80,DXGI,0,512,1,Hardware: Independent Flip,20445.8046,NA,10.02550000000000,9.95190000000000,9.76680000000000,9.89070000000000,9.8979,20445.5900,9.9814,0.2146,9.7668,0.0607,10.0446,0.5576,9.4870,0.0476,20445.5900,NA,NA,NA
ZoomTracks.exe,30812,0x1C47021CD80,DXGI,0,512,1,Hardware: Independent Flip,20455.8396,NA,10.03500000000000,10.06860000000000,9.75850000000000,9.81970000000000,9.9315,20455.5714,10.0267,0.2682,9.7585,0.1239,9.9640,0.4783,9.4857,-0.0872,20455.5714,NA,NA,NA
ZoomTracks.exe,30812,0x1C47021CD80,DXGI,0,512,1,Hardware: Independent Flip,20465.8226,NA,9.98300000000000,10.01120000000000,9.77500000000000,9.85860000000000,9.9597,20465.5981,9.9995,0.2245,9.7750,0.0612,10.0219,0.5356,9.4863,0.0155,20465.5981,NA,NA,NA
ZoomTracks.exe,30812,0x1C47021CD80,DXGI,0,512,1,Hardware: Independent Flip,20475.8368,NA,10.01420000000000,10.01330000000000,9.77010000000000,9.86190000000000,9.9588,20475.5976,10.0093,0.2392,9.7701,0.0836,10.0175,0.5565,9.4610,-0.0138,20475.5976,NA,NA,NA
ZoomTracks.exe,30812,0x1C47021CD80,DXGI,0,512,1,Hardware: Independent Flip,20485.8470,NA,10.01020000000000,9.96160000000000,9.74950000000000,9.81390000000000,9.9102,20485.6069,9.9896,0.2401,9.7495,0.0918,9.9622,0.5146,9.4476,0.0477,20485.6069,NA,NA,NA
ZoomTracks.exe,30812,0x1C47021CD80,DXGI,0,512,1,Hardware: Independent Flip,20495.8106,NA,9.96360000000000,10.05090000000000,9.75590000000000,9.97760000000000,9.9975,20495.5965,9.9700,0.2141,9.7559,0.0644,10.1273,0.6715,9.4558,-0.0613,20495.5965,NA,NA,NA
ZoomTracks.exe,30812,0x1C47021CD80,DXGI,0,512,1,Hardware: Independent Flip,20505.9300,NA,10.11940000000000,9.98240000000000,9.64850000000000,9.85220000000000,9.8605,20505.5665,10.0120,0.3635,9.6485,0.2217,9.9940,0.7007,9.2933,-0.0124,20505.5665,NA,NA,NA
ZoomTracks.exe,30812,0x1C47021CD80,DXGI,0,512,1,Hardware: Independent Flip,20515.9317,NA,10.00170000000000,10.08710000000000,9.60860000000000,9.90930000000000,9.9459,20515.5785,9.9618,0.3532,9.6086,0.2037,10.0588,0.7182,9.3406,-0.0751,20515.5785,NA,NA,NA
ZoomTracks.exe,30812,0x1C47021CD80,DXGI,0,512,1,Hardware: Independent Flip,20525.9270,NA,9.99530000000000,9.88990000000000,9.68870000000000,9.75460000000000,9.8405,20525.5403,10.0754,0.3867,9.6887,0.3007,9.8406,0.4885,9.3521,0.0719,20525.5403,NA,NA,NA
ZoomTracks.exe,30812,0x1C47021CD80,DXGI,0,512,1,Hardware: Independent Flip,20535.8221,NA,9.89510000000000,10.01030000000000,9.74680000000000,9.94340000000000,9.9557,20535.6157,9.9532,0.2064,9.7468,0.0659,10.0839,0.6064,9.4775,0.0651,20535.6157,NA,NA,NA
ZoomTracks.exe,30812,0x1C47021CD80,DXGI,0,512,1,Hardware: Independent Flip,20545.8947,NA,10.07260000000000,10.03450000000000,9.66740000000000,9.76320000000000,9.9176,20545.5689,9.9932,0.3258,9.6674,0.1966,9.8924,0.5064,9.3860,-0.0813,20545.5689,NA,NA,NA
ZoomTracks.exe,30812,0x1C47021CD80,DXGI,0,512,1,Hardware: Independent Flip,20555.7772,NA,9.88250000000000,9.92880000000000,9.82570000000000,9.88350000000000,9.9639,20555.5621,10.0408,0.2151,9.8257,0.0958,10.0028,0.5293,9.4735,0.0644,20555.5621,NA,NA,NA
ZoomTracks.exe,30812,0x1C47021CD80,DXGI,0,512,1,Hardware: Independent Flip,20565.7980,NA,10.02080000000000,10.07370000000000,9.77210000000000,9.89000000000000,10.0168,20565.6029,9.9672,0.1951,9.7721,0.0578,10.0273,0.5223,9.5050,-0.0329,20565.6029,NA,15.4531,15.4531
ZoomTracks.exe,30812,0x1C47021CD80,DXGI,0,512,1,Hardware: Independent Flip,20575.8043,NA,10.00630000000000,10.06970000000000,9.89390000000000,9.97980000000000,10.0802,20575.5701,10.1281,0.2342,9.8939,0.1179,10.0961,0.5640,9.5321,-0.1025,20575.5701,NA,NA,NA
ZoomTracks.exe,30812,0x1C47021CD80,DXGI,0,512,1,Hardware: Independent Flip,20585.9406,NA,10.13630000000000,9.85620000000000,9.66440000000000,9.72230000000000,9.8001,20585.6982,9.9068,0.2424,9.6644,0.0859,9.8788,0.5216,9.3572,0.2719,20585.6982,NA,10.3791,10.3791
ZoomTracks.exe,30812,0x1C47021CD80,DXGI,0,512,1,Hardware: Independent Flip,20595.7909,NA,9.85030000000000,10.05580000000000,9.77670000000000,9.87590000000000,10.0056,20595.6050,9.9626,0.1859,9.7767,0.0579,10.0039,0.5069,9.4970,-0.1490,20595.6050,NA,NA,NA
ZoomTracks.exe,30812,0x1C47021CD80,DXGI,0,512,1,Hardware: Independent Flip,20605.7764,NA,9.98550000000000,9.97740000000000,9.78090000000000,9.85630000000000,9.9975,20605.5676,9.9897,0.2088,9.7809,0.0992,9.9659,0.5776,9.3883,-0.0148,20605.5676,NA,NA,NA
ZoomTracks.exe,30812,0x1C47021CD80,DXGI,0,512,1,Hardware: Independent Flip,20615.7522,NA,9.97580000000000,10.03710000000000,9.80090000000000,10.03640000000000,10.0588,20615.5573,9.9958,0.1949,9.8009,0.0754,10.1559,0.6797,9.4762,-0.0474,20615.5573,NA,NA,NA
ZoomTracks.exe,30812,0x1C47021CD80,DXGI,0,512,1,Hardware: Independent Flip,20625.8598,NA,10.10760000000000,9.93920000000000,9.71560000000000,9.88270000000000,9.8904,20625.5531,10.0223,0.3067,9.7156,0.2355,9.9539,0.5118,9.4421,0.0566,20625.5531,NA,NA,NA
ZoomTracks.exe,30812,0x1C47021CD80,DXGI,0,512,1,Hardware: Independent Flip,20635.8951,NA,10.03530000000000,10.04140000000000,9.71350000000000,9.79000000000000,9.8965,20635.5754,10.0332,0.3197,9.7135,0.1671,9.9426,0.5056,9.4370,-0.0191,20635.5754,NA,NA,NA
ZoomTracks.exe,30812,0x1C47021CD80,DXGI,0,512,1,Hardware: Independent Flip,20645.8500,NA,9.95490000000000,10.05970000000000,9.76210000000000,9.83380000000000,10.0013,20645.6086,10.0035,0.2414,9.7621,0.0765,9.9987,0.5617,9.4370,-0.0265,20645.6086,NA,NA,NA
ZoomTracks.exe,30812,0x1C47021CD80,DXGI,0,512,1,Hardware: Independent Flip,20655.7971,NA,9.94710000000000,9.89350000000000,9.80910000000000,9.87300000000000,9.9477,20655.6121,9.9941,0.1850,9.8091,0.0717,9.9863,0.5692,9.4171,0.1100,20655.6121,NA,NA,NA
ZoomTracks.exe,30812,0x1C47021CD80,DXGI,0,512,1,Hardware: Independent Flip,20665.7913,NA,9.99420000000000,10.03750000000000,9.80900000000000,9.87470000000000,9.9910,20665.6062,9.9941,0.1851,9.8090,0.0639,9.9959,0.5282,9.4677,-0.0434,20665.6062,NA,16.4315,16.4315
ZoomTracks.exe,30812,0x1C47021CD80,DXGI,0,512,1,Hardware: Independent Flip,20675.8151,NA,10.02380000000000,9.95680000000000,9.78710000000000,9.84050000000000,9.9240,20675.6003,10.0019,0.2148,9.7871,0.0657,9.9896,0.5180,9.4716,0.0373,20675.6003,NA,NA,NA
ZoomTracks.exe,30812,0x1C47021CD80,DXGI,0,512,1,Hardware: Independent Flip,20685.7749,NA,9.95980000000000,10.05390000000000,9.82190000000000,9.92150000000000,10.0181,20685.6022,9.9946,0.1727,9.8219,0.0534,10.0408,0.5415,9.4993,-0.0520,20685.6022,NA,NA,NA
ZoomTracks.exe,30812,0x1C47021CD80,DXGI,0,512,1,Hardware: Independent Flip,20695.8489,NA,10.07400000000000,10.09810000000000,9.81750000000000,9.93050000000000,10.0422,20695.5968,10.0696,0.2521,9.8175,0.0996,10.0830,0.6406,9.4424,-0.1035,20695.5968,NA,NA,NA
ZoomTracks.exe,30812,0x1C47021CD80,DXGI,0,512,1,Hardware: Independent Flip,20705.9361,NA,10.08720000000000,9.85990000000000,9.67270000000000,9.74310000000000,9.8149,20705.6664,9.9424,0.2697,9.6727,0.1130,9.8998,0.5524,9.3474,0.2097,20705.6664,NA,NA,NA
ZoomTracks.exe,30812,0x1C47021CD80,DXGI,0,512,1,Hardware: Independent Flip,20715.7991,NA,9.86300000000000,10.03690000000000,9.74660000000000,9.96880000000000,9.9888,20715.6088,9.9369,0.1903,9.7466,0.0704,10.0887,0.6405,9.4482,-0.0945,20715.6088,NA,NA,NA
ZoomTracks.exe,30812,0x1C47021CD80,DXGI,0,512,1,Hardware: Independent Flip,20725.8347,NA,10.03560000000000,9.98280000000000,9.73450000000000,9.92760000000000,9.9360,20725.5457,10.0235,0.2890,9.7345,0.2222,9.9944,0.5351,9.4593,-0.0459,20725.5457,NA,NA,NA
ZoomTracks.exe,30812,0x1C47021CD80,DXGI,0,512,1,Hardware: Independent Flip,20735.8917,NA,10.05700000000000,10.04020000000000,9.66530000000000,9.89590000000000,9.9192,20735.5692,9.9878,0.3225,9.6653,0.1931,10.0253,0.6239,9.4014,-0.0167,20735.5692,NA,28.4562,28.4562
ZoomTracks.exe,30812,0x1C47021CD80,DXGI,0,512,1,Hardware: Independent Flip,20745.8425,NA,9.95080000000000,10.05420000000000,9.75890000000000,9.87830000000000,10.0226,20745.5570,10.0444,0.2855,9.7589,0.2306,9.9332,0.5079,9.4253,-0.0664,20745.5570,NA,NA,NA
ZoomTracks.exe,30812,0x1C47021CD80,DXGI,0,512,1,Hardware: Independent Flip,20755.8099,NA,9.96740000000000,9.91750000000000,9.76550000000000,9.96480000000000,9.9727,20755.6014,9.9740,0.2085,9.7655,0.1194,10.0539,0.6793,9.3746,0.1269,20755.6014,NA,23.4232,23.4232
ZoomTracks.exe,30812,0x1C47021CD80,DXGI,0,512,1,Hardware: Independent Flip,20765.9019,NA,10.09200000000000,10.01980000000000,9.69540000000000,9.77850000000000,9.9005,20765.5754,10.0219,0.3265,9.6954,0.1993,9.9057,0.5010,9.4047,-0.0458,20765.5754,NA,NA,NA
ZoomTracks.exe,30812,0x1C47021CD80,DXGI,0,512,1,Hardware: Independent Flip,20775.7949,NA,9.89300000000000,9.92110000000000,9.79600000000000,9.84450000000000,9.9286,20775.5973,9.9936,0.1976,9.7960,0.0831,9.9590,0.4959,9.4631,0.1008,20775.5973,NA,NA,NA
ZoomTracks.exe,30812,0x1C47021CD80,DXGI,0,512,1,Hardware: Independent Flip,20785.7715,NA,9.97660000000000,10.01750000000000,9.80540000000000,9.95950000000000,9.9695,20785.5909,9.9860,0.1806,9.8054,0.0485,10.0916,0.5543,9.5373,-0.0239,20785.5909,NA,NA,NA
ZoomTracks.exe,30812,0x1C47021CD80,DXGI,0,512,1,Hardware: Independent Flip,20795.8506,NA,10.07910000000000,10.00860000000000,9.75060000000000,9.80160000000000,9.8990,20795.5769,10.0243,0.2737,9.7506,0.1541,9.9212,0.4702,9.4510,-0.0226,20795.5769,NA,NA,NA
ZoomTracks.exe,30812,0x1C47021CD80,DXGI,0,512,1,Hardware: Independent Flip,20805.7929,NA,9.94230000000000,9.98780000000000,9.80840000000000,9.85810000000000,9.9445,20805.6012,10.0001,0.1917,9.8084,0.0510,9.9988,0.4929,9.5059,0.0365,20805.6012,NA,NA,NA
ZoomTracks.exe,30812,0x1C47021CD80,DXGI,0,512,1,Hardware: Independent Flip,20815.7849,NA,9.99200000000000,10.09770000000000,9.77370000000000,10.03050000000000,10.0502,20815.6013,9.9573,0.1836,9.7737,0.0497,10.1644,0.6884,9.4760,-0.0976,20815.6013,NA,18.4888,18.4888
ZoomTracks.exe,30812,0x1C47021CD80,DXGI,0,512,1,Hardware: Independent Flip,20825.8837,NA,10.09880000000000,9.91090000000000,9.71160000000000,9.77840000000000,9.8623,20825.5586,10.0367,0.3251,9.7116,0.2568,9.8467,0.4050,9.4417,0.0464,20825.5586,NA,NA,NA
ZoomTracks.exe,30812,0x1C47021CD80,DXGI,0,512,1,Hardware: Independent Flip,20835.7999,NA,9.91620000000000,10.05260000000000,9.75360000000000,9.97860000000000,9.9987,20835.5953,9.9582,0.2046,9.7536,0.0668,10.1164,0.6192,9.4972,-0.0159,20835.5953,NA,NA,NA
ZoomTracks.exe,30812,0x1C47021CD80,DXGI,0,512,1,Hardware: Independent Flip,20845.8517,NA,10.05180000000000,10.03640000000000,9.77920000000000,9.85080000000000,9.9833,20845.5535,10.0774,0.2982,9.7792,0.2250,9.9240,0.4433,9.4807,-0.0782,20845.5535,NA,28.4876,28.4876
ZoomTracks.exe,30812,0x1C47021CD80,DXGI,0,512,1,Hardware: Independent Flip,20855.8232,NA,9.97150000000000,9.90480000000000,9.78220000000000,9.83350000000000,9.9166,20855.6309,9.9745,0.1923,9.7822,0.0716,9.9542,0.5209,9.4333,0.1726,20855.6309,NA,NA,NA
ZoomTracks.exe,30812,0x1C47021CD80,DXGI,0,512,1,Hardware: Independent Flip,20865.7897,NA,9.96650000000000,10.09230000000000,9.81710000000000,9.88320000000000,10.0424,20865.6054,10.0014,0.1843,9.8171,0.0513,10.0162,0.5274,9.4888,-0.1178,20865.6054,NA,22.4781,22.4781
ZoomTracks.exe,30812,0x1C47021CD80,DXGI,0,512,1,Hardware: Independent Flip,20875.8168,NA,10.02710000000000,9.94310000000000,9.77020000000000,9.94450000000000,9.9584,20875.6068,9.9802,0.2100,9.7702,0.0661,10.0884,0.6567,9.4317,0.0583,20875.6068,NA,NA,NA
ZoomTracks.exe,30812,0x1C47021CD80,DXGI,0,512,1,Hardware: Independent Flip,20885.8952,NA,10.07840000000000,10.00770000000000,9.69540000000000,9.77940000000000,9.8877,20885.5870,10.0036,0.3082,9.6954,0.1743,9.9133,0.5033,9.4100,-0.0275,20885.5870,NA,27.4177,27.4177
ZoomTracks.exe,30812,0x1C47021CD80,DXGI,0,512,1,Hardware: Independent Flip,20895.8414,NA,9.94620000000000,9.97300000000000,9.73950000000000,9.79320000000000,9.9145,20895.5906,9.9903,0.2508,9.7395,0.0840,9.9600,0.4906,9.4694,0.0306,20895.5906,NA,NA,NA
ZoomTracks.exe,30812,0x1C47021CD80,DXGI,0,512,1,Hardware: Independent Flip,20905.7799,NA,9.93850000000000,10.02960000000000,9.82760000000000,9.99710000000000,10.0056,20905.5809,10.0266,0.1990,9.8276,0.0537,10.1424,0.6436,9.4988,-0.0393,20905.5809,NA,NA,NA
ZoomTracks.exe,30812,0x1C47021CD80,DXGI,0,512,1,Hardware: Independent Flip,20915.9357,NA,10.15580000000000,9.96110000000000,9.67240000000000,9.73360000000000,9.8109,20915.6075,10.0006,0.3282,9.6724,0.1695,9.8923,0.4897,9.4026,0.0655,20915.6075,NA,NA,NA
ZoomTracks.exe,30812,0x1C47021CD80,DXGI,0,512,1,Hardware: Independent Flip,20925.8006,NA,9.86490000000000,10.01180000000000,9.77790000000000,9.94950000000000,9.9578,20925.6081,9.9704,0.1925,9.7779,0.0612,10.0808,0.5922,9.4886,-0.0112,20925.6081,NA,NA,NA
ZoomTracks.exe,30812,0x1C47021CD80,DXGI,0,512,1,Hardware: Independent Flip,20935.8687,NA,10.06810000000000,10.11990000000000,9.70210000000000,9.90100000000000,10.0096,20935.5785,9.9923,0.2902,9.7021,0.1716,10.0196,0.6012,9.4184,-0.1495,20935.5785,NA,NA,NA
ZoomTracks.exe,30812,0x1C47021CD80,DXGI,0,512,1,Hardware: Independent Flip,20945.8179,NA,9.94920000000000,9.92590000000000,9.79150000000000,9.85560000000000,9.9863,20945.5708,10.0386,0.2471,9.7915,0.1989,9.9038,0.4144,9.4894,0.0664,20945.5708,NA,NA,NA
ZoomTracks.exe,30812,0x1C47021CD80,DXGI,0,512,1,Hardware: Independent Flip,20955.7960,NA,9.97810000000000,10.03110000000000,9.76870000000000,10.01990000000000,10.0393,20955.6094,9.9553,0.1866,9.7687,0.0641,10.1424,0.6876,9.4548,0.0075,20955.6094,NA,NA,NA
ZoomTracks.exe,30812,0x1C47021CD80,DXGI,0,512,1,Hardware: Independent Flip,20965.9005,NA,10.10450000000000,9.98080000000000,9.67770000000000,9.80360000000000,9.9156,20965.5647,10.0135,0.3358,9.6777,0.2512,9.8882,0.4612,9.4270,-0.0255,20965.5647,NA,NA,NA
ZoomTracks.exe,30812,0x1C47021CD80,DXGI,0,512,1,Hardware: Independent Flip,20975.8489,NA,9.94840000000000,9.91060000000000,9.75450000000000,9.81290000000000,9.8778,20975.5782,10.0252,0.2707,9.7545,0.1259,9.9577,0.5074,9.4503,0.1029,20975.5782,NA,NA,NA
ZoomTracks.exe,30812,0x1C47021CD80,DXGI,0,512,1,Hardware: Independent Flip,20985.7966,NA,9.94770000000000,10.16360000000000,9.82450000000000,9.89380000000000,10.0937,20985.6034,10.0177,0.1932,9.8245,0.0584,10.0286,0.5342,9.4944,-0.1384,20985.6034,NA,16.5414,16.5414
ZoomTracks.exe,30812,0x1C47021CD80,DXGI,0,512,1,Hardware: Independent Flip,20995.8361,NA,10.03950000000000,9.95450000000000,9.79280000000000,9.99720000000000,10.0087,20995.6211,10.0078,0.2150,9.7928,0.0693,10.1429,0.7165,9.4264,0.0632,20995.6211,NA,NA,NA
ZoomTracks.exe,30812,0x1C47021CD80,DXGI,0,512,1,Hardware: Independent Flip,21005.9875,NA,10.15140000000000,9.90150000000000,9.62220000000000,9.68080000000000,9.7588,21005.6289,9.9808,0.3586,9.6222,0.2044,9.8350,0.5617,9.2733,0.1063,21005.6289,NA,NA,NA
ZoomTracks.exe,30812,0x1C47021CD80,DXGI,0,512,1,Hardware: Independent Flip,21015.7952,NA,9.80770000000000,10.00160000000000,9.81130000000000,9.86720000000000,9.9527,21015.6097,9.9968,0.1855,9.8113,0.0586,9.9941,0.5116,9.4825,-0.0208,21015.6097,NA,NA,NA
ZoomTracks.exe,30812,0x1C47021CD80,DXGI,0,512,1,Hardware: Independent Flip,21025.8928,NA,10.09760000000000,9.99090000000000,9.72260000000000,9.77150000000000,9.8460,21025.6065,10.0089,0.2863,9.7226,0.0559,10.0019,0.4941,9.5078,0.0059,21025.6065,NA,NA,NA
ZoomTracks.exe,30812,0x1C47021CD80,DXGI,0,512,1,Hardware: Independent Flip,21035.8026,NA,9.90980000000000,10.08500000000000,9.75530000000000,10.00010000000000,10.0212,21035.6154,9.9425,0.1872,9.7553,0.0489,10.1384,0.6255,9.5129,-0.0761,21035.6154,NA,12.4746,12.4746
ZoomTracks.exe,30812,0x1C47021CD80,DXGI,0,512,1,Hardware: Independent Flip,21045.8763,NA,10.07370000000000,10.04420000000000,9.77020000000000,9.86300000000000,9.9917,21045.5579,10.0886,0.3184,9.7702,0.2448,9.9366,0.4869,9.4497,-0.1017,21045.5579,NA,NA,NA
ZoomTracks.exe,30812,0x1C47021CD80,DXGI,0,512,1,Hardware: Independent Flip,21055.9118,NA,10.03550000000000,9.94200000000000,9.64340000000000,9.88080000000000,9.8982,21055.6465,9.9087,0.2653,9.6434,0.0928,10.0533,0.7623,9.2910,0.1466,21055.6465,NA,NA,NA
ZoomTracks.exe,30812,0x1C47021CD80,DXGI,0,512,1,Hardware: Independent Flip,21065.8605,NA,9.94870000000000,9.97260000000000,9.74180000000000,9.82620000000000,9.9221,21065.5552,10.0471,0.3053,9.7418,0.2374,9.8941,0.4240,9.4701,-0.0639,21065.5552,NA,NA,NA
ZoomTracks.exe,30812,0x1C47021CD80,DXGI,0,512,1,Hardware: Independent Flip,21075.8690,NA,10.00850000000000,9.97620000000000,9.75010000000000,9.81860000000000,9.8898,21075.6023,10.0168,0.2667,9.7501,0.0844,10.0009,0.5006,9.5003,0.0709,21075.6023,NA,NA,NA
ZoomTracks.exe,30812,0x1C47021CD80,DXGI,0,512,1,Hardware: Independent Flip,21085.8399,NA,9.97090000000000,10.02110000000000,9.75330000000000,9.81490000000000,9.9400,21085.6191,9.9741,0.2208,9.7533,0.0685,9.9672,0.4649,9.5023,-0.0043,21085.6191,NA,11.4125,11.4125
ZoomTracks.exe,30812,0x1C47021CD80,DXGI,0,512,1,Hardware: Independent Flip,21095.8323,NA,9.99240000000000,10.00360000000000,9.75240000000000,9.93830000000000,9.9512,21095.5932,9.9915,0.2391,9.7524,0.0616,10.1158,0.6413,9.4745,-0.0295,21095.5932,NA,NA,NA
ZoomTracks.exe,30812,0x1C47021CD80,DXGI,0,512,1,Hardware: Independent Flip,21105.8948,NA,10.06250000000000,10.05780000000000,9.72550000000000,9.80540000000000,9.9465,21105.5847,10.0356,0.3101,9.7255,0.1859,9.9296,0.6141,9.3155,-0.0663,21105.5847,NA,NA,NA
ZoomTracks.exe,30812,0x1C47021CD80,DXGI,0,512,1,Hardware: Independent Flip,21115.8586,NA,9.96380000000000,9.89440000000000,9.74760000000000,9.79800000000000,9.8771,21115.6203,9.9859,0.2383,9.7476,0.0799,9.9564,0.5210,9.4354,0.1412,21115.6203,NA,NA,NA
ZoomTracks.exe,30812,0x1C47021CD80,DXGI,0,512,1,Hardware: Independent Flip,21125.7886,NA,9.93000000000000,10.07980000000000,9.83130000000000,9.90130000000000,10.0269,21125.6062,10.0137,0.1824,9.8313,0.0504,10.0333,0.5223,9.5110,-0.0939,21125.6062,NA,NA,NA
ZoomTracks.exe,30812,0x1C47021CD80,DXGI,0,512,1,Hardware: Independent Flip,21135.8509,NA,10.06230000000000,9.91760000000000,9.74200000000000,9.80370000000000,9.8822,21135.6199,9.9730,0.2310,9.7420,0.0700,9.9647,0.5202,9.4445,0.0961,21135.6199,NA,NA,NA
ZoomTracks.exe,30812,0x1C47021CD80,DXGI,0,512,1,Hardware: Independent Flip,21145.7847,NA,9.93380000000000,10.00830000000000,9.82450000000000,9.87490000000000,9.9567,21145.5929,10.0163,0.1918,9.8245,0.0617,10.0050,0.4566,9.5484,-0.0353,21145.5929,NA,17.3704,17.3704
ZoomTracks.exe,30812,0x1C47021CD80,DXGI,0,512,1,Hardware: Independent Flip,21155.7964,NA,10.01170000000000,10.12620000000000,9.78990000000000,9.96430000000000,10.0712,21155.6092,9.9771,0.1872,9.7899,0.0504,10.1011,0.5897,9.5114,-0.1099,21155.6092,NA,NA,NA
ZoomTracks.exe,30812,0x1C47021CD80,DXGI,0,512,1,Hardware: Independent Flip,21165.7888,NA,9.99240000000000,9.92320000000000,9.77270000000000,9.99420000000000,10.0020,21165.5863,9.9752,0.2025,9.7727,0.1744,10.0223,0.5339,9.4884,0.0539,21165.5863,NA,NA,NA
ZoomTracks.exe,30812,0x1C47021CD80,DXGI,0,512,1,Hardware: Independent Flip,21175.8447,NA,10.05590000000000,9.95780000000000,9.76900000000000,9.81940000000000,9.9039,21175.5615,10.0522,0.2832,9.7690,0.2215,9.8811,0.3964,9.4847,0.0174,21175.5615,NA,NA,NA
ZoomTracks.exe,30812,0x1C47021CD80,DXGI,0,512,1,Hardware: Independent Flip,21185.8021,NA,9.95740000000000,10.05420000000000,9.81640000000000,9.89890000000000,10.0007,21185.6137,10.0048,0.1884,9.8164,0.0504,10.0369,0.5334,9.5035,-0.0020,21185.6137,NA,NA,NA
ZoomTracks.exe,30812,0x1C47021CD80,DXGI,0,512,1,Hardware: Independent Flip,21195.8616,NA,10.05950000000000,9.91540000000000,9.71270000000000,9.84340000000000,9.8566,21195.6185,9.9558,0.2431,9.7127,0.0825,10.0040,0.5788,9.4252,0.0894,21195.6185,NA,NA,NA
ZoomTracks.exe,30812,0x1C47021CD80,DXGI,0,512,1,Hardware: Independent Flip,21205.8445,NA,9.98290000000000,10.10100000000000,9.77660000000000,9.86850000000000,9.9747,21205.5743,10.0468,0.2702,9.7766,0.1307,10.0080,0.5309,9.4771,-0.1452,21205.5743,NA,NA,NA
ZoomTracks.exe,30812,0x1C47021CD80,DXGI,0,512,1,Hardware: Independent Flip,21215.8768,NA,10.03230000000000,9.97510000000000,9.72510000000000,9.82070000000000,9.9175,21215.6211,9.9808,0.2557,9.7251,0.0919,9.9845,0.5445,9.4400,0.0717,21215.6211,NA,13.4194,13.4194
ZoomTracks.exe,30812,0x1C47021CD80,DXGI,0,512,1,Hardware: Independent Flip,21225.8420,NA,9.96520000000000,9.96750000000000,9.73520000000000,9.90750000000000,9.9198,21225.6019,9.9753,0.2401,9.7352,0.0956,10.0520,0.5886,9.4634,0.0133,21225.6019,NA,NA,NA
ZoomTracks.exe,30812,0x1C47021CD80,DXGI,0,512,1,Hardware: Independent Flip,21235.8727,NA,10.03070000000000,10.01070000000000,9.72740000000000,9.80850000000000,9.8998,21235.5772,10.0229,0.2955,9.7274,0.1723,9.9317,0.5011,9.4306,-0.0354,21235.5772,NA,NA,NA
ZoomTracks.exe,30812,0x1C47021CD80,DXGI,0,512,1,Hardware: Independent Flip,21245.8244,NA,9.95170000000000,9.99130000000000,9.79640000000000,9.85870000000000,9.9394,21245.6001,10.0207,0.2243,9.7964,0.0811,10.0019,0.5170,9.4849,0.0316,21245.6001,NA,NA,NA
ZoomTracks.exe,30812,0x1C47021CD80,DXGI,0,512,1,Hardware: Independent Flip,21255.8184,NA,9.99400000000000,10.06670000000000,9.74620000000000,9.92980000000000,10.0121,21255.6208,9.9438,0.1976,9.7462,0.0623,10.0651,0.5787,9.4864,-0.0460,21255.6208,NA,NA,NA
ZoomTracks.exe,30812,0x1C47021CD80,DXGI,0,512,1,Hardware: Independent Flip,21265.8619,NA,10.04350000000000,9.95660000000000,9.68930000000000,9.90510000000000,9.9252,21265.5646,9.9866,0.2973,9.6893,0.1836,10.0188,0.6039,9.4149,-0.0128,21265.5646,NA,NA,NA
ZoomTracks.exe,30812,0x1C47021CD80,DXGI,0,512,1,Hardware: Independent Flip,21275.8494,NA,9.98750000000000,9.95960000000000,9.76180000000000,9.81690000000000,9.8973,21275.5512,10.0600,0.2982,9.7618,0.2158,9.8993,0.4195,9.4798,0.0270,21275.5512,NA,23.3818,23.3818
ZoomTracks.exe,30812,0x1C47021CD80,DXGI,0,512,1,Hardware: Independent Flip,21285.7873,NA,9.93790000000000,10.01450000000000,9.81040000000000,9.87440000000000,9.9739,21285.6112,9.9865,0.1761,9.8104,0.0551,9.9954,0.5143,9.4811,0.0455,21285.6112,NA,NA,NA
ZoomTracks.exe,30812,0x1C47021CD80,DXGI,0,512,1,Hardware: Independent Flip,21295.8170,NA,10.02970000000000,9.99510000000000,9.78960000000000,9.83970000000000,9.9393,21295.5977,10.0089,0.2193,9.7896,0.0640,9.9950,0.4957,9.4993,-0.0086,21295.5977,NA,17.3880,17.3880
ZoomTracks.exe,30812,0x1C47021CD80,DXGI,0,512,1,Hardware: Independent Flip,21305.8942,NA,10.07720000000000,9.99270000000000,9.71570000000000,9.77060000000000,9.8548,21305.6066,10.0033,0.2876,9.7157,0.0501,10.0081,0.5023,9.5058,0.0162,21305.6066,NA,NA,NA
ZoomTracks.exe,30812,0x1C47021CD80,DXGI,0,512,1,Hardware: Independent Flip,21315.8039,NA,9.90970000000000,10.03140000000000,9.79730000000000,9.87250000000000,9.9765,21315.6099,9.9913,0.1940,9.7973,0.0549,10.0116,0.5099,9.5017,-0.0281,21315.6099,NA,NA,NA
ZoomTracks.exe,30812,0x1C47021CD80,DXGI,0,512,1,Hardware: Independent Flip,21325.9101,NA,10.10620000000000,9.94910000000000,9.68360000000000,9.74470000000000,9.8194,21325.6012,9.9925,0.3089,9.6836,0.0752,9.9784,0.5060,9.4724,0.0422,21325.6012,NA,NA,NA
ZoomTracks.exe,30812,0x1C47021CD80,DXGI,0,512,1,Hardware: Independent Flip,21335.7967,NA,9.88660000000000,10.01540000000000,9.80550000000000,9.86020000000000,9.9482,21335.5937,10.0085,0.2030,9.8055,0.0611,10.0021,0.4897,9.5124,-0.0229,21335.5937,NA,NA,NA
ZoomTracks.exe,30812,0x1C47021CD80,DXGI,0,512,1,Hardware: Independent Flip,21345.8348,NA,10.03810000000000,10.03020000000000,9.76830000000000,9.83110000000000,9.9403,21345.6022,10.0009,0.2326,9.7683,0.0547,10.0090,0.4992,9.5098,-0.0217,21345.6022,NA,NA,NA
ZoomTracks.exe,30812,0x1C47021CD80,DXGI,0,512,1,Hardware: Independent Flip,21355.8440,NA,10.00920000000000,10.02940000000000,9.77020000000000,9.85390000000000,9.9605,21355.6031,10.0111,0.2409,9.7702,0.0628,10.0320,0.6406,9.3914,-0.0285,21355.6031,NA,NA,NA
ZoomTracks.exe,30812,0x1C47021CD80,DXGI,0,512,1,Hardware: Independent Flip,21365.8721,NA,10.02810000000000,10.03430000000000,9.69030000000000,9.93980000000000,9.9667,21365.6142,9.9482,0.2579,9.6903,0.0837,10.1140,0.6888,9.4252,-0.0232,21365.6142,NA,NA,NA
ZoomTracks.exe,30812,0x1C47021CD80,DXGI,0,512,1,Hardware: Independent Flip,21375.8378,NA,9.96570000000000,9.92390000000000,9.76430000000000,9.85470000000000,9.9249,21375.5624,10.0397,0.2754,9.7643,0.2495,9.8806,0.4312,9.4494,0.0243,21375.5624,NA,NA,NA
ZoomTracks.exe,30812,0x1C47021CD80,DXGI,0,512,1,Hardware: Independent Flip,21385.8338,NA,9.99600000000000,10.05600000000000,9.71820000000000,9.96570000000000,9.9849,21385.6021,9.9499,0.2317,9.7182,0.0904,10.1070,0.6720,9.4350,-0.0163,21385.6021,NA,NA,NA
ZoomTracks.exe,30812,0x1C47021CD80,DXGI,0,512,1,Hardware: Independent Flip,21395.8680,NA,10.03420000000000,9.98550000000000,9.70880000000000,9.83210000000000,9.9362,21395.5520,10.0248,0.3160,9.7088,0.2475,9.9006,0.4432,9.4574,-0.0356,21395.5520,NA,NA,NA
ZoomTracks.exe,30812,0x1C47021CD80,DXGI,0,512,1,Hardware: Independent Flip,21405.8361,NA,9.96810000000000,9.97530000000000,9.76170000000000,9.83890000000000,9.9434,21405.5768,10.0210,0.2593,9.7617,0.1233,9.9749,0.5168,9.4581,0.0495,21405.5768,NA,23.4184,23.4184
ZoomTracks.exe,30812,0x1C47021CD80,DXGI,0,512,1,Hardware: Independent Flip,21415.8346,NA,9.99850000000000,9.98470000000000,9.76530000000000,9.83520000000000,9.9296,21415.5978,10.0021,0.2368,9.7653,0.0772,9.9948,0.5317,9.4631,0.0363,21415.5978,NA,NA,NA
ZoomTracks.exe,30812,0x1C47021CD80,DXGI,0,512,1,Hardware: Independent Flip,21425.8127,NA,9.97810000000000,9.98340000000000,9.80060000000000,9.84930000000000,9.9349,21425.5999,10.0134,0.2128,9.8006,0.0699,9.9922,0.4810,9.5112,0.0187,21425.5999,NA,NA,NA
ZoomTracks.exe,30812,0x1C47021CD80,DXGI,0,512,1,Hardware: Independent Flip,21435.7883,NA,9.97560000000000,9.99510000000000,9.80750000000000,9.87320000000000,9.9544,21435.6133,9.9825,0.1750,9.8075,0.0487,9.9995,0.5190,9.4805,0.0183,21435.6133,NA,NA,NA
ZoomTracks.exe,30812,0x1C47021CD80,DXGI,0,512,1,Hardware: Independent Flip,21445.8143,NA,10.02600000000000,9.99450000000000,9.77210000000000,9.83680000000000,9.9229,21445.5958,9.9906,0.2185,9.7721,0.0657,9.9896,0.5078,9.4818,-0.0120,21445.5958,NA,NA,NA
ZoomTracks.exe,30812,0x1C47021CD80,DXGI,0,512,1,Hardware: Independent Flip,21455.7872,NA,9.97290000000000,10.05610000000000,9.84180000000000,9.91870000000000,10.0061,21455.5864,10.0426,0.2008,9.8418,0.0647,10.0548,0.5127,9.5421,-0.0655,21455.5864,NA,NA,NA
ZoomTracks.exe,30812,0x1C47021CD80,DXGI,0,512,1,Hardware: Independent Flip,21465.8406,NA,10.05340000000000,10.02140000000000,9.70650000000000,9.95730000000000,9.9741,21465.6290,9.9181,0.2116,9.7065,0.0769,10.0920,0.6356,9.4564,0.0212,21465.6290,NA,NA,NA
ZoomTracks.exe,30812,0x1C47021CD80,DXGI,0,512,1,Hardware: Independent Flip,21475.8617,NA,10.02110000000000,9.98830000000000,9.75290000000000,9.84300000000000,9.9413,21475.5471,10.0675,0.3146,9.7529,0.2508,9.9068,0.4562,9.4506,-0.0702,21475.5471,NA,NA,NA
ZoomTracks.exe,30812,0x1C47021CD80,DXGI,0,512,1,Hardware: Independent Flip,21485.8585,NA,9.99680000000000,10.01300000000000,9.69810000000000,9.93600000000000,9.9575,21485.6146,9.9420,0.2439,9.6981,0.0901,10.0898,0.6519,9.4379,0.0545,21485.6146,NA,NA,NA
ZoomTracks.exe,30812,0x1C47021CD80,DXGI,0,512,1,Hardware: Independent Flip,21495.8524,NA,9.99390000000000,9.97840000000000,9.74520000000000,9.81520000000000,9.9420,21495.5566,10.0410,0.2958,9.7452,0.2379,9.8731,0.4550,9.4181,-0.0364,21495.5566,NA,NA,NA
ZoomTracks.exe,30812,0x1C47021CD80,DXGI,0,512,1,Hardware: Independent Flip,21505.7859,NA,9.93350000000000,9.94210000000000,9.82420000000000,9.87720000000000,9.9506,21505.5976,10.0125,0.1883,9.8242,0.0700,9.9955,0.5228,9.4727,0.0989,21505.5976,NA,NA,NA
ZoomTracks.exe,30812,0x1C47021CD80,DXGI,0,512,1,Hardware: Independent Flip,21515.7985,NA,10.01260000000000,10.03050000000000,9.79000000000000,9.85480000000000,9.9685,21515.6101,9.9784,0.1884,9.7900,0.0530,9.9902,0.5030,9.4872,-0.0180,21515.6101,NA,17.4005,17.4005
ZoomTracks.exe,30812,0x1C47021CD80,DXGI,0,512,1,Hardware: Independent Flip,21525.7957,NA,9.99720000000000,10.02240000000000,9.82120000000000,9.90000000000000,9.9937,21525.5885,10.0284,0.2072,9.8212,0.0648,10.0424,0.5201,9.5223,-0.0440,21525.5885,NA,NA,NA
ZoomTracks.exe,30812,0x1C47021CD80,DXGI,0,512,1,Hardware: Independent Flip,21535.8413,NA,10.04560000000000,9.99570000000000,9.75690000000000,9.83260000000000,9.9438,21535.6169,9.9813,0.2244,9.7569,0.0788,9.9782,0.5171,9.4611,0.0327,21535.6169,NA,NA,NA
ZoomTracks.exe,30812,0x1C47021CD80,DXGI,0,512,1,Hardware: Independent Flip,21545.8190,NA,9.97770000000000,9.94730000000000,9.78060000000000,9.82870000000000,9.9134,21545.5982,10.0014,0.2208,9.7806,0.0757,9.9738,0.4980,9.4758,0.0340,21545.5982,NA,NA,NA
ZoomTracks.exe,30812,0x1C47021CD80,DXGI,0,512,1,Hardware: Independent Flip,21555.7711,NA,9.95210000000000,10.01320000000000,9.82960000000000,9.89540000000000,9.9745,21555.5996,10.0011,0.1715,9.8296,0.0481,10.0188,0.5075,9.5113,-0.0118,21555.5996,NA,NA,NA
ZoomTracks.exe,30812,0x1C47021CD80,DXGI,0,512,1,Hardware: Independent Flip,21565.7941,NA,10.02300000000000,10.02240000000000,9.81110000000000,9.90690000000000,9.9739,21565.6007,10.0045,0.1934,9.8111,0.0658,10.0345,0.5282,9.5063,-0.0213,21565.6007,NA,NA,NA
ZoomTracks.exe,30812,0x1C47021CD80,DXGI,0,512,1,Hardware: Independent Flip,21575.8226,NA,10.02850000000000,10.00870000000000,9.77910000000000,9.85790000000000,9.9541,21575.6052,9.9965,0.2174,9.7791,0.0958,9.9795,0.5141,9.4654,-0.0042,21575.6052,NA,NA,NA
ZoomTracks.exe,30812,0x1C47021CD80,DXGI,0,512,1,Hardware: Independent Flip,21585.8273,NA,10.00470000000000,9.99650000000000,9.72150000000000,9.92870000000000,9.9459,21585.6017,9.9471,0.2256,9.7215,0.0788,10.0755,0.6119,9.4636,0.0000,21585.6017,NA,NA,NA
ZoomTracks.exe,30812,0x1C47021CD80,DXGI,0,512,1,Hardware: Independent Flip,21595.8217,NA,9.99440000000000,10.05600000000000,9.80350000000000,9.87550000000000,10.0075,21595.5488,10.0764,0.2729,9.8035,0.2072,9.9412,0.4361,9.5051,-0.1089,21595.5488,NA,NA,NA
ZoomTracks.exe,30812,0x1C47021CD80,DXGI,0,512,1,Hardware: Independent Flip,21605.8652,NA,10.04350000000000,9.93780000000000,9.73570000000000,9.80060000000000,9.9018,21605.6252,9.9757,0.2400,9.7357,0.0720,9.9686,0.5378,9.4308,0.1386,21605.6252,NA,NA,NA
ZoomTracks.exe,30812,0x1C47021CD80,DXGI,0,512,1,Hardware: Independent Flip,21615.8159,NA,9.95070000000000,10.02190000000000,9.79140000000000,9.87100000000000,9.9730,21615.6009,10.0064,0.2150,9.7914,0.0649,10.0211,0.5276,9.4935,-0.0462,21615.6009,NA,26.4241,26.4241
ZoomTracks.exe,30812,0x1C47021CD80,DXGI,0,512,1,Hardware: Independent Flip,21625.9108,NA,10.09490000000000,10.01670000000000,9.71100000000000,9.81190000000000,9.8948,21625.6073,10.0145,0.3035,9.7110,0.0796,10.0358,0.5781,9.4577,-0.0103,21625.6073,NA,17.4428,17.4428
ZoomTracks.exe,30812,0x1C47021CD80,DXGI,0,512,1,Hardware: Independent Flip,21635.9095,NA,9.99870000000000,9.98350000000000,9.69990000000000,9.77600000000000,9.8796,21635.6218,9.9876,0.2877,9.6999,0.1009,9.9628,0.5160,9.4468,0.0310,21635.6218,NA,NA,NA
ZoomTracks.exe,30812,0x1C47021CD80,DXGI,0,512,1,Hardware: Independent Flip,21645.8236,NA,9.91410000000000,9.96800000000000,9.74370000000000,9.92270000000000,9.9335,21645.6094,9.9579,0.2142,9.7437,0.0761,10.0608,0.6026,9.4582,0.0196,21645.6094,NA,NA,NA
ZoomTracks.exe,30812,0x1C47021CD80,DXGI,0,512,1,Hardware: Independent Flip,21655.8602,NA,10.03660000000000,10.02850000000000,9.73840000000000,9.80990000000000,9.9254,21655.5673,10.0313,0.2929,9.7384,0.1790,9.9238,0.5033,9.4205,-0.0706,21655.5673,NA,NA,NA
ZoomTracks.exe,30812,0x1C47021CD80,DXGI,0,512,1,Hardware: Independent Flip,21665.8164,NA,9.95620000000000,9.97340000000000,9.77590000000000,9.84970000000000,9.9426,21665.5986,9.9937,0.2178,9.7759,0.0715,9.9960,0.5017,9.4943,0.0579,21665.5986,NA,NA,NA
ZoomTracks.exe,30812,0x1C47021CD80,DXGI,0,512,1,Hardware: Independent Flip,21675.7979,NA,9.98150000000000,9.98310000000000,9.77030000000000,9.86710000000000,9.9442,21675.5923,9.9759,0.2056,9.7703,0.0738,9.9989,0.5416,9.4573,0.0106,21675.5923,NA,NA,NA
ZoomTracks.exe,30812,0x1C47021CD80,DXGI,0,512,1,Hardware: Independent Flip,21685.8546,NA,10.05670000000000,10.07430000000000,9.70360000000000,9.94290000000000,9.9618,21685.5682,9.9900,0.2864,9.7036,0.0968,10.1325,0.6350,9.4975,-0.0984,21685.5682,NA,10.4582,10.4582
ZoomTracks.exe,30812,0x1C47021CD80,DXGI,0,512,1,Hardware: Independent Flip,21695.8653,NA,10.01070000000000,9.98150000000000,9.73810000000000,9.81050000000000,9.9326,21695.5582,10.0452,0.3071,9.7381,0.2393,9.8783,0.4217,9.4566,0.0085,21695.5582,NA,NA,NA
ZoomTracks.exe,30812,0x1C47021CD80,DXGI,0,512,1,Hardware: Independent Flip,21705.8321,NA,9.96680000000000,10.07370000000000,9.73250000000000,10.03250000000000,10.0395,21705.6034,9.9612,0.2287,9.7325,0.0724,10.1888,0.7211,9.4677,-0.0285,21705.6034,NA,25.5251,25.5251
ZoomTracks.exe,30812,0x1C47021CD80,DXGI,0,512,1,Hardware: Independent Flip,21715.6894,NA,9.85730000000000,10.02560000000000,9.87560000000000,10.00420000000000,10.2078,21715.5646,10.0004,0.1248,9.8756,0.3000,9.8290,0.3026,9.5264,-0.0644,21715.5646,NA,NA,NA
ZoomTracks.exe,30812,0x1C47021CD80,DXGI,0,512,1,Hardware: Independent Flip,21725.8136,NA,10.12420000000000,9.86020000000000,9.79360000000000,9.85760000000000,9.9438,21725.5650,10.0422,0.2486,9.7936,0.1286,9.9776,0.4856,9.4920,0.1402,21725.5650,NA,NA,NA
ZoomTracks.exe,30812,0x1C47021CD80,DXGI,0,512,1,Hardware: Independent Flip,21735.8093,NA,9.99570000000000,10.06020000000000,9.76090000000000,9.87260000000000,10.0083,21735.6072,9.9630,0.2021,9.7609,0.0640,10.0107,0.5148,9.4959,-0.0180,21735.6072,NA,NA,NA
ZoomTracks.exe,30812,0x1C47021CD80,DXGI,0,512,1,Hardware: Independent Flip,21745.7874,NA,9.97810000000000,9.92360000000000,9.77230000000000,9.93650000000000,9.9538,21745.5702,9.9895,0.2172,9.7723,0.1117,10.0420,0.6155,9.4265,0.0394,21745.5702,NA,NA,NA
ZoomTracks.exe,30812,0x1C47021CD80,DXGI,0,512,1,Hardware: Independent Flip,21755.8689,NA,10.08150000000000,10.04380000000000,9.74590000000000,9.81790000000000,9.9161,21755.5597,10.0551,0.3092,9.7459,0.1642,9.9629,0.5418,9.4211,-0.0543,21755.5597,NA,NA,NA
ZoomTracks.exe,30812,0x1C47021CD80,DXGI,0,512,1,Hardware: Independent Flip,21765.8428,NA,9.97390000000000,9.94730000000000,9.71850000000000,9.87250000000000,9.8895,21765.6148,9.9465,0.2280,9.7185,0.0720,10.0285,0.5754,9.4531,0.1078,21765.6148,NA,NA,NA
ZoomTracks.exe,30812,0x1C47021CD80,DXGI,0,512,1,Hardware: Independent Flip,21775.8396,NA,9.99680000000000,9.98960000000000,9.75040000000000,9.79870000000000,9.8823,21775.5613,10.0287,0.2783,9.7504,0.1540,9.9230,0.4626,9.4604,-0.0431,21775.5613,NA,15.3450,15.3450
ZoomTracks.exe,30812,0x1C47021CD80,DXGI,0,512,1,Hardware: Independent Flip,21785.7615,NA,9.92190000000000,10.06830000000000,9.79650000000000,9.95710000000000,10.0287,21785.5900,9.9680,0.1715,9.7965,0.0483,10.0803,0.5842,9.4961,-0.0396,21785.5900,NA,NA,NA
ZoomTracks.exe,30812,0x1C47021CD80,DXGI,0,512,1,Hardware: Independent Flip,21795.8400,NA,10.07850000000000,9.96200000000000,9.73110000000000,9.90210000000000,9.9122,21795.5580,10.0131,0.2820,9.7311,0.1606,10.0235,0.5587,9.4648,0.0060,21795.5580,NA,NA,NA
ZoomTracks.exe,30812,0x1C47021CD80,DXGI,0,512,1,Hardware: Independent Flip,21805.8541,NA,10.01410000000000,10.03680000000000,9.70040000000000,9.91650000000000,9.9349,21805.5711,9.9834,0.2830,9.7004,0.1710,10.0285,0.6149,9.4136,-0.0237,21805.5711,NA,28.4532,28.4532
ZoomTracks.exe,30812,0x1C47021CD80,DXGI,0,512,1,Hardware: Independent Flip,21815.8376,NA,9.98350000000000,9.96300000000000,9.75880000000000,9.82330000000000,9.9144,21815.5545,10.0419,0.2831,9.7588,0.2161,9.8903,0.4085,9.4818,0.0204,21815.5545,NA,NA,NA
ZoomTracks.exe,30812,0x1C47021CD80,DXGI,0,512,1,Hardware: Independent Flip,21825.8842,NA,10.04660000000000,10.00400000000000,9.70270000000000,9.86030000000000,9.8718,21825.5964,9.9905,0.2878,9.7027,0.0645,10.0836,0.5829,9.5007,0.0379,21825.5964,NA,NA,NA
ZoomTracks.exe,30812,0x1C47021CD80,DXGI,0,512,1,Hardware: Independent Flip,21835.8689,NA,9.98470000000000,10.04730000000000,9.69820000000000,9.78890000000000,9.9344,21835.5869,9.9802,0.2820,9.6982,0.1576,9.9133,0.4849,9.4284,-0.0568,21835.5869,NA,NA,NA
ZoomTracks.exe,30812,0x1C47021CD80,DXGI,0,512,1,Hardware: Independent Flip,21845.7849,NA,9.91600000000000,10.00820000000000,9.84030000000000,9.92410000000000,10.0266,21845.5671,10.0581,0.2178,9.8403,0.0907,10.0512,0.5932,9.4580,-0.0280,21845.5671,NA,NA,NA
ZoomTracks.exe,30812,0x1C47021CD80,DXGI,0,512,1,Hardware: Independent Flip,21855.8641,NA,10.07920000000000,9.98850000000000,9.70320000000000,9.80390000000000,9.9359,21855.6252,9.9421,0.2389,9.7032,0.0838,9.9590,0.5317,9.4273,0.0696,21855.6252,NA,NA,NA
ZoomTracks.exe,30812,0x1C47021CD80,DXGI,0,512,1,Hardware: Independent Flip,21865.7817,NA,9.91760000000000,9.93050000000000,9.81580000000000,9.86640000000000,9.9488,21865.5673,10.0302,0.2144,9.8158,0.1007,9.9801,0.5216,9.4585,0.0116,21865.5673,NA,NA,NA
ZoomTracks.exe,30812,0x1C47021CD80,DXGI,0,512,1,Hardware: Independent Flip,21875.7816,NA,9.99990000000000,10.05660000000000,9.83420000000000,9.91090000000000,10.0055,21875.5975,10.0183,0.1841,9.8342,0.0506,10.0444,0.5140,9.5304,-0.0264,21875.5975,NA,25.4061,25.4061
ZoomTracks.exe,30812,0x1C47021CD80,DXGI,0,512,1,Hardware: Independent Flip,21885.8399,NA,10.05830000000000,9.97560000000000,9.76590000000000,9.83600000000000,9.9228,21885.6158,9.9900,0.2241,9.7659,0.0767,9.9834,0.5012,9.4822,0.0427,21885.6158,NA,19.4198,19.4198
ZoomTracks.exe,30812,0x1C47021CD80,DXGI,0,512,1,Hardware: Independent Flip,21895.8245,NA,9.98460000000000,10.00900000000000,9.78610000000000,9.85030000000000,9.9472,21895.6058,10.0048,0.2187,9.7861,0.0701,9.9989,0.5491,9.4498,-0.0190,21895.6058,NA,NA,NA
ZoomTracks.exe,30812,0x1C47021CD80,DXGI,0,512,1,Hardware: Independent Flip,21905.8262,NA,10.00170000000000,10.04760000000000,9.73830000000000,9.97410000000000,9.9931,21905.6106,9.9539,0.2156,9.7383,0.0642,10.1255,0.6512,9.4743,-0.0428,21905.6106,NA,NA,NA
ZoomTracks.exe,30812,0x1C47021CD80,DXGI,0,512,1,Hardware: Independent Flip,21915.8671,NA,10.04090000000000,9.97110000000000,9.66970000000000,9.82230000000000,9.9233,21915.5645,9.9723,0.3026,9.6697,0.2358,9.8891,0.4680,9.4211,-0.0172,21915.5645,NA,NA,NA
ZoomTracks.exe,30812,0x1C47021CD80,DXGI,0,512,1,Hardware: Independent Flip,21925.7291,NA,9.86200000000000,9.96920000000000,9.88320000000000,9.94600000000000,10.0305,21925.5368,10.0755,0.1923,9.8832,0.1526,9.9857,0.4077,9.5780,0.0031,21925.5368,NA,NA,NA
ZoomTracks.exe,30812,0x1C47021CD80,DXGI,0,512,1,Hardware: Independent Flip,21935.8088,NA,10.07970000000000,9.98890000000000,9.79310000000000,9.85690000000000,9.9397,21935.6123,9.9896,0.1965,9.7931,0.0628,9.9906,0.4838,9.5068,0.0866,21935.6123,NA,NA,NA
ZoomTracks.exe,30812,0x1C47021CD80,DXGI,0,512,1,Hardware: Independent Flip,21945.7993,NA,9.99050000000000,10.04110000000000,9.81080000000000,9.87440000000000,9.9903,21945.6019,10.0082,0.1974,9.8108,0.0638,10.0080,0.4982,9.5098,-0.0515,21945.6019,NA,18.4524,18.4524
ZoomTracks.exe,30812,0x1C47021CD80,DXGI,0,512,1,Hardware: Independent Flip,21955.8626,NA,10.06330000000000,9.96280000000000,9.73380000000000,9.79550000000000,9.8898,21955.6101,9.9863,0.2525,9.7338,0.0636,9.9844,0.5572,9.4272,0.0454,21955.6101,NA,NA,NA
ZoomTracks.exe,30812,0x1C47021CD80,DXGI,0,512,1,Hardware: Independent Flip,21965.8008,NA,9.93820000000000,10.05270000000000,9.78330000000000,9.99190000000000,10.0043,21965.5964,9.9877,0.2044,9.7833,0.0617,10.1346,0.6299,9.5047,-0.0664,21965.5964,NA,17.4470,17.4470
ZoomTracks.exe,30812,0x1C47021CD80,DXGI,0,512,1,Hardware: Independent Flip,21975.9216,NA,10.12080000000000,10.03130000000000,9.68250000000000,9.76560000000000,9.9148,21975.5841,10.0200,0.3375,9.6825,0.2086,9.8945,0.5300,9.3645,-0.0436,21975.5841,NA,NA,NA
ZoomTracks.exe,30812,0x1C47021CD80,DXGI,0,512,1,Hardware: Independent Flip,21985.8139,NA,9.89230000000000,9.91910000000000,9.79960000000000,9.85400000000000,9.9416,21985.6041,10.0094,0.2098,9.7996,0.0831,9.9807,0.5798,9.4009,0.1009,21985.6041,NA,NA,NA
ZoomTracks.exe,30812,0x1C47021CD80,DXGI,0,512,1,Hardware: Independent Flip,21995.8102,NA,9.99630000000000,10.03250000000000,9.76890000000000,9.86900000000000,9.9778,21995.6135,9.9656,0.1967,9.7689,0.0544,10.0113,0.5135,9.4978,-0.0231,21995.6135,NA,NA,NA
ZoomTracks.exe,30812,0x1C47021CD80,DXGI,0,512,1,Hardware: Independent Flip,22005.7836,NA,9.97340000000000,10.00640000000000,9.76340000000000,9.99440000000000,10.0108,22005.5791,9.9679,0.2045,9.7634,0.1001,10.0988,0.6473,9.4515,-0.0408,22005.5791,NA,NA,NA
ZoomTracks.exe,30812,0x1C47021CD80,DXGI,0,512,1,Hardware: Independent Flip,22015.8394,NA,10.05580000000000,10.04300000000000,9.70060000000000,9.89590000000000,9.9980,22015.5470,9.9930,0.2924,9.7006,0.2310,9.9573,0.4925,9.4648,-0.0751,22015.5470,NA,NA,NA
ZoomTracks.exe,30812,0x1C47021CD80,DXGI,0,512,1,Hardware: Independent Flip,22025.7625,NA,9.92310000000000,9.91440000000000,9.84600000000000,9.89970000000000,9.9893,22025.5400,10.0685,0.2225,9.8460,0.1953,9.9269,0.4034,9.5235,0.0786,22025.5400,NA,NA,NA
ZoomTracks.exe,30812,0x1C47021CD80,DXGI,0,512,1,Hardware: Independent Flip,22035.8020,NA,10.03950000000000,10.00640000000000,9.79470000000000,9.85470000000000,9.9562,22035.6085,9.9882,0.1935,9.7947,0.0537,9.9945,0.5252,9.4693,0.0621,22035.6085,NA,19.4213,19.4213
ZoomTracks.exe,30812,0x1C47021CD80,DXGI,0,512,1,Hardware: Independent Flip,22045.8196,NA,10.01760000000000,9.97700000000000,9.76650000000000,9.90480000000000,9.9156,22045.5967,9.9894,0.2229,9.7665,0.0600,10.0677,0.5872,9.4805,0.0112,22045.5967,NA,NA,NA
ZoomTracks.exe,30812,0x1C47021CD80,DXGI,0,512,1,Hardware: Independent Flip,22055.8558,NA,10.03620000000000,10.00170000000000,9.73000000000000,9.87240000000000,9.8811,22055.5861,9.9997,0.2697,9.7300,0.1383,10.0038,0.5626,9.4412,-0.0123,22055.5861,NA,22.3881,22.3881
ZoomTracks.exe,30812,0x1C47021CD80,DXGI,0,512,1,Hardware: Independent Flip,22065.8627,NA,10.00690000000000,10.06770000000000,9.73750000000000,9.82230000000000,9.9419,22065.5858,10.0144,0.2769,9.7375,0.1424,9.9568,0.4809,9.4759,-0.0680,22065.5858,NA,NA,NA
ZoomTracks.exe,30812,0x1C47021CD80,DXGI,0,512,1,Hardware: Independent Flip,22075.8506,NA,9.98790000000000,9.93530000000000,9.75710000000000,9.80840000000000,9.8893,22075.6002,10.0075,0.2504,9.7571,0.0848,9.9740,0.5427,9.4313,0.0791,22075.6002,NA,NA,NA
ZoomTracks.exe,30812,0x1C47021CD80,DXGI,0,512,1,Hardware: Independent Flip,22085.7895,NA,9.93890000000000,9.97370000000000,9.77510000000000,9.91610000000000,9.9241,22085.6077,9.9569,0.1818,9.7751,0.0513,10.0466,0.5417,9.5049,0.0338,22085.6077,NA,NA,NA
ZoomTracks.exe,30812,0x1C47021CD80,DXGI,0,512,1,Hardware: Independent Flip,22095.8364,NA,10.04690000000000,10.06790000000000,9.78140000000000,9.83980000000000,9.9451,22095.5646,10.0532,0.2718,9.7814,0.1410,9.9706,0.4832,9.4874,-0.1110,22095.5646,NA,NA,NA
ZoomTracks.exe,30812,0x1C47021CD80,DXGI,0,512,1,Hardware: Independent Flip,22105.8420,NA,10.00560000000000,9.96600000000000,9.76190000000000,9.81590000000000,9.9055,22105.6178,9.9861,0.2242,9.7619,0.0584,9.9817,0.5309,9.4508,0.0872,22105.6178,NA,NA,NA
ZoomTracks.exe,30812,0x1C47021CD80,DXGI,0,512,1,Hardware: Independent Flip,22115.8775,NA,10.03550000000000,10.06270000000000,9.73810000000000,9.91370000000000,9.9327,22115.6039,10.0117,0.2736,9.7381,0.0540,10.1333,0.6244,9.5089,-0.0766,22115.6039,NA,NA,NA
ZoomTracks.exe,30812,0x1C47021CD80,DXGI,0,512,1,Hardware: Independent Flip,22125.8592,NA,9.98170000000000,9.94460000000000,9.75290000000000,9.80860000000000,9.8956,22125.6156,9.9965,0.2436,9.7529,0.1756,9.8766,0.3999,9.4767,0.0671,22125.6156,NA,10.3921,10.3921
ZoomTracks.exe,30812,0x1C47021CD80,DXGI,0,512,1,Hardware: Independent Flip,22135.7941,NA,9.93490000000000,10.04650000000000,9.75780000000000,9.98690000000000,10.0072,22135.6121,9.9398,0.1820,9.7578,0.0557,10.1132,0.6626,9.4506,-0.0500,22135.6121,NA,NA,NA
ZoomTracks.exe,30812,0x1C47021CD80,DXGI,0,512,1,Hardware: Independent Flip,22145.8384,NA,10.04430000000000,10.03170000000000,9.77650000000000,9.83970000000000,9.9946,22145.5519,10.0630,0.2865,9.7765,0.2291,9.8971,0.4314,9.4657,-0.0919,22145.5519,NA,NA,NA
ZoomTracks.exe,30812,0x1C47021CD80,DXGI,0,512,1,Hardware: Independent Flip,22155.7966,NA,9.95820000000000,9.91280000000000,9.80340000000000,9.86720000000000,9.9492,22155.6149,9.9851,0.1817,9.8034,0.0632,9.9857,0.5521,9.4336,0.1502,22155.6149,NA,NA,NA
ZoomTracks.exe,30812,0x1C47021CD80,DXGI,0,512,1,Hardware: Independent Flip,22165.7917,NA,9.99510000000000,10.09890000000000,9.81060000000000,9.87880000000000,10.0530,22165.6000,10.0023,0.1917,9.8106,0.0638,10.0067,0.4927,9.5140,-0.1138,22165.6000,NA,26.4758,26.4758
ZoomTracks.exe,30812,0x1C47021CD80,DXGI,0,512,1,Hardware: Independent Flip,22175.7913,NA,9.99960000000000,9.90340000000000,9.79400000000000,9.87870000000000,9.9568,22175.6023,9.9830,0.1890,9.7940,0.0682,9.9995,0.5443,9.4552,0.0989,22175.6023,NA,NA,NA
ZoomTracks.exe,30812,0x1C47021CD80,DXGI,0,512,1,Hardware: Independent Flip,22185.7945,NA,10.00320000000000,10.01300000000000,9.81850000000000,9.88140000000000,9.9666,22185.5853,10.0277,0.2092,9.8185,0.0847,10.0059,0.4831,9.5228,-0.0300,22185.5853,NA,NA,NA
ZoomTracks.exe,30812,0x1C47021CD80,DXGI,0,512,1,Hardware: Independent Flip,22195.8129,NA,10.01840000000000,9.97690000000000,9.79820000000000,9.84620000000000,9.9251,22195.6130,9.9981,0.1999,9.7982,0.0629,9.9832,0.4808,9.5024,0.0508,22195.6130,NA,NA,NA
ZoomTracks.exe,30812,0x1C47021CD80,DXGI,0,512,1,Hardware: Independent Flip,22205.8054,NA,9.99250000000000,9.99900000000000,9.79640000000000,9.84450000000000,9.9316,22205.6111,9.9907,0.1943,9.7964,0.0480,9.9908,0.4627,9.5281,-0.0009,22205.6111,NA,NA,NA
ZoomTracks.exe,30812,0x1C47021CD80,DXGI,0,512,1,Hardware: Independent Flip,22215.7885,NA,9.98310000000000,10.09270000000000,9.76780000000000,10.02220000000000,10.0412,22215.6018,9.9545,0.1867,9.7678,0.0481,10.1608,0.6587,9.5021,-0.1020,22215.6018,NA,NA,NA
ZoomTracks.exe,30812,0x1C47021CD80,DXGI,0,512,1,Hardware: Independent Flip,22225.8796,NA,10.09110000000000,9.93640000000000,9.73580000000000,9.80440000000000,9.8865,22225.5563,10.0591,0.3233,9.7358,0.2544,9.8733,0.4154,9.4579,0.0181,22225.5563,NA,16.4146,16.4146
ZoomTracks.exe,30812,0x1C47021CD80,DXGI,0,512,1,Hardware: Independent Flip,22235.8276,NA,9.94800000000000,10.07190000000000,9.73490000000000,9.99250000000000,10.0104,22235.6154,9.9471,0.2122,9.7349,0.0686,10.1361,0.6585,9.4776,-0.0128,22235.6154,NA,16.4795,16.4795
ZoomTracks.exe,30812,0x1C47021CD80,DXGI,0,512,1,Hardware: Independent Flip,22245.8850,NA,10.05740000000000,9.97990000000000,9.71310000000000,9.79930000000000,9.9329,22245.5625,10.0356,0.3225,9.7131,0.2576,9.8642,0.4299,9.4343,-0.0328,22245.5625,NA,NA,NA
ZoomTracks.exe,30812,0x1C47021CD80,DXGI,0,512,1,Hardware: Independent Flip,22255.8500,NA,9.96500000000000,9.89210000000000,9.73590000000000,9.85250000000000,9.8600,22255.5981,9.9878,0.2519,9.7359,0.0862,10.0182,0.5816,9.4366,0.1435,22255.5981,NA,NA,NA
ZoomTracks.exe,30812,0x1C47021CD80,DXGI,0,512,1,Hardware: Independent Flip,22265.8431,NA,9.99310000000000,10.14650000000000,9.75130000000000,9.81430000000000,10.0134,22265.5859,10.0085,0.2572,9.7513,0.1166,9.9549,0.4661,9.4888,-0.1587,22265.5859,NA,NA,NA
ZoomTracks.exe,30812,0x1C47021CD80,DXGI,0,512,1,Hardware: Independent Flip,22275.7981,NA,9.95500000000000,9.93110000000000,9.77860000000000,9.98080000000000,9.9895,22275.5944,9.9823,0.2037,9.7786,0.0630,10.1215,0.5976,9.5239,0.0774,22275.5944,NA,NA,NA
ZoomTracks.exe,30812,0x1C47021CD80,DXGI,0,512,1,Hardware: Independent Flip,22285.9141,NA,10.11600000000000,9.99990000000000,9.68210000000000,9.76330000000000,9.8734,22285.5767,10.0195,0.3374,9.6821,0.2022,9.8985,0.5336,9.3649,-0.0176,22285.5767,NA,NA,NA
ZoomTracks.exe,30812,0x1C47021CD80,DXGI,0,512,1,Hardware: Independent Flip,22295.8292,NA,9.91510000000000,9.94900000000000,9.77460000000000,9.82760000000000,9.9073,22295.5962,10.0076,0.2330,9.7746,0.0812,9.9794,0.5235,9.4559,0.0705,22295.5962,NA,NA,NA
ZoomTracks.exe,30812,0x1C47021CD80,DXGI,0,512,1,Hardware: Independent Flip,22305.7752,NA,9.94600000000000,9.99720000000000,9.82820000000000,9.87890000000000,9.9585,22305.6038,9.9996,0.1714,9.8282,0.0530,9.9973,0.5062,9.4911,0.0104,22305.6038,NA,16.3619,16.3619
ZoomTracks.exe,30812,0x1C47021CD80,DXGI,0,512,1,Hardware: Independent Flip,22315.7831,NA,10.00790000000000,10.00710000000000,9.78270000000000,9.94500000000000,9.9577,22315.6034,9.9624,0.1797,9.7827,0.0507,10.0740,0.5611,9.5129,-0.0075,22315.6034,NA,NA,NA
ZoomTracks.exe,30812,0x1C47021CD80,DXGI,0,512,1,Hardware: Independent Flip,22325.8418,NA,10.05870000000000,10.01620000000000,9.75000000000000,9.82620000000000,9.9152,22325.5658,10.0260,0.2760,9.7500,0.1623,9.9399,0.4718,9.4681,-0.0538,22325.5658,NA,NA,NA
ZoomTracks.exe,30812,0x1C47021CD80,DXGI,0,512,1,Hardware: Independent Flip,22335.8100,NA,9.96820000000000,10.02540000000000,9.73980000000000,9.95400000000000,9.9724,22335.5918,9.9580,0.2182,9.7398,0.0762,10.0960,0.6082,9.4878,0.0006,22335.5918,NA,NA,NA
ZoomTracks.exe,30812,0x1C47021CD80,DXGI,0,512,1,Hardware: Independent Flip,22345.8403,NA,10.03030000000000,9.92570000000000,9.72880000000000,9.85930000000000,9.8678,22345.5498,10.0193,0.2905,9.7288,0.2142,9.9356,0.4695,9.4661,0.0323,22345.5498,NA,NA,NA
ZoomTracks.exe,30812,0x1C47021CD80,DXGI,0,512,1,Hardware: Independent Flip,22355.8457,NA,10.00540000000000,10.08250000000000,9.70260000000000,9.92500000000000,9.9449,22355.5691,9.9792,0.2766,9.7026,0.1305,10.0711,0.6037,9.4674,-0.0632,22355.5691,NA,15.4173,15.4173
ZoomTracks.exe,30812,0x1C47021CD80,DXGI,0,512,1,Hardware: Independent Flip,22365.8410,NA,9.99530000000000,9.98600000000000,9.72440000000000,9.83760000000000,9.9356,22365.5483,10.0171,0.2927,9.7244,0.2224,9.9079,0.4329,9.4750,-0.0068,22365.5483,NA,NA,NA
ZoomTracks.exe,30812,0x1C47021CD80,DXGI,0,512,1,Hardware: Independent Flip,22375.8986,NA,10.05760000000000,9.94220000000000,9.69250000000000,9.74380000000000,9.8202,22375.5654,10.0257,0.3332,9.6925,0.1132,9.9638,0.5791,9.3847,0.0749,22375.5654,NA,NA,NA
ZoomTracks.exe,30812,0x1C47021CD80,DXGI,0,512,1,Hardware: Independent Flip,22385.7701,NA,9.87150000000000,10.10190000000000,9.79300000000000,9.92460000000000,10.0506,22385.5911,9.9720,0.1790,9.7930,0.0513,10.0523,0.5282,9.5241,-0.0762,22385.5911,NA,NA,NA
ZoomTracks.exe,30812,0x1C47021CD80,DXGI,0,512,1,Hardware: Independent Flip,22395.7987,NA,10.02860000000000,9.98590000000000,9.82200000000000,9.90840000000000,10.0079,22395.5631,10.0576,0.2356,9.8220,0.1316,10.0124,0.5813,9.4311,-0.0139,22395.5631,NA,NA,NA
ZoomTracks.exe,30812,0x1C47021CD80,DXGI,0,512,1,Hardware: Independent Flip,22405.8609,NA,10.06220000000000,9.94130000000000,9.73860000000000,9.80200000000000,9.8870,22405.6207,9.9788,0.2402,9.7386,0.0864,9.9558,0.5124,9.4434,0.1163,22405.6207,NA,NA,NA
ZoomTracks.exe,30812,0x1C47021CD80,DXGI,0,512,1,Hardware: Independent Flip,22415.7952,NA,9.93430000000000,9.98860000000000,9.80570000000000,9.85850000000000,9.9413,22415.5995,10.0014,0.1957,9.8057,0.0634,9.9908,0.4811,9.5097,-0.0098,22415.5995,NA,15.3752,15.3752
ZoomTracks.exe,30812,0x1C47021CD80,DXGI,0,512,1,Hardware: Independent Flip,22425.7906,NA,9.99540000000000,10.00600000000000,9.82030000000000,9.86850000000000,9.9519,22425.6009,10.0100,0.1897,9.8203,0.0528,10.0054,0.4923,9.5131,-0.0046,22425.6009,NA,14.3833,14.3833
ZoomTracks.exe,30812,0x1C47021CD80,DXGI,0,512,1,Hardware: Independent Flip,22435.7844,NA,9.99380000000000,10.07800000000000,9.75970000000000,10.01900000000000,10.0361,22435.6109,9.9332,0.1735,9.7597,0.0482,10.1443,0.6796,9.4647,-0.0680,22435.6109,NA,NA,NA
ZoomTracks.exe,30812,0x1C47021CD80,DXGI,0,512,1,Hardware: Independent Flip,22445.8724,NA,10.08800000000000,9.94340000000000,9.74890000000000,9.80400000000000,9.8915,22445.5441,10.0772,0.3283,9.7489,0.2593,9.8730,0.4094,9.4636,-0.0102,22445.5441,NA,NA,NA
ZoomTracks.exe,30812,0x1C47021CD80,DXGI,0,512,1,Hardware: Independent Flip,22455.9069,NA,10.03450000000000,10.03410000000000,9.65380000000000,9.87270000000000,9.8911,22455.6213,9.9394,0.2856,9.6538,0.0551,10.1032,0.6353,9.4679,0.0431,22455.6213,NA,NA,NA
ZoomTracks.exe,30812,0x1C47021CD80,DXGI,0,512,1,Hardware: Independent Flip,22465.8479,NA,9.94100000000000,10.00140000000000,9.74870000000000,9.81030000000000,9.9515,22465.5607,10.0359,0.2872,9.7487,0.2189,9.8786,0.4139,9.4647,-0.0620,22465.5607,NA,NA,NA
ZoomTracks.exe,30812,0x1C47021CD80,DXGI,0,512,1,Hardware: Independent Flip,22475.7730,NA,9.92510000000000,9.97760000000000,9.80880000000000,9.99240000000000,10.0040,22475.5966,9.9852,0.1764,9.8088,0.0616,10.1072,0.6449,9.4623,0.0583,22475.5966,NA,NA,NA
ZoomTracks.exe,30812,0x1C47021CD80,DXGI,0,512,1,Hardware: Independent Flip,22485.8913,NA,10.11830000000000,10.06080000000000,9.70100000000000,9.77360000000000,9.9465,22485.5818,10.0105,0.3095,9.7010,0.1836,9.8995,0.5021,9.3974,-0.0756,22485.5818,NA,NA,NA
ZoomTracks.exe,30812,0x1C47021CD80,DXGI,0,512,1,Hardware: Independent Flip,22495.8723,NA,9.98100000000000,9.95840000000000,9.74270000000000,9.81590000000000,9.9239,22495.5923,10.0227,0.2800,9.7427,0.0726,10.0233,0.5735,9.4498,0.0521,22495.5923,NA,NA,NA
ZoomTracks.exe,30812,0x1C47021CD80,DXGI,0,512,1,Hardware: Independent Flip,22505.8475,NA,9.97520000000000,10.00860000000000,9.74230000000000,9.80600000000000,9.9573,22505.6150,9.9748,0.2325,9.7423,0.0732,9.9653,0.5146,9.4507,0.0141,22505.6150,NA,NA,NA
ZoomTracks.exe,30812,0x1C47021CD80,DXGI,0,512,1,Hardware: Independent Flip,22515.7859,NA,9.93840000000000,9.94570000000000,9.82010000000000,9.88800000000000,9.9646,22515.5898,10.0162,0.1961,9.8201,0.0637,10.0204,0.5583,9.4621,0.0291,22515.5898,NA,NA,NA
ZoomTracks.exe,30812,0x1C47021CD80,DXGI,0,512,1,Hardware: Independent Flip,22525.8111,NA,10.02520000000000,9.98590000000000,9.77410000000000,9.84040000000000,9.9253,22525.6060,9.9792,0.2051,9.7741,0.0679,9.9776,0.4615,9.5161,0.0303,22525.6060,NA,11.3838,11.3838
ZoomTracks.exe,30812,0x1C47021CD80,DXGI,0,512,1,Hardware: Independent Flip,22535.7826,NA,9.97150000000000,10.07050000000000,9.77420000000000,10.00380000000000,10.0243,22535.5852,9.9716,0.1974,9.7742,0.0663,10.1349,0.6242,9.5107,-0.0913,22535.5852,NA,NA,NA
ZoomTracks.exe,30812,0x1C47021CD80,DXGI,0,512,1,Hardware: Independent Flip,22545.8563,NA,10.07370000000000,10.05480000000000,9.87050000000000,9.92550000000000,10.0054,22545.5568,10.1700,0.2995,9.8705,0.2296,9.9954,0.4369,9.5585,-0.0832,22545.5568,NA,NA,NA
ZoomTracks.exe,30812,0x1C47021CD80,DXGI,0,512,1,Hardware: Independent Flip,22555.9282,NA,10.07190000000000,9.92700000000000,9.62400000000000,9.84110000000000,9.8605,22555.7268,9.8254,0.2014,9.6240,0.0550,9.9875,0.6378,9.3497,0.2430,22555.7268,NA,NA,NA
ZoomTracks.exe,30812,0x1C47021CD80,DXGI,0,512,1,Hardware: Independent Flip,22565.8398,NA,9.91160000000000,9.98140000000000,9.76810000000000,9.84480000000000,9.9303,22565.5522,10.0557,0.2876,9.7681,0.2171,9.9153,0.4395,9.4758,-0.1560,22565.5522,NA,NA,NA
ZoomTracks.exe,30812,0x1C47021CD80,DXGI,0,512,1,Hardware: Independent Flip,22575.8290,NA,9.98920000000000,9.95940000000000,9.76900000000000,9.81720000000000,9.9005,22575.6079,9.9901,0.2211,9.7690,0.0767,9.9616,0.4838,9.4778,0.0963,22575.6079,NA,NA,NA
ZoomTracks.exe,30812,0x1C47021CD80,DXGI,0,512,1,Hardware: Independent Flip,22585.7672,NA,9.93820000000000,10.03370000000000,9.82440000000000,9.91720000000000,9.9960,22585.5980,9.9936,0.1692,9.8244,0.0482,10.0382,0.5411,9.4971,-0.0436,22585.5980,NA,NA,NA
ZoomTracks.exe,30812,0x1C47021CD80,DXGI,0,512,1,Hardware: Independent Flip,22595.8102,NA,10.04300000000000,10.00650000000000,9.77040000000000,9.94720000000000,9.9595,22595.5916,9.9890,0.2186,9.7704,0.0928,10.0730,0.5989,9.4741,-0.0129,22595.5916,NA,13.4086,13.4086
ZoomTracks.exe,30812,0x1C47021CD80,DXGI,0,512,1,Hardware: Independent Flip,22605.8824,NA,10.07220000000000,10.00490000000000,9.70690000000000,9.78530000000000,9.8922,22605.5806,10.0087,0.3018,9.7069,0.1768,9.9103,0.5017,9.4086,-0.0159,22605.5806,NA,NA,NA
ZoomTracks.exe,30812,0x1C47021CD80,DXGI,0,512,1,Hardware: Independent Flip,22615.8399,NA,9.95750000000000,9.96100000000000,9.75860000000000,9.80700000000000,9.8957,22615.5893,10.0092,0.2506,9.7586,0.0784,9.9792,0.5167,9.4625,0.0477,22615.5893,NA,11.3730,11.3730
ZoomTracks.exe,30812,0x1C47021CD80,DXGI,0,512,1,Hardware: Independent Flip,22625.7969,NA,9.95700000000000,10.05470000000000,9.78740000000000,9.98460000000000,9.9934,22625.5985,9.9858,0.1984,9.7874,0.0484,10.1346,0.6348,9.4998,-0.0455,22625.5985,NA,NA,NA
ZoomTracks.exe,30812,0x1C47021CD80,DXGI,0,512,1,Hardware: Independent Flip,22635.9137,NA,10.11680000000000,9.99940000000000,9.65930000000000,9.86350000000000,9.8760,22635.5843,9.9887,0.3294,9.6593,0.1972,9.9957,0.6116,9.3841,-0.0136,22635.5843,NA,NA,NA
ZoomTracks.exe,30812,0x1C47021CD80,DXGI,0,512,1,Hardware: Independent Flip,22645.9100,NA,9.99630000000000,9.94310000000000,9.65960000000000,9.80820000000000,9.8228,22645.5730,9.9966,0.3370,9.6596,0.2042,9.9410,0.5706,9.3704,0.0456,22645.5730,NA,NA,NA
ZoomTracks.exe,30812,0x1C47021CD80,DXGI,0,512,1,Hardware: Independent Flip,22655.8405,NA,9.93050000000000,10.07240000000000,9.71340000000000,9.95710000000000,9.9647,22655.5696,9.9843,0.2709,9.7134,0.1486,10.0794,0.6328,9.4466,-0.0758,22655.5696,NA,NA,NA
ZoomTracks.exe,30812,0x1C47021CD80,DXGI,0,512,1,Hardware: Independent Flip,22665.8349,NA,9.99440000000000,10.21950000000000,9.71180000000000,10.16410000000000,10.1898,22665.5539,9.9928,0.2810,9.7118,0.2437,10.2014,0.7805,9.4209,-0.2352,22665.5539,NA,NA,NA
ZoomTracks.exe,30812,0x1C47021CD80,DXGI,0,512,1,Hardware: Independent Flip,22675.6841,NA,9.84920000000000,9.71660000000000,9.87350000000000,10.04820000000000,10.0572,22675.5467,10.0109,0.1374,9.8735,0.4523,9.7333,0.4856,9.2477,0.2762,22675.5467,NA,NA,NA
ZoomTracks.exe,30812,0x1C47021CD80,DXGI,0,512,1,Hardware: Independent Flip,22685.8822,NA,10.19810000000000,10.01780000000000,9.68240000000000,9.86590000000000,9.8769,22685.5576,10.0070,0.3246,9.6824,0.1747,10.0158,0.5878,9.4280,-0.0069,22685.5576,NA,NA,NA
ZoomTracks.exe,30812,0x1C47021CD80,DXGI,0,512,1,Hardware: Independent Flip,22695.8789,NA,9.99670000000000,10.09460000000000,9.72580000000000,9.79250000000000,9.9748,22695.5646,10.0401,0.3143,9.7258,0.1835,9.9233,0.4825,9.4408,-0.0876,22695.5646,NA,NA,NA
ZoomTracks.exe,30812,0x1C47021CD80,DXGI,0,512,1,Hardware: Independent Flip,22705.8885,NA,10.00960000000000,9.86720000000000,9.68530000000000,9.82080000000000,9.8324,22705.6047,9.9691,0.2838,9.6853,0.0667,10.0379,0.5299,9.5080,0.1729,22705.6047,NA,NA,NA
ZoomTracks.exe,30812,0x1C47021CD80,DXGI,0,512,1,Hardware: Independent Flip,22715.8311,NA,9.94260000000000,10.03700000000000,9.75830000000000,9.83930000000000,9.9268,22715.5738,10.0156,0.2573,9.7583,0.1355,9.9611,0.4979,9.4632,-0.0679,22715.5738,NA,25.3883,25.3883
ZoomTracks.exe,30812,0x1C47021CD80,DXGI,0,512,1,Hardware: Independent Flip,22725.8055,NA,9.97440000000000,10.01160000000000,9.79350000000000,9.85920000000000,9.9640,22725.5894,10.0096,0.2161,9.7935,0.0810,9.9943,0.4978,9.4965,0.0040,22725.5894,NA,14.4165,14.4165
ZoomTracks.exe,30812,0x1C47021CD80,DXGI,0,512,1,Hardware: Independent Flip,22735.8219,NA,10.01640000000000,9.99210000000000,9.74430000000000,9.92770000000000,9.9397,22735.5990,9.9672,0.2229,9.7443,0.0657,10.0849,0.6131,9.4718,0.0175,22735.5990,NA,NA,NA
ZoomTracks.exe,30812,0x1C47021CD80,DXGI,0,512,1,Hardware: Independent Flip,22745.8652,NA,10.04330000000000,9.96590000000000,9.73150000000000,9.78260000000000,9.8623,22745.5662,10.0305,0.2990,9.7315,0.1834,9.8982,0.4629,9.4353,0.0013,22745.5662,NA,NA,NA
ZoomTracks.exe,30812,0x1C47021CD80,DXGI,0,512,1,Hardware: Independent Flip,22755.7774,NA,9.91220000000000,10.10540000000000,9.77390000000000,10.03550000000000,10.0555,22755.5967,9.9546,0.1807,9.7739,0.0511,10.1651,0.6541,9.5110,-0.0749,22755.5967,NA,NA,NA
ZoomTracks.exe,30812,0x1C47021CD80,DXGI,0,512,1,Hardware: Independent Flip,22765.8839,NA,10.10650000000000,9.95170000000000,9.66870000000000,9.87940000000000,9.9007,22765.5513,10.0013,0.3326,9.6687,0.2616,9.9504,0.5325,9.4179,0.0029,22765.5513,NA,NA,NA
ZoomTracks.exe,30812,0x1C47021CD80,DXGI,0,512,1,Hardware: Independent Flip,22775.8077,NA,9.92380000000000,9.93780000000000,9.75140000000000,9.90640000000000,9.9147,22775.5526,10.0065,0.2551,9.7514,0.2107,9.9508,0.4566,9.4942,0.0635,22775.5526,NA,NA,NA
ZoomTracks.exe,30812,0x1C47021CD80,DXGI,0,512,1,Hardware: Independent Flip,22785.8519,NA,10.04420000000000,10.18600000000000,9.81820000000000,9.93220000000000,10.0565,22785.5591,10.1110,0.2928,9.8182,0.1550,10.0700,0.5269,9.5431,-0.1795,22785.5591,NA,NA,NA
ZoomTracks.exe,30812,0x1C47021CD80,DXGI,0,512,1,Hardware: Independent Flip,22795.9472,NA,10.09530000000000,9.80100000000000,9.62830000000000,9.75450000000000,9.7622,22795.6701,9.9054,0.2771,9.6283,0.1140,9.9176,0.5828,9.3348,0.3100,22795.6701,NA,NA,NA
ZoomTracks.exe,30812,0x1C47021CD80,DXGI,0,512,1,Hardware: Independent Flip,22805.8460,NA,9.89880000000000,10.07600000000000,9.75810000000000,9.83550000000000,9.9394,22805.5755,10.0286,0.2705,9.7581,0.1262,9.9798,0.4842,9.4956,-0.1706,22805.5755,NA,20.4155,20.4155
ZoomTracks.exe,30812,0x1C47021CD80,DXGI,0,512,1,Hardware: Independent Flip,22815.8446,NA,9.99860000000000,10.01930000000000,9.75000000000000,9.81260000000000,9.9601,22815.6041,9.9905,0.2405,9.7500,0.0774,9.9757,0.5174,9.4583,0.0093,22815.6041,NA,NA,NA
ZoomTracks.exe,30812,0x1C47021CD80,DXGI,0,512,1,Hardware: Independent Flip,22825.7815,NA,9.93690000000000,9.92530000000000,9.78810000000000,9.93590000000000,9.9485,22825.5946,9.9750,0.1869,9.7881,0.0626,10.0602,0.6076,9.4526,0.0652,22825.5946,NA,28.3186,28.3186
ZoomTracks.exe,30812,0x1C47021CD80,DXGI,0,512,1,Hardware: Independent Flip,22835.8523,NA,10.07080000000000,10.05130000000000,9.74920000000000,9.82770000000000,9.9290,22835.5696,10.0319,0.2827,9.7492,0.1478,9.9626,0.5014,9.4612,-0.0763,22835.5696,NA,NA,NA
ZoomTracks.exe,30812,0x1C47021CD80,DXGI,0,512,1,Hardware: Independent Flip,22845.9057,NA,10.05340000000000,9.96550000000000,9.71700000000000,9.76840000000000,9.8411,22845.6015,10.0212,0.3042,9.7170,0.0785,9.9941,0.5184,9.4757,0.0664,22845.6015,NA,NA,NA
ZoomTracks.exe,30812,0x1C47021CD80,DXGI,0,512,1,Hardware: Independent Flip,22855.7989,NA,9.89320000000000,10.00110000000000,9.79900000000000,9.87580000000000,9.9490,22855.6227,9.9752,0.1762,9.7990,0.0514,10.0006,0.5230,9.4776,0.0201,22855.6227,NA,NA,NA
ZoomTracks.exe,30812,0x1C47021CD80,DXGI,0,512,1,Hardware: Independent Flip,22865.7985,NA,9.99960000000000,10.09290000000000,9.75170000000000,10.01730000000000,10.0423,22865.5979,9.9523,0.2006,9.7517,0.0768,10.1411,0.6308,9.5103,-0.1177,22865.5979,NA,NA,NA
ZoomTracks.exe,30812,0x1C47021CD80,DXGI,0,512,1,Hardware: Independent Flip,22875.8693,NA,10.07080000000000,9.92020000000000,9.68460000000000,9.78360000000000,9.8917,22875.5502,10.0037,0.3191,9.6846,0.2656,9.8371,0.4295,9.4076,0.0321,22875.5502,NA,NA,NA
ZoomTracks.exe,30812,0x1C47021CD80,DXGI,0,512,1,Hardware: Independent Flip,22885.7486,NA,9.87930000000000,10.03000000000000,9.81290000000000,10.02120000000000,10.0424,22885.5539,10.0076,0.1947,9.8129,0.0990,10.1169,0.6418,9.4751,-0.0263,22885.5539,NA,NA,NA
ZoomTracks.exe,30812,0x1C47021CD80,DXGI,0,512,1,Hardware: Independent Flip,22895.8413,NA,10.09270000000000,10.07760000000000,9.77450000000000,9.85750000000000,10.0273,22895.5615,10.0543,0.2798,9.7745,0.2083,9.9290,0.4515,9.4775,-0.0700,22895.5615,NA,22.5123,22.5123
ZoomTracks.exe,30812,0x1C47021CD80,DXGI,0,512,1,Hardware: Independent Flip,22905.8370,NA,9.99570000000000,9.91240000000000,9.78160000000000,9.84950000000000,9.9440,22905.6158,10.0028,0.2212,9.7816,0.0830,9.9877,0.6087,9.3790,0.1419,22905.6158,NA,NA,NA
ZoomTracks.exe,30812,0x1C47021CD80,DXGI,0,512,1,Hardware: Independent Flip,22915.8293,NA,9.99230000000000,9.98820000000000,9.77180000000000,9.84270000000000,9.9399,22915.6186,9.9825,0.2107,9.7718,0.0679,9.9855,0.5266,9.4589,0.0146,22915.6186,NA,15.3993,15.3993
ZoomTracks.exe,30812,0x1C47021CD80,DXGI,0,512,1,Hardware: Independent Flip,22925.8150,NA,9.98570000000000,10.00840000000000,9.77540000000000,9.86360000000000,9.9626,22925.6011,9.9893,0.2139,9.7754,0.0709,10.0066,0.5113,9.4953,-0.0259,22925.6011,NA,NA,NA
ZoomTracks.exe,30812,0x1C47021CD80,DXGI,0,512,1,Hardware: Independent Flip,22935.8378,NA,10.02280000000000,10.01290000000000,9.76740000000000,9.85040000000000,9.9527,22935.5904,10.0148,0.2474,9.7674,0.0882,10.0096,0.5385,9.4711,-0.0236,22935.5904,NA,NA,NA
ZoomTracks.exe,30812,0x1C47021CD80,DXGI,0,512,1,Hardware: Independent Flip,22945.8237,NA,9.98590000000000,9.99760000000000,9.76970000000000,9.95150000000000,9.9644,22945.6052,9.9882,0.2185,9.7697,0.0830,10.0870,0.6330,9.4540,0.0172,22945.6052,NA,NA,NA
ZoomTracks.exe,30812,0x1C47021CD80,DXGI,0,512,1,Hardware: Independent Flip,22955.9180,NA,10.09430000000000,9.99100000000000,9.68290000000000,9.76180000000000,9.8611,22955.5934,10.0075,0.3246,9.6829,0.1818,9.9046,0.5284,9.3762,-0.0028,22955.5934,NA,NA,NA
ZoomTracks.exe,30812,0x1C47021CD80,DXGI,0,512,1,Hardware: Independent Flip,22965.8290,NA,9.91100000000000,10.12840000000000,9.72470000000000,10.03500000000000,10.0785,22965.6009,9.9528,0.2281,9.7247,0.0789,10.1842,0.7292,9.4550,-0.1209,22965.6009,NA,NA,NA
ZoomTracks.exe,30812,0x1C47021CD80,DXGI,0,512,1,Hardware: Independent Flip,22975.9393,NA,10.11030000000000,9.91300000000000,9.60560000000000,9.73760000000000,9.8812,22975.5537,9.9912,0.3856,9.6056,0.3103,9.8129,0.4722,9.3407,0.0398,22975.5537,NA,NA,NA
ZoomTracks.exe,30812,0x1C47021CD80,DXGI,0,512,1,Hardware: Independent Flip,22985.7839,NA,9.84460000000000,9.99060000000000,9.77940000000000,10.00540000000000,10.0272,22985.5449,10.0184,0.2390,9.7794,0.1320,10.1124,0.6460,9.4664,0.0006,22985.5449,NA,NA,NA
ZoomTracks.exe,30812,0x1C47021CD80,DXGI,0,512,1,Hardware: Independent Flip,22995.8425,NA,10.05860000000000,10.03290000000000,9.74700000000000,9.83610000000000,10.0015,22995.5633,10.0262,0.2792,9.7470,0.2260,9.8893,0.4668,9.4225,-0.0145,22995.5633,NA,22.4868,22.4868
ZoomTracks.exe,30812,0x1C47021CD80,DXGI,0,512,1,Hardware: Independent Flip,23005.8132,NA,9.97070000000000,9.89780000000000,9.78710000000000,9.84180000000000,9.9286,23005.5895,10.0108,0.2237,9.7871,0.0891,9.9764,0.5514,9.4250,0.1284,23005.5895,NA,27.3805,27.3805
ZoomTracks.exe,30812,0x1C47021CD80,DXGI,0,512,1,Hardware: Independent Flip,23015.8757,NA,10.06250000000000,10.03130000000000,9.73880000000000,9.80290000000000,9.8974,23015.6003,10.0142,0.2754,9.7388,0.0547,10.0236,0.5041,9.5195,-0.0205,23015.6003,NA,NA,NA
ZoomTracks.exe,30812,0x1C47021CD80,DXGI,0,512,1,Hardware: Independent Flip,23025.8230,NA,9.94730000000000,9.99510000000000,9.74430000000000,9.93190000000000,9.9452,23025.6145,9.9528,0.2085,9.7443,0.0641,10.0763,0.6026,9.4737,0.0191,23025.6145,NA,NA,NA
ZoomTracks.exe,30812,0x1C47021CD80,DXGI,0,512,1,Hardware: Independent Flip,23035.8717,NA,10.04870000000000,10.02060000000000,9.72950000000000,9.81170000000000,9.9171,23035.5673,10.0339,0.3044,9.7295,0.1876,9.9285,0.5251,9.4034,-0.0678,23035.5673,NA,NA,NA
ZoomTracks.exe,30812,0x1C47021CD80,DXGI,0,512,1,Hardware: Independent Flip,23045.8448,NA,9.97310000000000,9.99790000000000,9.77310000000000,9.83880000000000,9.9419,23045.6012,10.0167,0.2436,9.7731,0.0822,10.0002,0.5563,9.4439,0.0360,23045.6012,NA,NA,NA
ZoomTracks.exe,30812,0x1C47021CD80,DXGI,0,512,1,Hardware: Independent Flip,23055.8412,NA,9.99640000000000,9.97740000000000,9.73140000000000,9.81060000000000,9.9229,23055.6179,9.9547,0.2233,9.7314,0.0657,9.9682,0.5228,9.4454,0.0393,23055.6179,NA,NA,NA
ZoomTracks.exe,30812,0x1C47021CD80,DXGI,0,512,1,Hardware: Independent Flip,23065.7976,NA,9.95640000000000,9.98930000000000,9.80600000000000,9.87440000000000,9.9558,23065.5726,10.0310,0.2250,9.8060,0.0792,10.0202,0.5136,9.5066,-0.0346,23065.5726,NA,NA,NA
ZoomTracks.exe,30812,0x1C47021CD80,DXGI,0,512,1,Hardware: Independent Flip,23075.8233,NA,10.02570000000000,10.03730000000000,9.78760000000000,9.85620000000000,9.9674,23075.6036,10.0073,0.2197,9.7876,0.0684,10.0075,0.5058,9.5017,-0.0063,23075.6036,NA,25.4045,25.4045
ZoomTracks.exe,30812,0x1C47021CD80,DXGI,0,512,1,Hardware: Independent Flip,23085.8449,NA,10.02160000000000,10.03260000000000,9.70560000000000,9.95470000000000,9.9784,23085.6109,9.9396,0.2340,9.7056,0.0686,10.1201,0.6667,9.4534,-0.0253,23085.6109,NA,NA,NA
ZoomTracks.exe,30812,0x1C47021CD80,DXGI,0,512,1,Hardware: Independent Flip,23095.8541,NA,10.00920000000000,9.99400000000000,9.76110000000000,9.87160000000000,9.9632,23095.5505,10.0647,0.3036,9.7611,0.2491,9.9261,0.4947,9.4314,-0.0544,23095.5505,NA,NA,NA
ZoomTracks.exe,30812,0x1C47021CD80,DXGI,0,512,1,Hardware: Independent Flip,23105.8685,NA,10.01440000000000,10.01240000000000,9.68170000000000,9.94140000000000,9.9612,23105.6152,9.9350,0.2533,9.6817,0.1105,10.0842,0.6603,9.4239,0.0523,23105.6152,NA,17.4679,17.4679
ZoomTracks.exe,30812,0x1C47021CD80,DXGI,0,512,1,Hardware: Independent Flip,23115.8878,NA,10.01930000000000,10.03160000000000,9.68340000000000,9.81140000000000,9.9735,23115.5502,10.0210,0.3376,9.6834,0.2597,9.8893,0.4611,9.4282,-0.0966,23115.5502,NA,NA,NA
ZoomTracks.exe,30812,0x1C47021CD80,DXGI,0,512,1,Hardware: Independent Flip,23125.8146,NA,9.92680000000000,9.86440000000000,9.77120000000000,9.83480000000000,9.9111,23125.5712,10.0146,0.2434,9.7712,0.1280,9.9502,0.5173,9.4329,0.1566,23125.5712,NA,NA,NA
ZoomTracks.exe,30812,0x1C47021CD80,DXGI,0,512,1,Hardware: Independent Flip,23135.7950,NA,9.98040000000000,10.05390000000000,9.82050000000000,9.89520000000000,9.9846,23135.5858,10.0297,0.2092,9.8205,0.0636,10.0408,0.5037,9.5371,-0.0393,23135.5858,NA,NA,NA
ZoomTracks.exe,30812,0x1C47021CD80,DXGI,0,512,1,Hardware: Independent Flip,23145.8334,NA,10.03840000000000,9.93830000000000,9.73930000000000,9.87690000000000,9.8845,23145.6155,9.9572,0.2179,9.7393,0.0747,10.0201,0.5588,9.4613,0.0914,23145.6155,NA,NA,NA
ZoomTracks.exe,30812,0x1C47021CD80,DXGI,0,512,1,Hardware: Independent Flip,23155.8805,NA,10.04710000000000,10.01790000000000,9.72330000000000,9.77080000000000,9.8553,23155.5727,10.0311,0.3078,9.7233,0.1376,9.9410,0.4443,9.4967,-0.0607,23155.5727,NA,NA,NA
ZoomTracks.exe,30812,0x1C47021CD80,DXGI,0,512,1,Hardware: Independent Flip,23165.7921,NA,9.91160000000000,10.01250000000000,9.80850000000000,9.87730000000000,9.9562,23165.6038,9.9968,0.1883,9.8085,0.0475,10.0181,0.4947,9.5234,0.0186,23165.6038,NA,16.3813,16.3813
ZoomTracks.exe,30812,0x1C47021CD80,DXGI,0,512,1,Hardware: Independent Flip,23175.7983,NA,10.00620000000000,9.97410000000000,9.79630000000000,9.84610000000000,9.9241,23175.6006,9.9940,0.1977,9.7963,0.0688,9.9750,0.4660,9.5090,0.0227,23175.6006,NA,NA,NA
ZoomTracks.exe,30812,0x1C47021CD80,DXGI,0,512,1,Hardware: Independent Flip,23185.7748,NA,9.97650000000000,10.07480000000000,9.78320000000000,10.00430000000000,10.0224,23185.5946,9.9634,0.1802,9.7832,0.0498,10.1347,0.6085,9.5262,-0.0808,23185.5946,NA,18.4468,18.4468
ZoomTracks.exe,30812,0x1C47021CD80,DXGI,0,512,1,Hardware: Independent Flip,23195.8491,NA,10.07430000000000,10.00920000000000,9.79180000000000,9.86370000000000,9.9573,23195.5580,10.0829,0.2911,9.7918,0.2211,9.9337,0.4656,9.4681,-0.0458,23195.5580,NA,NA,NA
ZoomTracks.exe,30812,0x1C47021CD80,DXGI,0,512,1,Hardware: Independent Flip,23205.8632,NA,10.01410000000000,9.98720000000000,9.69090000000000,9.91230000000000,9.9304,23205.6409,9.9132,0.2223,9.6909,0.0719,10.0627,0.6337,9.4290,0.0957,23205.6409,NA,NA,NA
ZoomTracks.exe,30812,0x1C47021CD80,DXGI,0,512,1,Hardware: Independent Flip,23215.8447,NA,9.98150000000000,9.98250000000000,9.76010000000000,9.82900000000000,9.9314,23215.5541,10.0507,0.2906,9.7601,0.2214,9.8982,0.4291,9.4691,-0.0693,23215.5541,NA,NA,NA
ZoomTracks.exe,30812,0x1C47021CD80,DXGI,0,512,1,Hardware: Independent Flip,23225.8524,NA,10.00770000000000,10.03600000000000,9.77450000000000,9.85620000000000,9.9597,23225.6048,10.0221,0.2476,9.7745,0.0689,10.0349,0.5491,9.4858,0.0147,23225.6048,NA,NA,NA
ZoomTracks.exe,30812,0x1C47021CD80,DXGI,0,512,1,Hardware: Independent Flip,23235.8715,NA,10.01910000000000,9.99460000000000,9.72740000000000,9.80570000000000,9.9352,23235.6269,9.9720,0.2446,9.7274,0.0817,9.9686,0.5399,9.4287,0.0275,23235.6269,NA,NA,NA
ZoomTracks.exe,30812,0x1C47021CD80,DXGI,0,512,1,Hardware: Independent Flip,23245.8648,NA,9.99330000000000,9.95000000000000,9.73410000000000,9.79450000000000,9.8919,23245.5989,10.0000,0.2659,9.7341,0.0783,9.9821,0.5373,9.4448,0.0220,23245.5989,NA,NA,NA
ZoomTracks.exe,30812,0x1C47021CD80,DXGI,0,512,1,Hardware: Independent Flip,23255.8052,NA,9.94040000000000,10.02820000000000,9.81800000000000,9.88560000000000,9.9797,23255.5989,10.0243,0.2063,9.8180,0.0604,10.0315,0.5354,9.4961,-0.0282,23255.5989,NA,19.4331,19.4331
ZoomTracks.exe,30812,0x1C47021CD80,DXGI,0,512,1,Hardware: Independent Flip,23265.8350,NA,10.02980000000000,9.95380000000000,9.75520000000000,9.82010000000000,9.9037,23265.6232,9.9670,0.2118,9.7552,0.0676,9.9643,0.4882,9.4761,0.0705,23265.6232,NA,12.3839,12.3839
ZoomTracks.exe,30812,0x1C47021CD80,DXGI,0,512,1,Hardware: Independent Flip,23275.7868,NA,9.95180000000000,9.99120000000000,9.81280000000000,9.86190000000000,9.9431,23275.5902,10.0094,0.1966,9.8128,0.0649,9.9936,0.4760,9.5176,-0.0242,23275.5902,NA,NA,NA
ZoomTracks.exe,30812,0x1C47021CD80,DXGI,0,512,1,Hardware: Independent Flip,23285.8614,NA,10.07460000000000,9.99220000000000,9.70630000000000,9.85230000000000,9.8607,23285.5996,9.9681,0.2618,9.7063,0.0491,10.0650,0.5528,9.5122,0.0172,23285.5996,NA,NA,NA
ZoomTracks.exe,30812,0x1C47021CD80,DXGI,0,512,1,Hardware: Independent Flip,23295.8339,NA,9.97250000000000,10.04040000000000,9.77280000000000,9.83620000000000,9.9286,23295.5677,10.0390,0.2662,9.7728,0.1460,9.9564,0.4991,9.4573,-0.0723,23295.5677,NA,NA,NA
ZoomTracks.exe,30812,0x1C47021CD80,DXGI,0,512,1,Hardware: Independent Flip,23305.8111,NA,9.97720000000000,10.06670000000000,9.74410000000000,9.99930000000000,10.0181,23305.6067,9.9485,0.2044,9.7441,0.0634,10.1403,0.6601,9.4802,-0.0277,23305.6067,NA,NA,NA
ZoomTracks.exe,30812,0x1C47021CD80,DXGI,0,512,1,Hardware: Independent Flip,23315.8839,NA,10.07280000000000,9.99060000000000,9.66590000000000,9.83060000000000,9.9359,23315.5552,9.9946,0.3287,9.6659,0.2552,9.9041,0.4807,9.4234,-0.0421,23315.5552,NA,NA,NA
ZoomTracks.exe,30812,0x1C47021CD80,DXGI,0,512,1,Hardware: Independent Flip,23325.7573,NA,9.87340000000000,9.90720000000000,9.79430000000000,9.95820000000000,9.9697,23325.5498,10.0018,0.2075,9.7943,0.1647,10.0010,0.4622,9.5388,0.0874,23325.5498,NA,NA,NA
ZoomTracks.exe,30812,0x1C47021CD80,DXGI,0,512,1,Hardware: Independent Flip,23335.8610,NA,10.10370000000000,10.08860000000000,9.75460000000000,9.85120000000000,9.9546,23335.5516,10.0640,0.3094,9.7546,0.1639,9.9967,0.5496,9.4471,-0.0868,23335.5516,NA,NA,NA
ZoomTracks.exe,30812,0x1C47021CD80,DXGI,0,512,1,Hardware: Independent Flip,23345.8736,NA,10.01260000000000,10.00090000000000,9.75650000000000,9.83860000000000,9.9429,23345.6156,10.0145,0.2580,9.7565,0.0966,10.0000,0.5559,9.4441,0.0631,23345.6156,NA,NA,NA
ZoomTracks.exe,30812,0x1C47021CD80,DXGI,0,512,1,Hardware: Independent Flip,23355.8741,NA,10.00050000000000,10.04200000000000,9.81010000000000,9.87970000000000,9.9844,23355.6301,10.0541,0.2440,9.8101,0.0821,10.0416,0.5406,9.5010,-0.0275,23355.6301,NA,NA,NA
ZoomTracks.exe,30812,0x1C47021CD80,DXGI,0,512,1,Hardware: Independent Flip,23365.9165,NA,10.04240000000000,9.89220000000000,9.68190000000000,9.75250000000000,9.8342,23365.6842,9.9142,0.2323,9.6819,0.0696,9.9152,0.5396,9.3756,0.1619,23365.6842,NA,10.3784,10.3784
ZoomTracks.exe,30812,0x1C47021CD80,DXGI,0,512,1,Hardware: Independent Flip,23375.8021,NA,9.88560000000000,10.00430000000000,9.79490000000000,9.87480000000000,9.9529,23375.5984,9.9986,0.2037,9.7949,0.0706,10.0079,0.5120,9.4959,-0.0901,23375.5984,NA,17.4124,17.4124
ZoomTracks.exe,30812,0x1C47021CD80,DXGI,0,512,1,Hardware: Independent Flip,23385.8052,NA,10.00310000000000,10.05620000000000,9.79430000000000,9.87150000000000,10.0060,23385.5970,10.0025,0.2082,9.7943,0.0799,9.9998,0.5160,9.4838,-0.0576,23385.5970,NA,NA,NA
ZoomTracks.exe,30812,0x1C47021CD80,DXGI,0,512,1,Hardware: Independent Flip,23395.8014,NA,9.99620000000000,9.96760000000000,9.81860000000000,9.87570000000000,9.9774,23395.5995,10.0205,0.2019,9.8186,0.0772,10.0004,0.5529,9.4475,0.0349,23395.5995,NA,NA,NA
ZoomTracks.exe,30812,0x1C47021CD80,DXGI,0,512,1,Hardware: Independent Flip,23405.8359,NA,10.03450000000000,10.04610000000000,9.71430000000000,9.88580000000000,9.9890,23405.6200,9.9302,0.2159,9.7143,0.0571,10.0446,0.5768,9.4678,-0.0256,23405.6200,NA,NA,NA
ZoomTracks.exe,30812,0x1C47021CD80,DXGI,0,512,1,Hardware: Independent Flip,23415.7460,NA,9.91010000000000,10.00020000000000,9.80390000000000,10.05900000000000,10.0791,23415.5502,9.9997,0.1958,9.8039,0.1715,10.0833,0.5530,9.5303,-0.0700,23415.5502,NA,NA,NA
ZoomTracks.exe,30812,0x1C47021CD80,DXGI,0,512,1,Hardware: Independent Flip,23425.8609,NA,10.11490000000000,9.87960000000000,9.70260000000000,9.83450000000000,9.8438,23425.5499,10.0136,0.3110,9.7026,0.2551,9.8904,0.4602,9.4302,0.1201,23425.5499,NA,NA,NA
ZoomTracks.exe,30812,0x1C47021CD80,DXGI,0,512,1,Hardware: Independent Flip,23435.8395,NA,9.97860000000000,10.01690000000000,9.75290000000000,9.80280000000000,9.8821,23435.5635,10.0289,0.2760,9.7529,0.1319,9.9469,0.4585,9.4884,-0.0033,23435.5635,NA,13.3625,13.3625
ZoomTracks.exe,30812,0x1C47021CD80,DXGI,0,512,1,Hardware: Independent Flip,23445.7753,NA,9.93580000000000,10.04560000000000,9.82550000000000,9.89100000000000,9.9919,23445.5924,10.0084,0.1829,9.8255,0.0499,10.0240,0.4882,9.5358,-0.0167,23445.5924,NA,NA,NA
ZoomTracks.exe,30812,0x1C47021CD80,DXGI,0,512,1,Hardware: Independent Flip,23455.8249,NA,10.04960000000000,10.02300000000000,9.78470000000000,9.86610000000000,9.9653,23455.6008,10.0088,0.2241,9.7847,0.0655,10.0247,0.5392,9.4855,-0.0146,23455.6008,NA,NA,NA
ZoomTracks.exe,30812,0x1C47021CD80,DXGI,0,512,1,Hardware: Independent Flip,23465.8430,NA,10.01810000000000,9.95100000000000,9.74920000000000,9.81860000000000,9.8982,23465.6096,9.9826,0.2334,9.7492,0.0814,9.9706,0.5192,9.4514,0.0578,23465.6096,NA,NA,NA
ZoomTracks.exe,30812,0x1C47021CD80,DXGI,0,512,1,Hardware: Independent Flip,23475.7914,NA,9.94840000000000,10.00100000000000,9.81670000000000,9.86520000000000,9.9508,23475.5922,10.0159,0.1992,9.8167,0.0694,9.9950,0.4716,9.5234,-0.0184,23475.5922,NA,14.3738,14.3738
ZoomTracks.exe,30812,0x1C47021CD80,DXGI,0,512,1,Hardware: Independent Flip,23485.7809,NA,9.98950000000000,10.04160000000000,9.79260000000000,9.99010000000000,10.0029,23485.6081,9.9654,0.1728,9.7926,0.0485,10.1144,0.6357,9.4787,-0.0257,23485.6081,NA,NA,NA
ZoomTracks.exe,30812,0x1C47021CD80,DXGI,0,512,1,Hardware: Independent Flip,23495.9104,NA,10.12950000000000,9.95010000000000,9.67870000000000,9.74610000000000,9.8235,23495.5735,10.0156,0.3369,9.6787,0.1975,9.8855,0.4953,9.3902,0.0153,23495.5735,NA,NA,NA
ZoomTracks.exe,30812,0x1C47021CD80,DXGI,0,512,1,Hardware: Independent Flip,23505.7825,NA,9.87210000000000,10.05180000000000,9.83140000000000,9.90070000000000,10.0032,23505.5891,10.0248,0.1934,9.8314,0.0674,10.0267,0.5018,9.5249,-0.0362,23505.5891,NA,NA,NA
ZoomTracks.exe,30812,0x1C47021CD80,DXGI,0,512,1,Hardware: Independent Flip,23515.8499,NA,10.06740000000000,10.08820000000000,9.69550000000000,9.98170000000000,10.0240,23515.6139,9.9315,0.2360,9.6955,0.0693,10.1484,0.7111,9.4373,-0.0634,23515.6139,NA,NA,NA
ZoomTracks.exe,30812,0x1C47021CD80,DXGI,0,512,1,Hardware: Independent Flip,23525.9119,NA,10.06200000000000,9.86420000000000,9.68780000000000,9.74890000000000,9.8262,23525.5454,10.0543,0.3665,9.6878,0.2862,9.8292,0.4536,9.3756,0.0673,23525.5454,NA,NA,NA
ZoomTracks.exe,30812,0x1C47021CD80,DXGI,0,512,1,Hardware: Independent Flip,23535.7880,NA,9.87610000000000,10.01260000000000,9.81560000000000,9.87110000000000,9.9627,23535.5997,10.0039,0.1883,9.8156,0.0611,9.9983,0.4742,9.5241,0.0417,23535.5997,NA,NA,NA
ZoomTracks.exe,30812,0x1C47021CD80,DXGI,0,512,1,Hardware: Independent Flip,23545.8106,NA,10.02260000000000,10.06990000000000,9.79180000000000,9.86100000000000,10.0100,23545.6036,9.9988,0.2070,9.7918,0.0555,10.0125,0.4989,9.5136,-0.0660,23545.6036,NA,12.4642,12.4642
ZoomTracks.exe,30812,0x1C47021CD80,DXGI,0,512,1,Hardware: Independent Flip,23555.8087,NA,9.99810000000000,9.97640000000000,9.79660000000000,9.89070000000000,9.9883,23555.6024,10.0029,0.2063,9.7966,0.0692,10.0278,0.5750,9.4528,0.0224,23555.6024,NA,NA,NA
ZoomTracks.exe,30812,0x1C47021CD80,DXGI,0,512,1,Hardware: Independent Flip,23565.8414,NA,10.03270000000000,10.01400000000000,9.74370000000000,9.85130000000000,9.9696,23565.6053,9.9798,0.2361,9.7437,0.0941,9.9933,0.5562,9.4371,-0.0111,23565.6053,NA,NA,NA
ZoomTracks.exe,30812,0x1C47021CD80,DXGI,0,512,1,Hardware: Independent Flip,23575.7975,NA,9.95610000000000,9.92350000000000,9.79680000000000,9.86660000000000,9.9370,23575.5851,10.0092,0.2124,9.7968,0.1076,9.9714,0.5197,9.4517,0.0563,23575.5851,NA,NA,NA
ZoomTracks.exe,30812,0x1C47021CD80,DXGI,0,512,1,Hardware: Independent Flip,23585.7770,NA,9.97950000000000,10.00800000000000,9.82320000000000,9.88760000000000,9.9655,23585.5943,10.0059,0.1827,9.8232,0.0698,10.0005,0.5051,9.4954,0.0012,23585.5943,NA,26.3906,26.3906
ZoomTracks.exe,30812,0x1C47021CD80,DXGI,0,512,1,Hardware: Independent Flip,23595.7918,NA,10.01480000000000,10.02950000000000,9.82780000000000,9.88720000000000,9.9802,23595.6002,10.0194,0.1916,9.8278,0.0644,10.0144,0.5063,9.5081,-0.0236,23595.6002,NA,NA,NA
ZoomTracks.exe,30812,0x1C47021CD80,DXGI,0,512,1,Hardware: Independent Flip,23605.8255,NA,10.03370000000000,9.97710000000000,9.73590000000000,9.91330000000000,9.9236,23605.6196,9.9418,0.2059,9.7359,0.0594,10.0598,0.6018,9.4580,0.0423,23605.6196,NA,NA,NA
ZoomTracks.exe,30812,0x1C47021CD80,DXGI,0,512,1,Hardware: Independent Flip,23615.8781,NA,10.05260000000000,10.03150000000000,9.67710000000000,9.88330000000000,9.9025,23615.5614,9.9938,0.3167,9.6771,0.1774,10.0226,0.5860,9.4366,-0.0897,23615.5614,NA,NA,NA
ZoomTracks.exe,30812,0x1C47021CD80,DXGI,0,512,1,Hardware: Independent Flip,23625.8182,NA,9.94010000000000,9.94190000000000,9.72980000000000,9.89720000000000,9.9043,23625.5552,9.9928,0.2630,9.7298,0.2062,9.9540,0.4895,9.4645,0.0519,23625.5552,NA,12.3687,12.3687
ZoomTracks.exe,30812,0x1C47021CD80,DXGI,0,512,1,Hardware: Independent Flip,23635.8496,NA,10.03140000000000,10.14090000000000,9.70420000000000,9.99470000000000,10.0138,23635.5480,10.0058,0.3016,9.7042,0.1674,10.1289,0.7003,9.4286,-0.1481,23635.5480,NA,NA,NA
ZoomTracks.exe,30812,0x1C47021CD80,DXGI,0,512,1,Hardware: Independent Flip,23645.9292,NA,10.07960000000000,9.93910000000000,9.68630000000000,9.75690000000000,9.8733,23645.5538,10.0617,0.3754,9.6863,0.2905,9.8418,0.4367,9.4051,0.0667,23645.5538,NA,NA,NA
ZoomTracks.exe,30812,0x1C47021CD80,DXGI,0,512,1,Hardware: Independent Flip,23655.8667,NA,9.93750000000000,9.96350000000000,9.74270000000000,9.81280000000000,9.8993,23655.6155,9.9939,0.2512,9.7427,0.0706,9.9934,0.5358,9.4576,0.0982,23655.6155,NA,NA,NA
ZoomTracks.exe,30812,0x1C47021CD80,DXGI,0,512,1,Hardware: Independent Flip,23665.8209,NA,9.95420000000000,10.05900000000000,9.76010000000000,9.82360000000000,10.0041,23665.6094,9.9716,0.2115,9.7601,0.0701,9.9650,0.4629,9.5021,-0.0651,23665.6094,NA,12.4688,12.4688
ZoomTracks.exe,30812,0x1C47021CD80,DXGI,0,512,1,Hardware: Independent Flip,23675.7894,NA,9.96850000000000,9.98090000000000,9.83170000000000,9.89040000000000,10.0165,23675.5810,10.0401,0.2084,9.8317,0.0635,10.0353,0.4915,9.5438,-0.0093,23675.5810,NA,NA,NA
ZoomTracks.exe,30812,0x1C47021CD80,DXGI,0,512,1,Hardware: Independent Flip,23685.8613,NA,10.07190000000000,10.05850000000000,9.75350000000000,9.83970000000000,10.0031,23685.6211,9.9937,0.2402,9.7535,0.0587,10.0212,0.5940,9.4272,-0.0184,23685.6211,NA,NA,NA
ZoomTracks.exe,30812,0x1C47021CD80,DXGI,0,512,1,Hardware: Independent Flip,23695.8483,NA,9.98700000000000,9.86430000000000,9.74970000000000,9.80580000000000,9.8804,23695.6148,9.9832,0.2335,9.7497,0.0862,9.9531,0.5796,9.3735,0.1294,23695.6148,NA,NA,NA
ZoomTracks.exe,30812,0x1C47021CD80,DXGI,0,512,1,Hardware: Independent Flip,23705.7750,NA,9.92670000000000,10.08090000000000,9.85150000000000,9.93010000000000,10.0346,23705.5980,10.0285,0.1770,9.8515,0.0561,10.0510,0.5472,9.5038,-0.0977,23705.5980,NA,NA,NA
ZoomTracks.exe,30812,0x1C47021CD80,DXGI,0,512,1,Hardware: Independent Flip,23715.8666,NA,10.09160000000000,10.00060000000000,9.70170000000000,9.84060000000000,9.9436,23715.6265,9.9418,0.2401,9.7017,0.0786,10.0021,0.5641,9.4380,0.0279,23715.6265,NA,NA,NA
ZoomTracks.exe,30812,0x1C47021CD80,DXGI,0,512,1,Hardware: Independent Flip,23725.7496,NA,9.88300000000000,9.93270000000000,9.80310000000000,9.97390000000000,9.9933,23725.5683,9.9844,0.1813,9.8031,0.1389,10.0163,0.4677,9.5486,0.0091,23725.5683,NA,NA,NA
ZoomTracks.exe,30812,0x1C47021CD80,DXGI,0,512,1,Hardware: Independent Flip,23735.8953,NA,10.14570000000000,10.10600000000000,9.67520000000000,9.93340000000000,9.9536,23735.5527,10.0178,0.3426,9.6752,0.1708,10.1052,0.7217,9.3835,-0.1216,23735.5527,NA,NA,NA
ZoomTracks.exe,30812,0x1C47021CD80,DXGI,0,512,1,Hardware: Independent Flip,23745.9162,NA,10.02090000000000,9.90980000000000,9.66500000000000,9.83000000000000,9.8425,23745.5705,10.0107,0.3457,9.6650,0.2582,9.9175,0.5131,9.4044,0.1080,23745.5705,NA,NA,NA
ZoomTracks.exe,30812,0x1C47021CD80,DXGI,0,512,1,Hardware: Independent Flip,23755.8816,NA,9.96540000000000,9.95710000000000,9.70440000000000,9.75480000000000,9.8342,23755.5812,10.0048,0.3004,9.7044,0.1650,9.8902,0.4847,9.4055,0.0536,23755.5812,NA,23.3373,23.3373
ZoomTracks.exe,30812,0x1C47021CD80,DXGI,0,512,1,Hardware: Independent Flip,23765.7926,NA,9.91100000000000,10.10390000000000,9.81150000000000,9.87710000000000,10.0271,23765.5860,10.0181,0.2066,9.8115,0.0504,10.0333,0.5119,9.5214,-0.0991,23765.5860,NA,11.4770,11.4770
ZoomTracks.exe,30812,0x1C47021CD80,DXGI,0,512,1,Hardware: Independent Flip,23775.8023,NA,10.00970000000000,9.93950000000000,9.77970000000000,9.94540000000000,9.9569,23775.6041,9.9779,0.1982,9.7797,0.0656,10.0780,0.6349,9.4431,0.0786,23775.6041,NA,NA,NA
ZoomTracks.exe,30812,0x1C47021CD80,DXGI,0,512,1,Hardware: Independent Flip,23785.8714,NA,10.06910000000000,9.98910000000000,9.73210000000000,9.79700000000000,9.8769,23785.5820,10.0215,0.2894,9.7321,0.1657,9.9207,0.4928,9.4279,-0.0112,23785.5820,NA,NA,NA
ZoomTracks.exe,30812,0x1C47021CD80,DXGI,0,512,1,Hardware: Independent Flip,23795.7963,NA,9.92490000000000,9.99700000000000,9.80750000000000,9.86020000000000,9.9490,23795.6035,10.0003,0.1928,9.8075,0.0649,9.9881,0.5114,9.4767,0.0245,23795.6035,NA,NA,NA
ZoomTracks.exe,30812,0x1C47021CD80,DXGI,0,512,1,Hardware: Independent Flip,23805.7988,NA,10.00250000000000,10.04310000000000,9.80330000000000,9.88910000000000,9.9896,23805.6038,9.9983,0.1950,9.8033,0.0527,10.0314,0.5193,9.5121,-0.0428,23805.6038,NA,NA,NA
ZoomTracks.exe,30812,0x1C47021CD80,DXGI,0,512,1,Hardware: Independent Flip,23815.8442,NA,10.04540000000000,9.97690000000000,9.75340000000000,9.82490000000000,9.9211,23815.6021,9.9955,0.2421,9.7534,0.0858,9.9812,0.5185,9.4627,0.0214,23815.6021,NA,NA,NA
ZoomTracks.exe,30812,0x1C47021CD80,DXGI,0,512,1,Hardware: Independent Flip,23825.8221,NA,9.97790000000000,10.04220000000000,9.80140000000000,9.88760000000000,9.9854,23825.5976,10.0259,0.2245,9.8014,0.0715,10.0406,0.5581,9.4825,-0.0467,23825.5976,NA,NA,NA
ZoomTracks.exe,30812,0x1C47021CD80,DXGI,0,512,1,Hardware: Independent Flip,23835.8662,NA,10.04410000000000,9.98330000000000,9.67680000000000,9.90010000000000,9.9246,23835.6235,9.9195,0.2427,9.6768,0.0862,10.0566,0.6373,9.4193,0.0426,23835.6235,NA,11.4268,11.4268
ZoomTracks.exe,30812,0x1C47021CD80,DXGI,0,512,1,Hardware: Independent Flip,23845.7741,NA,9.90790000000000,9.96950000000000,9.83690000000000,9.89720000000000,9.9862,23845.5430,10.0680,0.2311,9.8369,0.2233,9.9050,0.4089,9.4961,-0.0500,23845.5430,NA,NA,NA
ZoomTracks.exe,30812,0x1C47021CD80,DXGI,0,512,1,Hardware: Independent Flip,23855.8143,NA,10.04020000000000,10.09300000000000,9.74970000000000,10.01790000000000,10.0390,23855.6110,9.9530,0.2033,9.7497,0.0603,10.1609,0.6737,9.4872,-0.0250,23855.6110,NA,NA,NA
ZoomTracks.exe,30812,0x1C47021CD80,DXGI,0,512,1,Hardware: Independent Flip,23865.8892,NA,10.07490000000000,9.93410000000000,9.71270000000000,9.79350000000000,9.8982,23865.5640,10.0379,0.3252,9.7127,0.2682,9.8505,0.4196,9.4309,0.0189,23865.5640,NA,NA,NA
ZoomTracks.exe,30812,0x1C47021CD80,DXGI,0,512,1,Hardware: Independent Flip,23875.8452,NA,9.95600000000000,9.95010000000000,9.75820000000000,9.80850000000000,9.8923,23875.6019,10.0015,0.2433,9.7582,0.0808,9.9710,0.5085,9.4625,0.0878,23875.6019,NA,27.3808,27.3808
ZoomTracks.exe,30812,0x1C47021CD80,DXGI,0,512,1,Hardware: Independent Flip,23885.7740,NA,9.92880000000000,10.17170000000000,9.83560000000000,9.90180000000000,10.1352,23885.6034,10.0062,0.1706,9.8356,0.0503,10.0221,0.5194,9.5027,-0.1702,23885.6034,NA,NA,NA
ZoomTracks.exe,30812,0x1C47021CD80,DXGI,0,512,1,Hardware: Independent Flip,23895.8197,NA,10.04570000000000,9.85240000000000,9.77870000000000,9.85210000000000,9.9419,23895.6096,9.9888,0.2101,9.7787,0.0662,9.9960,0.5879,9.4081,0.1538,23895.6096,NA,NA,NA
ZoomTracks.exe,30812,0x1C47021CD80,DXGI,0,512,1,Hardware: Independent Flip,23905.8190,NA,9.99930000000000,10.05860000000000,9.79390000000000,9.88280000000000,10.0012,23905.5984,10.0145,0.2206,9.7939,0.0734,10.0300,0.5362,9.4938,-0.0698,23905.5984,NA,NA,NA
ZoomTracks.exe,30812,0x1C47021CD80,DXGI,0,512,1,Hardware: Independent Flip,23915.8555,NA,10.03650000000000,9.92990000000000,9.73020000000000,9.88640000000000,9.8946,23915.6129,9.9728,0.2426,9.7302,0.0889,10.0401,0.6248,9.4153,0.0846,23915.6129,NA,NA,NA
ZoomTracks.exe,30812,0x1C47021CD80,DXGI,0,512,1,Hardware: Independent Flip,23925.9078,NA,10.05230000000000,9.99850000000000,9.68810000000000,9.75540000000000,9.8408,23925.5857,10.0102,0.3221,9.6881,0.1562,9.9213,0.5021,9.4192,-0.0257,23925.5857,NA,NA,NA
ZoomTracks.exe,30812,0x1C47021CD80,DXGI,0,512,1,Hardware: Independent Flip,23935.7975,NA,9.88970000000000,10.04470000000000,9.75430000000000,9.97780000000000,9.9958,23935.5959,9.9559,0.2016,9.7543,0.0673,10.1121,0.6448,9.4673,-0.0345,23935.5959,NA,15.4370,15.4370
ZoomTracks.exe,30812,0x1C47021CD80,DXGI,0,512,1,Hardware: Independent Flip,23945.8422,NA,10.04470000000000,10.03250000000000,9.79960000000000,9.87880000000000,9.9836,23945.5518,10.0900,0.2904,9.7996,0.2235,9.9457,0.4584,9.4873,-0.0766,23945.5518,NA,NA,NA
ZoomTracks.exe,30812,0x1C47021CD80,DXGI,0,512,1,Hardware: Independent Flip,23955.8984,NA,10.05620000000000,9.96310000000000,9.65600000000000,9.87170000000000,9.8905,23955.6418,9.9126,0.2566,9.6560,0.0792,10.0491,0.6542,9.3949,0.1269,23955.6418,NA,NA,NA
ZoomTracks.exe,30812,0x1C47021CD80,DXGI,0,512,1,Hardware: Independent Flip,23965.8390,NA,9.94060000000000,9.94620000000000,9.76120000000000,9.81430000000000,9.8961,23965.5544,10.0458,0.2846,9.7612,0.2157,9.8832,0.3831,9.5001,-0.0336,23965.5544,NA,11.3668,11.3668
ZoomTracks.exe,30812,0x1C47021CD80,DXGI,0,512,1,Hardware: Independent Flip,23975.7895,NA,9.95050000000000,10.01820000000000,9.81350000000000,9.88340000000000,9.9638,23975.6002,10.0028,0.1893,9.8135,0.0531,10.0196,0.5140,9.5056,0.0276,23975.6002,NA,NA,NA
ZoomTracks.exe,30812,0x1C47021CD80,DXGI,0,512,1,Hardware: Independent Flip,23985.8134,NA,10.02390000000000,10.01900000000000,9.77740000000000,9.86010000000000,9.9589,23985.6030,9.9878,0.2104,9.7774,0.0699,10.0006,0.5003,9.5003,-0.0162,23985.6030,NA,NA,NA
ZoomTracks.exe,30812,0x1C47021CD80,DXGI,0,512,1,Hardware: Independent Flip,23995.8293,NA,10.01590000000000,9.94740000000000,9.76510000000000,9.81170000000000,9.8904,23995.5908,10.0036,0.2385,9.7651,0.0827,9.9675,0.4903,9.4772,0.0404,23995.5908,NA,NA,NA
ZoomTracks.exe,30812,0x1C47021CD80,DXGI,0,512,1,Hardware: Independent Flip,24005.8440,NA,10.01470000000000,10.02780000000000,9.75790000000000,9.81920000000000,9.9035,24005.5944,10.0075,0.2496,9.7579,0.0466,10.0222,0.4675,9.5547,-0.0242,24005.5944,NA,NA,NA
ZoomTracks.exe,30812,0x1C47021CD80,DXGI,0,512,1,Hardware: Independent Flip,24015.8065,NA,9.96250000000000,10.02430000000000,9.78690000000000,9.86300000000000,9.9653,24015.6019,9.9915,0.2046,9.7869,0.0613,10.0063,0.4779,9.5284,-0.0168,24015.6019,NA,NA,NA
ZoomTracks.exe,30812,0x1C47021CD80,DXGI,0,512,1,Hardware: Independent Flip,24025.8287,NA,10.02220000000000,10.15130000000000,9.90090000000000,9.99040000000000,10.0944,24025.5934,10.1362,0.2353,9.9009,0.0761,10.1496,0.5412,9.6084,-0.1598,24025.5934,NA,NA,NA
ZoomTracks.exe,30812,0x1C47021CD80,DXGI,0,512,1,Hardware: Independent Flip,24035.9841,NA,10.15540000000000,9.83920000000000,9.61000000000000,9.67290000000000,9.7782,24035.7296,9.8645,0.2545,9.6100,0.0895,9.8379,0.5233,9.3146,0.2970,24035.7296,NA,NA,NA
ZoomTracks.exe,30812,0x1C47021CD80,DXGI,0,512,1,Hardware: Independent Flip,24045.8124,NA,9.82830000000000,9.99170000000000,9.79320000000000,9.85730000000000,9.9416,24045.5941,10.0115,0.2183,9.7932,0.0629,10.0127,0.5061,9.5066,-0.1272,24045.5941,NA,20.3859,20.3859
ZoomTracks.exe,30812,0x1C47021CD80,DXGI,0,512,1,Hardware: Independent Flip,24055.8713,NA,10.05890000000000,10.15030000000000,9.69140000000000,9.87740000000000,10.0330,24055.6056,9.9571,0.2657,9.6914,0.0641,10.0790,0.5837,9.4953,-0.1388,24055.6056,NA,NA,NA
ZoomTracks.exe,30812,0x1C47021CD80,DXGI,0,512,1,Hardware: Independent Flip,24065.7919,NA,9.92060000000000,9.87670000000000,9.76850000000000,9.96800000000000,9.9891,24065.5627,9.9977,0.2292,9.7685,0.1860,10.0112,0.5013,9.5099,0.0804,24065.5627,NA,NA,NA
ZoomTracks.exe,30812,0x1C47021CD80,DXGI,0,512,1,Hardware: Independent Flip,24075.8175,NA,10.02560000000000,9.96990000000000,9.73380000000000,9.91750000000000,9.9334,24075.5604,9.9909,0.2571,9.7338,0.1995,9.9751,0.4782,9.4969,0.0278,24075.5604,NA,27.3307,27.3307
ZoomTracks.exe,30812,0x1C47021CD80,DXGI,0,512,1,Hardware: Independent Flip,24085.8826,NA,10.06510000000000,10.05060000000000,9.73000000000000,9.81390000000000,9.9189,24085.5513,10.0613,0.3313,9.7300,0.1837,9.9615,0.5425,9.4190,-0.0597,24085.5513,NA,NA,NA
ZoomTracks.exe,30812,0x1C47021CD80,DXGI,0,512,1,Hardware: Independent Flip,24095.8603,NA,9.97770000000000,9.99880000000000,9.74780000000000,9.82490000000000,9.9400,24095.6126,9.9955,0.2477,9.7478,0.0839,9.9887,0.5323,9.4564,0.0625,24095.6126,NA,NA,NA
ZoomTracks.exe,30812,0x1C47021CD80,DXGI,0,512,1,Hardware: Independent Flip,24105.8695,NA,10.00920000000000,9.99420000000000,9.74090000000000,9.82750000000000,9.9250,24105.6081,10.0023,0.2614,9.7409,0.0771,10.0118,0.5850,9.4268,0.0013,24105.6081,NA,NA,NA
ZoomTracks.exe,30812,0x1C47021CD80,DXGI,0,512,1,Hardware: Independent Flip,24115.8472,NA,9.97770000000000,9.91590000000000,9.73060000000000,9.85490000000000,9.8632,24115.6104,9.9674,0.2368,9.7306,0.0866,10.0051,0.5623,9.4428,0.0864,24115.6104,NA,NA,NA
ZoomTracks.exe,30812,0x1C47021CD80,DXGI,0,512,1,Hardware: Independent Flip,24125.8446,NA,9.99740000000000,10.10870000000000,9.79320000000000,9.88510000000000,9.9745,24125.5778,10.0600,0.2668,9.7932,0.1243,10.0276,0.5069,9.5207,-0.1413,24125.5778,NA,NA,NA
ZoomTracks.exe,30812,0x1C47021CD80,DXGI,0,512,1,Hardware: Independent Flip,24135.8773,NA,10.03270000000000,9.95260000000000,9.73000000000000,9.80260000000000,9.8944,24135.6378,9.9695,0.2395,9.7300,0.0919,9.9502,0.5106,9.4396,0.1074,24135.6378,NA,14.4114,14.4114
ZoomTracks.exe,30812,0x1C47021CD80,DXGI,0,512,1,Hardware: Independent Flip,24145.8236,NA,9.94630000000000,10.00130000000000,9.78940000000000,9.85720000000000,9.9494,24145.6073,10.0057,0.2163,9.7894,0.0726,10.0009,0.5187,9.4822,-0.0318,24145.6073,NA,NA,NA
ZoomTracks.exe,30812,0x1C47021CD80,DXGI,0,512,1,Hardware: Independent Flip,24155.8389,NA,10.01530000000000,10.09060000000000,9.71940000000000,9.91540000000000,10.0247,24155.6130,9.9453,0.2259,9.7194,0.0678,10.0735,0.6115,9.4620,-0.0849,24155.6130,NA,13.4845,13.4845
ZoomTracks.exe,30812,0x1C47021CD80,DXGI,0,512,1,Hardware: Independent Flip,24165.8026,NA,9.96370000000000,9.93290000000000,9.75960000000000,9.97320000000000,9.9939,24165.5583,10.0039,0.2443,9.7596,0.1960,10.0215,0.5202,9.5013,0.0124,24165.5583,NA,NA,NA
ZoomTracks.exe,30812,0x1C47021CD80,DXGI,0,512,1,Hardware: Independent Flip,24175.8357,NA,10.03310000000000,9.91730000000000,9.72290000000000,9.86980000000000,9.8781,24175.5622,9.9964,0.2735,9.7229,0.2136,9.9297,0.4694,9.4603,0.0866,24175.5622,NA,NA,NA
ZoomTracks.exe,30812,0x1C47021CD80,DXGI,0,512,1,Hardware: Independent Flip,24185.8389,NA,10.00320000000000,10.08570000000000,9.76730000000000,9.86170000000000,9.9606,24185.5586,10.0476,0.2803,9.7673,0.1469,9.9951,0.5227,9.4724,-0.0893,24185.5586,NA,NA,NA
ZoomTracks.exe,30812,0x1C47021CD80,DXGI,0,512,1,Hardware: Independent Flip,24195.8566,NA,10.01770000000000,9.95930000000000,9.74660000000000,9.82260000000000,9.9022,24195.6062,9.9970,0.2504,9.7466,0.0944,9.9786,0.5201,9.4585,0.0883,24195.6062,NA,NA,NA
ZoomTracks.exe,30812,0x1C47021CD80,DXGI,0,512,1,Hardware: Independent Flip,24205.8136,NA,9.95700000000000,10.01430000000000,9.78530000000000,9.88190000000000,9.9595,24205.6032,9.9957,0.2104,9.7853,0.0760,10.0163,0.5005,9.5158,-0.0173,24205.6032,NA,NA,NA
ZoomTracks.exe,30812,0x1C47021CD80,DXGI,0,512,1,Hardware: Independent Flip,24215.8293,NA,10.01570000000000,10.00230000000000,9.75790000000000,9.84880000000000,9.9461,24215.5989,9.9883,0.2304,9.7579,0.0966,9.9826,0.5015,9.4811,-0.0066,24215.5989,NA,NA,NA
ZoomTracks.exe,30812,0x1C47021CD80,DXGI,0,512,1,Hardware: Independent Flip,24225.8276,NA,9.99830000000000,10.00160000000000,9.79700000000000,9.86400000000000,9.9494,24225.5872,10.0374,0.2404,9.7970,0.0909,10.0135,0.5255,9.4880,-0.0133,24225.5872,NA,25.4053,25.4053
ZoomTracks.exe,30812,0x1C47021CD80,DXGI,0,512,1,Hardware: Independent Flip,24235.8253,NA,9.99770000000000,10.00620000000000,9.77120000000000,9.84910000000000,9.9579,24235.6246,9.9719,0.2007,9.7712,0.0670,9.9828,0.5011,9.4817,0.0312,24235.6246,NA,NA,NA
ZoomTracks.exe,30812,0x1C47021CD80,DXGI,0,512,1,Hardware: Independent Flip,24245.8363,NA,10.01100000000000,9.94590000000000,9.75840000000000,9.81020000000000,9.8928,24245.5965,9.9982,0.2398,9.7584,0.0779,9.9721,0.5064,9.4657,0.0260,24245.5965,NA,NA,NA
ZoomTracks.exe,30812,0x1C47021CD80,DXGI,0,512,1,Hardware: Independent Flip,24255.7730,NA,9.93670000000000,10.04000000000000,9.83640000000000,9.90430000000000,9.9961,24255.5947,10.0147,0.1783,9.8364,0.0518,10.0308,0.5475,9.4833,-0.0418,24255.5947,NA,18.4232,18.4232
ZoomTracks.exe,30812,0x1C47021CD80,DXGI,0,512,1,Hardware: Independent Flip,24265.8175,NA,10.04450000000000,10.01840000000000,9.73840000000000,9.94840000000000,9.9700,24265.6094,9.9465,0.2081,9.7384,0.0679,10.0886,0.6238,9.4648,-0.0037,24265.6094,NA,NA,NA
ZoomTracks.exe,30812,0x1C47021CD80,DXGI,0,512,1,Hardware: Independent Flip,24275.8116,NA,9.99410000000000,9.93390000000000,9.74180000000000,9.83520000000000,9.9098,24275.5559,9.9975,0.2557,9.7418,0.2100,9.8809,0.3891,9.4918,0.0126,24275.5559,NA,NA,NA
ZoomTracks.exe,30812,0x1C47021CD80,DXGI,0,512,1,Hardware: Independent Flip,24285.7818,NA,9.97020000000000,10.11980000000000,9.77170000000000,10.03680000000000,10.0594,24285.5534,10.0001,0.2284,9.7717,0.0934,10.1718,0.6677,9.5041,-0.1223,24285.5534,NA,NA,NA
ZoomTracks.exe,30812,0x1C47021CD80,DXGI,0,512,1,Hardware: Independent Flip,24295.8732,NA,10.09140000000000,9.99780000000000,9.73700000000000,9.80020000000000,9.9658,24295.5535,10.0567,0.3197,9.7370,0.2651,9.8548,0.4409,9.4139,0.0023,24295.5535,NA,NA,NA
ZoomTracks.exe,30812,0x1C47021CD80,DXGI,0,512,1,Hardware: Independent Flip,24305.7953,NA,9.92210000000000,9.91330000000000,9.80690000000000,9.86930000000000,9.9570,24305.6102,9.9920,0.1851,9.8069,0.0632,9.9912,0.5567,9.4345,0.1434,24305.6102,NA,NA,NA
ZoomTracks.exe,30812,0x1C47021CD80,DXGI,0,512,1,Hardware: Independent Flip,24315.8745,NA,10.07920000000000,10.07500000000000,9.73670000000000,9.82850000000000,9.9528,24315.6022,10.0090,0.2723,9.7367,0.0624,10.0384,0.5224,9.5160,-0.0830,24315.6022,NA,12.4755,12.4755
ZoomTracks.exe,30812,0x1C47021CD80,DXGI,0,512,1,Hardware: Independent Flip,24325.8850,NA,10.01050000000000,9.96210000000000,9.73100000000000,9.80570000000000,9.9044,24325.6112,10.0048,0.2738,9.7310,0.0918,9.9877,0.5694,9.4183,0.0469,24325.6112,NA,NA,NA
ZoomTracks.exe,30812,0x1C47021CD80,DXGI,0,512,1,Hardware: Independent Flip,24335.8971,NA,10.01210000000000,9.95190000000000,9.70800000000000,9.75920000000000,9.8442,24335.6160,9.9891,0.2811,9.7080,0.0747,9.9656,0.5199,9.4457,0.0529,24335.6160,NA,NA,NA
ZoomTracks.exe,30812,0x1C47021CD80,DXGI,0,512,1,Hardware: Independent Flip,24345.7835,NA,9.88640000000000,10.02160000000000,9.79620000000000,9.96630000000000,9.9794,24345.6051,9.9746,0.1784,9.7962,0.0512,10.0935,0.6234,9.4701,-0.0325,24345.6051,NA,NA,NA
ZoomTracks.exe,30812,0x1C47021CD80,DXGI,0,512,1,Hardware: Independent Flip,24355.8704,NA,10.08690000000000,10.00560000000000,9.72360000000000,9.80390000000000,9.8981,24355.5797,10.0143,0.2907,9.7236,0.1701,9.9245,0.4814,9.4431,-0.0310,24355.5797,NA,NA,NA
ZoomTracks.exe,30812,0x1C47021CD80,DXGI,0,512,1,Hardware: Independent Flip,24365.8223,NA,9.95190000000000,10.02330000000000,9.79260000000000,9.96300000000000,9.9695,24365.5940,10.0209,0.2283,9.7926,0.0803,10.1110,0.6380,9.4730,-0.0090,24365.5940,NA,NA,NA
ZoomTracks.exe,30812,0x1C47021CD80,DXGI,0,512,1,Hardware: Independent Flip,24375.9325,NA,10.11020000000000,9.98560000000000,9.62740000000000,9.73030000000000,9.8449,24375.6149,9.9450,0.3176,9.6274,0.1704,9.8775,0.5083,9.3692,0.0353,24375.6149,NA,NA,NA
ZoomTracks.exe,30812,0x1C47021CD80,DXGI,0,512,1,Hardware: Independent Flip,24385.7744,NA,9.84190000000000,10.05300000000000,9.78360000000000,10.03720000000000,10.0560,24385.5599,9.9981,0.2145,9.7836,0.1029,10.1488,0.6981,9.4507,-0.1080,24385.5599,NA,NA,NA
ZoomTracks.exe,30812,0x1C47021CD80,DXGI,0,512,1,Hardware: Independent Flip,24395.8790,NA,10.10460000000000,10.01560000000000,9.74330000000000,9.81470000000000,9.9670,24395.5580,10.0643,0.3210,9.7433,0.2536,9.8821,0.4390,9.4431,-0.0175,24395.5580,NA,NA,NA
ZoomTracks.exe,30812,0x1C47021CD80,DXGI,0,512,1,Hardware: Independent Flip,24405.8311,NA,9.95210000000000,9.88780000000000,9.77070000000000,9.82050000000000,9.9027,24405.6223,9.9795,0.2088,9.7707,0.0714,9.9579,0.5236,9.4343,0.1765,24405.6223,NA,28.3864,28.3864
ZoomTracks.exe,30812,0x1C47021CD80,DXGI,0,512,1,Hardware: Independent Flip,24415.8555,NA,10.02440000000000,10.07170000000000,9.75920000000000,9.83880000000000,9.9500,24415.6018,10.0129,0.2537,9.7592,0.0498,10.0427,0.5088,9.5339,-0.0922,24415.6018,NA,23.4501,23.4501
ZoomTracks.exe,30812,0x1C47021CD80,DXGI,0,512,1,Hardware: Independent Flip,24425.8658,NA,10.01030000000000,9.98370000000000,9.74750000000000,9.82730000000000,9.9234,24425.6147,9.9986,0.2511,9.7475,0.0796,9.9988,0.5484,9.4504,0.0292,24425.6147,NA,NA,NA
ZoomTracks.exe,30812,0x1C47021CD80,DXGI,0,512,1,Hardware: Independent Flip,24435.8444,NA,9.97860000000000,9.97520000000000,9.74930000000000,9.82390000000000,9.9200,24435.6133,9.9804,0.2311,9.7493,0.0798,9.9752,0.5052,9.4700,0.0234,24435.6133,NA,NA,NA
ZoomTracks.exe,30812,0x1C47021CD80,DXGI,0,512,1,Hardware: Independent Flip,24445.8185,NA,9.97410000000000,10.03890000000000,9.77520000000000,9.87120000000000,9.9848,24445.5937,10.0000,0.2248,9.7752,0.0746,10.0214,0.5451,9.4763,-0.0585,24445.5937,NA,NA,NA
ZoomTracks.exe,30812,0x1C47021CD80,DXGI,0,512,1,Hardware: Independent Flip,24455.8748,NA,10.05630000000000,10.00400000000000,9.70580000000000,9.83120000000000,9.9325,24455.5937,9.9869,0.2811,9.7058,0.0960,10.0163,0.5919,9.4244,-0.0040,24455.5937,NA,NA,NA
ZoomTracks.exe,30812,0x1C47021CD80,DXGI,0,512,1,Hardware: Independent Flip,24465.8396,NA,9.96480000000000,9.94170000000000,9.73940000000000,9.82920000000000,9.9094,24465.5806,9.9984,0.2590,9.7394,0.1254,9.9628,0.5186,9.4442,0.0452,24465.5806,NA,NA,NA
ZoomTracks.exe,30812,0x1C47021CD80,DXGI,0,512,1,Hardware: Independent Flip,24475.8699,NA,10.03030000000000,9.97010000000000,9.72880000000000,9.78010000000000,9.8492,24475.5790,10.0197,0.2909,9.7288,0.0898,9.9812,0.4692,9.5120,0.0283,24475.5790,NA,12.3723,12.3723
ZoomTracks.exe,30812,0x1C47021CD80,DXGI,0,512,1,Hardware: Independent Flip,24485.7798,NA,9.90990000000000,10.09390000000000,9.78760000000000,10.01450000000000,10.0332,24485.5987,9.9687,0.1811,9.7876,0.0513,10.1443,0.6373,9.5070,-0.0742,24485.5987,NA,NA,NA
ZoomTracks.exe,30812,0x1C47021CD80,DXGI,0,512,1,Hardware: Independent Flip,24495.8607,NA,10.08090000000000,9.96400000000000,9.72850000000000,9.80880000000000,9.9163,24495.5674,10.0218,0.2933,9.7285,0.2269,9.8752,0.4172,9.4580,0.0047,24495.5674,NA,NA,NA
ZoomTracks.exe,30812,0x1C47021CD80,DXGI,0,512,1,Hardware: Independent Flip,24505.8332,NA,9.97250000000000,10.01520000000000,9.72350000000000,9.94090000000000,9.9590,24505.5892,9.9675,0.2440,9.7235,0.0803,10.1046,0.6204,9.4842,0.0066,24505.5892,NA,12.4320,12.4320
ZoomTracks.exe,30812,0x1C47021CD80,DXGI,0,512,1,Hardware: Independent Flip,24515.8420,NA,10.00880000000000,10.05470000000000,9.75400000000000,9.82670000000000,10.0049,24515.5567,10.0393,0.2853,9.7540,0.2174,9.8946,0.4069,9.4877,-0.0872,24515.5567,NA,NA,NA
ZoomTracks.exe,30812,0x1C47021CD80,DXGI,0,512,1,Hardware: Independent Flip,24525.8136,NA,9.97160000000000,9.95100000000000,9.79510000000000,9.87860000000000,9.9843,24525.5960,10.0127,0.2176,9.7951,0.0727,10.0235,0.5839,9.4396,0.0883,24525.5960,NA,NA,NA
ZoomTracks.exe,30812,0x1C47021CD80,DXGI,0,512,1,Hardware: Independent Flip,24535.8537,NA,10.04010000000000,9.99330000000000,9.75130000000000,9.81420000000000,9.9375,24535.6087,9.9963,0.2450,9.7513,0.0835,9.9757,0.5139,9.4618,0.0194,24535.6087,NA,NA,NA
ZoomTracks.exe,30812,0x1C47021CD80,DXGI,0,512,1,Hardware: Independent Flip,24545.8257,NA,9.97200000000000,9.95670000000000,9.74960000000000,9.90970000000000,9.9222,24545.6050,9.9703,0.2207,9.7496,0.0629,10.0675,0.6076,9.4599,0.0396,24545.6050,NA,NA,NA
ZoomTracks.exe,30812,0x1C47021CD80,DXGI,0,512,1,Hardware: Independent Flip,24555.8861,NA,10.06040000000000,10.03470000000000,9.71090000000000,9.78950000000000,9.8965,24555.5753,10.0217,0.3108,9.7109,0.1601,9.9402,0.4966,9.4436,-0.0644,24555.5753,NA,NA,NA
ZoomTracks.exe,30812,0x1C47021CD80,DXGI,0,512,1,Hardware: Independent Flip,24565.8338,NA,9.94770000000000,9.96160000000000,9.76340000000000,9.82710000000000,9.9104,24565.5970,10.0002,0.2368,9.7634,0.0786,9.9853,0.5131,9.4722,0.0601,24565.5970,NA,NA,NA
ZoomTracks.exe,30812,0x1C47021CD80,DXGI,0,512,1,Hardware: Independent Flip,24575.7903,NA,9.95650000000000,10.02090000000000,9.81790000000000,9.88380000000000,9.9748,24575.5972,10.0110,0.1931,9.8179,0.0637,10.0132,0.5177,9.4955,-0.0207,24575.5972,NA,NA,NA
ZoomTracks.exe,30812,0x1C47021CD80,DXGI,0,512,1,Hardware: Independent Flip,24585.8148,NA,10.02450000000000,10.05570000000000,9.73870000000000,9.98830000000000,10.0060,24585.6082,9.9453,0.2066,9.7387,0.0659,10.1290,0.6378,9.4912,-0.0447,24585.6082,NA,19.4778,19.4778
ZoomTracks.exe,30812,0x1C47021CD80,DXGI,0,512,1,Hardware: Independent Flip,24595.8700,NA,10.05520000000000,9.97520000000000,9.74190000000000,9.80720000000000,9.9260,24595.5535,10.0584,0.3165,9.7419,0.2496,9.8741,0.4142,9.4599,-0.0299,24595.5535,NA,NA,NA
ZoomTracks.exe,30812,0x1C47021CD80,DXGI,0,512,1,Hardware: Independent Flip,24605.8304,NA,9.96040000000000,10.00930000000000,9.73030000000000,9.95200000000000,9.9749,24605.6119,9.9488,0.2185,9.7303,0.0653,10.1052,0.6533,9.4519,0.0491,24605.6119,NA,23.4597,23.4597
ZoomTracks.exe,30812,0x1C47021CD80,DXGI,0,512,1,Hardware: Independent Flip,24615.8568,NA,10.02640000000000,10.01820000000000,9.74640000000000,9.81960000000000,9.9667,24615.5607,10.0425,0.2961,9.7464,0.2217,9.8940,0.3989,9.4951,-0.0694,24615.5607,NA,NA,NA
ZoomTracks.exe,30812,0x1C47021CD80,DXGI,0,512,1,Hardware: Independent Flip,24625.8197,NA,9.96290000000000,9.92370000000000,9.79620000000000,9.84690000000000,9.9275,24625.6032,10.0127,0.2165,9.7962,0.0732,9.9902,0.5430,9.4472,0.1188,24625.6032,NA,NA,NA
ZoomTracks.exe,30812,0x1C47021CD80,DXGI,0,512,1,Hardware: Independent Flip,24635.7939,NA,9.97420000000000,10.04820000000000,9.79990000000000,9.90860000000000,10.0015,24635.6159,9.9779,0.1780,9.7999,0.0507,10.0359,0.5540,9.4819,-0.0355,24635.6159,NA,NA,NA
ZoomTracks.exe,30812,0x1C47021CD80,DXGI,0,512,1,Hardware: Independent Flip,24645.8441,NA,10.05020000000000,9.98720000000000,9.75650000000000,9.83150000000000,9.9385,24645.5938,10.0068,0.2503,9.7565,0.1087,9.9731,0.5023,9.4708,-0.0093,24645.5938,NA,NA,NA
ZoomTracks.exe,30812,0x1C47021CD80,DXGI,0,512,1,Hardware: Independent Flip,24655.8966,NA,10.05250000000000,10.00930000000000,9.71030000000000,9.79330000000000,9.8953,24655.6006,10.0063,0.2960,9.7103,0.0750,10.0143,0.5638,9.4505,-0.0025,24655.6006,NA,NA,NA
ZoomTracks.exe,30812,0x1C47021CD80,DXGI,0,512,1,Hardware: Independent Flip,24665.8475,NA,9.95090000000000,9.91390000000000,9.73210000000000,9.85060000000000,9.8583,24665.6069,9.9727,0.2406,9.7321,0.0830,10.0082,0.5506,9.4576,0.0924,24665.6069,NA,NA,NA
ZoomTracks.exe,30812,0x1C47021CD80,DXGI,0,512,1,Hardware: Independent Flip,24675.8470,NA,9.99950000000000,10.03800000000000,9.75150000000000,9.80410000000000,9.8968,24675.5796,10.0189,0.2674,9.7515,0.1185,9.9530,0.4536,9.4994,-0.0653,24675.5796,NA,19.3860,19.3860
ZoomTracks.exe,30812,0x1C47021CD80,DXGI,0,512,1,Hardware: Independent Flip,24685.8088,NA,9.96180000000000,9.98160000000000,9.78850000000000,9.84090000000000,9.9166,24685.5985,9.9988,0.2103,9.7885,0.0526,9.9986,0.5117,9.4869,0.0373,24685.5985,NA,NA,NA
ZoomTracks.exe,30812,0x1C47021CD80,DXGI,0,512,1,Hardware: Independent Flip,24695.8124,NA,10.00360000000000,10.04450000000000,9.79460000000000,9.86390000000000,9.9575,24695.5973,10.0097,0.2151,9.7946,0.0524,10.0266,0.5117,9.5149,-0.0457,24695.5973,NA,26.4010,26.4010
ZoomTracks.exe,30812,0x1C47021CD80,DXGI,0,512,1,Hardware: Independent Flip,24705.8231,NA,10.01070000000000,10.02740000000000,9.72950000000000,9.95590000000000,9.9742,24705.6070,9.9456,0.2161,9.7295,0.0693,10.1027,0.6379,9.4648,-0.0177,24705.6070,NA,NA,NA
ZoomTracks.exe,30812,0x1C47021CD80,DXGI,0,512,1,Hardware: Independent Flip,24715.8474,NA,10.02430000000000,9.96050000000000,9.75010000000000,9.89820000000000,9.9104,24715.5526,10.0449,0.2948,9.7501,0.2264,9.9666,0.4765,9.4901,-0.0149,24715.5526,NA,NA,NA
ZoomTracks.exe,30812,0x1C47021CD80,DXGI,0,512,1,Hardware: Independent Flip,24725.8716,NA,10.02420000000000,9.99360000000000,9.72650000000000,9.78570000000000,9.8798,24725.5975,10.0006,0.2741,9.7265,0.1481,9.9117,0.4776,9.4341,0.0513,24725.5975,NA,NA,NA
ZoomTracks.exe,30812,0x1C47021CD80,DXGI,0,512,1,Hardware: Independent Flip,24735.8033,NA,9.93170000000000,10.03830000000000,9.80840000000000,9.88760000000000,9.9864,24735.5981,10.0136,0.2052,9.8084,0.0592,10.0336,0.5352,9.4984,-0.0377,24735.5981,NA,NA,NA
ZoomTracks.exe,30812,0x1C47021CD80,DXGI,0,512,1,Hardware: Independent Flip,24745.8422,NA,10.03890000000000,9.99700000000000,9.76930000000000,9.85500000000000,9.9445,24745.6117,9.9998,0.2305,9.7693,0.0792,10.0063,0.5512,9.4551,0.0166,24745.6117,NA,NA,NA
ZoomTracks.exe,30812,0x1C47021CD80,DXGI,0,512,1,Hardware: Independent Flip,24755.8377,NA,9.99550000000000,9.96680000000000,9.76470000000000,9.82480000000000,9.9158,24755.6115,9.9909,0.2262,9.7647,0.0857,9.9653,0.4923,9.4730,0.0330,24755.6115,NA,NA,NA
ZoomTracks.exe,30812,0x1C47021CD80,DXGI,0,512,1,Hardware: Independent Flip,24765.8299,NA,9.99220000000000,10.04950000000000,9.76000000000000,9.86070000000000,9.9731,24765.6024,9.9875,0.2275,9.7600,0.0601,10.0281,0.5492,9.4789,-0.0586,24765.6024,NA,12.4415,12.4415
ZoomTracks.exe,30812,0x1C47021CD80,DXGI,0,512,1,Hardware: Independent Flip,24775.8546,NA,10.02470000000000,9.98470000000000,9.76850000000000,9.84050000000000,9.9331,24775.5899,10.0332,0.2647,9.7685,0.1007,10.0045,0.5461,9.4584,0.0028,24775.5899,NA,NA,NA
ZoomTracks.exe,30812,0x1C47021CD80,DXGI,0,512,1,Hardware: Independent Flip,24785.8480,NA,9.99340000000000,9.99880000000000,9.75520000000000,9.84490000000000,9.9385,24785.6231,9.9801,0.2249,9.7552,0.0720,9.9978,0.5217,9.4761,0.0344,24785.6231,NA,NA,NA
ZoomTracks.exe,30812,0x1C47021CD80,DXGI,0,512,1,Hardware: Independent Flip,24795.8354,NA,9.98740000000000,9.97590000000000,9.77070000000000,9.84600000000000,9.9270,24795.6032,10.0029,0.2322,9.7707,0.0897,9.9885,0.5530,9.4355,0.0042,24795.6032,NA,14.4152,14.4152
ZoomTracks.exe,30812,0x1C47021CD80,DXGI,0,512,1,Hardware: Independent Flip,24805.8061,NA,9.97070000000000,10.07050000000000,9.74790000000000,10.00690000000000,10.0268,24805.6061,9.9479,0.2000,9.7479,0.0753,10.1316,0.6691,9.4625,-0.0676,24805.6061,NA,NA,NA
ZoomTracks.exe,30812,0x1C47021CD80,DXGI,0,512,1,Hardware: Independent Flip,24815.8820,NA,10.07590000000000,10.09680000000000,9.75450000000000,9.84850000000000,10.0477,24815.5540,10.0825,0.3280,9.7545,0.2590,9.9175,0.4701,9.4474,-0.1489,24815.5540,NA,NA,NA
ZoomTracks.exe,30812,0x1C47021CD80,DXGI,0,512,1,Hardware: Independent Flip,24825.8807,NA,9.99870000000000,9.79210000000000,9.67730000000000,9.83410000000000,9.8411,24825.6365,9.9215,0.2442,9.6773,0.0940,9.9843,0.7406,9.2437,0.2904,24825.6365,NA,NA,NA
ZoomTracks.exe,30812,0x1C47021CD80,DXGI,0,512,1,Hardware: Independent Flip,24835.8466,NA,9.96590000000000,10.04090000000000,9.75790000000000,9.83300000000000,9.9161,24835.5580,10.0465,0.2886,9.7579,0.1568,9.9648,0.5087,9.4561,-0.1194,24835.5580,NA,NA,NA
ZoomTracks.exe,30812,0x1C47021CD80,DXGI,0,512,1,Hardware: Independent Flip,24845.8221,NA,9.97550000000000,10.13390000000000,9.87730000000000,9.98140000000000,10.0745,24845.6045,10.0949,0.2176,9.8773,0.0751,10.1239,0.5319,9.5920,-0.0874,24845.6045,NA,NA,NA
ZoomTracks.exe,30812,0x1C47021CD80,DXGI,0,512,1,Hardware: Independent Flip,24855.9508,NA,10.12870000000000,9.92100000000000,9.65270000000000,9.73330000000000,9.8668,24855.6994,9.9041,0.2514,9.6527,0.1041,9.8806,0.5671,9.3135,0.1739,24855.6994,NA,10.4486,10.4486
ZoomTracks.exe,30812,0x1C47021CD80,DXGI,0,512,1,Hardware: Independent Flip,24865.8485,NA,9.89770000000000,9.99000000000000,9.76750000000000,9.94730000000000,9.9591,24865.6035,10.0125,0.2450,9.7675,0.0806,10.1117,0.6768,9.4349,-0.0859,24865.6035,NA,NA,NA
ZoomTracks.exe,30812,0x1C47021CD80,DXGI,0,512,1,Hardware: Independent Flip,24875.8977,NA,10.04920000000000,10.03730000000000,9.70280000000000,9.77070000000000,9.9472,24875.6160,9.9845,0.2817,9.7028,0.1798,9.8726,0.4234,9.4492,-0.0248,24875.6160,NA,19.5096,19.5096
ZoomTracks.exe,30812,0x1C47021CD80,DXGI,0,512,1,Hardware: Independent Flip,24885.8121,NA,9.91440000000000,9.90120000000000,9.79630000000000,9.84810000000000,9.9340,24885.6005,10.0079,0.2116,9.7963,0.0679,9.9918,0.5750,9.4168,0.0833,24885.6005,NA,NA,NA
ZoomTracks.exe,30812,0x1C47021CD80,DXGI,0,512,1,Hardware: Independent Flip,24895.8063,NA,9.99420000000000,10.03000000000000,9.79570000000000,9.86330000000000,9.9698,24895.6084,9.9936,0.1979,9.7957,0.0518,10.0094,0.5249,9.4845,-0.0221,24895.6084,NA,NA,NA
ZoomTracks.exe,30812,0x1C47021CD80,DXGI,0,512,1,Hardware: Independent Flip,24905.8558,NA,10.04950000000000,10.09000000000000,9.72350000000000,9.98930000000000,10.0103,24905.6020,9.9773,0.2538,9.7235,0.0676,10.1755,0.6843,9.4912,-0.0964,24905.6020,NA,NA,NA
ZoomTracks.exe,30812,0x1C47021CD80,DXGI,0,512,1,Hardware: Independent Flip,24915.9161,NA,10.06030000000000,10.06880000000000,9.67160000000000,9.84750000000000,10.0188,24915.5793,10.0084,0.3368,9.6716,0.2658,9.9185,0.5175,9.4010,-0.0915,24915.5793,NA,NA,NA
ZoomTracks.exe,30812,0x1C47021CD80,DXGI,0,512,1,Hardware: Independent Flip,24925.7970,NA,9.88090000000000,9.87110000000000,9.77180000000000,9.98860000000000,10.0090,24925.5877,9.9811,0.2093,9.7718,0.1759,10.0220,0.5388,9.4832,0.1373,24925.5877,NA,NA,NA
ZoomTracks.exe,30812,0x1C47021CD80,DXGI,0,512,1,Hardware: Independent Flip,24935.8559,NA,10.05890000000000,9.94500000000000,9.74580000000000,9.81550000000000,9.8951,24935.5688,10.0329,0.2871,9.7458,0.2168,9.8858,0.4194,9.4664,0.0361,24935.5688,NA,13.3895,13.3895
ZoomTracks.exe,30812,0x1C47021CD80,DXGI,0,512,1,Hardware: Independent Flip,24945.8202,NA,9.96430000000000,10.05140000000000,9.80490000000000,9.88200000000000,9.9822,24945.6017,10.0234,0.2185,9.8049,0.0697,10.0308,0.5245,9.5063,-0.0185,24945.6017,NA,NA,NA
ZoomTracks.exe,30812,0x1C47021CD80,DXGI,0,512,1,Hardware: Independent Flip,24955.8596,NA,10.03940000000000,10.01730000000000,9.73850000000000,9.80970000000000,9.9601,24955.6251,9.9730,0.2345,9.7385,0.0771,9.9671,0.5289,9.4382,0.0061,24955.6251,NA,NA,NA
ZoomTracks.exe,30812,0x1C47021CD80,DXGI,0,512,1,Hardware: Independent Flip,24965.8031,NA,9.94350000000000,9.96620000000000,9.79680000000000,9.89110000000000,9.9828,24965.5981,10.0018,0.2050,9.7968,0.0712,10.0249,0.5866,9.4383,0.0068,24965.5981,NA,NA,NA
ZoomTracks.exe,30812,0x1C47021CD80,DXGI,0,512,1,Hardware: Independent Flip,24975.8389,NA,10.03580000000000,10.02390000000000,9.78410000000000,9.85730000000000,9.9709,24975.5999,10.0231,0.2390,9.7841,0.0943,10.0020,0.5253,9.4767,-0.0221,24975.5999,NA,NA,NA
ZoomTracks.exe,30812,0x1C47021CD80,DXGI,0,512,1,Hardware: Independent Flip,24985.8447,NA,10.00580000000000,9.97990000000000,9.75290000000000,9.84560000000000,9.9450,24985.6230,9.9746,0.2217,9.7529,0.0732,9.9941,0.5200,9.4741,0.0432,24985.6230,NA,NA,NA
ZoomTracks.exe,30812,0x1C47021CD80,DXGI,0,512,1,Hardware: Independent Flip,24995.8719,NA,10.02720000000000,9.99600000000000,9.75250000000000,9.82160000000000,9.9138,24995.5976,10.0268,0.2743,9.7525,0.0927,10.0032,0.5292,9.4740,-0.0214,24995.5976,NA,NA,NA
ZoomTracks.exe,30812,0x1C47021CD80,DXGI,0,512,1,Hardware: Independent Flip,25005.8338,NA,9.96190000000000,9.93440000000000,9.75070000000000,9.81430000000000,9.8863,25005.6244,9.9601,0.2094,9.7507,0.0691,9.9546,0.4844,9.4702,0.0924,25005.6244,NA,NA,NA
ZoomTracks.exe,30812,0x1C47021CD80,DXGI,0,512,1,Hardware: Independent Flip,25015.7728,NA,9.93900000000000,10.06030000000000,9.82910000000000,9.91240000000000,10.0076,25015.5845,10.0174,0.1883,9.8291,0.0636,10.0371,0.5076,9.5295,-0.1002,25015.5845,NA,NA,NA
ZoomTracks.exe,30812,0x1C47021CD80,DXGI,0,512,1,Hardware: Independent Flip,25025.8480,NA,10.07520000000000,9.96080000000000,9.71270000000000,9.88230000000000,9.8932,25025.6019,9.9588,0.2461,9.7127,0.0833,10.0451,0.7144,9.3307,0.0566,25025.6019,NA,NA,NA
ZoomTracks.exe,30812,0x1C47021CD80,DXGI,0,512,1,Hardware: Independent Flip,25035.8680,NA,10.02000000000000,10.09330000000000,9.69610000000000,9.94650000000000,9.9665,25035.5607,10.0034,0.3073,9.6961,0.1696,10.0842,0.6597,9.4245,-0.1345,25035.5607,NA,12.4823,12.4823
ZoomTracks.exe,30812,0x1C47021CD80,DXGI,0,512,1,Hardware: Independent Flip,25045.8871,NA,10.01910000000000,9.95630000000000,9.73070000000000,9.79520000000000,9.9037,25045.5641,10.0537,0.3230,9.7307,0.2504,9.8678,0.4294,9.4384,0.0471,25045.5641,NA,NA,NA
ZoomTracks.exe,30812,0x1C47021CD80,DXGI,0,512,1,Hardware: Independent Flip,25055.8871,NA,10.00000000000000,9.98250000000000,9.73990000000000,9.80150000000000,9.8862,25055.6178,10.0092,0.2693,9.7399,0.0645,10.0063,0.5403,9.4660,0.0712,25055.6178,NA,NA,NA
ZoomTracks.exe,30812,0x1C47021CD80,DXGI,0,512,1,Hardware: Independent Flip,25065.8230,NA,9.93590000000000,10.04080000000000,9.77530000000000,9.83840000000000,9.9911,25065.6270,9.9713,0.1960,9.7753,0.0616,9.9728,0.5020,9.4708,-0.0316,25065.6270,NA,NA,NA
ZoomTracks.exe,30812,0x1C47021CD80,DXGI,0,512,1,Hardware: Independent Flip,25075.8072,NA,9.98420000000000,9.93310000000000,9.78310000000000,9.87090000000000,9.9400,25075.5983,9.9920,0.2089,9.7831,0.0631,10.0167,0.5375,9.4792,0.0382,25075.5983,NA,NA,NA
ZoomTracks.exe,30812,0x1C47021CD80,DXGI,0,512,1,Hardware: Independent Flip,25085.8186,NA,10.01140000000000,10.07300000000000,9.79410000000000,9.87670000000000,10.0016,25085.5903,10.0224,0.2283,9.7941,0.0878,10.0172,0.5216,9.4956,-0.0810,25085.5903,NA,NA,NA
ZoomTracks.exe,30812,0x1C47021CD80,DXGI,0,512,1,Hardware: Independent Flip,25095.8753,NA,10.05670000000000,9.94270000000000,9.73530000000000,9.87940000000000,9.8876,25095.6127,9.9979,0.2626,9.7353,0.0826,10.0594,0.6039,9.4555,0.0797,25095.6127,NA,NA,NA
ZoomTracks.exe,30812,0x1C47021CD80,DXGI,0,512,1,Hardware: Independent Flip,25105.8857,NA,10.01040000000000,10.01420000000000,9.71070000000000,9.78910000000000,9.8914,25105.6106,9.9858,0.2751,9.7107,0.1441,9.9201,0.4669,9.4532,-0.0163,25105.6106,NA,NA,NA
ZoomTracks.exe,30812,0x1C47021CD80,DXGI,0,512,1,Hardware: Independent Flip,25115.8317,NA,9.94600000000000,9.97650000000000,9.78350000000000,9.83880000000000,9.9219,25115.5964,10.0188,0.2353,9.7835,0.0784,9.9957,0.5240,9.4717,0.0093,25115.5964,NA,NA,NA
ZoomTracks.exe,30812,0x1C47021CD80,DXGI,0,512,1,Hardware: Independent Flip,25125.8399,NA,10.00820000000000,10.06260000000000,9.71410000000000,9.88470000000000,9.9763,25125.6152,9.9388,0.2247,9.7141,0.0553,10.0541,0.5598,9.4943,-0.0438,25125.6152,NA,NA,NA
ZoomTracks.exe,30812,0x1C47021CD80,DXGI,0,512,1,Hardware: Independent Flip,25135.8623,NA,10.02240000000000,10.05660000000000,9.70790000000000,9.98400000000000,10.0105,25135.5540,10.0162,0.3083,9.7079,0.1706,10.1217,0.6615,9.4602,-0.1178,25135.5540,NA,NA,NA
ZoomTracks.exe,30812,0x1C47021CD80,DXGI,0,512,1,Hardware: Independent Flip,25145.9177,NA,10.05540000000000,9.91290000000000,9.69670000000000,9.78900000000000,9.8680,25145.5702,10.0442,0.3475,9.6967,0.2761,9.8604,0.4991,9.3613,0.1033,25145.5702,NA,NA,NA
ZoomTracks.exe,30812,0x1C47021CD80,DXGI,0,512,1,Hardware: Independent Flip,25155.8433,NA,9.92560000000000,9.93660000000000,9.75790000000000,9.80590000000000,9.8790,25155.6144,9.9868,0.2289,9.7579,0.0923,9.9425,0.5122,9.4303,0.1076,25155.6144,NA,NA,NA
ZoomTracks.exe,30812,0x1C47021CD80,DXGI,0,512,1,Hardware: Independent Flip,25165.7745,NA,9.93120000000000,10.05810000000000,9.82180000000000,9.89250000000000,10.0059,25165.6012,9.9951,0.1733,9.8218,0.0480,10.0178,0.4913,9.5265,-0.0713,25165.6012,NA,NA,NA
ZoomTracks.exe,30812,0x1C47021CD80,DXGI,0,512,1,Hardware: Independent Flip,25175.8115,NA,10.03700000000000,10.01840000000000,9.78790000000000,9.97520000000000,9.9873,25175.5963,10.0031,0.2152,9.7879,0.0707,10.1197,0.6389,9.4808,-0.0233,25175.5963,NA,NA,NA
ZoomTracks.exe,30812,0x1C47021CD80,DXGI,0,512,1,Hardware: Independent Flip,25185.9287,NA,10.11720000000000,9.91260000000000,9.66380000000000,9.71100000000000,9.7827,25185.5994,9.9931,0.3293,9.6638,0.1873,9.8530,0.4949,9.3581,0.0905,25185.5994,NA,NA,NA
ZoomTracks.exe,30812,0x1C47021CD80,DXGI,0,512,1,Hardware: Independent Flip,25195.7856,NA,9.85690000000000,10.04330000000000,9.82160000000000,9.88610000000000,9.9691,25195.5925,10.0147,0.1931,9.8216,0.0472,10.0320,0.5042,9.5278,-0.0502,25195.5925,NA,NA,NA
ZoomTracks.exe,30812,0x1C47021CD80,DXGI,0,512,1,Hardware: Independent Flip,25205.8248,NA,10.03920000000000,10.02760000000000,9.79510000000000,9.86790000000000,9.9575,25205.6072,10.0127,0.2176,9.7951,0.0645,10.0210,0.5273,9.4937,-0.0129,25205.6072,NA,NA,NA
ZoomTracks.exe,30812,0x1C47021CD80,DXGI,0,512,1,Hardware: Independent Flip,25215.9069,NA,10.08210000000000,9.94480000000000,9.69470000000000,9.73560000000000,9.8202,25215.6199,9.9817,0.2870,9.6947,0.0728,9.9498,0.4484,9.5014,0.0679,25215.6199,NA,NA,NA
ZoomTracks.exe,30812,0x1C47021CD80,DXGI,0,512,1,Hardware: Independent Flip,25225.7808,NA,9.87390000000000,10.07490000000000,9.84390000000000,9.93580000000000,10.0212,25225.6016,10.0231,0.1792,9.8439,0.0409,10.0741,0.5312,9.5429,-0.0932,25225.6016,NA,NA,NA
ZoomTracks.exe,30812,0x1C47021CD80,DXGI,0,512,1,Hardware: Independent Flip,25235.8735,NA,10.09270000000000,10.05120000000000,9.68060000000000,9.94690000000000,9.9797,25235.6247,9.9294,0.2488,9.6806,0.0919,10.1038,0.6865,9.4173,-0.0281,25235.6247,NA,NA,NA
ZoomTracks.exe,30812,0x1C47021CD80,DXGI,0,512,1,Hardware: Independent Flip,25245.9118,NA,10.03830000000000,9.88890000000000,9.69310000000000,9.75170000000000,9.8303,25245.5541,10.0508,0.3577,9.6931,0.2663,9.8431,0.3944,9.4487,0.0405,25245.5541,NA,NA,NA
ZoomTracks.exe,30812,0x1C47021CD80,DXGI,0,512,1,Hardware: Independent Flip,25255.8040,NA,9.89220000000000,10.08160000000000,9.77270000000000,10.00020000000000,10.0197,25255.6049,9.9718,0.1991,9.7727,0.0586,10.1407,0.6220,9.5187,-0.0308,25255.6049,NA,NA,NA
ZoomTracks.exe,30812,0x1C47021CD80,DXGI,0,512,1,Hardware: Independent Flip,25265.8883,NA,10.08430000000000,9.94660000000000,9.71860000000000,9.79430000000000,9.8820,25265.5767,10.0302,0.3116,9.7186,0.2275,9.8784,0.4409,9.4375,0.0252,25265.5767,NA,NA,NA
ZoomTracks.exe,30812,0x1C47021CD80,DXGI,0,512,1,Hardware: Independent Flip,25275.8309,NA,9.94260000000000,9.96190000000000,9.76180000000000,9.82420000000000,9.9013,25275.6069,9.9858,0.2240,9.7618,0.0757,9.9725,0.4814,9.4911,0.0683,25275.6069,NA,NA,NA
ZoomTracks.exe,30812,0x1C47021CD80,DXGI,0,512,1,Hardware: Independent Flip,25285.7850,NA,9.95410000000000,10.12030000000000,9.81830000000000,9.89350000000000,10.0675,25285.5927,10.0106,0.1923,9.8183,0.0624,10.0234,0.4898,9.5336,-0.1345,25285.5927,NA,NA,NA
ZoomTracks.exe,30812,0x1C47021CD80,DXGI,0,512,1,Hardware: Independent Flip,25295.8282,NA,10.04320000000000,9.91480000000000,9.79990000000000,9.85620000000000,9.9391,25295.6033,10.0248,0.2249,9.7999,0.0752,10.0059,0.5615,9.4444,0.0958,25295.6033,NA,NA,NA
ZoomTracks.exe,30812,0x1C47021CD80,DXGI,0,512,1,Hardware: Independent Flip,25305.8171,NA,9.98890000000000,10.01810000000000,9.78230000000000,9.87620000000000,9.9683,25305.6281,9.9713,0.1890,9.7823,0.0563,10.0089,0.4986,9.5103,0.0067,25305.6281,NA,NA,NA
ZoomTracks.exe,30812,0x1C47021CD80,DXGI,0,512,1,Hardware: Independent Flip,25315.8208,NA,10.00370000000000,10.00910000000000,9.79490000000000,9.87610000000000,9.9737,25315.5994,10.0163,0.2214,9.7949,0.0939,10.0036,0.5373,9.4663,-0.0378,25315.5994,NA,NA,NA
ZoomTracks.exe,30812,0x1C47021CD80,DXGI,0,512,1,Hardware: Independent Flip,25325.8820,NA,10.06120000000000,9.95690000000000,9.71550000000000,9.77470000000000,9.8694,25325.6157,9.9818,0.2663,9.7155,0.0812,9.9598,0.4811,9.4787,0.0594,25325.6157,NA,NA,NA
ZoomTracks.exe,30812,0x1C47021CD80,DXGI,0,512,1,Hardware: Independent Flip,25335.8095,NA,9.92750000000000,10.04610000000000,9.75180000000000,9.96940000000000,9.9880,25335.5975,9.9638,0.2120,9.7518,0.0592,10.1222,0.6409,9.4813,-0.0643,25335.5975,NA,NA,NA
ZoomTracks.exe,30812,0x1C47021CD80,DXGI,0,512,1,Hardware: Independent Flip,25345.8456,NA,10.03610000000000,9.98480000000000,9.77900000000000,9.84790000000000,9.9367,25345.5613,10.0633,0.2843,9.7790,0.2176,9.9146,0.4474,9.4672,-0.0210,25345.5613,NA,NA,NA
ZoomTracks.exe,30812,0x1C47021CD80,DXGI,0,512,1,Hardware: Independent Flip,25355.8352,NA,9.98960000000000,10.00690000000000,9.71860000000000,9.93510000000000,9.9540,25355.6246,9.9292,0.2106,9.7186,0.0689,10.0768,0.6124,9.4644,0.0564,25355.6246,NA,NA,NA
ZoomTracks.exe,30812,0x1C47021CD80,DXGI,0,512,1,Hardware: Independent Flip,25365.8382,NA,10.00300000000000,10.05070000000000,9.81210000000000,9.88750000000000,10.0017,25365.5538,10.0965,0.2844,9.8121,0.2165,9.9554,0.4377,9.5177,-0.1215,25365.5538,NA,NA,NA
ZoomTracks.exe,30812,0x1C47021CD80,DXGI,0,512,1,Hardware: Independent Flip,25375.8907,NA,10.05250000000000,9.93620000000000,9.72490000000000,9.79860000000000,9.8854,25375.6503,9.9653,0.2404,9.7249,0.0754,9.9636,0.5403,9.4233,0.1603,25375.6503,NA,10.4196,10.4196
ZoomTracks.exe,30812,0x1C47021CD80,DXGI,0,512,1,Hardware: Independent Flip,25385.8373,NA,9.94660000000000,10.02020000000000,9.76080000000000,9.83380000000000,9.9590,25385.6156,9.9825,0.2217,9.7608,0.0737,9.9818,0.4870,9.4948,-0.0549,25385.6156,NA,NA,NA
ZoomTracks.exe,30812,0x1C47021CD80,DXGI,0,512,1,Hardware: Independent Flip,25395.8344,NA,9.99710000000000,9.94780000000000,9.77390000000000,9.83200000000000,9.9097,25395.5981,10.0102,0.2363,9.7739,0.0730,9.9953,0.5440,9.4513,0.0347,25395.5981,NA,NA,NA
ZoomTracks.exe,30812,0x1C47021CD80,DXGI,0,512,1,Hardware: Independent Flip,25405.7888,NA,9.95440000000000,9.98890000000000,9.81720000000000,9.87140000000000,9.9442,25405.6083,9.9977,0.1805,9.8172,0.0581,9.9938,0.5086,9.4852,0.0213,25405.6083,NA,NA,NA
ZoomTracks.exe,30812,0x1C47021CD80,DXGI,0,512,1,Hardware: Independent Flip,25415.8741,NA,10.08530000000000,10.04280000000000,9.74120000000000,9.80100000000000,9.9017,25415.6060,10.0093,0.2681,9.7412,0.0542,10.0149,0.5018,9.5131,-0.0451,25415.6060,NA,NA,NA
ZoomTracks.exe,30812,0x1C47021CD80,DXGI,0,512,1,Hardware: Independent Flip,25425.8414,NA,9.96730000000000,10.02290000000000,9.76860000000000,9.84920000000000,9.9573,25425.6153,9.9947,0.2261,9.7686,0.0598,10.0155,0.5545,9.4610,-0.0136,25425.6153,NA,NA,NA
ZoomTracks.exe,30812,0x1C47021CD80,DXGI,0,512,1,Hardware: Independent Flip,25435.8644,NA,10.02300000000000,9.97520000000000,9.73580000000000,9.81390000000000,9.9095,25435.6100,9.9902,0.2544,9.7358,0.0806,9.9877,0.5286,9.4591,0.0195,25435.6100,NA,NA,NA
ZoomTracks.exe,30812,0x1C47021CD80,DXGI,0,512,1,Hardware: Independent Flip,25445.8298,NA,9.96540000000000,9.93870000000000,9.74720000000000,9.81070000000000,9.8828,25445.6002,9.9768,0.2296,9.7472,0.0781,9.9622,0.4732,9.4890,0.0515,25445.6002,NA,NA,NA
ZoomTracks.exe,30812,0x1C47021CD80,DXGI,0,512,1,Hardware: Independent Flip,25455.7798,NA,9.95000000000000,10.13900000000000,9.78050000000000,10.04180000000000,10.0718,25455.5770,9.9833,0.2028,9.7805,0.0635,10.1811,0.6614,9.5197,-0.1622,25455.5770,NA,NA,NA
ZoomTracks.exe,30812,0x1C47021CD80,DXGI,0,512,1,Hardware: Independent Flip,25465.9130,NA,10.13320000000000,9.89970000000000,9.69580000000000,9.75430000000000,9.8383,25465.5603,10.0485,0.3527,9.6958,0.2613,9.8457,0.4196,9.4261,0.0836,25465.5603,NA,14.3817,14.3817
ZoomTracks.exe,30812,0x1C47021CD80,DXGI,0,512,1,Hardware: Independent Flip,25475.8119,NA,9.89890000000000,10.06070000000000,9.75230000000000,9.98210000000000,10.0001,25475.6088,9.9554,0.2031,9.7523,0.0585,10.1267,0.7191,9.4076,-0.0122,25475.6088,NA,NA,NA
ZoomTracks.exe,30812,0x1C47021CD80,DXGI,0,512,1,Hardware: Independent Flip,25485.8668,NA,10.05490000000000,10.03080000000000,9.74750000000000,9.81600000000000,9.9760,25485.5642,10.0501,0.3026,9.7475,0.2298,9.8888,0.4325,9.4563,-0.0754,25485.5642,NA,NA,NA
ZoomTracks.exe,30812,0x1C47021CD80,DXGI,0,512,1,Hardware: Independent Flip,25495.8205,NA,9.95370000000000,9.89850000000000,9.82640000000000,9.84050000000000,9.9208,25495.6143,10.0326,0.2062,9.8264,0.0685,9.9782,0.5532,9.4250,0.1516,25495.6143,NA,NA,NA
ZoomTracks.exe,30812,0x1C47021CD80,DXGI,0,512,1,Hardware: Independent Flip,25505.7933,NA,9.97280000000000,10.13310000000000,9.81040000000000,9.88810000000000,10.0811,25505.6469,9.9568,0.1464,9.8104,0.0141,10.0204,0.4949,9.5255,-0.1005,25505.6469,NA,23.5154,23.5154
ZoomTracks.exe,30812,0x1C47021CD80,DXGI,0,512,1,Hardware: Independent Flip,25515.8087,NA,10.01540000000000,9.93350000000000,9.78210000000000,9.98820000000000,9.9992,25515.6037,9.9871,0.2050,9.7821,0.0777,10.1155,0.7020,9.4135,0.0233,25515.6037,NA,NA,NA
ZoomTracks.exe,30812,0x1C47021CD80,DXGI,0,512,1,Hardware: Independent Flip,25525.9396,NA,10.13090000000000,9.91700000000000,9.64930000000000,9.70840000000000,9.7853,25525.5908,9.9981,0.3488,9.6493,0.2061,9.8511,0.4954,9.3557,0.0701,25525.5908,NA,NA,NA
ZoomTracks.exe,30812,0x1C47021CD80,DXGI,0,512,1,Hardware: Independent Flip,25535.7787,NA,9.83910000000000,10.04890000000000,9.83460000000000,9.90450000000000,9.9951,25535.5889,10.0244,0.1898,9.8346,0.0591,10.0352,0.4801,9.5551,-0.0508,25535.5889,NA,19.4161,19.4161
ZoomTracks.exe,30812,0x1C47021CD80,DXGI,0,512,1,Hardware: Independent Flip,25545.8314,NA,10.05270000000000,9.98250000000000,9.77440000000000,9.83560000000000,9.9249,25545.6133,9.9925,0.2181,9.7744,0.0699,9.9838,0.4901,9.4937,0.0419,25545.6133,NA,NA,NA
ZoomTracks.exe,30812,0x1C47021CD80,DXGI,0,512,1,Hardware: Independent Flip,25555.8105,NA,9.97910000000000,10.03940000000000,9.74630000000000,9.96650000000000,9.9852,25555.6058,9.9510,0.2047,9.7463,0.0612,10.1100,0.6574,9.4526,-0.0469,25555.6058,NA,14.4331,14.4331
ZoomTracks.exe,30812,0x1C47021CD80,DXGI,0,512,1,Hardware: Independent Flip,25565.8431,NA,10.03260000000000,9.99300000000000,9.76670000000000,9.83250000000000,9.9456,25565.5568,10.0530,0.2863,9.7667,0.2202,9.8986,0.4247,9.4739,-0.0420,25565.5568,NA,NA,NA
ZoomTracks.exe,30812,0x1C47021CD80,DXGI,0,512,1,Hardware: Independent Flip,25575.8495,NA,10.00640000000000,10.09680000000000,9.71880000000000,10.01560000000000,10.0360,25575.6098,9.9585,0.2397,9.7188,0.0658,10.1895,0.7402,9.4493,-0.0438,25575.6098,NA,NA,NA
ZoomTracks.exe,30812,0x1C47021CD80,DXGI,0,512,1,Hardware: Independent Flip,25585.9309,NA,10.08140000000000,9.95200000000000,9.68090000000000,9.74080000000000,9.9066,25585.5683,10.0435,0.3626,9.6809,0.2968,9.8066,0.4138,9.3928,0.0065,25585.5683,NA,NA,NA
ZoomTracks.exe,30812,0x1C47021CD80,DXGI,0,512,1,Hardware: Independent Flip,25595.8158,NA,9.88490000000000,9.94740000000000,9.80430000000000,9.85950000000000,9.9691,25595.6118,10.0083,0.2040,9.8043,0.0599,10.0036,0.5667,9.4369,0.0961,25595.6118,NA,NA,NA
ZoomTracks.exe,30812,0x1C47021CD80,DXGI,0,512,1,Hardware: Independent Flip,25605.8533,NA,10.03750000000000,10.16150000000000,9.73240000000000,9.86490000000000,10.0931,25605.6201,9.9656,0.2332,9.7324,0.0552,10.0429,0.6093,9.4336,-0.1532,25605.6201,NA,NA,NA
ZoomTracks.exe,30812,0x1C47021CD80,DXGI,0,512,1,Hardware: Independent Flip,25615.8304,NA,9.97710000000000,9.80120000000000,9.76080000000000,9.82460000000000,9.9172,25615.5857,10.0055,0.2447,9.7608,0.1325,9.9368,0.4642,9.4726,0.1644,25615.5857,NA,NA,NA
ZoomTracks.exe,30812,0x1C47021CD80,DXGI,0,512,1,Hardware: Independent Flip,25625.7972,NA,9.96680000000000,10.03770000000000,9.80900000000000,9.87070000000000,9.9881,25625.5912,10.0150,0.2060,9.8090,0.0638,10.0129,0.4910,9.5219,-0.0322,25625.5912,NA,NA,NA
ZoomTracks.exe,30812,0x1C47021CD80,DXGI,0,512,1,Hardware: Independent Flip,25635.8169,NA,10.01970000000000,10.06630000000000,9.81190000000000,9.89090000000000,10.0347,25635.6062,10.0226,0.2107,9.8119,0.0617,10.0399,0.5545,9.4854,-0.0513,25635.6062,NA,NA,NA
ZoomTracks.exe,30812,0x1C47021CD80,DXGI,0,512,1,Hardware: Independent Flip,25645.8431,NA,10.02620000000000,9.89000000000000,9.75360000000000,9.81650000000000,9.8985,25645.6288,9.9679,0.2143,9.7536,0.0790,9.9518,0.5454,9.4064,0.1326,25645.6288,NA,27.3783,27.3783
ZoomTracks.exe,30812,0x1C47021CD80,DXGI,0,512,1,Hardware: Independent Flip,25655.8122,NA,9.96910000000000,10.06120000000000,9.74310000000000,9.97030000000000,9.9906,25655.5967,9.9586,0.2155,9.7431,0.0629,10.1229,0.6281,9.4948,-0.0933,25655.5967,NA,17.4721,17.4721
ZoomTracks.exe,30812,0x1C47021CD80,DXGI,0,512,1,Hardware: Independent Flip,25665.8549,NA,10.04270000000000,9.95510000000000,9.75800000000000,9.81800000000000,9.9030,25665.5553,10.0576,0.2996,9.7580,0.2272,9.8904,0.4186,9.4718,0.0035,25665.5553,NA,NA,NA
ZoomTracks.exe,30812,0x1C47021CD80,DXGI,0,512,1,Hardware: Independent Flip,25675.8121,NA,9.95720000000000,10.08430000000000,9.76020000000000,10.01230000000000,10.0301,25675.6129,9.9594,0.1992,9.7602,0.0600,10.1515,0.6681,9.4834,-0.0267,25675.6129,NA,NA,NA
ZoomTracks.exe,30812,0x1C47021CD80,DXGI,0,512,1,Hardware: Independent Flip,25685.8894,NA,10.07730000000000,9.96310000000000,9.72790000000000,9.79720000000000,9.9159,25685.5723,10.0450,0.3171,9.7279,0.2521,9.8622,0.4443,9.4179,-0.0037,25685.5723,NA,NA,NA
ZoomTracks.exe,30812,0x1C47021CD80,DXGI,0,512,1,Hardware: Independent Flip,25695.8575,NA,9.96810000000000,9.93020000000000,9.74190000000000,9.80740000000000,9.8780,25695.6173,9.9821,0.2402,9.7419,0.0693,9.9783,0.5178,9.4605,0.1148,25695.6173,NA,NA,NA
ZoomTracks.exe,30812,0x1C47021CD80,DXGI,0,512,1,Hardware: Independent Flip,25705.7866,NA,9.92910000000000,10.12390000000000,9.81590000000000,9.89270000000000,10.0728,25705.5994,10.0031,0.1872,9.8159,0.0655,10.0144,0.4735,9.5409,-0.1418,25705.5994,NA,NA,NA
ZoomTracks.exe,30812,0x1C47021CD80,DXGI,0,512,1,Hardware: Independent Flip,25715.8172,NA,10.03060000000000,10.07860000000000,9.95360000000000,10.02760000000000,10.1208,25715.6025,10.1683,0.2147,9.9536,0.0768,10.1655,0.6138,9.5517,-0.0755,25715.6025,NA,NA,NA
ZoomTracks.exe,30812,0x1C47021CD80,DXGI,0,512,1,Hardware: Independent Flip,25725.9980,NA,10.18080000000000,9.83640000000000,9.59300000000000,9.67880000000000,9.7764,25725.7708,9.8202,0.2272,9.5930,0.0740,9.8320,0.5043,9.3277,0.3319,25725.7708,NA,10.4036,10.4036
ZoomTracks.exe,30812,0x1C47021CD80,DXGI,0,512,1,Hardware: Independent Flip,25735.8387,NA,9.84070000000000,9.99860000000000,9.76060000000000,9.83280000000000,9.9343,25735.5910,10.0083,0.2477,9.7606,0.0858,9.9947,0.4975,9.4972,-0.1784,25735.5910,NA,NA,NA
ZoomTracks.exe,30812,0x1C47021CD80,DXGI,0,512,1,Hardware: Independent Flip,25745.8288,NA,9.99010000000000,10.09210000000000,9.77400000000000,9.84120000000000,10.0363,25745.5993,10.0035,0.2295,9.7740,0.0722,9.9985,0.5171,9.4814,-0.0838,25745.5993,NA,NA,NA
ZoomTracks.exe,30812,0x1C47021CD80,DXGI,0,512,1,Hardware: Independent Flip,25755.8213,NA,9.99250000000000,9.92550000000000,9.80770000000000,9.89970000000000,9.9693,25755.6028,10.0262,0.2185,9.8077,0.0672,10.0510,0.5078,9.5432,0.0780,25755.6028,NA,NA,NA
ZoomTracks.exe,30812,0x1C47021CD80,DXGI,0,512,1,Hardware: Independent Flip,25765.8564,NA,10.03510000000000,10.01270000000000,9.74870000000000,9.81820000000000,9.9469,25765.6290,9.9761,0.2274,9.7487,0.0920,9.9536,0.5313,9.4223,0.0135,25765.6290,NA,26.4365,26.4365
ZoomTracks.exe,30812,0x1C47021CD80,DXGI,0,512,1,Hardware: Independent Flip,25775.8514,NA,9.99500000000000,10.05060000000000,9.70540000000000,9.99520000000000,10.0025,25775.6051,9.9517,0.2463,9.7054,0.0695,10.1720,0.7115,9.4605,-0.0745,25775.6051,NA,NA,NA
ZoomTracks.exe,30812,0x1C47021CD80,DXGI,0,512,1,Hardware: Independent Flip,25785.6898,NA,9.83840000000000,10.02230000000000,9.87940000000000,10.08890000000000,10.1864,25785.5568,10.0124,0.1330,9.8794,0.2898,9.9321,0.3740,9.5581,-0.0706,25785.5568,NA,NA,NA
ZoomTracks.exe,30812,0x1C47021CD80,DXGI,0,512,1,Hardware: Independent Flip,25795.9218,NA,10.23200000000000,9.87620000000000,9.69310000000000,9.74210000000000,9.8306,25795.5692,10.0457,0.3526,9.6931,0.2095,9.8852,0.4504,9.4348,0.1362,25795.5692,NA,NA,NA
ZoomTracks.exe,30812,0x1C47021CD80,DXGI,0,512,1,Hardware: Independent Flip,25805.8031,NA,9.88130000000000,10.10660000000000,9.81620000000000,9.93810000000000,10.0559,25805.6149,10.0044,0.1882,9.8162,0.0490,10.0773,0.5996,9.4777,-0.0609,25805.6149,NA,NA,NA
ZoomTracks.exe,30812,0x1C47021CD80,DXGI,0,512,1,Hardware: Independent Flip,25815.9152,NA,10.11210000000000,9.86630000000000,9.68410000000000,9.73570000000000,9.8101,25815.6193,9.9800,0.2959,9.6841,0.1219,9.9097,0.5206,9.3891,0.1381,25815.6193,NA,NA,NA
ZoomTracks.exe,30812,0x1C47021CD80,DXGI,0,512,1,Hardware: Independent Flip,25825.7880,NA,9.87280000000000,10.01530000000000,9.81150000000000,9.87510000000000,9.9526,25825.5993,10.0002,0.1887,9.8115,0.0516,10.0122,0.4752,9.5370,-0.0353,25825.5993,NA,16.3727,16.3727
ZoomTracks.exe,30812,0x1C47021CD80,DXGI,0,512,1,Hardware: Independent Flip,25835.7896,NA,10.00160000000000,10.04780000000000,9.81920000000000,9.88610000000000,9.9988,25835.5995,10.0093,0.1901,9.8192,0.0636,10.0126,0.4929,9.5197,-0.0476,25835.5995,NA,NA,NA
ZoomTracks.exe,30812,0x1C47021CD80,DXGI,0,512,1,Hardware: Independent Flip,25845.8208,NA,10.03120000000000,9.98100000000000,9.80000000000000,9.86110000000000,9.9486,25845.6088,10.0120,0.2120,9.8000,0.0669,10.0062,0.5210,9.4852,0.0283,25845.6088,NA,NA,NA
ZoomTracks.exe,30812,0x1C47021CD80,DXGI,0,512,1,Hardware: Independent Flip,25855.8220,NA,10.00120000000000,9.98460000000000,9.78280000000000,9.85260000000000,9.9320,25855.6208,9.9840,0.2012,9.7828,0.0611,9.9927,0.5019,9.4908,0.0274,25855.6208,NA,27.3893,27.3893
ZoomTracks.exe,30812,0x1C47021CD80,DXGI,0,512,1,Hardware: Independent Flip,25865.8060,NA,9.98400000000000,9.97550000000000,9.77690000000000,9.87280000000000,9.9235,25865.6048,9.9781,0.2012,9.7769,0.0698,10.0042,0.5050,9.4992,0.0085,25865.6048,NA,NA,NA
ZoomTracks.exe,30812,0x1C47021CD80,DXGI,0,512,1,Hardware: Independent Flip,25875.8541,NA,10.04810000000000,10.06410000000000,9.70630000000000,9.86170000000000,9.9395,25875.5829,9.9775,0.2712,9.7063,0.0959,10.0370,0.5340,9.5030,-0.0860,25875.5829,NA,NA,NA
ZoomTracks.exe,30812,0x1C47021CD80,DXGI,0,512,1,Hardware: Independent Flip,25885.8448,NA,9.99070000000000,10.00820000000000,9.72000000000000,9.93790000000000,9.9570,25885.5604,10.0044,0.2844,9.7200,0.1554,10.0669,0.5510,9.5159,-0.0307,25885.5604,NA,NA,NA
ZoomTracks.exe,30812,0x1C47021CD80,DXGI,0,512,1,Hardware: Independent Flip,25895.8368,NA,9.99200000000000,9.97370000000000,9.76380000000000,9.84850000000000,9.9387,25895.5648,10.0358,0.2720,9.7638,0.2179,9.9026,0.4273,9.4753,0.0307,25895.5648,NA,NA,NA
ZoomTracks.exe,30812,0x1C47021CD80,DXGI,0,512,1,Hardware: Independent Flip,25905.8341,NA,9.99730000000000,9.97100000000000,9.76310000000000,9.84030000000000,9.9124,25905.6006,9.9966,0.2335,9.7631,0.0847,9.9891,0.5191,9.4700,0.0648,25905.6006,NA,NA,NA
ZoomTracks.exe,30812,0x1C47021CD80,DXGI,0,512,1,Hardware: Independent Flip,25915.8350,NA,10.00090000000000,10.02520000000000,9.77730000000000,9.85270000000000,9.9367,25915.5972,10.0151,0.2378,9.7773,0.0772,10.0133,0.5298,9.4835,-0.0286,25915.5972,NA,NA,NA
ZoomTracks.exe,30812,0x1C47021CD80,DXGI,0,512,1,Hardware: Independent Flip,25925.8320,NA,9.99700000000000,9.98230000000000,9.76990000000000,9.83130000000000,9.9220,25925.6123,9.9896,0.2197,9.7699,0.0754,9.9756,0.4844,9.4912,0.0328,25925.6123,NA,10.4055,10.4055
ZoomTracks.exe,30812,0x1C47021CD80,DXGI,0,512,1,Hardware: Independent Flip,25935.8013,NA,9.96930000000000,10.02990000000000,9.80430000000000,9.88300000000000,9.9826,25935.6019,10.0037,0.1994,9.8043,0.0614,10.0210,0.5029,9.5181,-0.0403,25935.6019,NA,NA,NA
ZoomTracks.exe,30812,0x1C47021CD80,DXGI,0,512,1,Hardware: Independent Flip,25945.8372,NA,10.03590000000000,9.97470000000000,9.77880000000000,9.84170000000000,9.9214,25945.6056,10.0104,0.2316,9.7788,0.0787,9.9946,0.5325,9.4621,0.0290,25945.6056,NA,NA,NA
ZoomTracks.exe,30812,0x1C47021CD80,DXGI,0,512,1,Hardware: Independent Flip,25955.8045,NA,9.96730000000000,9.96750000000000,9.78880000000000,9.83610000000000,9.9216,25955.6160,9.9773,0.1885,9.7888,0.0629,9.9617,0.4927,9.4690,0.0429,25955.6160,NA,NA,NA
ZoomTracks.exe,30812,0x1C47021CD80,DXGI,0,512,1,Hardware: Independent Flip,25965.7731,NA,9.96860000000000,10.08400000000000,9.84890000000000,9.92560000000000,10.0370,25965.5933,10.0287,0.1798,9.8489,0.0473,10.0581,0.5616,9.4965,-0.1067,25965.5933,NA,NA,NA
ZoomTracks.exe,30812,0x1C47021CD80,DXGI,0,512,1,Hardware: Independent Flip,25975.8627,NA,10.08960000000000,9.97800000000000,9.72000000000000,9.82040000000000,9.9254,25975.6220,9.9607,0.2407,9.7200,0.0767,9.9844,0.5541,9.4303,0.0507,25975.6220,NA,NA,NA
ZoomTracks.exe,30812,0x1C47021CD80,DXGI,0,512,1,Hardware: Independent Flip,25985.7850,NA,9.92230000000000,10.03860000000000,9.77830000000000,10.02350000000000,10.0417,25985.5827,9.9806,0.2023,9.7783,0.1004,10.1254,0.6737,9.4517,-0.0779,25985.5827,NA,NA,NA
ZoomTracks.exe,30812,0x1C47021CD80,DXGI,0,512,1,Hardware: Independent Flip,25995.8739,NA,10.08890000000000,9.98020000000000,9.74580000000000,9.80990000000000,9.9330,25995.5633,10.0564,0.3106,9.7458,0.2452,9.8753,0.4267,9.4486,0.0004,25995.5633,NA,NA,NA
ZoomTracks.exe,30812,0x1C47021CD80,DXGI,0,512,1,Hardware: Independent Flip,26005.8578,NA,9.98390000000000,10.07780000000000,9.71450000000000,10.00280000000000,10.0269,26005.6197,9.9526,0.2381,9.7145,0.0641,10.1768,0.7375,9.4393,-0.0214,26005.6197,NA,NA,NA
ZoomTracks.exe,30812,0x1C47021CD80,DXGI,0,512,1,Hardware: Independent Flip,26015.9296,NA,10.07180000000000,9.96500000000000,9.69120000000000,9.75500000000000,9.9201,26015.5723,10.0485,0.3573,9.6912,0.2883,9.8240,0.4795,9.3445,-0.0124,26015.5723,NA,NA,NA
ZoomTracks.exe,30812,0x1C47021CD80,DXGI,0,512,1,Hardware: Independent Flip,26025.8331,NA,9.90350000000000,9.93420000000000,9.76400000000000,9.94180000000000,9.9508,26025.6208,9.9763,0.2123,9.7640,0.0638,10.0903,0.6657,9.4246,0.1143,26025.6208,NA,NA,NA
ZoomTracks.exe,30812,0x1C47021CD80,DXGI,0,512,1,Hardware: Independent Flip,26035.9095,NA,10.07640000000000,10.05370000000000,9.69720000000000,9.76700000000000,9.9281,26035.5971,10.0096,0.3124,9.6972,0.1778,9.9016,0.5188,9.3828,-0.0774,26035.5971,NA,18.5026,18.5026
ZoomTracks.exe,30812,0x1C47021CD80,DXGI,0,512,1,Hardware: Independent Flip,26045.8166,NA,9.90710000000000,10.00100000000000,9.80050000000000,9.91360000000000,10.0220,26045.6067,10.0104,0.2099,9.8005,0.0698,10.0537,0.6255,9.4282,0.0086,26045.6067,NA,NA,NA
ZoomTracks.exe,30812,0x1C47021CD80,DXGI,0,512,1,Hardware: Independent Flip,26055.9663,NA,10.14970000000000,9.98140000000000,9.65730000000000,9.72560000000000,9.8537,26055.6171,10.0065,0.3492,9.6573,0.1131,9.9617,0.5507,9.4110,0.0290,26055.6171,NA,NA,NA
ZoomTracks.exe,30812,0x1C47021CD80,DXGI,0,512,1,Hardware: Independent Flip,26065.8158,NA,9.84950000000000,9.92950000000000,9.80230000000000,9.85610000000000,9.9337,26065.6236,9.9945,0.1922,9.8023,0.0683,9.9800,0.5346,9.4454,0.0770,26065.6236,NA,NA,NA
ZoomTracks.exe,30812,0x1C47021CD80,DXGI,0,512,1,Hardware: Independent Flip,26075.8048,NA,9.98900000000000,10.07130000000000,9.81540000000000,9.91780000000000,10.0160,26075.6181,10.0021,0.1867,9.8154,0.0538,10.0507,0.5401,9.5106,-0.0768,26075.6181,NA,NA,NA
ZoomTracks.exe,30812,0x1C47021CD80,DXGI,0,512,1,Hardware: Independent Flip,26085.8816,NA,10.07680000000000,9.96850000000000,9.67050000000000,9.88830000000000,9.9077,26085.6202,9.9319,0.2614,9.6705,0.1024,10.0473,0.6422,9.4051,0.0336,26085.6202,NA,11.4203,11.4203
ZoomTracks.exe,30812,0x1C47021CD80,DXGI,0,512,1,Hardware: Independent Flip,26095.8451,NA,9.96350000000000,9.97290000000000,9.76350000000000,9.82770000000000,9.9171,26095.5521,10.0565,0.2930,9.7635,0.2178,9.9029,0.4227,9.4802,-0.0410,26095.5521,NA,NA,NA
ZoomTracks.exe,30812,0x1C47021CD80,DXGI,0,512,1,Hardware: Independent Flip,26105.8146,NA,9.96950000000000,10.02570000000000,9.74200000000000,9.95520000000000,9.9733,26105.6086,9.9480,0.2060,9.7420,0.0642,10.0970,0.6175,9.4795,0.0308,26105.6086,NA,NA,NA
ZoomTracks.exe,30812,0x1C47021CD80,DXGI,0,512,1,Hardware: Independent Flip,26115.8362,NA,10.02160000000000,10.03510000000000,9.75030000000000,9.86570000000000,9.9868,26115.5566,10.0299,0.2796,9.7503,0.2132,9.9321,0.4514,9.4807,-0.0871,26115.5566,NA,NA,NA
ZoomTracks.exe,30812,0x1C47021CD80,DXGI,0,512,1,Hardware: Independent Flip,26125.8045,NA,9.96830000000000,9.92100000000000,9.78610000000000,9.85350000000000,9.9395,26125.5865,10.0041,0.2180,9.7861,0.1154,9.9561,0.5322,9.4239,0.1089,26125.5865,NA,NA,NA
ZoomTracks.exe,30812,0x1C47021CD80,DXGI,0,512,1,Hardware: Independent Flip,26135.7966,NA,9.99210000000000,10.03640000000000,9.80010000000000,9.86930000000000,9.9838,26135.5906,10.0061,0.2060,9.8001,0.0674,10.0079,0.5077,9.5002,-0.0323,26135.5906,NA,13.3958,13.3958
ZoomTracks.exe,30812,0x1C47021CD80,DXGI,0,512,1,Hardware: Independent Flip,26145.8174,NA,10.02080000000000,10.03670000000000,9.82210000000000,9.89510000000000,9.9997,26145.5967,10.0428,0.2207,9.8221,0.0692,10.0466,0.5815,9.4651,-0.0306,26145.5967,NA,NA,NA
ZoomTracks.exe,30812,0x1C47021CD80,DXGI,0,512,1,Hardware: Independent Flip,26155.8741,NA,10.05670000000000,9.96140000000000,9.72340000000000,9.79720000000000,9.9044,26155.6395,9.9580,0.2346,9.7234,0.0730,9.9588,0.5342,9.4246,0.0814,26155.6395,NA,NA,NA
ZoomTracks.exe,30812,0x1C47021CD80,DXGI,0,512,1,Hardware: Independent Flip,26165.8348,NA,9.96070000000000,9.99320000000000,9.78380000000000,9.85060000000000,9.9369,26165.5975,10.0211,0.2373,9.7838,0.0738,10.0141,0.5412,9.4729,-0.0352,26165.5975,NA,NA,NA
ZoomTracks.exe,30812,0x1C47021CD80,DXGI,0,512,1,Hardware: Independent Flip,26175.8310,NA,9.99620000000000,10.02970000000000,9.78150000000000,9.85380000000000,9.9704,26175.6186,9.9939,0.2124,9.7815,0.0668,9.9994,0.5190,9.4804,-0.0086,26175.6186,NA,NA,NA
ZoomTracks.exe,30812,0x1C47021CD80,DXGI,0,512,1,Hardware: Independent Flip,26185.8354,NA,10.00440000000000,9.91460000000000,9.75870000000000,9.80380000000000,9.8806,26185.6125,9.9816,0.2229,9.7587,0.0723,9.9544,0.5050,9.4494,0.0793,26185.6125,NA,NA,NA
ZoomTracks.exe,30812,0x1C47021CD80,DXGI,0,512,1,Hardware: Independent Flip,26195.8433,NA,10.00790000000000,10.01000000000000,9.75400000000000,9.80670000000000,9.8827,26195.5941,10.0032,0.2492,9.7540,0.0451,10.0108,0.4676,9.5432,-0.0284,26195.5941,NA,21.3666,21.3666
ZoomTracks.exe,30812,0x1C47021CD80,DXGI,0,512,1,Hardware: Independent Flip,26205.7992,NA,9.95590000000000,10.07570000000000,9.75910000000000,9.98160000000000,10.0025,26205.5973,9.9610,0.2019,9.7591,0.0527,10.1308,0.6076,9.5232,-0.0725,26205.5973,NA,NA,NA
ZoomTracks.exe,30812,0x1C47021CD80,DXGI,0,512,1,Hardware: Independent Flip,26215.8509,NA,10.05170000000000,9.97080000000000,9.76040000000000,9.82320000000000,9.9216,26215.5583,10.0530,0.2926,9.7604,0.2225,9.8933,0.4354,9.4579,-0.0098,26215.5583,NA,NA,NA
ZoomTracks.exe,30812,0x1C47021CD80,DXGI,0,512,1,Hardware: Independent Flip,26225.8255,NA,9.97460000000000,10.05090000000000,9.85590000000000,9.92230000000000,9.9979,26225.6113,10.0701,0.2142,9.8559,0.0628,10.0737,0.6032,9.4705,0.0021,26225.6113,NA,NA,NA
ZoomTracks.exe,30812,0x1C47021CD80,DXGI,0,512,1,Hardware: Independent Flip,26235.8896,NA,10.06410000000000,10.01550000000000,9.72440000000000,9.79510000000000,9.9493,26235.6814,9.9326,0.2082,9.7244,0.0664,9.9369,0.5008,9.4361,0.0546,26235.6814,NA,10.4806,10.4806
ZoomTracks.exe,30812,0x1C47021CD80,DXGI,0,512,1,Hardware: Independent Flip,26245.8199,NA,9.93030000000000,9.90460000000000,9.76110000000000,9.83550000000000,9.9236,26245.6140,9.9670,0.2059,9.7611,0.0707,9.9707,0.5426,9.4281,0.0280,26245.6140,NA,NA,NA
ZoomTracks.exe,30812,0x1C47021CD80,DXGI,0,512,1,Hardware: Independent Flip,26255.7868,NA,9.96690000000000,10.04890000000000,9.79820000000000,9.91610000000000,10.0056,26255.5810,10.0040,0.2058,9.7982,0.0744,10.0475,0.5671,9.4804,-0.0819,26255.5810,NA,NA,NA
ZoomTracks.exe,30812,0x1C47021CD80,DXGI,0,512,1,Hardware: Independent Flip,26265.8430,NA,10.05620000000000,9.99290000000000,9.76940000000000,9.86080000000000,9.9423,26265.5850,10.0274,0.2580,9.7694,0.1179,10.0009,0.5526,9.4483,0.0111,26265.5850,NA,NA,NA
ZoomTracks.exe,30812,0x1C47021CD80,DXGI,0,512,1,Hardware: Independent Flip,26275.8515,NA,10.00850000000000,9.97990000000000,9.76080000000000,9.82120000000000,9.9137,26275.6124,9.9999,0.2391,9.7608,0.0914,9.9689,0.4961,9.4728,0.0475,26275.6124,NA,NA,NA
ZoomTracks.exe,30812,0x1C47021CD80,DXGI,0,512,1,Hardware: Independent Flip,26285.8333,NA,9.98180000000000,9.96830000000000,9.77980000000000,9.82970000000000,9.9002,26285.6123,10.0008,0.2210,9.7798,0.0604,9.9903,0.5407,9.4496,0.0316,26285.6123,NA,11.3549,11.3549
ZoomTracks.exe,30812,0x1C47021CD80,DXGI,0,512,1,Hardware: Independent Flip,26295.7957,NA,9.96240000000000,10.15880000000000,9.92230000000000,9.99280000000000,10.0966,26295.6131,10.1049,0.1826,9.9223,0.0499,10.1255,0.5157,9.6098,-0.1580,26295.6131,NA,NA,NA
ZoomTracks.exe,30812,0x1C47021CD80,DXGI,0,512,1,Hardware: Independent Flip,26305.9579,NA,10.16220000000000,9.91490000000000,9.58980000000000,9.82690000000000,9.8493,26305.7180,9.8297,0.2399,9.5898,0.0705,9.9963,0.6634,9.3329,0.1900,26305.7180,NA,NA,NA
ZoomTracks.exe,30812,0x1C47021CD80,DXGI,0,512,1,Hardware: Independent Flip,26315.8390,NA,9.88110000000000,9.96960000000000,9.78530000000000,9.84190000000000,9.9378,26315.5477,10.0766,0.2913,9.7853,0.2371,9.8961,0.4540,9.4421,-0.1399,26315.5477,NA,20.4191,20.4191
ZoomTracks.exe,30812,0x1C47021CD80,DXGI,0,512,1,Hardware: Independent Flip,26325.8453,NA,10.00630000000000,10.07750000000000,9.71480000000000,9.87570000000000,10.0090,26325.6243,9.9358,0.2210,9.7148,0.0566,10.0401,0.5841,9.4560,-0.0009,26325.6243,NA,NA,NA
ZoomTracks.exe,30812,0x1C47021CD80,DXGI,0,512,1,Hardware: Independent Flip,26335.7628,NA,9.91750000000000,9.89650000000000,9.83980000000000,9.89280000000000,9.9880,26335.5601,10.0425,0.2027,9.8398,0.1609,9.9346,0.4003,9.5343,0.0393,26335.5601,NA,NA,NA
ZoomTracks.exe,30812,0x1C47021CD80,DXGI,0,512,1,Hardware: Independent Flip,26345.8827,NA,10.11990000000000,10.06260000000000,9.74490000000000,9.83180000000000,9.9307,26345.6026,10.0250,0.2801,9.7449,0.0530,10.0589,0.5481,9.5108,-0.0201,26345.6026,NA,NA,NA
ZoomTracks.exe,30812,0x1C47021CD80,DXGI,0,512,1,Hardware: Independent Flip,26355.8703,NA,9.98760000000000,10.04840000000000,9.73890000000000,9.83770000000000,9.9915,26355.6276,9.9816,0.2427,9.7389,0.0869,9.9935,0.5534,9.4401,-0.0234,26355.6276,NA,NA,NA
ZoomTracks.exe,30812,0x1C47021CD80,DXGI,0,512,1,Hardware: Independent Flip,26365.8491,NA,9.97880000000000,9.89080000000000,9.75430000000000,9.82130000000000,9.9035,26365.6092,9.9942,0.2399,9.7543,0.0988,9.9624,0.5735,9.3889,0.0908,26365.6092,NA,NA,NA
ZoomTracks.exe,30812,0x1C47021CD80,DXGI,0,512,1,Hardware: Independent Flip,26375.8024,NA,9.95330000000000,10.08020000000000,9.83370000000000,9.92400000000000,10.0304,26375.6034,10.0327,0.1990,9.8337,0.0670,10.0560,0.5503,9.5057,-0.0860,26375.6034,NA,NA,NA
ZoomTracks.exe,30812,0x1C47021CD80,DXGI,0,512,1,Hardware: Independent Flip,26385.8938,NA,10.09140000000000,9.87790000000000,9.69830000000000,9.74280000000000,9.8169,26385.6361,9.9560,0.2577,9.6983,0.0903,9.9102,0.4997,9.4105,0.1548,26385.6361,NA,NA,NA
ZoomTracks.exe,30812,0x1C47021CD80,DXGI,0,512,1,Hardware: Independent Flip,26395.7685,NA,9.87470000000000,10.03250000000000,9.84370000000000,9.88970000000000,9.9747,26395.5921,10.0201,0.1764,9.8437,0.0445,10.0216,0.4764,9.5452,-0.0765,26395.5921,NA,17.3752,17.3752
ZoomTracks.exe,30812,0x1C47021CD80,DXGI,0,512,1,Hardware: Independent Flip,26405.8438,NA,10.07530000000000,10.02870000000000,9.77220000000000,9.83200000000000,9.9281,26405.6122,10.0038,0.2316,9.7722,0.0460,10.0176,0.5151,9.5025,-0.0086,26405.6122,NA,19.3653,19.3653
ZoomTracks.exe,30812,0x1C47021CD80,DXGI,0,512,1,Hardware: Independent Flip,26415.8235,NA,9.97970000000000,9.98450000000000,9.77930000000000,9.84590000000000,9.9329,26415.6160,9.9868,0.2075,9.7793,0.0598,9.9936,0.5113,9.4823,0.0193,26415.6160,NA,NA,NA
ZoomTracks.exe,30812,0x1C47021CD80,DXGI,0,512,1,Hardware: Independent Flip,26425.8100,NA,9.98650000000000,10.08090000000000,9.75070000000000,9.92670000000000,10.0273,26425.6028,9.9579,0.2072,9.7507,0.0666,10.0673,0.5973,9.4700,-0.0941,26425.6028,NA,NA,NA
ZoomTracks.exe,30812,0x1C47021CD80,DXGI,0,512,1,Hardware: Independent Flip,26435.7803,NA,9.97030000000000,10.00160000000000,9.77790000000000,10.03720000000000,10.0586,26435.5607,9.9975,0.2196,9.7779,0.1760,10.0808,0.5846,9.4962,-0.0437,26435.5607,NA,NA,NA
ZoomTracks.exe,30812,0x1C47021CD80,DXGI,0,512,1,Hardware: Independent Flip,26445.9020,NA,10.12170000000000,9.91770000000000,9.70100000000000,9.76630000000000,9.8546,26445.5582,10.0448,0.3438,9.7010,0.2593,9.8508,0.4277,9.4231,0.0798,26445.5582,NA,NA,NA
ZoomTracks.exe,30812,0x1C47021CD80,DXGI,0,512,1,Hardware: Independent Flip,26455.8074,NA,9.90540000000000,9.99220000000000,9.80280000000000,9.85430000000000,9.9414,26455.6030,10.0072,0.2044,9.8028,0.0653,9.9934,0.4860,9.5074,0.0526,26455.6030,NA,NA,NA
ZoomTracks.exe,30812,0x1C47021CD80,DXGI,0,512,1,Hardware: Independent Flip,26465.7985,NA,9.99110000000000,10.01000000000000,9.80890000000000,9.86970000000000,9.9603,26465.6102,9.9972,0.1883,9.8089,0.0515,10.0065,0.4970,9.5095,-0.0028,26465.6102,NA,NA,NA
ZoomTracks.exe,30812,0x1C47021CD80,DXGI,0,512,1,Hardware: Independent Flip,26475.7946,NA,9.99610000000000,10.02580000000000,9.82960000000000,9.89010000000000,9.9900,26475.6074,10.0168,0.1872,9.8296,0.0608,10.0165,0.5458,9.4707,-0.0286,26475.6074,NA,NA,NA
ZoomTracks.exe,30812,0x1C47021CD80,DXGI,0,512,1,Hardware: Independent Flip,26485.8420,NA,10.04740000000000,9.92800000000000,9.74580000000000,9.79420000000000,9.8706,26485.6242,9.9636,0.2178,9.7458,0.0605,9.9515,0.4970,9.4545,0.0888,26485.6242,NA,NA,NA
ZoomTracks.exe,30812,0x1C47021CD80,DXGI,0,512,1,Hardware: Independent Flip,26495.8147,NA,9.97270000000000,10.04000000000000,9.79430000000000,9.85540000000000,9.9379,26495.5878,10.0212,0.2269,9.7943,0.0484,10.0339,0.4731,9.5608,-0.0764,26495.5878,NA,12.3716,12.3716
ZoomTracks.exe,30812,0x1C47021CD80,DXGI,0,512,1,Hardware: Independent Flip,26505.7992,NA,9.98450000000000,10.04240000000000,9.79240000000000,9.87970000000000,9.9958,26505.6090,9.9826,0.1902,9.7924,0.0611,10.0088,0.5034,9.5054,-0.0212,26505.6090,NA,NA,NA
ZoomTracks.exe,30812,0x1C47021CD80,DXGI,0,512,1,Hardware: Independent Flip,26515.8338,NA,10.03460000000000,9.92400000000000,9.75490000000000,9.87620000000000,9.8852,26515.5916,9.9971,0.2422,9.7549,0.0873,10.0311,0.5830,9.4481,0.0586,26515.5916,NA,NA,NA
ZoomTracks.exe,30812,0x1C47021CD80,DXGI,0,512,1,Hardware: Independent Flip,26525.8535,NA,10.01970000000000,10.11670000000000,9.70120000000000,9.90420000000000,9.9822,26525.5887,9.9660,0.2648,9.7012,0.1213,10.0477,0.5476,9.5001,-0.1196,26525.5887,NA,18.4775,18.4775
ZoomTracks.exe,30812,0x1C47021CD80,DXGI,0,512,1,Hardware: Independent Flip,26535.8836,NA,10.03010000000000,10.00020000000000,9.67740000000000,9.93250000000000,9.9523,26535.5547,10.0063,0.3289,9.6774,0.2030,10.0584,0.5847,9.4737,-0.0342,26535.5547,NA,NA,NA
ZoomTracks.exe,30812,0x1C47021CD80,DXGI,0,512,1,Hardware: Independent Flip,26545.8890,NA,10.00540000000000,9.92580000000000,9.73100000000000,9.78730000000000,9.8727,26545.5610,10.0590,0.3280,9.7310,0.2551,9.8602,0.4350,9.4252,0.0805,26545.5610,NA,NA,NA
ZoomTracks.exe,30812,0x1C47021CD80,DXGI,0,512,1,Hardware: Independent Flip,26555.8173,NA,9.92830000000000,9.95290000000000,9.77160000000000,9.81570000000000,9.8973,26555.6200,9.9689,0.1973,9.7716,0.0563,9.9567,0.4675,9.4892,0.1061,26555.6200,NA,NA,NA
ZoomTracks.exe,30812,0x1C47021CD80,DXGI,0,512,1,Hardware: Independent Flip,26565.7691,NA,9.95180000000000,10.04430000000000,9.83470000000000,9.88390000000000,9.9898,26565.5889,10.0149,0.1802,9.8347,0.0441,10.0200,0.4941,9.5259,-0.0754,26565.5889,NA,NA,NA
ZoomTracks.exe,30812,0x1C47021CD80,DXGI,0,512,1,Hardware: Independent Flip,26575.8343,NA,10.06520000000000,10.02290000000000,9.78370000000000,9.84830000000000,9.9475,26575.6038,10.0142,0.2305,9.7837,0.0492,10.0296,0.5491,9.4805,-0.0080,26575.6038,NA,NA,NA
ZoomTracks.exe,30812,0x1C47021CD80,DXGI,0,512,1,Hardware: Independent Flip,26585.8397,NA,10.00540000000000,9.99640000000000,9.77800000000000,9.84230000000000,9.9385,26585.6180,9.9997,0.2217,9.7780,0.0646,9.9994,0.5330,9.4664,0.0178,26585.6180,NA,NA,NA
ZoomTracks.exe,30812,0x1C47021CD80,DXGI,0,512,1,Hardware: Independent Flip,26595.8374,NA,9.99770000000000,9.96260000000000,9.77150000000000,9.82450000000000,9.9034,26595.6177,9.9912,0.2197,9.7715,0.0643,9.9799,0.5102,9.4697,0.0371,26595.6177,NA,12.3799,12.3799
ZoomTracks.exe,30812,0x1C47021CD80,DXGI,0,512,1,Hardware: Independent Flip,26605.7948,NA,9.95740000000000,10.01870000000000,9.81250000000000,9.87870000000000,9.9647,26605.6089,9.9984,0.1859,9.8125,0.0530,10.0116,0.5398,9.4718,-0.0275,26605.6089,NA,NA,NA
ZoomTracks.exe,30812,0x1C47021CD80,DXGI,0,512,1,Hardware: Independent Flip,26615.8169,NA,10.02210000000000,10.05750000000000,9.80300000000000,9.90120000000000,10.0001,26615.6073,10.0126,0.2096,9.8030,0.0662,10.0446,0.5446,9.5000,-0.0591,26615.6073,NA,19.4758,19.4758
ZoomTracks.exe,30812,0x1C47021CD80,DXGI,0,512,1,Hardware: Independent Flip,26625.8778,NA,10.06090000000000,9.93370000000000,9.74100000000000,9.79280000000000,9.8729,26625.6199,9.9989,0.2579,9.7410,0.0982,9.9525,0.5316,9.4209,0.0789,26625.6199,NA,NA,NA
ZoomTracks.exe,30812,0x1C47021CD80,DXGI,0,512,1,Hardware: Independent Flip,26635.8772,NA,9.99940000000000,10.08040000000000,9.68520000000000,9.93160000000000,9.9539,26635.6188,9.9436,0.2584,9.6852,0.0518,10.1382,0.6437,9.4945,-0.0815,26635.6188,NA,NA,NA
ZoomTracks.exe,30812,0x1C47021CD80,DXGI,0,512,1,Hardware: Independent Flip,26645.8549,NA,9.97770000000000,9.92170000000000,9.69530000000000,9.88410000000000,9.8979,26645.5624,9.9878,0.2925,9.6953,0.2464,9.9302,0.4919,9.4383,0.0219,26645.5624,NA,NA,NA
ZoomTracks.exe,30812,0x1C47021CD80,DXGI,0,512,1,Hardware: Independent Flip,26655.9176,NA,10.06270000000000,10.08470000000000,9.63320000000000,9.89590000000000,9.9199,26655.5502,10.0006,0.3674,9.6332,0.1888,10.0745,0.6990,9.3755,-0.0969,26655.5502,NA,NA,NA
ZoomTracks.exe,30812,0x1C47021CD80,DXGI,0,512,1,Hardware: Independent Flip,26665.8694,NA,9.95180000000000,10.02010000000000,9.74910000000000,9.82270000000000,9.9882,26665.5508,10.0677,0.3186,9.7491,0.2627,9.8786,0.4707,9.4079,-0.0195,26665.5508,NA,NA,NA
ZoomTracks.exe,30812,0x1C47021CD80,DXGI,0,512,1,Hardware: Independent Flip,26675.8350,NA,9.96560000000000,9.95710000000000,9.78200000000000,9.87560000000000,9.9797,26675.6185,9.9985,0.2165,9.7820,0.0736,10.0185,0.6071,9.4114,0.1106,26675.6185,NA,NA,NA
ZoomTracks.exe,30812,0x1C47021CD80,DXGI,0,512,1,Hardware: Independent Flip,26685.8752,NA,10.04020000000000,10.06560000000000,9.73990000000000,9.80250000000000,10.0051,26685.6170,9.9981,0.2582,9.7399,0.0936,9.9671,0.5376,9.4295,-0.0671,26685.6170,NA,NA,NA
ZoomTracks.exe,30812,0x1C47021CD80,DXGI,0,512,1,Hardware: Independent Flip,26695.8125,NA,9.93730000000000,9.89750000000000,9.81240000000000,9.87930000000000,9.9653,26695.6151,10.0098,0.1974,9.8124,0.0626,10.0141,0.4986,9.5155,0.1006,26695.6151,NA,NA,NA
ZoomTracks.exe,30812,0x1C47021CD80,DXGI,0,512,1,Hardware: Independent Flip,26705.8338,NA,10.02130000000000,10.06060000000000,9.77280000000000,9.84830000000000,10.0046,26705.6249,9.9817,0.2089,9.7728,0.0669,9.9903,0.5022,9.4881,-0.0508,26705.6249,NA,18.4894,18.4894
ZoomTracks.exe,30812,0x1C47021CD80,DXGI,0,512,1,Hardware: Independent Flip,26715.8137,NA,9.97990000000000,9.91740000000000,9.80120000000000,9.85290000000000,9.9421,26715.6066,10.0083,0.2071,9.8012,0.0755,9.9845,0.5663,9.4182,0.0643,26715.6066,NA,NA,NA
ZoomTracks.exe,30812,0x1C47021CD80,DXGI,0,512,1,Hardware: Independent Flip,26725.8888,NA,10.07510000000000,9.96860000000000,9.70270000000000,9.74690000000000,9.8356,26725.6149,9.9766,0.2739,9.7027,0.0517,9.9691,0.4588,9.5103,0.0397,26725.6149,NA,17.3759,17.3759
ZoomTracks.exe,30812,0x1C47021CD80,DXGI,0,512,1,Hardware: Independent Flip,26735.7654,NA,9.87660000000000,10.07340000000000,9.79230000000000,10.01420000000000,10.0324,26735.5915,9.9662,0.1739,9.7923,0.0442,10.1439,0.6447,9.4992,-0.0968,26735.5915,NA,NA,NA
ZoomTracks.exe,30812,0x1C47021CD80,DXGI,0,512,1,Hardware: Independent Flip,26745.8214,NA,10.05600000000000,9.94600000000000,9.74710000000000,9.91440000000000,9.9224,26745.5577,10.0108,0.2637,9.7471,0.2219,9.9562,0.4838,9.4724,0.0202,26745.5577,NA,NA,NA
ZoomTracks.exe,30812,0x1C47021CD80,DXGI,0,512,1,Hardware: Independent Flip,26755.9276,NA,10.10620000000000,10.10740000000000,9.62640000000000,9.90440000000000,9.9236,26755.5685,9.9855,0.3591,9.6264,0.1673,10.0962,0.6838,9.4124,-0.0966,26755.5685,NA,NA,NA
ZoomTracks.exe,30812,0x1C47021CD80,DXGI,0,512,1,Hardware: Independent Flip,26765.9142,NA,9.98660000000000,9.96120000000000,9.70890000000000,9.76510000000000,9.8982,26765.5540,10.0691,0.3602,9.7089,0.2780,9.8473,0.4319,9.4154,0.0243,26765.5540,NA,NA,NA
ZoomTracks.exe,30812,0x1C47021CD80,DXGI,0,512,1,Hardware: Independent Flip,26775.8007,NA,9.88650000000000,9.94170000000000,9.78380000000000,9.94100000000000,9.9534,26775.6231,9.9614,0.1776,9.7838,0.0562,10.0624,0.6147,9.4477,0.1274,26775.6231,NA,NA,NA
ZoomTracks.exe,30812,0x1C47021CD80,DXGI,0,512,1,Hardware: Independent Flip,26785.8797,NA,10.07900000000000,10.07600000000000,9.70780000000000,9.76910000000000,9.9504,26785.5845,10.0030,0.2952,9.7078,0.1572,9.9071,0.4790,9.4281,-0.1146,26785.5845,NA,NA,NA
ZoomTracks.exe,30812,0x1C47021CD80,DXGI,0,512,1,Hardware: Independent Flip,26795.8687,NA,9.98900000000000,9.90280000000000,9.72760000000000,9.78950000000000,9.8642,26795.5875,10.0088,0.2812,9.7276,0.0613,10.0094,0.4695,9.5399,0.1002,26795.5875,NA,NA,NA
ZoomTracks.exe,30812,0x1C47021CD80,DXGI,0,512,1,Hardware: Independent Flip,26805.7986,NA,9.92990000000000,10.10520000000000,9.80670000000000,9.89560000000000,10.0395,26805.5963,10.0090,0.2023,9.8067,0.0619,10.0360,0.5623,9.4737,-0.0964,26805.5963,NA,20.4992,20.4992
ZoomTracks.exe,30812,0x1C47021CD80,DXGI,0,512,1,Hardware: Independent Flip,26815.8732,NA,10.07460000000000,9.91650000000000,9.72740000000000,9.78720000000000,9.8814,26815.6053,9.9953,0.2679,9.7274,0.0889,9.9662,0.5437,9.4225,0.0925,26815.6053,NA,NA,NA
ZoomTracks.exe,30812,0x1C47021CD80,DXGI,0,512,1,Hardware: Independent Flip,26825.8098,NA,9.93660000000000,10.02240000000000,9.77050000000000,9.95530000000000,9.9672,26825.6006,9.9797,0.2092,9.7705,0.0598,10.1047,0.6293,9.4754,-0.0271,26825.6006,NA,NA,NA
ZoomTracks.exe,30812,0x1C47021CD80,DXGI,0,512,1,Hardware: Independent Flip,26835.8894,NA,10.07960000000000,10.04060000000000,9.72160000000000,9.79930000000000,9.9282,26835.5803,10.0307,0.3091,9.7216,0.1848,9.9236,0.5302,9.3934,-0.0609,26835.5803,NA,NA,NA
ZoomTracks.exe,30812,0x1C47021CD80,DXGI,0,512,1,Hardware: Independent Flip,26845.8736,NA,9.98420000000000,9.96020000000000,9.73210000000000,9.80730000000000,9.9042,26845.6110,9.9947,0.2626,9.7321,0.0777,9.9922,0.5710,9.4212,0.0705,26845.6110,NA,NA,NA
ZoomTracks.exe,30812,0x1C47021CD80,DXGI,0,512,1,Hardware: Independent Flip,26855.8337,NA,9.96010000000000,10.09700000000000,9.73600000000000,9.94270000000000,10.0411,26855.6057,9.9640,0.2280,9.7360,0.0752,10.0955,0.6479,9.4476,-0.1023,26855.6057,NA,NA,NA
ZoomTracks.exe,30812,0x1C47021CD80,DXGI,0,512,1,Hardware: Independent Flip,26865.9160,NA,10.08230000000000,9.91400000000000,9.67700000000000,9.85980000000000,9.8728,26865.5697,10.0233,0.3463,9.6770,0.2067,9.9994,0.6517,9.3477,0.0500,26865.5697,NA,NA,NA
ZoomTracks.exe,30812,0x1C47021CD80,DXGI,0,512,1,Hardware: Independent Flip,26875.9299,NA,10.01390000000000,9.96270000000000,9.67790000000000,9.72790000000000,9.8216,26875.5930,10.0148,0.3369,9.6779,0.1828,9.8820,0.5175,9.3645,0.0606,26875.5930,NA,NA,NA
ZoomTracks.exe,30812,0x1C47021CD80,DXGI,0,512,1,Hardware: Independent Flip,26885.8046,NA,9.87470000000000,10.01950000000000,9.79510000000000,9.85370000000000,9.9664,26885.6078,9.9919,0.1968,9.7951,0.0500,10.0005,0.5031,9.4974,-0.0047,26885.6078,NA,12.4132,12.4132
ZoomTracks.exe,30812,0x1C47021CD80,DXGI,0,512,1,Hardware: Independent Flip,26895.8015,NA,9.99690000000000,10.07630000000000,9.85710000000000,9.94150000000000,10.0458,26895.5997,10.0589,0.2018,9.8571,0.0586,10.0847,0.5361,9.5486,-0.0844,26895.5997,NA,NA,NA
ZoomTracks.exe,30812,0x1C47021CD80,DXGI,0,512,1,Hardware: Independent Flip,26905.9056,NA,10.10410000000000,9.91150000000000,9.69680000000000,9.76330000000000,9.8532,26905.6586,9.9438,0.2470,9.6968,0.0844,9.9259,0.5163,9.4096,0.1474,26905.6586,NA,10.4117,10.4117
ZoomTracks.exe,30812,0x1C47021CD80,DXGI,0,512,1,Hardware: Independent Flip,26915.8148,NA,9.90920000000000,10.06850000000000,9.82140000000000,9.90170000000000,10.0125,26915.6024,10.0338,0.2124,9.8214,0.0665,10.0476,0.5413,9.5063,-0.1247,26915.6024,NA,NA,NA
ZoomTracks.exe,30812,0x1C47021CD80,DXGI,0,512,1,Hardware: Independent Flip,26925.8831,NA,10.06830000000000,10.00000000000000,9.71720000000000,9.79580000000000,9.9442,26925.6362,9.9641,0.2469,9.7172,0.0803,9.9624,0.5383,9.4241,0.0338,26925.6362,NA,NA,NA
ZoomTracks.exe,30812,0x1C47021CD80,DXGI,0,512,1,Hardware: Independent Flip,26935.8100,NA,9.92690000000000,9.95190000000000,9.79520000000000,9.87030000000000,9.9692,26935.6003,10.0049,0.2097,9.7952,0.0786,10.0014,0.5698,9.4316,0.0122,26935.6003,NA,NA,NA
ZoomTracks.exe,30812,0x1C47021CD80,DXGI,0,512,1,Hardware: Independent Flip,26945.8383,NA,10.02830000000000,10.06330000000000,9.77380000000000,9.84880000000000,10.0042,26945.6052,10.0069,0.2331,9.7738,0.0751,10.0068,0.5418,9.4650,-0.0584,26945.6052,NA,NA,NA
ZoomTracks.exe,30812,0x1C47021CD80,DXGI,0,512,1,Hardware: Independent Flip,26955.8121,NA,9.97380000000000,9.99040000000000,9.74210000000000,10.00150000000000,10.0208,26955.6121,9.9421,0.2000,9.7421,0.0750,10.1265,0.7248,9.4017,0.0165,26955.6121,NA,NA,NA
ZoomTracks.exe,30812,0x1C47021CD80,DXGI,0,512,1,Hardware: Independent Flip,26965.8810,NA,10.06890000000000,9.95030000000000,9.73090000000000,9.81950000000000,9.9022,26965.5542,10.0577,0.3268,9.7309,0.2594,9.8869,0.4421,9.4448,-0.0082,26965.5542,NA,NA,NA
ZoomTracks.exe,30812,0x1C47021CD80,DXGI,0,512,1,Hardware: Independent Flip,26975.8377,NA,9.95670000000000,10.03090000000000,9.72100000000000,9.95750000000000,9.9764,26975.6119,9.9468,0.2258,9.7210,0.0886,10.0947,0.6409,9.4538,0.0268,26975.6119,NA,NA,NA
ZoomTracks.exe,30812,0x1C47021CD80,DXGI,0,512,1,Hardware: Independent Flip,26985.8624,NA,10.02470000000000,10.14680000000000,9.71990000000000,9.95870000000000,10.0985,26985.5587,10.0236,0.3037,9.7199,0.2365,10.0259,0.5825,9.4434,-0.2000,26985.5587,NA,NA,NA
ZoomTracks.exe,30812,0x1C47021CD80,DXGI,0,512,1,Hardware: Independent Flip,26995.7092,NA,9.84680000000000,9.97930000000000,9.87010000000000,10.20410000000000,10.2310,26995.5823,9.9970,0.1269,9.8701,0.2388,10.0922,0.7512,9.3410,0.0443,26995.5823,NA,NA,NA
ZoomTracks.exe,30812,0x1C47021CD80,DXGI,0,512,1,Hardware: Independent Flip,27005.9402,NA,10.23100000000000,9.97160000000000,9.65230000000000,9.94800000000000,9.9716,27005.5793,10.0132,0.3609,9.6523,0.3340,9.9749,0.7368,9.2381,0.0254,27005.5793,NA,NA,NA
ZoomTracks.exe,30812,0x1C47021CD80,DXGI,0,512,1,Hardware: Independent Flip,27015.9505,NA,10.01030000000000,9.94080000000000,9.62620000000000,9.88420000000000,9.9021,27015.5925,9.9842,0.3580,9.6262,0.2957,9.9465,0.6903,9.2562,0.0724,27015.5925,NA,15.5048,15.5048
ZoomTracks.exe,30812,0x1C47021CD80,DXGI,0,512,1,Hardware: Independent Flip,27025.8890,NA,9.93850000000000,10.06670000000000,9.69930000000000,10.00110000000000,10.0303,27025.5767,10.0116,0.3123,9.6993,0.2580,10.0554,0.7449,9.3105,-0.0825,27025.5767,NA,NA,NA
ZoomTracks.exe,30812,0x1C47021CD80,DXGI,0,512,1,Hardware: Independent Flip,27035.7291,NA,9.84010000000000,9.99450000000000,9.86570000000000,10.15940000000000,10.1847,27035.5883,10.0065,0.1408,9.8657,0.3018,9.9984,0.7266,9.2718,0.0171,27035.5883,NA,NA,NA
ZoomTracks.exe,30812,0x1C47021CD80,DXGI,0,512,1,Hardware: Independent Flip,27045.9378,NA,10.20870000000000,10.00060000000000,9.63520000000000,9.94640000000000,9.9766,27045.5948,9.9782,0.3430,9.6352,0.2937,9.9957,0.7344,9.2613,0.0059,27045.5948,NA,NA,NA
ZoomTracks.exe,30812,0x1C47021CD80,DXGI,0,512,1,Hardware: Independent Flip,27055.7122,NA,9.77440000000000,9.92270000000000,9.84260000000000,10.11750000000000,10.1249,27055.5730,9.9818,0.1392,9.8426,0.3112,9.9455,0.6647,9.2808,0.0555,27055.5730,NA,NA,NA
ZoomTracks.exe,30812,0x1C47021CD80,DXGI,0,512,1,Hardware: Independent Flip,27065.6945,NA,9.98230000000000,10.05640000000000,9.90780000000000,10.17400000000000,10.1990,27065.5548,10.0475,0.1397,9.9078,0.2749,10.0388,0.4756,9.5632,-0.0746,27065.5548,NA,NA,NA
ZoomTracks.exe,30812,0x1C47021CD80,DXGI,0,512,1,Hardware: Independent Flip,27075.9106,NA,10.21610000000000,9.96780000000000,9.65360000000000,9.93150000000000,9.9507,27075.6023,9.9619,0.3083,9.6536,0.2662,9.9736,0.6703,9.3033,0.0797,27075.6023,NA,NA,NA
ZoomTracks.exe,30812,0x1C47021CD80,DXGI,0,512,1,Hardware: Independent Flip,27085.9407,NA,10.03010000000000,10.01430000000000,9.64640000000000,9.92700000000000,9.9349,27085.5642,10.0229,0.3765,9.6464,0.2779,10.0256,0.7923,9.2333,-0.0524,27085.5642,NA,NA,NA
ZoomTracks.exe,30812,0x1C47021CD80,DXGI,0,512,1,Hardware: Independent Flip,27095.8974,NA,9.95670000000000,10.05340000000000,9.68800000000000,9.94000000000000,10.0316,27095.5871,9.9983,0.3103,9.6880,0.2806,9.9697,0.6824,9.2873,-0.0305,27095.5871,NA,NA,NA
ZoomTracks.exe,30812,0x1C47021CD80,DXGI,0,512,1,Hardware: Independent Flip,27105.9358,NA,10.03840000000000,9.97380000000000,9.65230000000000,9.94240000000000,9.9670,27105.5854,10.0027,0.3504,9.6523,0.2520,10.0408,0.7138,9.3270,0.0245,27105.5854,NA,NA,NA
ZoomTracks.exe,30812,0x1C47021CD80,DXGI,0,512,1,Hardware: Independent Flip,27115.9284,NA,9.99260000000000,10.03390000000000,9.65850000000000,9.98360000000000,10.0083,27115.5881,9.9988,0.3403,9.6585,0.2901,10.0338,0.7553,9.2785,-0.0312,27115.5881,NA,29.5045,29.5045
ZoomTracks.exe,30812,0x1C47021CD80,DXGI,0,512,1,Hardware: Independent Flip,27125.9584,NA,10.03000000000000,9.90800000000000,9.62790000000000,9.86090000000000,9.8863,27125.5869,9.9994,0.3715,9.6279,0.3251,9.9073,0.6629,9.2444,0.0908,27125.5869,NA,NA,NA
ZoomTracks.exe,30812,0x1C47021CD80,DXGI,0,512,1,Hardware: Independent Flip,27135.8665,NA,9.90810000000000,10.01050000000000,9.73330000000000,9.97120000000000,9.9887,27135.5863,10.0135,0.2802,9.7333,0.2330,10.0184,0.6733,9.3451,-0.0111,27135.5863,NA,NA,NA
ZoomTracks.exe,30812,0x1C47021CD80,DXGI,0,512,1,Hardware: Independent Flip,27145.8969,NA,10.03040000000000,10.03090000000000,9.68430000000000,9.96400000000000,9.9892,27145.5998,9.9814,0.2971,9.6843,0.2379,10.0232,0.7220,9.3012,-0.0174,27145.5998,NA,29.5364,29.5364
ZoomTracks.exe,30812,0x1C47021CD80,DXGI,0,512,1,Hardware: Independent Flip,27155.9085,NA,10.01160000000000,10.00130000000000,9.67020000000000,9.95600000000000,9.9789,27155.5812,9.9975,0.3273,9.6702,0.2797,10.0036,0.6989,9.3047,-0.0199,27155.5812,NA,NA,NA
ZoomTracks.exe,30812,0x1C47021CD80,DXGI,0,512,1,Hardware: Independent Flip,27165.9042,NA,9.99570000000000,9.90880000000000,9.67600000000000,9.88350000000000,9.8920,27165.5787,10.0015,0.3255,9.6760,0.2858,9.9232,0.5834,9.3398,0.0887,27165.5787,NA,NA,NA
ZoomTracks.exe,30812,0x1C47021CD80,DXGI,0,512,1,Hardware: Independent Flip,27175.9178,NA,10.01360000000000,10.05430000000000,9.64710000000000,9.92440000000000,9.9327,27175.5802,9.9847,0.3376,9.6471,0.2075,10.0545,0.8028,9.2517,-0.0528,27175.5802,NA,NA,NA
ZoomTracks.exe,30812,0x1C47021CD80,DXGI,0,512,1,Hardware: Independent Flip,27185.7091,NA,9.79130000000000,12.09470000000000,9.86020000000000,12.15520000000000,12.2361,27185.5649,10.0044,0.1442,9.8602,0.2773,12.0221,2.7074,9.3147,-2.1100,27185.5649,NA,NA,NA
ZoomTracks.exe,30812,0x1C47021CD80,DXGI,0,512,1,Hardware: Independent Flip,27195.7130,NA,10.00390000000000,8.82070000000000,9.84480000000000,10.02450000000000,11.0529,27195.5693,9.9885,0.1437,9.8448,2.2950,7.8732,0.4139,7.4593,1.1837,27195.5693,NA,NA,NA
ZoomTracks.exe,30812,0x1C47021CD80,DXGI,0,512,1,Hardware: Independent Flip,27205.7819,NA,10.06890000000000,11.82480000000000,9.80830000000000,12.79690000000000,12.8088,27205.5578,10.0324,0.2241,9.8083,0.1797,12.8413,3.3814,9.4599,-1.8363,27205.5578,NA,31.2429,31.2429
ZoomTracks.exe,30812,0x1C47021CD80,DXGI,0,512,1,Hardware: Independent Flip,27215.7561,NA,9.97420000000000,9.72090000000000,9.82510000000000,10.03300000000000,12.5555,27215.5902,9.9910,0.1659,9.8251,2.9886,7.2103,0.3362,6.8741,0.3115,27215.5902,NA,25.9399,25.9399
ZoomTracks.exe,30812,0x1C47021CD80,DXGI,0,512,1,Hardware: Independent Flip,27225.8338,NA,10.07770000000000,11.04920000000000,9.76090000000000,13.52060000000000,13.5270,27225.5812,10.0135,0.2526,9.7609,0.2079,13.5653,4.1973,9.3680,-1.0582,27225.5812,NA,NA,NA
ZoomTracks.exe,30812,0x1C47021CD80,DXGI,0,512,1,Hardware: Independent Flip,27235.7775,NA,9.94370000000000,9.51010000000000,9.81750000000000,10.01870000000000,13.0934,27235.5947,10.0003,0.1828,9.8175,3.7597,6.4418,0.3288,6.1130,0.5034,27235.5947,NA,NA,NA
ZoomTracks.exe,30812,0x1C47021CD80,DXGI,0,512,1,Hardware: Independent Flip,27245.8433,NA,10.06580000000000,10.46010000000000,9.75600000000000,13.47820000000000,13.4877,27245.5950,10.0043,0.2483,9.7560,0.2012,13.5253,4.2037,9.3216,-0.4598,27245.5950,NA,NA,NA
ZoomTracks.exe,30812,0x1C47021CD80,DXGI,0,512,1,Hardware: Independent Flip,27255.7268,NA,9.88350000000000,9.51660000000000,9.86510000000000,10.06290000000000,13.1208,27255.5993,9.9926,0.1275,9.8651,3.7222,6.4682,0.3257,6.1425,0.4877,27255.5993,NA,NA,NA
ZoomTracks.exe,30812,0x1C47021CD80,DXGI,0,512,1,Hardware: Independent Flip,27265.8347,NA,10.10790000000000,10.46590000000000,9.74600000000000,13.46200000000000,13.4788,27265.5919,9.9888,0.2428,9.7460,0.1978,13.5070,4.1394,9.3676,-0.4733,27265.5919,NA,NA,NA
ZoomTracks.exe,30812,0x1C47021CD80,DXGI,0,512,1,Hardware: Independent Flip,27275.7018,NA,9.86710000000000,9.52720000000000,9.84880000000000,10.07450000000000,13.1389,27275.5807,9.9699,0.1211,9.8488,3.7160,6.4796,0.4697,6.0099,0.4616,27275.5807,NA,NA,NA
ZoomTracks.exe,30812,0x1C47021CD80,DXGI,0,512,1,Hardware: Independent Flip,27285.6876,NA,9.98580000000000,9.09820000000000,9.86690000000000,12.24410000000000,12.2513,27285.5506,10.0039,0.1370,9.8669,0.2257,12.1554,2.6110,9.5444,0.8717,27285.5506,NA,NA,NA
ZoomTracks.exe,30812,0x1C47021CD80,DXGI,0,512,1,Hardware: Independent Flip,27295.6858,NA,9.99820000000000,10.90110000000000,9.89890000000000,10.08380000000000,13.1542,27295.5545,10.0302,0.1313,9.8989,2.3772,7.8379,0.3859,7.4520,-0.8972,27295.5545,NA,NA,NA
ZoomTracks.exe,30812,0x1C47021CD80,DXGI,0,512,1,Hardware: Independent Flip,27305.8156,NA,10.12980000000000,9.52950000000000,9.76210000000000,12.54570000000000,12.5539,27305.5847,9.9930,0.2309,9.7621,0.1849,12.5917,3.2235,9.3682,0.5007,27305.5847,NA,NA,NA
ZoomTracks.exe,30812,0x1C47021CD80,DXGI,0,512,1,Hardware: Independent Flip,27315.7410,NA,9.92540000000000,10.52980000000000,9.84930000000000,10.09250000000000,13.1583,27315.5777,10.0126,0.1633,9.8493,2.7836,7.4722,0.3738,7.0984,-0.5368,27315.5777,NA,29.5431,29.5431
ZoomTracks.exe,30812,0x1C47021CD80,DXGI,0,512,1,Hardware: Independent Flip,27325.8594,NA,10.11840000000000,10.42200000000000,9.71660000000000,13.45410000000000,13.4619,27325.5903,9.9857,0.2691,9.7166,0.2432,13.4800,4.1705,9.3095,-0.4094,27325.5903,NA,24.9610,24.9610
ZoomTracks.exe,30812,0x1C47021CD80,DXGI,0,512,1,Hardware: Independent Flip,27335.7157,NA,9.85630000000000,9.53080000000000,9.87100000000000,10.07750000000000,13.1364,27335.5760,10.0107,0.1397,9.8710,3.7375,6.4797,0.3296,6.1501,0.4549,27335.5760,NA,NA,NA
ZoomTracks.exe,30812,0x1C47021CD80,DXGI,0,512,1,Hardware: Independent Flip,27345.8386,NA,10.12290000000000,10.51850000000000,9.75540000000000,13.52410000000000,13.5320,27345.5867,10.0073,0.2519,9.7554,0.2065,13.5695,4.1903,9.3792,-0.5078,27345.5867,NA,NA,NA
ZoomTracks.exe,30812,0x1C47021CD80,DXGI,0,512,1,Hardware: Independent Flip,27355.7322,NA,9.89360000000000,9.46320000000000,9.85320000000000,10.06970000000000,13.1016,27355.5940,9.9914,0.1382,9.8532,3.7687,6.4392,0.3391,6.1001,0.5441,27355.5940,NA,NA,NA
ZoomTracks.exe,30812,0x1C47021CD80,DXGI,0,512,1,Hardware: Independent Flip,27365.8494,NA,10.11720000000000,10.44750000000000,9.72080000000000,13.42370000000000,13.4319,27365.5854,9.9848,0.2640,9.7208,0.2165,13.4712,4.1236,9.3476,-0.4561,27365.5854,NA,NA,NA
ZoomTracks.exe,30812,0x1C47021CD80,DXGI,0,512,1,Hardware: Independent Flip,27375.7015,NA,9.85210000000000,9.59510000000000,9.88270000000000,10.10550000000000,13.1749,27375.5702,10.0140,0.1313,9.8827,3.7029,6.5339,0.3413,6.1926,0.3897,27375.5702,NA,NA,NA
ZoomTracks.exe,30812,0x1C47021CD80,DXGI,0,512,1,Hardware: Independent Flip,27385.7168,NA,10.01530000000000,9.73990000000000,9.84210000000000,12.89230000000000,12.8995,27385.5842,9.9747,0.1326,9.8421,0.2228,12.8021,3.4353,9.3668,0.2741,27385.5842,NA,NA,NA
ZoomTracks.exe,30812,0x1C47021CD80,DXGI,0,512,1,Hardware: Independent Flip,27395.7061,NA,9.98930000000000,10.19700000000000,9.87660000000000,10.06570000000000,13.1072,27395.5589,10.0238,0.1472,9.8766,3.0502,7.1627,0.3851,6.7776,-0.2223,27395.5589,NA,NA,NA
ZoomTracks.exe,30812,0x1C47021CD80,DXGI,0,512,1,Hardware: Independent Flip,27405.8142,NA,10.10810000000000,9.76000000000000,9.74590000000000,12.75140000000000,12.7591,27405.5827,9.9774,0.2315,9.7459,0.1891,12.7938,3.4314,9.3624,0.2638,27405.5827,NA,NA,NA
ZoomTracks.exe,30812,0x1C47021CD80,DXGI,0,512,1,Hardware: Independent Flip,27415.6997,NA,9.88550000000000,10.31930000000000,9.87940000000000,10.11390000000000,13.1929,27415.5601,10.0190,0.1396,9.8794,3.0055,7.2480,0.3774,6.8706,-0.3419,27415.5601,NA,29.5351,29.5351
ZoomTracks.exe,30812,0x1C47021CD80,DXGI,0,512,1,Hardware: Independent Flip,27425.8396,NA,10.13990000000000,10.46000000000000,9.76950000000000,13.49780000000000,13.5130,27425.5791,10.0300,0.2605,9.7695,0.2345,13.5238,4.1873,9.3365,-0.4410,27425.5791,NA,NA,NA
ZoomTracks.exe,30812,0x1C47021CD80,DXGI,0,512,1,Hardware: Independent Flip,27435.7552,NA,9.91560000000000,9.53160000000000,9.84150000000000,10.05030000000000,13.1290,27435.6091,9.9876,0.1461,9.8415,3.7283,6.4681,0.3487,6.1194,0.4984,27435.6091,NA,25.5278,25.5278
ZoomTracks.exe,30812,0x1C47021CD80,DXGI,0,512,1,Hardware: Independent Flip,27445.8310,NA,10.07580000000000,10.46190000000000,9.74110000000000,13.50470000000000,13.5151,27445.5967,9.9754,0.2343,9.7411,0.2088,13.5302,4.2047,9.3255,-0.4743,27445.5967,NA,NA,NA
ZoomTracks.exe,30812,0x1C47021CD80,DXGI,0,512,1,Hardware: Independent Flip,27455.6849,NA,9.85390000000000,9.54320000000000,9.90420000000000,10.13030000000000,13.2044,27455.5721,10.0170,0.1128,9.9042,3.7636,6.4795,0.3553,6.1242,0.4322,27455.5721,NA,NA,NA
ZoomTracks.exe,30812,0x1C47021CD80,DXGI,0,512,1,Hardware: Independent Flip,27465.8395,NA,10.15460000000000,10.46300000000000,9.74350000000000,13.50480000000000,13.5128,27465.5891,9.9939,0.2504,9.7435,0.2261,13.5291,4.1954,9.3337,-0.4460,27465.5891,NA,NA,NA
ZoomTracks.exe,30812,0x1C47021CD80,DXGI,0,512,1,Hardware: Independent Flip,27475.7509,NA,9.91140000000000,9.47430000000000,9.83350000000000,10.01730000000000,13.0757,27475.5830,10.0014,0.1679,9.8335,3.7613,6.4239,0.3041,6.1198,0.5196,27475.5830,NA,NA,NA
ZoomTracks.exe,30812,0x1C47021CD80,DXGI,0,512,1,Hardware: Independent Flip,27485.8100,NA,10.05910000000000,8.37020000000000,9.77280000000000,11.37790000000000,11.3868,27485.5844,9.9984,0.2256,9.7728,0.1838,11.4197,2.0246,9.3951,1.6312,27485.5844,NA,NA,NA
ZoomTracks.exe,30812,0x1C47021CD80,DXGI,0,512,1,Hardware: Independent Flip,27495.7273,NA,9.91730000000000,11.67870000000000,9.87370000000000,10.08350000000000,13.1482,27495.5828,10.0182,0.1445,9.8737,1.6051,8.6229,0.3459,8.2770,-1.6803,27495.5828,NA,NA,NA
ZoomTracks.exe,30812,0x1C47021CD80,DXGI,0,512,1,Hardware: Independent Flip,27505.8440,NA,10.11670000000000,9.69230000000000,9.70300000000000,12.71440000000000,12.7238,27505.6010,9.9460,0.2430,9.7030,0.2098,12.7476,3.3619,9.3857,0.3259,27505.6010,NA,NA,NA
ZoomTracks.exe,30812,0x1C47021CD80,DXGI,0,512,1,Hardware: Independent Flip,27515.6853,NA,9.84130000000000,10.32350000000000,9.90340000000000,10.12830000000000,13.2060,27515.5470,10.0417,0.1383,9.9034,3.0114,7.2552,0.4277,6.8275,-0.3775,27515.5470,NA,27.5208,27.5208
ZoomTracks.exe,30812,0x1C47021CD80,DXGI,0,512,1,Hardware: Independent Flip,27525.8387,NA,10.15340000000000,10.37830000000000,9.73670000000000,13.42270000000000,13.4309,27525.5887,9.9867,0.2500,9.7367,0.2249,13.4478,4.1169,9.3309,-0.3366,27525.5887,NA,NA,NA
ZoomTracks.exe,30812,0x1C47021CD80,DXGI,0,512,1,Hardware: Independent Flip,27535.7579,NA,9.91920000000000,9.58540000000000,9.83380000000000,10.03360000000000,13.0971,27535.5754,10.0163,0.1825,9.8338,3.6860,6.5301,0.3310,6.1991,0.4013,27535.5754,NA,NA,NA
ZoomTracks.exe,30812,0x1C47021CD80,DXGI,0,512,1,Hardware: Independent Flip,27545.8347,NA,10.07680000000000,10.47840000000000,9.75480000000000,13.49110000000000,13.4987,27545.5917,9.9978,0.2430,9.7548,0.1998,13.5343,4.1655,9.3688,-0.4621,27545.5917,NA,28.9742,28.9742
ZoomTracks.exe,30812,0x1C47021CD80,DXGI,0,512,1,Hardware: Independent Flip,27555.7467,NA,9.91200000000000,9.50840000000000,9.83980000000000,10.02840000000000,13.0951,27555.5895,9.9970,0.1572,9.8398,3.7363,6.4493,0.3104,6.1389,0.4894,27555.5895,NA,NA,NA
ZoomTracks.exe,30812,0x1C47021CD80,DXGI,0,512,1,Hardware: Independent Flip,27565.8179,NA,10.07120000000000,10.47460000000000,9.75990000000000,13.48640000000000,13.4985,27565.5865,9.9913,0.2314,9.7599,0.1886,13.5292,4.1499,9.3793,-0.4776,27565.5865,NA,NA,NA
ZoomTracks.exe,30812,0x1C47021CD80,DXGI,0,512,1,Hardware: Independent Flip,27575.7525,NA,9.93460000000000,9.54100000000000,9.84650000000000,10.04080000000000,13.1049,27575.5778,10.0212,0.1747,9.8465,3.7265,6.4890,0.3339,6.1551,0.4503,27575.5778,NA,NA,NA
ZoomTracks.exe,30812,0x1C47021CD80,DXGI,0,512,1,Hardware: Independent Flip,27585.8353,NA,10.08280000000000,9.05480000000000,9.73540000000000,12.06980000000000,12.0769,27585.5990,9.9717,0.2363,9.7354,0.1943,12.1118,2.7652,9.3466,0.9664,27585.5990,NA,NA,NA
ZoomTracks.exe,30812,0x1C47021CD80,DXGI,0,512,1,Hardware: Independent Flip,27595.7087,NA,9.87340000000000,10.98370000000000,9.90060000000000,10.12210000000000,13.1872,27595.5707,10.0386,0.1380,9.9006,2.3344,7.9257,0.4239,7.5018,-1.0120,27595.5707,NA,NA,NA
ZoomTracks.exe,30812,0x1C47021CD80,DXGI,0,512,1,Hardware: Independent Flip,27605.8788,NA,10.17010000000000,9.67090000000000,9.67970000000000,12.67150000000000,12.6880,27605.6093,9.9492,0.2695,9.6797,0.2215,12.7195,3.4014,9.3181,0.3677,27605.6093,NA,NA,NA
ZoomTracks.exe,30812,0x1C47021CD80,DXGI,0,512,1,Hardware: Independent Flip,27615.7162,NA,9.83740000000000,10.24540000000000,9.87280000000000,10.05810000000000,13.0960,27615.5585,10.0305,0.1577,9.8728,2.9918,7.2240,0.3353,6.8887,-0.2962,27615.5585,NA,21.4438,21.4438
ZoomTracks.exe,30812,0x1C47021CD80,DXGI,0,512,1,Hardware: Independent Flip,27625.8178,NA,10.10160000000000,10.51480000000000,9.74250000000000,13.50160000000000,13.5092,27625.5890,9.9713,0.2288,9.7425,0.1853,13.5451,4.1142,9.4309,-0.4843,27625.5890,NA,NA,NA
ZoomTracks.exe,30812,0x1C47021CD80,DXGI,0,512,1,Hardware: Independent Flip,27635.7238,NA,9.90600000000000,9.53210000000000,9.86340000000000,10.04640000000000,13.1353,27635.5603,10.0269,0.1635,9.8634,3.7591,6.4508,0.3210,6.1298,0.4392,27635.5603,NA,NA,NA
ZoomTracks.exe,30812,0x1C47021CD80,DXGI,0,512,1,Hardware: Independent Flip,27645.8149,NA,10.09110000000000,10.47780000000000,9.76270000000000,13.51420000000000,13.5220,27645.5872,9.9904,0.2277,9.7627,0.1830,13.5589,4.1934,9.3655,-0.4509,27645.5872,NA,NA,NA
ZoomTracks.exe,30812,0x1C47021CD80,DXGI,0,512,1,Hardware: Independent Flip,27655.7059,NA,9.89100000000000,9.53750000000000,9.88820000000000,10.08810000000000,13.1685,27655.5776,10.0165,0.1283,9.8882,3.7515,6.4649,0.3315,6.1334,0.4529,27655.5776,NA,NA,NA
ZoomTracks.exe,30812,0x1C47021CD80,DXGI,0,512,1,Hardware: Independent Flip,27665.8358,NA,10.12990000000000,10.52280000000000,9.74620000000000,13.55290000000000,13.5614,27665.5941,9.9879,0.2417,9.7462,0.1999,13.5947,4.2323,9.3624,-0.5063,27665.5941,NA,NA,NA
ZoomTracks.exe,30812,0x1C47021CD80,DXGI,0,512,1,Hardware: Independent Flip,27675.7460,NA,9.91020000000000,9.46350000000000,9.84150000000000,10.04280000000000,13.1147,27675.5820,10.0055,0.1640,9.8415,3.8067,6.4001,0.3268,6.0733,0.5244,27675.5820,NA,NA,NA
ZoomTracks.exe,30812,0x1C47021CD80,DXGI,0,512,1,Hardware: Independent Flip,27685.8352,NA,10.08920000000000,9.05700000000000,9.73610000000000,12.07560000000000,12.0825,27685.5875,9.9838,0.2477,9.7361,0.2013,12.1220,2.7601,9.3619,0.9485,27685.5875,NA,NA,NA
ZoomTracks.exe,30812,0x1C47021CD80,DXGI,0,512,1,Hardware: Independent Flip,27695.7077,NA,9.87250000000000,10.90240000000000,9.97830000000000,10.03850000000000,13.1124,27695.5713,10.1147,0.1364,9.9783,2.3395,7.8354,0.3413,7.4941,-0.9186,27695.5713,NA,NA,NA
ZoomTracks.exe,30812,0x1C47021CD80,DXGI,0,512,1,Hardware: Independent Flip,27705.8997,NA,10.19200000000000,7.02600000000000,9.65480000000000,9.87730000000000,9.9464,27705.6860,9.8685,0.2137,9.6548,0.0602,10.0308,0.6493,9.3815,3.0887,27705.6860,NA,NA,NA
ZoomTracks.exe,30812,0x1C47021CD80,DXGI,0,512,1,Hardware: Independent Flip,27715.6894,NA,9.78970000000000,12.96830000000000,9.90110000000000,10.09010000000000,13.1250,27715.5545,10.0360,0.1349,9.9011,0.2225,10.0025,0.4168,9.5857,-3.0998,27715.5545,NA,21.4589,21.4589
ZoomTracks.exe,30812,0x1C47021CD80,DXGI,0,512,1,Hardware: Independent Flip,27725.8066,NA,10.11720000000000,7.02040000000000,9.75340000000000,9.94560000000000,10.0282,27725.5905,9.9695,0.2161,9.7534,0.1890,9.9727,0.5587,9.4140,3.0156,27725.5905,NA,NA,NA
ZoomTracks.exe,30812,0x1C47021CD80,DXGI,0,512,1,Hardware: Independent Flip,27735.6976,NA,9.89100000000000,11.79200000000000,9.89220000000000,10.05130000000000,11.9292,27735.5600,10.0298,0.1376,9.8922,0.1922,9.9967,0.4871,9.5096,-1.8225,27735.5600,NA,NA,NA
ZoomTracks.exe,30812,0x1C47021CD80,DXGI,0,512,1,Hardware: Independent Flip,27745.7893,NA,10.09170000000000,8.32050000000000,9.79650000000000,10.12780000000000,10.1580,27745.5898,9.9960,0.1995,9.7965,0.1591,10.1682,0.7106,9.4576,1.7093,27745.5898,NA,23.5907,23.5907
ZoomTracks.exe,30812,0x1C47021CD80,DXGI,0,512,1,Hardware: Independent Flip,27755.7253,NA,9.93600000000000,10.65010000000000,9.85740000000000,10.07640000000000,10.8721,27755.5858,9.9969,0.1395,9.8574,0.3313,9.8846,0.6377,9.2469,-0.6541,27755.5858,NA,NA,NA
ZoomTracks.exe,30812,0x1C47021CD80,DXGI,0,512,1,Hardware: Independent Flip,27765.8400,NA,10.11470000000000,9.30370000000000,9.74330000000000,10.03220000000000,10.0611,27765.5827,10.0006,0.2573,9.7433,0.2190,10.0705,0.7228,9.3477,0.6932,27765.5827,NA,NA,NA
ZoomTracks.exe,30812,0x1C47021CD80,DXGI,0,512,1,Hardware: Independent Flip,27775.9245,NA,10.08450000000000,9.99600000000000,9.65500000000000,9.84210000000000,9.9726,27775.5833,9.9962,0.3412,9.6550,0.2889,9.8944,0.6129,9.2815,0.0046,27775.5833,NA,NA,NA
ZoomTracks.exe,30812,0x1C47021CD80,DXGI,0,512,1,Hardware: Independent Flip,27785.7926,NA,9.86810000000000,9.99540000000000,9.78800000000000,10.05830000000000,10.0999,27785.5795,10.0011,0.2131,9.7880,0.1871,10.0843,0.6397,9.4446,0.0008,27785.5795,NA,NA,NA
ZoomTracks.exe,30812,0x1C47021CD80,DXGI,0,512,1,Hardware: Independent Flip,27795.8629,NA,10.07030000000000,10.04310000000000,9.70890000000000,9.95370000000000,10.0727,27795.5806,9.9912,0.2823,9.7089,0.2703,9.9657,0.6583,9.3074,-0.0420,27795.5806,NA,NA,NA
ZoomTracks.exe,30812,0x1C47021CD80,DXGI,0,512,1,Hardware: Independent Flip,27805.7095,NA,9.84660000000000,9.90570000000000,9.87120000000000,10.11070000000000,10.1318,27805.5718,10.0089,0.1377,9.8712,0.2448,10.0036,0.6458,9.3578,0.0855,27805.5718,NA,NA,NA
ZoomTracks.exe,30812,0x1C47021CD80,DXGI,0,512,1,Hardware: Independent Flip,27815.8764,NA,10.16690000000000,10.03680000000000,9.70710000000000,9.97830000000000,10.0017,27815.5807,10.0028,0.2957,9.7071,0.2395,10.0345,0.6895,9.3450,-0.0279,27815.5807,NA,22.5231,22.5231
ZoomTracks.exe,30812,0x1C47021CD80,DXGI,0,512,1,Hardware: Independent Flip,27825.8982,NA,10.02180000000000,9.97550000000000,9.65390000000000,9.94770000000000,9.9554,27825.5835,9.9686,0.3147,9.6539,0.2712,9.9912,0.6758,9.3154,0.0273,27825.5835,NA,NA,NA
ZoomTracks.exe,30812,0x1C47021CD80,DXGI,0,512,1,Hardware: Independent Flip,27835.7042,NA,9.80600000000000,10.01540000000000,9.88080000000000,10.14150000000000,10.1648,27835.5521,10.0329,0.1521,9.8808,0.2938,9.9998,0.4598,9.5400,-0.0468,27835.5521,NA,NA,NA
ZoomTracks.exe,30812,0x1C47021CD80,DXGI,0,512,1,Hardware: Independent Flip,27845.8901,NA,10.18590000000000,10.02030000000000,9.70940000000000,9.97640000000000,9.9992,27845.5850,10.0145,0.3051,9.7094,0.2607,10.0208,0.6968,9.3240,0.0126,27845.5850,NA,NA,NA
ZoomTracks.exe,30812,0x1C47021CD80,DXGI,0,512,1,Hardware: Independent Flip,27855.9158,NA,10.02570000000000,9.94390000000000,9.66580000000000,9.89770000000000,9.9174,27855.5995,9.9821,0.3163,9.6658,0.2670,9.9470,0.6580,9.2890,0.0706,27855.5995,NA,29.4650,29.4650
ZoomTracks.exe,30812,0x1C47021CD80,DXGI,0,512,1,Hardware: Independent Flip,27865.8852,NA,9.96940000000000,10.03550000000000,9.69290000000000,9.95510000000000,9.9835,27865.5816,9.9965,0.3036,9.6929,0.2319,10.0268,0.7090,9.3178,-0.0534,27865.5816,NA,NA,NA
ZoomTracks.exe,30812,0x1C47021CD80,DXGI,0,512,1,Hardware: Independent Flip,27875.8920,NA,10.00680000000000,10.02270000000000,9.68710000000000,9.97830000000000,9.9994,27875.5781,10.0010,0.3139,9.6871,0.2622,10.0300,0.7151,9.3149,-0.0262,27875.5781,NA,NA,NA
ZoomTracks.exe,30812,0x1C47021CD80,DXGI,0,512,1,Hardware: Independent Flip,27885.9376,NA,10.04560000000000,9.93390000000000,9.64340000000000,9.87060000000000,9.8877,27885.5791,10.0019,0.3585,9.6434,0.2912,9.9379,0.6596,9.2783,0.0671,27885.5791,NA,NA,NA
ZoomTracks.exe,30812,0x1C47021CD80,DXGI,0,512,1,Hardware: Independent Flip,27895.8625,NA,9.92490000000000,10.00010000000000,9.72550000000000,9.94160000000000,9.9629,27895.5810,10.0070,0.2815,9.7255,0.2272,9.9959,0.6400,9.3559,0.0018,27895.5810,NA,NA,NA
ZoomTracks.exe,30812,0x1C47021CD80,DXGI,0,512,1,Hardware: Independent Flip,27905.8642,NA,10.00170000000000,10.06000000000000,9.73850000000000,10.00000000000000,10.0212,27905.5880,10.0147,0.2762,9.7385,0.2161,10.0601,0.6985,9.3616,-0.0530,27905.5880,NA,NA,NA
ZoomTracks.exe,30812,0x1C47021CD80,DXGI,0,512,1,Hardware: Independent Flip,27915.9298,NA,10.06560000000000,9.98200000000000,9.66540000000000,9.91410000000000,9.9376,27915.6027,9.9925,0.3271,9.6654,0.2615,9.9797,0.6924,9.2873,0.0327,27915.6027,NA,NA,NA
ZoomTracks.exe,30812,0x1C47021CD80,DXGI,0,512,1,Hardware: Independent Flip,27925.8924,NA,9.96260000000000,9.99740000000000,9.66150000000000,9.96400000000000,9.9724,27925.5952,9.9587,0.2972,9.6615,0.2487,10.0125,0.6813,9.3312,-0.0049,27925.5952,NA,NA,NA
ZoomTracks.exe,30812,0x1C47021CD80,DXGI,0,512,1,Hardware: Independent Flip,27935.8991,NA,10.00670000000000,9.90780000000000,9.65360000000000,9.85490000000000,9.8735,27935.5539,9.9988,0.3452,9.6536,0.3025,9.8976,0.6064,9.2912,0.0509,27935.5539,NA,25.4167,25.4167
ZoomTracks.exe,30812,0x1C47021CD80,DXGI,0,512,1,Hardware: Independent Flip,27945.8102,NA,9.91110000000000,10.07050000000000,9.75120000000000,10.02510000000000,10.0329,27945.5527,10.0087,0.2575,9.7512,0.2013,10.0813,0.6785,9.4028,-0.0717,27945.5527,NA,26.4790,26.4790
ZoomTracks.exe,30812,0x1C47021CD80,DXGI,0,512,1,Hardware: Independent Flip,27955.6878,NA,9.87760000000000,10.09370000000000,9.88950000000000,10.10160000000000,10.2490,27955.5614,10.0159,0.1264,9.8895,0.2739,9.9541,0.4042,9.5499,-0.0850,27955.5614,NA,NA,NA
ZoomTracks.exe,30812,0x1C47021CD80,DXGI,0,512,1,Hardware: Independent Flip,27965.8131,NA,10.12530000000000,9.99850000000000,9.78030000000000,10.09440000000000,10.1222,27965.5773,10.0161,0.2358,9.7803,0.2121,10.1181,0.7619,9.3562,0.0174,27965.5773,NA,NA,NA
ZoomTracks.exe,30812,0x1C47021CD80,DXGI,0,512,1,Hardware: Independent Flip,27975.7309,NA,9.91780000000000,9.96410000000000,9.85210000000000,10.06100000000000,10.1685,27975.5934,9.9896,0.1375,9.8521,0.3141,9.8844,0.6255,9.2589,0.0520,27975.5934,NA,NA,NA
ZoomTracks.exe,30812,0x1C47021CD80,DXGI,0,512,1,Hardware: Independent Flip,27985.9225,NA,10.19160000000000,9.99550000000000,9.66170000000000,9.95220000000000,9.9724,27985.5830,10.0012,0.3395,9.6617,0.2089,10.0828,0.8040,9.2788,-0.0059,27985.5830,NA,NA,NA
ZoomTracks.exe,30812,0x1C47021CD80,DXGI,0,512,1,Hardware: Independent Flip,27995.9355,NA,10.01300000000000,10.00230000000000,9.64340000000000,9.85470000000000,9.9617,27995.5842,9.9947,0.3513,9.6434,0.2905,9.9155,0.6399,9.2756,-0.0011,27995.5842,NA,NA,NA
ZoomTracks.exe,30812,0x1C47021CD80,DXGI,0,512,1,Hardware: Independent Flip,28005.8178,NA,9.88230000000000,9.92110000000000,9.75670000000000,9.98060000000000,10.0005,28005.5789,9.9956,0.2389,9.7567,0.2113,10.0082,0.6257,9.3825,0.0736,28005.5789,NA,NA,NA
ZoomTracks.exe,30812,0x1C47021CD80,DXGI,0,512,1,Hardware: Independent Flip,28015.8440,NA,10.02620000000000,10.11100000000000,9.74370000000000,10.05760000000000,10.0853,28015.5745,10.0132,0.2695,9.7437,0.2239,10.1032,0.7466,9.3566,-0.1154,28015.5745,NA,23.5665,23.5665
ZoomTracks.exe,30812,0x1C47021CD80,DXGI,0,512,1,Hardware: Independent Flip,28025.9549,NA,10.11090000000000,9.99570000000000,9.65480000000000,9.94560000000000,9.9701,28025.5877,10.0220,0.3672,9.6548,0.3139,9.9989,0.7228,9.2761,0.0175,28025.5877,NA,NA,NA
ZoomTracks.exe,30812,0x1C47021CD80,DXGI,0,512,1,Hardware: Independent Flip,28035.9454,NA,9.99050000000000,9.91180000000000,9.69200000000000,9.87630000000000,9.8914,28035.6097,10.0277,0.3357,9.6920,0.2908,9.9212,0.6140,9.3072,0.1102,28035.6097,NA,NA,NA
ZoomTracks.exe,30812,0x1C47021CD80,DXGI,0,512,1,Hardware: Independent Flip,28046.0255,NA,10.08010000000000,10.04970000000000,9.56970000000000,9.77890000000000,9.8610,28045.6374,9.9578,0.3881,9.5697,0.1843,9.9827,0.7802,9.2025,-0.0220,28045.6374,NA,26.5367,26.5367
ZoomTracks.exe,30812,0x1C47021CD80,DXGI,0,512,1,Hardware: Independent Flip,28055.9475,NA,9.92200000000000,9.96210000000000,9.64780000000000,9.88080000000000,9.9011,28055.5952,10.0001,0.3523,9.6478,0.2092,10.0239,0.7347,9.2892,-0.0043,28055.5952,NA,NA,NA
ZoomTracks.exe,30812,0x1C47021CD80,DXGI,0,512,1,Hardware: Independent Flip,28065.8858,NA,9.93830000000000,9.99620000000000,9.71510000000000,9.93780000000000,9.9590,28065.5953,10.0056,0.2905,9.7151,0.2330,9.9953,0.6631,9.3322,0.0039,28065.5953,NA,NA,NA
ZoomTracks.exe,30812,0x1C47021CD80,DXGI,0,512,1,Hardware: Independent Flip,28075.8876,NA,10.00180000000000,10.07880000000000,9.70900000000000,9.94210000000000,10.0360,28075.6009,9.9957,0.2867,9.7090,0.2227,10.0061,0.6568,9.3493,-0.0732,28075.6009,NA,NA,NA
ZoomTracks.exe,30812,0x1C47021CD80,DXGI,0,512,1,Hardware: Independent Flip,28085.9404,NA,10.05280000000000,9.98470000000000,9.70990000000000,9.94210000000000,9.9679,28085.5966,10.0537,0.3438,9.7099,0.2331,10.0528,0.7628,9.2900,0.0110,28085.5966,NA,NA,NA
ZoomTracks.exe,30812,0x1C47021CD80,DXGI,0,512,1,Hardware: Independent Flip,28095.9620,NA,10.02160000000000,10.01010000000000,9.67300000000000,9.93480000000000,9.9564,28095.6503,9.9847,0.3117,9.6730,0.2322,10.0143,0.7406,9.2737,0.0436,28095.6503,NA,NA,NA
ZoomTracks.exe,30812,0x1C47021CD80,DXGI,0,512,1,Hardware: Independent Flip,28105.9595,NA,9.99750000000000,9.96960000000000,9.62380000000000,9.90330000000000,9.9285,28105.6350,9.9483,0.3245,9.6238,0.2618,9.9660,0.7075,9.2585,0.0151,28105.6350,NA,25.5143,25.5143
ZoomTracks.exe,30812,0x1C47021CD80,DXGI,0,512,1,Hardware: Independent Flip,28115.9321,NA,9.97260000000000,10.00390000000000,9.65250000000000,9.93120000000000,9.9598,28115.5833,10.0013,0.3488,9.6525,0.2795,10.0005,0.7495,9.2510,-0.0556,28115.5833,NA,NA,NA
ZoomTracks.exe,30812,0x1C47021CD80,DXGI,0,512,1,Hardware: Independent Flip,28125.9234,NA,9.99130000000000,9.97450000000000,9.65930000000000,9.91830000000000,9.9430,28125.5846,9.9981,0.3388,9.6593,0.2787,9.9784,0.6780,9.3004,0.0268,28125.5846,NA,NA,NA
ZoomTracks.exe,30812,0x1C47021CD80,DXGI,0,512,1,Hardware: Independent Flip,28135.8846,NA,9.96120000000000,9.94020000000000,9.67750000000000,9.89640000000000,9.9220,28135.5827,9.9794,0.3019,9.6775,0.2590,9.9393,0.6163,9.3230,0.0579,28135.5827,NA,NA,NA
ZoomTracks.exe,30812,0x1C47021CD80,DXGI,0,512,1,Hardware: Independent Flip,28145.8462,NA,9.96160000000000,10.09030000000000,9.74490000000000,10.02320000000000,10.0507,28145.5621,10.0290,0.2841,9.7449,0.2189,10.0884,0.7128,9.3756,-0.1109,28145.5621,NA,25.5271,25.5271
ZoomTracks.exe,30812,0x1C47021CD80,DXGI,0,512,1,Hardware: Independent Flip,28155.9450,NA,10.09880000000000,10.01080000000000,9.62230000000000,9.85830000000000,9.9627,28155.5911,9.9762,0.3539,9.6223,0.2783,9.9339,0.6373,9.2966,0.0182,28155.5911,NA,NA,NA
ZoomTracks.exe,30812,0x1C47021CD80,DXGI,0,512,1,Hardware: Independent Flip,28165.8473,NA,9.90230000000000,9.99970000000000,9.73910000000000,10.02900000000000,10.0601,28165.5673,10.0191,0.2800,9.7391,0.2360,10.0730,0.7423,9.3307,-0.0235,28165.5673,NA,NA,NA
ZoomTracks.exe,30812,0x1C47021CD80,DXGI,0,512,1,Hardware: Independent Flip,28175.9319,NA,10.08460000000000,10.04410000000000,9.82300000000000,9.91490000000000,10.0196,28175.5864,10.1685,0.3455,9.8230,0.2899,9.9705,0.6482,9.3223,-0.0250,28175.5864,NA,NA,NA
ZoomTracks.exe,30812,0x1C47021CD80,DXGI,0,512,1,Hardware: Independent Flip,28186.0129,NA,10.08100000000000,9.96220000000000,9.57910000000000,9.86200000000000,9.9008,28185.7549,9.8371,0.2580,9.5791,0.0919,10.0281,0.8201,9.2080,0.2063,28185.7549,NA,10.5530,10.5530
ZoomTracks.exe,30812,0x1C47021CD80,DXGI,0,512,1,Hardware: Independent Flip,28195.9423,NA,9.92940000000000,9.97510000000000,9.64900000000000,9.91550000000000,9.9465,28195.5920,9.9993,0.3503,9.6490,0.2829,9.9829,0.7321,9.2508,-0.1380,28195.5920,NA,NA,NA
ZoomTracks.exe,30812,0x1C47021CD80,DXGI,0,512,1,Hardware: Independent Flip,28205.9324,NA,9.99010000000000,10.04410000000000,9.67370000000000,9.96070000000000,10.0005,28205.5913,10.0148,0.3411,9.6737,0.2665,10.0353,0.7525,9.2828,-0.0448,28205.5913,NA,NA,NA
ZoomTracks.exe,30812,0x1C47021CD80,DXGI,0,512,1,Hardware: Independent Flip,28215.9717,NA,10.03930000000000,10.00740000000000,9.60030000000000,9.92460000000000,9.9686,28215.6061,9.9659,0.3656,9.6003,0.2870,10.0032,0.7552,9.2480,0.0074,28215.6061,NA,29.5985,29.5985
ZoomTracks.exe,30812,0x1C47021CD80,DXGI,0,512,1,Hardware: Independent Flip,28225.7000,NA,9.72830000000000,9.96380000000000,9.89720000000000,10.17120000000000,10.2041,28225.5720,10.0252,0.1280,9.8972,0.3243,9.9749,0.7090,9.2659,0.0021,28225.5720,NA,NA,NA
ZoomTracks.exe,30812,0x1C47021CD80,DXGI,0,512,1,Hardware: Independent Flip,28235.9361,NA,10.23610000000000,9.98040000000000,9.61760000000000,9.90350000000000,9.9484,28235.5972,9.9565,0.3389,9.6176,0.2740,9.9684,0.6761,9.2923,0.0448,28235.5972,NA,NA,NA
ZoomTracks.exe,30812,0x1C47021CD80,DXGI,0,512,1,Hardware: Independent Flip,28245.9055,NA,9.96940000000000,10.09890000000000,9.69560000000000,10.02990000000000,10.0779,28245.5537,10.0474,0.3518,9.6956,0.2859,10.0958,0.7880,9.3078,-0.1424,28245.5537,NA,NA,NA
ZoomTracks.exe,30812,0x1C47021CD80,DXGI,0,512,1,Hardware: Independent Flip,28256.0319,NA,10.12640000000000,9.95960000000000,9.56920000000000,9.77810000000000,9.9111,28255.6011,10.0000,0.4308,9.5692,0.3343,9.8746,0.6403,9.2343,0.0878,28255.6011,NA,NA,NA
ZoomTracks.exe,30812,0x1C47021CD80,DXGI,0,512,1,Hardware: Independent Flip,28265.8576,NA,9.82570000000000,9.96340000000000,9.76960000000000,10.02560000000000,10.0488,28265.6011,10.0261,0.2565,9.7696,0.2089,10.0732,0.7105,9.3627,0.0366,28265.6011,NA,NA,NA
ZoomTracks.exe,30812,0x1C47021CD80,DXGI,0,512,1,Hardware: Independent Flip,28275.9517,NA,10.09410000000000,9.98200000000000,9.70710000000000,9.84060000000000,9.9367,28275.6272,10.0316,0.3245,9.7071,0.2560,9.9091,0.7042,9.2049,0.0441,28275.6272,NA,NA,NA
ZoomTracks.exe,30812,0x1C47021CD80,DXGI,0,512,1,Hardware: Independent Flip,28285.9566,NA,10.00490000000000,10.02960000000000,9.65770000000000,9.93530000000000,9.9614,28285.6588,9.9555,0.2978,9.6577,0.1335,10.0996,0.8239,9.2757,0.0020,28285.6588,NA,11.5538,11.5538
ZoomTracks.exe,30812,0x1C47021CD80,DXGI,0,512,1,Hardware: Independent Flip,28295.9578,NA,10.00120000000000,9.99530000000000,9.64230000000000,9.84920000000000,9.9555,28295.6143,9.9858,0.3435,9.6423,0.2776,9.9151,0.6519,9.2632,-0.0398,28295.6143,NA,NA,NA
ZoomTracks.exe,30812,0x1C47021CD80,DXGI,0,512,1,Hardware: Independent Flip,28305.8532,NA,9.89540000000000,9.96000000000000,9.81460000000000,10.00540000000000,10.0201,28305.6001,10.0677,0.2531,9.8146,0.2069,10.0516,0.6589,9.3927,0.0258,28305.6001,NA,NA,NA
ZoomTracks.exe,30812,0x1C47021CD80,DXGI,0,512,1,Hardware: Independent Flip,28316.0411,NA,10.18790000000000,10.03510000000000,9.60310000000000,9.84110000000000,9.8673,28315.6678,9.9764,0.3733,9.6031,0.1908,10.0236,0.8351,9.1885,0.0326,28315.6678,NA,18.5478,18.5478
ZoomTracks.exe,30812,0x1C47021CD80,DXGI,0,512,1,Hardware: Independent Flip,28325.9571,NA,9.91600000000000,10.00170000000000,9.68470000000000,9.92910000000000,9.9530,28325.6442,9.9976,0.3129,9.6847,0.2380,10.0040,0.7105,9.2935,-0.0253,28325.6442,NA,NA,NA
ZoomTracks.exe,30812,0x1C47021CD80,DXGI,0,512,1,Hardware: Independent Flip,28335.9529,NA,9.99580000000000,9.91360000000000,9.68040000000000,9.85580000000000,9.8708,28335.6418,9.9915,0.3111,9.6804,0.2444,9.9225,0.6436,9.2789,0.0840,28335.6418,NA,NA,NA
ZoomTracks.exe,30812,0x1C47021CD80,DXGI,0,512,1,Hardware: Independent Flip,28345.9985,NA,10.04560000000000,10.19260000000000,9.65470000000000,10.00710000000000,10.0178,28345.6333,10.0199,0.3652,9.6547,0.1754,10.1969,0.9281,9.2688,-0.2011,28345.6333,NA,NA,NA
ZoomTracks.exe,30812,0x1C47021CD80,DXGI,0,512,1,Hardware: Independent Flip,28355.8879,NA,9.88940000000000,10.02730000000000,9.75760000000000,9.97910000000000,10.1557,28355.6532,9.9923,0.2347,9.7576,0.3524,9.8614,0.4445,9.4169,-0.0074,28355.6532,NA,NA,NA
ZoomTracks.exe,30812,0x1C47021CD80,DXGI,0,512,1,Hardware: Independent Flip,28365.9267,NA,10.03880000000000,9.77120000000000,9.69450000000000,9.88000000000000,9.8881,28365.6455,9.9757,0.2812,9.6945,0.2215,9.9397,0.6182,9.3215,0.2211,28365.6455,NA,NA,NA
ZoomTracks.exe,30812,0x1C47021CD80,DXGI,0,512,1,Hardware: Independent Flip,28375.9777,NA,10.05100000000000,10.15940000000000,9.66050000000000,9.96570000000000,9.9965,28375.6212,10.0170,0.3565,9.6605,0.1855,10.1367,0.9258,9.2109,-0.1837,28375.6212,NA,NA,NA
ZoomTracks.exe,30812,0x1C47021CD80,DXGI,0,512,1,Hardware: Independent Flip,28386.0555,NA,10.07780000000000,9.92780000000000,9.64510000000000,9.83530000000000,9.8465,28385.6382,10.0624,0.4173,9.6451,0.3052,9.9474,0.6786,9.2688,0.0892,28385.6382,NA,16.5235,16.5235
ZoomTracks.exe,30812,0x1C47021CD80,DXGI,0,512,1,Hardware: Independent Flip,28396.1449,NA,10.08940000000000,10.00450000000000,9.51140000000000,9.74040000000000,9.7616,28395.7006,9.9557,0.4443,9.5114,0.1902,9.9945,0.7649,9.2296,0.0579,28395.7006,NA,NA,NA
ZoomTracks.exe,30812,0x1C47021CD80,DXGI,0,512,1,Hardware: Independent Flip,28406.0607,NA,9.91580000000000,10.05650000000000,9.56140000000000,9.75920000000000,9.9023,28405.6563,9.9658,0.4044,9.5614,0.2290,9.9346,0.6517,9.2829,-0.1008,28405.6563,NA,16.6009,16.6009
ZoomTracks.exe,30812,0x1C47021CD80,DXGI,0,512,1,Hardware: Independent Flip,28415.8698,NA,9.80910000000000,9.94240000000000,9.72670000000000,10.01240000000000,10.0356,28415.6221,9.9744,0.2477,9.7267,0.1978,10.0623,0.7188,9.3435,0.0234,28415.6221,NA,NA,NA
ZoomTracks.exe,30812,0x1C47021CD80,DXGI,0,512,1,Hardware: Independent Flip,28425.9338,NA,10.06400000000000,10.04530000000000,9.68270000000000,9.88000000000000,10.0169,28425.5965,10.0200,0.3373,9.6827,0.2857,9.9316,0.6712,9.2604,-0.0709,28425.5965,NA,NA,NA
ZoomTracks.exe,30812,0x1C47021CD80,DXGI,0,512,1,Hardware: Independent Flip,28435.8631,NA,9.92930000000000,9.98040000000000,9.80200000000000,10.04070000000000,10.0680,28435.6165,10.0486,0.2466,9.8020,0.1973,10.0900,0.7164,9.3736,0.0396,28435.6165,NA,NA,NA
ZoomTracks.exe,30812,0x1C47021CD80,DXGI,0,512,1,Hardware: Independent Flip,28445.9792,NA,10.11610000000000,9.99920000000000,9.65630000000000,9.92480000000000,9.9511,28445.6651,9.9704,0.3141,9.6563,0.2387,10.0002,0.7194,9.2808,0.0494,28445.6651,NA,NA,NA
ZoomTracks.exe,30812,0x1C47021CD80,DXGI,0,512,1,Hardware: Independent Flip,28455.9744,NA,9.99520000000000,9.88390000000000,9.60190000000000,9.81810000000000,9.8398,28455.6355,9.9408,0.3389,9.6019,0.2685,9.8885,0.6366,9.2519,0.0865,28455.6355,NA,NA,NA
ZoomTracks.exe,30812,0x1C47021CD80,DXGI,0,512,1,Hardware: Independent Flip,28465.8676,NA,9.89320000000000,10.12640000000000,9.75960000000000,10.05000000000000,10.0730,28465.5763,10.0509,0.2913,9.7596,0.2162,10.1251,0.7813,9.3438,-0.1856,28465.5763,NA,NA,NA
ZoomTracks.exe,30812,0x1C47021CD80,DXGI,0,512,1,Hardware: Independent Flip,28475.9819,NA,10.11430000000000,13.52880000000000,9.63350000000000,13.36990000000000,13.4875,28475.6272,9.9882,0.3547,9.6335,0.2904,13.4342,4.1724,9.2618,-3.4779,28475.6272,NA,NA,NA
ZoomTracks.exe,30812,0x1C47021CD80,DXGI,0,512,1,Hardware: Independent Flip,28485.8109,NA,9.82900000000000,6.34250000000000,9.80670000000000,9.99230000000000,10.0010,28485.6154,10.0022,0.1955,9.8067,3.7364,6.4514,0.4654,5.9860,3.6457,28485.6154,NA,NA,NA
ZoomTracks.exe,30812,0x1C47021CD80,DXGI,0,512,1,Hardware: Independent Flip,28495.9341,NA,10.12320000000000,10.07980000000000,9.68610000000000,9.93180000000000,9.9576,28495.6176,10.0026,0.3165,9.6861,0.1856,10.0627,0.7048,9.3579,-0.0776,28495.6176,NA,21.5196,21.5196
ZoomTracks.exe,30812,0x1C47021CD80,DXGI,0,512,1,Hardware: Independent Flip,28505.9301,NA,9.99600000000000,12.51120000000000,9.72130000000000,9.90580000000000,12.4728,28505.6202,10.0312,0.3099,9.7213,0.2457,9.9700,0.5842,9.3858,-2.5086,28505.6202,NA,16.0277,16.0277
ZoomTracks.exe,30812,0x1C47021CD80,DXGI,0,512,1,Hardware: Independent Flip,28515.9783,NA,10.04820000000000,10.95160000000000,9.77280000000000,13.36580000000000,13.3762,28515.6514,10.0997,0.3269,9.7728,0.1845,13.5082,4.1621,9.3461,-0.9204,28515.6514,NA,NA,NA
ZoomTracks.exe,30812,0x1C47021CD80,DXGI,0,512,1,Hardware: Independent Flip,28525.9419,NA,9.96360000000000,6.54130000000000,9.68920000000000,9.92880000000000,9.9539,28525.7511,9.8800,0.1908,9.6892,3.5930,6.5266,0.3959,6.1307,3.5584,28525.7511,NA,NA,NA
ZoomTracks.exe,30812,0x1C47021CD80,DXGI,0,512,1,Hardware: Independent Flip,28535.9409,NA,9.99900000000000,10.00360000000000,9.69080000000000,9.93200000000000,9.9585,28535.6311,10.0006,0.3098,9.6908,0.2396,10.0022,0.7125,9.2897,-0.1236,28535.6311,NA,NA,NA
ZoomTracks.exe,30812,0x1C47021CD80,DXGI,0,512,1,Hardware: Independent Flip,28545.9411,NA,10.00020000000000,11.84400000000000,9.69500000000000,9.87340000000000,11.8023,28545.6317,10.0044,0.3094,9.6950,0.2412,9.9416,0.5580,9.3836,-1.8434,28545.6317,NA,NA,NA
ZoomTracks.exe,30812,0x1C47021CD80,DXGI,0,512,1,Hardware: Independent Flip,28555.8688,NA,9.92770000000000,8.17310000000000,9.75610000000000,10.02320000000000,10.0477,28555.6361,9.9888,0.2327,9.7561,0.1784,10.0775,0.7441,9.3334,1.8313,28555.6361,NA,NA,NA
ZoomTracks.exe,30812,0x1C47021CD80,DXGI,0,512,1,Hardware: Independent Flip,28565.9561,NA,10.08730000000000,10.09880000000000,9.72070000000000,9.84630000000000,10.0592,28565.6249,10.0519,0.3312,9.7207,0.2671,9.9104,0.5167,9.3937,-0.1100,28565.6249,NA,NA,NA
ZoomTracks.exe,30812,0x1C47021CD80,DXGI,0,512,1,Hardware: Independent Flip,28575.9799,NA,10.02380000000000,10.50490000000000,9.64130000000000,9.85380000000000,10.5403,28575.6768,9.9444,0.3031,9.6413,0.1256,10.0313,0.7145,9.3168,-0.4530,28575.6768,NA,NA,NA
ZoomTracks.exe,30812,0x1C47021CD80,DXGI,0,512,1,Hardware: Independent Flip,28585.8894,NA,9.90950000000000,10.02510000000000,9.85460000000000,10.64550000000000,10.6559,28585.6212,10.1228,0.2682,9.8546,0.2125,10.7012,1.3898,9.3114,-0.0807,28585.6212,NA,22.1941,22.1941
ZoomTracks.exe,30812,0x1C47021CD80,DXGI,0,512,1,Hardware: Independent Flip,28595.9455,NA,10.05610000000000,9.70490000000000,9.72250000000000,9.86070000000000,10.3047,28595.7440,9.9240,0.2015,9.7225,0.7909,9.2713,0.3827,8.8886,0.4179,28595.7440,NA,NA,NA
ZoomTracks.exe,30812,0x1C47021CD80,DXGI,0,512,1,Hardware: Independent Flip,28606.0068,NA,10.06130000000000,10.59270000000000,9.60300000000000,10.82600000000000,10.8361,28605.6680,9.9418,0.3388,9.6030,0.1382,11.0266,1.7984,9.2282,-0.6687,28605.6680,NA,21.4893,21.4893
ZoomTracks.exe,30812,0x1C47021CD80,DXGI,0,512,1,Hardware: Independent Flip,28615.8041,NA,9.79730000000000,9.81840000000000,9.76580000000000,9.96330000000000,10.8572,28615.6098,9.9601,0.1943,9.7658,1.2230,8.9346,0.3199,8.6147,0.1234,28615.6098,NA,NA,NA
ZoomTracks.exe,30812,0x1C47021CD80,DXGI,0,512,1,Hardware: Independent Flip,28625.8077,NA,10.00360000000000,9.69480000000000,9.77580000000000,10.54030000000000,10.5484,28625.5699,10.0136,0.2378,9.7758,0.1975,10.5806,1.1139,9.4667,0.2653,28625.5699,NA,NA,NA
ZoomTracks.exe,30812,0x1C47021CD80,DXGI,0,512,1,Hardware: Independent Flip,28635.7531,NA,9.94540000000000,10.23680000000000,9.84300000000000,10.01060000000000,10.8398,28635.5835,10.0126,0.1696,9.8430,0.7645,9.4157,0.3862,9.0295,-0.2232,28635.5835,NA,NA,NA
ZoomTracks.exe,30812,0x1C47021CD80,DXGI,0,512,1,Hardware: Independent Flip,28645.8075,NA,10.05440000000000,9.82570000000000,9.78070000000000,10.59370000000000,10.6111,28645.5961,9.9921,0.2114,9.7807,0.1676,10.6375,1.2646,9.3729,0.1869,28645.5961,NA,NA,NA
ZoomTracks.exe,30812,0x1C47021CD80,DXGI,0,512,1,Hardware: Independent Flip,28655.7409,NA,9.93340000000000,10.01730000000000,9.87130000000000,10.07170000000000,10.6950,28655.5882,10.0240,0.1527,9.8713,0.8130,9.4114,0.3573,9.0541,-0.0252,28655.5882,NA,NA,NA
ZoomTracks.exe,30812,0x1C47021CD80,DXGI,0,512,1,Hardware: Independent Flip,28665.8607,NA,10.11980000000000,9.42580000000000,9.77150000000000,9.97510000000000,10.0010,28665.6122,10.0200,0.2485,9.7715,0.2004,10.0232,0.6783,9.3449,0.5982,28665.6122,NA,NA,NA
ZoomTracks.exe,30812,0x1C47021CD80,DXGI,0,512,1,Hardware: Independent Flip,28675.9111,NA,10.05040000000000,10.22630000000000,9.66600000000000,9.85170000000000,10.1769,28675.6322,9.9449,0.2789,9.6660,0.2036,9.9270,0.5911,9.3359,-0.2063,28675.6322,NA,16.7103,16.7103
ZoomTracks.exe,30812,0x1C47021CD80,DXGI,0,512,1,Hardware: Independent Flip,28685.8104,NA,9.89930000000000,9.84830000000000,9.77180000000000,10.11820000000000,10.1259,28685.5771,10.0051,0.2333,9.7718,0.1857,10.1658,0.8488,9.3170,0.0966,28685.5771,NA,NA,NA
ZoomTracks.exe,30812,0x1C47021CD80,DXGI,0,512,1,Hardware: Independent Flip,28695.7297,NA,9.91930000000000,9.97740000000000,9.84440000000000,10.02830000000000,10.1840,28695.5822,9.9919,0.1475,9.8444,0.3464,9.8294,0.3449,9.4845,0.0277,28695.5822,NA,NA,NA
ZoomTracks.exe,30812,0x1C47021CD80,DXGI,0,512,1,Hardware: Independent Flip,28705.7673,NA,10.03760000000000,9.94770000000000,9.81440000000000,10.06360000000000,10.0941,28705.5741,10.0076,0.1932,9.8144,0.1839,10.0729,0.5865,9.4864,0.0442,28705.5741,NA,NA,NA
ZoomTracks.exe,30812,0x1C47021CD80,DXGI,0,512,1,Hardware: Independent Flip,28715.8842,NA,10.11690000000000,10.20210000000000,9.69240000000000,10.03830000000000,10.1793,28715.5817,9.9949,0.3025,9.6924,0.2492,10.0916,0.7684,9.3232,-0.1945,28715.5817,NA,25.6815,25.6815
ZoomTracks.exe,30812,0x1C47021CD80,DXGI,0,512,1,Hardware: Independent Flip,28725.7030,NA,9.81880000000000,9.83290000000000,9.88170000000000,10.16900000000000,10.1934,28725.5766,10.0081,0.1264,9.8817,0.3459,9.9495,0.5447,9.4048,0.1620,28725.5766,NA,NA,NA
ZoomTracks.exe,30812,0x1C47021CD80,DXGI,0,512,1,Hardware: Independent Flip,28735.9126,NA,10.20960000000000,9.91760000000000,9.66860000000000,9.87900000000000,9.9014,28735.5847,9.9965,0.3279,9.6686,0.2873,9.9196,0.6425,9.2771,0.0905,28735.5847,NA,NA,NA
ZoomTracks.exe,30812,0x1C47021CD80,DXGI,0,512,1,Hardware: Independent Flip,28745.8558,NA,9.94320000000000,10.10740000000000,9.73340000000000,9.92230000000000,10.0656,28745.5812,10.0080,0.2746,9.7334,0.2104,9.9865,0.7346,9.2519,-0.1109,28745.5812,NA,NA,NA
ZoomTracks.exe,30812,0x1C47021CD80,DXGI,0,512,1,Hardware: Independent Flip,28756.4171,NA,10.56130000000000,9.96660000000000,9.22560000000000,9.44370000000000,9.4709,28755.5892,10.0535,0.8279,9.2256,0.1889,10.0827,0.7018,9.3809,0.0414,28755.5892,NA,NA,NA
ZoomTracks.exe,30812,0x1C47021CD80,DXGI,0,512,1,Hardware: Independent Flip,28765.9342,NA,9.51710000000000,9.96650000000000,9.66470000000000,9.89920000000000,9.9203,28765.6427,9.9562,0.2915,9.6647,0.2181,9.9726,0.6638,9.3088,0.0870,28765.6427,NA,13.4316,13.4316
ZoomTracks.exe,30812,0x1C47021CD80,DXGI,0,512,1,Hardware: Independent Flip,28775.8950,NA,9.96080000000000,10.05510000000000,9.68310000000000,9.98550000000000,10.0146,28775.5989,9.9792,0.2961,9.6831,0.2345,10.0471,0.7261,9.3210,-0.0989,28775.5989,NA,NA,NA
ZoomTracks.exe,30812,0x1C47021CD80,DXGI,0,512,1,Hardware: Independent Flip,28785.8906,NA,9.99560000000000,9.88660000000000,9.72040000000000,9.89730000000000,9.9056,28785.5781,10.0329,0.3125,9.7204,0.3024,9.9074,0.6222,9.2852,0.0926,28785.5781,NA,NA,NA
ZoomTracks.exe,30812,0x1C47021CD80,DXGI,0,512,1,Hardware: Independent Flip,28795.8502,NA,9.95960000000000,10.09560000000000,9.71230000000000,10.00840000000000,10.0416,28795.6110,9.9515,0.2392,9.7123,0.1769,10.0707,0.7252,9.3455,-0.0627,28795.6110,NA,24.5359,24.5359
ZoomTracks.exe,30812,0x1C47021CD80,DXGI,0,512,1,Hardware: Independent Flip,28805.9299,NA,10.07970000000000,10.09150000000000,9.63720000000000,9.92520000000000,10.0534,28805.5625,10.0046,0.3674,9.6372,0.2961,9.9965,0.6903,9.3062,-0.1400,28805.5625,NA,NA,NA
ZoomTracks.exe,30812,0x1C47021CD80,DXGI,0,512,1,Hardware: Independent Flip,28815.7408,NA,9.81090000000000,11.40370000000000,9.85020000000000,11.63870000000000,11.6462,28815.5671,10.0239,0.1737,9.8502,0.2880,11.5244,2.0608,9.4636,-1.3991,28815.5671,NA,NA,NA
ZoomTracks.exe,30812,0x1C47021CD80,DXGI,0,512,1,Hardware: Independent Flip,28825.7452,NA,10.00440000000000,8.60530000000000,9.85750000000000,10.07180000000000,10.2471,28825.5910,10.0117,0.1542,9.8575,1.7885,8.4375,0.4090,8.0285,1.4186,28825.5910,NA,NA,NA
ZoomTracks.exe,30812,0x1C47021CD80,DXGI,0,512,1,Hardware: Independent Flip,28835.7362,NA,9.99100000000000,9.90720000000000,9.89640000000000,10.14060000000000,10.1633,28835.6027,10.0299,0.1335,9.8964,0.2143,10.0598,0.6843,9.3755,0.1045,28835.6027,NA,NA,NA
ZoomTracks.exe,30812,0x1C47021CD80,DXGI,0,512,1,Hardware: Independent Flip,28845.9537,NA,10.21750000000000,11.46060000000000,9.63420000000000,9.87620000000000,11.4064,28845.6326,9.9553,0.3211,9.6342,0.2442,9.9531,0.7485,9.2046,-1.4307,28845.6326,NA,NA,NA
ZoomTracks.exe,30812,0x1C47021CD80,DXGI,0,512,1,Hardware: Independent Flip,28855.8846,NA,9.93090000000000,8.55560000000000,9.70210000000000,9.91580000000000,10.0311,28855.5879,9.9988,0.2967,9.7021,0.2420,9.9705,0.6462,9.3243,1.3997,28855.5879,NA,NA,NA
ZoomTracks.exe,30812,0x1C47021CD80,DXGI,0,512,1,Hardware: Independent Flip,28865.8429,NA,9.95830000000000,10.70950000000000,9.77700000000000,9.98280000000000,10.7823,28865.5867,10.0332,0.2562,9.7770,0.2137,10.0253,0.6391,9.3862,-0.7107,28865.5867,NA,NA,NA
ZoomTracks.exe,30812,0x1C47021CD80,DXGI,0,512,1,Hardware: Independent Flip,28875.8743,NA,10.03140000000000,9.58140000000000,9.70170000000000,9.90780000000000,10.3323,28875.6199,9.9561,0.2544,9.7017,0.2058,9.9564,0.6394,9.3170,0.4518,28875.6199,NA,NA,NA
ZoomTracks.exe,30812,0x1C47021CD80,DXGI,0,512,1,Hardware: Independent Flip,28885.8098,NA,9.93550000000000,9.68380000000000,9.79940000000000,10.05130000000000,10.0806,28885.5760,10.0332,0.2338,9.7994,0.2061,10.0790,0.7119,9.3671,0.2723,28885.5760,NA,22.5572,22.5572
ZoomTracks.exe,30812,0x1C47021CD80,DXGI,0,512,1,Hardware: Independent Flip,28895.9139,NA,10.10410000000000,10.38800000000000,9.65740000000000,9.90420000000000,10.3645,28895.6092,9.9621,0.3047,9.6574,0.2519,9.9570,0.6615,9.2955,-0.3548,28895.6092,NA,NA,NA
ZoomTracks.exe,30812,0x1C47021CD80,DXGI,0,512,1,Hardware: Independent Flip,28905.8622,NA,9.94830000000000,10.14480000000000,9.70770000000000,10.55320000000000,10.5610,28905.5713,9.9986,0.2909,9.7077,0.2468,10.5973,1.2597,9.3376,-0.1827,28905.5713,NA,NA,NA
ZoomTracks.exe,30812,0x1C47021CD80,DXGI,0,512,1,Hardware: Independent Flip,28915.7119,NA,9.84970000000000,9.80760000000000,9.94810000000000,10.16500000000000,10.5189,28915.5699,10.0901,0.1420,9.9481,0.8455,9.4615,0.4838,8.9777,0.1910,28915.5699,NA,NA,NA
ZoomTracks.exe,30812,0x1C47021CD80,DXGI,0,512,1,Hardware: Independent Flip,28925.9297,NA,10.21780000000000,10.91660000000000,9.67510000000000,11.21060000000000,11.2177,28925.6600,9.9448,0.2697,9.6751,0.2169,11.2634,2.0573,9.2061,-0.8265,28925.6600,NA,NA,NA
ZoomTracks.exe,30812,0x1C47021CD80,DXGI,0,512,1,Hardware: Independent Flip,28935.7739,NA,9.84420000000000,9.59030000000000,9.86620000000000,10.04540000000000,10.9638,28935.6048,10.0353,0.1691,9.8662,1.5355,8.6790,0.3532,8.3258,0.3545,28935.6048,NA,NA,NA
ZoomTracks.exe,30812,0x1C47021CD80,DXGI,0,512,1,Hardware: Independent Flip,28945.8644,NA,10.09050000000000,10.44350000000000,9.73200000000000,11.30090000000000,11.3168,28945.6401,9.9563,0.2243,9.7320,0.1792,11.3460,2.0100,9.3360,-0.4082,28945.6401,NA,NA,NA
ZoomTracks.exe,30812,0x1C47021CD80,DXGI,0,512,1,Hardware: Independent Flip,28955.7465,NA,9.88210000000000,9.96400000000000,9.84730000000000,10.06100000000000,11.3987,28955.5964,9.9974,0.1501,9.8473,1.5689,8.6422,0.4153,8.2269,-0.0077,28955.5964,NA,20.7938,20.7938
ZoomTracks.exe,30812,0x1C47021CD80,DXGI,0,512,1,Hardware: Independent Flip,28965.8549,NA,10.10840000000000,10.00690000000000,9.73860000000000,11.28940000000000,11.2972,28965.5938,9.9997,0.2611,9.7386,0.2137,11.3368,1.9813,9.3555,-0.0095,28965.5938,NA,NA,NA
ZoomTracks.exe,30812,0x1C47021CD80,DXGI,0,512,1,Hardware: Independent Flip,28975.7314,NA,9.87650000000000,10.04360000000000,9.86310000000000,10.08080000000000,11.4643,28975.5935,10.0010,0.1379,9.8631,1.5508,8.6679,0.3510,8.3169,-0.0439,28975.5935,NA,NA,NA
ZoomTracks.exe,30812,0x1C47021CD80,DXGI,0,512,1,Hardware: Independent Flip,28985.8569,NA,10.12550000000000,9.88570000000000,9.74190000000000,11.21800000000000,11.2245,28985.5945,10.0043,0.2624,9.7419,0.2177,11.2627,1.9334,9.3293,0.1153,28985.5945,NA,26.7156,26.7156
ZoomTracks.exe,30812,0x1C47021CD80,DXGI,0,512,1,Hardware: Independent Flip,28995.7383,NA,9.88140000000000,10.00190000000000,9.84130000000000,10.01630000000000,11.3450,28995.5988,9.9808,0.1395,9.8413,1.4761,8.6797,0.4660,8.2137,0.0024,28995.5988,NA,NA,NA
ZoomTracks.exe,30812,0x1C47021CD80,DXGI,0,512,1,Hardware: Independent Flip,29005.7989,NA,10.06060000000000,9.30890000000000,9.79470000000000,10.58510000000000,10.5933,29005.5796,10.0140,0.2193,9.7947,0.1750,10.6294,1.1154,9.5140,0.6719,29005.5796,NA,NA,NA
ZoomTracks.exe,30812,0x1C47021CD80,DXGI,0,512,1,Hardware: Independent Flip,29015.7463,NA,9.94740000000000,10.36990000000000,9.84460000000000,10.03020000000000,11.0158,29015.5936,9.9973,0.1527,9.8446,0.7904,9.3925,0.4008,8.9917,-0.3559,29015.5936,NA,NA,NA
ZoomTracks.exe,30812,0x1C47021CD80,DXGI,0,512,1,Hardware: Independent Flip,29025.8195,NA,10.07320000000000,10.44410000000000,9.75530000000000,11.37890000000000,11.3867,29025.5909,9.9839,0.2286,9.7553,0.1856,11.4219,1.9918,9.4301,-0.4468,29025.5909,NA,NA,NA
ZoomTracks.exe,30812,0x1C47021CD80,DXGI,0,512,1,Hardware: Independent Flip,29035.6994,NA,9.87990000000000,9.63270000000000,9.91300000000000,10.10960000000000,11.1395,29035.5748,10.0376,0.1246,9.9130,1.6236,8.6106,0.3389,8.2717,0.3512,29035.5748,NA,NA,NA
ZoomTracks.exe,30812,0x1C47021CD80,DXGI,0,512,1,Hardware: Independent Flip,29045.8434,NA,10.14400000000000,10.28490000000000,9.74070000000000,11.27110000000000,11.2804,29045.6124,9.9717,0.2310,9.7407,0.1966,11.3055,1.9724,9.3331,-0.2473,29045.6124,NA,NA,NA
ZoomTracks.exe,30812,0x1C47021CD80,DXGI,0,512,1,Hardware: Independent Flip,29055.7490,NA,9.90560000000000,10.03260000000000,9.87020000000000,10.05000000000000,11.4074,29055.5841,10.0351,0.1649,9.8702,1.5304,8.6845,0.3190,8.3655,-0.0609,29055.5841,NA,NA,NA
ZoomTracks.exe,30812,0x1C47021CD80,DXGI,0,512,1,Hardware: Independent Flip,29065.8413,NA,10.09230000000000,9.89640000000000,9.75360000000000,11.20430000000000,11.2115,29065.6192,9.9757,0.2221,9.7536,0.1798,11.2466,1.9130,9.3336,0.1387,29065.6192,NA,NA,NA
ZoomTracks.exe,30812,0x1C47021CD80,DXGI,0,512,1,Hardware: Independent Flip,29075.7590,NA,9.91770000000000,10.03890000000000,9.83110000000000,10.05080000000000,11.3327,29075.5949,9.9952,0.1641,9.8311,1.4507,8.7642,0.3467,8.4175,-0.0632,29075.5949,NA,NA,NA
ZoomTracks.exe,30812,0x1C47021CD80,DXGI,0,512,1,Hardware: Independent Flip,29085.8339,NA,10.07490000000000,10.01860000000000,9.81700000000000,11.26820000000000,11.2764,29085.5901,10.0608,0.2438,9.8170,0.2197,11.2923,1.9316,9.3607,-0.0234,29085.5901,NA,27.7521,27.7521
ZoomTracks.exe,30812,0x1C47021CD80,DXGI,0,512,1,Hardware: Independent Flip,29095.8328,NA,9.99890000000000,10.23780000000000,9.77090000000000,10.21780000000000,11.5153,29095.6509,9.9528,0.1819,9.7709,1.4512,8.9485,0.5750,8.3735,-0.1770,29095.6509,NA,22.9930,22.9930
ZoomTracks.exe,30812,0x1C47021CD80,DXGI,0,512,1,Hardware: Independent Flip,29105.7481,NA,9.91530000000000,8.53610000000000,9.81360000000000,10.12860000000000,10.1361,29105.6037,9.9580,0.1444,9.8136,0.4469,9.8261,0.5000,9.3261,1.4167,29105.6037,NA,NA,NA
ZoomTracks.exe,30812,0x1C47021CD80,DXGI,0,512,1,Hardware: Independent Flip,29115.7096,NA,9.96150000000000,10.37480000000000,9.88260000000000,10.10020000000000,10.5494,29115.5617,10.0305,0.1479,9.8826,0.3150,9.9331,0.4278,9.5053,-0.4168,29115.5617,NA,NA,NA
ZoomTracks.exe,30812,0x1C47021CD80,DXGI,0,512,1,Hardware: Independent Flip,29125.8525,NA,10.14290000000000,9.58770000000000,9.70300000000000,9.98620000000000,9.9942,29125.5922,9.9633,0.2603,9.7030,0.2176,10.0289,0.7940,9.2349,0.4428,29125.5922,NA,NA,NA
ZoomTracks.exe,30812,0x1C47021CD80,DXGI,0,512,1,Hardware: Independent Flip,29135.7112,NA,9.85870000000000,10.24810000000000,9.85970000000000,10.25390000000000,10.3836,29135.5555,10.0154,0.1557,9.8597,0.2832,10.1264,0.5854,9.5410,-0.2848,29135.5555,NA,NA,NA
ZoomTracks.exe,30812,0x1C47021CD80,DXGI,0,512,1,Hardware: Independent Flip,29145.7169,NA,10.00570000000000,9.73800000000000,9.88240000000000,10.09370000000000,10.1159,29145.5709,10.0284,0.1460,9.8824,0.3942,9.8455,0.6549,9.1906,0.2774,29145.5709,NA,NA,NA
ZoomTracks.exe,30812,0x1C47021CD80,DXGI,0,512,1,Hardware: Independent Flip,29155.8723,NA,10.15540000000000,10.00930000000000,9.72550000000000,9.94790000000000,9.9698,29155.5993,9.9985,0.2730,9.7255,0.2113,10.0096,0.6813,9.3283,0.0191,29155.5993,NA,NA,NA
ZoomTracks.exe,30812,0x1C47021CD80,DXGI,0,512,1,Hardware: Independent Flip,29165.8849,NA,10.01260000000000,10.16140000000000,9.85730000000000,9.95110000000000,10.1186,29165.5978,10.1444,0.2871,9.8573,0.2224,10.0158,0.6416,9.3742,-0.1629,29165.5978,NA,NA,NA
ZoomTracks.exe,30812,0x1C47021CD80,DXGI,0,512,1,Hardware: Independent Flip,29176.0421,NA,10.15720000000000,9.92950000000000,9.57570000000000,9.86810000000000,9.8909,29175.7422,9.8756,0.2999,9.5757,0.0938,10.0742,0.8825,9.1917,0.2149,29175.7422,NA,26.5646,26.5646
ZoomTracks.exe,30812,0x1C47021CD80,DXGI,0,512,1,Hardware: Independent Flip,29185.9736,NA,9.93150000000000,9.95990000000000,9.61380000000000,9.89900000000000,9.9193,29185.6178,9.9696,0.3558,9.6138,0.2924,9.9624,0.7174,9.2450,-0.0843,29185.6178,NA,20.5345,20.5345
ZoomTracks.exe,30812,0x1C47021CD80,DXGI,0,512,1,Hardware: Independent Flip,29195.9293,NA,9.95570000000000,9.92860000000000,9.64800000000000,9.87620000000000,9.8922,29195.5874,9.9899,0.3419,9.6480,0.2852,9.9329,0.6289,9.3040,0.0410,29195.5874,NA,NA,NA
ZoomTracks.exe,30812,0x1C47021CD80,DXGI,0,512,1,Hardware: Independent Flip,29205.8584,NA,9.92910000000000,10.02730000000000,9.70610000000000,9.92380000000000,9.9904,29205.5773,9.9872,0.2811,9.7061,0.2282,9.9767,0.6203,9.3564,-0.0374,29205.5773,NA,NA,NA
ZoomTracks.exe,30812,0x1C47021CD80,DXGI,0,512,1,Hardware: Independent Flip,29215.9055,NA,10.04710000000000,9.98680000000000,9.68870000000000,9.91090000000000,9.9301,29215.5645,10.0297,0.3410,9.6887,0.2177,10.0342,0.7555,9.2787,0.0004,29215.5645,NA,NA,NA
ZoomTracks.exe,30812,0x1C47021CD80,DXGI,0,512,1,Hardware: Independent Flip,29225.8746,NA,9.96910000000000,10.03220000000000,9.67820000000000,9.98480000000000,9.9932,29225.5942,9.9586,0.2804,9.6782,0.2222,10.0430,0.6890,9.3540,-0.0025,29225.5942,NA,NA,NA
ZoomTracks.exe,30812,0x1C47021CD80,DXGI,0,512,1,Hardware: Independent Flip,29235.9004,NA,10.02580000000000,10.03990000000000,9.70250000000000,9.98700000000000,10.0073,29235.5528,10.0501,0.3476,9.7025,0.3066,10.0280,0.7477,9.2803,-0.0813,29235.5528,NA,NA,NA
ZoomTracks.exe,30812,0x1C47021CD80,DXGI,0,512,1,Hardware: Independent Flip,29245.9511,NA,10.05070000000000,10.02180000000000,9.66470000000000,9.95000000000000,9.9784,29245.6029,10.0129,0.3482,9.6647,0.2845,10.0137,0.7459,9.2678,0.0283,29245.6029,NA,NA,NA
ZoomTracks.exe,30812,0x1C47021CD80,DXGI,0,512,1,Hardware: Independent Flip,29255.9888,NA,10.03770000000000,9.94240000000000,9.65210000000000,9.80050000000000,9.8831,29255.6158,10.0251,0.3730,9.6521,0.2853,9.8882,0.6376,9.2506,0.0705,29255.6158,NA,28.5137,28.5137
ZoomTracks.exe,30812,0x1C47021CD80,DXGI,0,512,1,Hardware: Independent Flip,29265.9265,NA,9.93770000000000,9.97670000000000,9.67580000000000,9.90000000000000,9.9221,29265.6409,9.9614,0.2856,9.6758,0.1484,10.0372,0.8359,9.2013,0.0484,29265.6409,NA,NA,NA
ZoomTracks.exe,30812,0x1C47021CD80,DXGI,0,512,1,Hardware: Independent Flip,29275.9003,NA,9.97380000000000,10.02530000000000,9.69360000000000,9.88590000000000,9.9736,29275.6023,9.9916,0.2980,9.6936,0.2242,9.9597,0.6585,9.3012,-0.0639,29275.6023,NA,NA,NA
ZoomTracks.exe,30812,0x1C47021CD80,DXGI,0,512,1,Hardware: Independent Flip,29285.8963,NA,9.99600000000000,10.03330000000000,9.67660000000000,9.98600000000000,10.0109,29285.5939,9.9790,0.3024,9.6766,0.1923,10.0961,0.7202,9.3759,-0.0417,29285.5939,NA,NA,NA
ZoomTracks.exe,30812,0x1C47021CD80,DXGI,0,512,1,Hardware: Independent Flip,29295.9250,NA,10.02870000000000,9.96630000000000,9.64820000000000,9.92610000000000,9.9485,29295.5729,10.0003,0.3521,9.6482,0.3094,9.9688,0.6847,9.2841,0.0127,29295.5729,NA,24.5154,24.5154
ZoomTracks.exe,30812,0x1C47021CD80,DXGI,0,512,1,Hardware: Independent Flip,29305.8886,NA,9.96360000000000,9.97100000000000,9.68460000000000,9.93470000000000,9.9559,29305.5732,10.0000,0.3154,9.6846,0.2779,9.9722,0.6613,9.3109,0.0293,29305.5732,NA,NA,NA
ZoomTracks.exe,30812,0x1C47021CD80,DXGI,0,512,1,Hardware: Independent Flip,29315.6944,NA,9.80580000000000,9.99950000000000,9.87420000000000,10.12670000000000,10.1496,29315.5732,9.9954,0.1212,9.8742,0.2501,9.9978,0.6487,9.3491,0.0005,29315.5732,NA,NA,NA
ZoomTracks.exe,30812,0x1C47021CD80,DXGI,0,512,1,Hardware: Independent Flip,29325.6875,NA,9.99310000000000,9.97990000000000,9.87050000000000,10.12830000000000,10.1364,29325.5686,9.9894,0.1189,9.8705,0.2525,9.9947,0.6522,9.3425,0.0155,29325.5686,NA,NA,NA
ZoomTracks.exe,30812,0x1C47021CD80,DXGI,0,512,1,Hardware: Independent Flip,29335.6905,NA,10.00300000000000,10.11080000000000,9.94630000000000,10.21850000000000,10.2442,29335.5580,10.0788,0.1325,9.9463,0.2578,10.0932,0.5163,9.5769,-0.1214,29335.5580,NA,NA,NA
ZoomTracks.exe,30812,0x1C47021CD80,DXGI,0,512,1,Hardware: Independent Flip,29345.9873,NA,10.29680000000000,9.91770000000000,9.59140000000000,9.83990000000000,9.8651,29345.6368,9.9419,0.3505,9.5914,0.2722,9.9182,0.9374,8.9808,0.1611,29345.6368,NA,NA,NA
ZoomTracks.exe,30812,0x1C47021CD80,DXGI,0,512,1,Hardware: Independent Flip,29355.8855,NA,9.89820000000000,9.99090000000000,9.72960000000000,9.93650000000000,9.9578,29355.5787,10.0364,0.3068,9.7296,0.2485,9.9948,0.6535,9.3413,-0.0490,29355.5787,NA,NA,NA
ZoomTracks.exe,30812,0x1C47021CD80,DXGI,0,512,1,Hardware: Independent Flip,29365.8864,NA,10.00090000000000,10.05780000000000,9.69740000000000,9.91560000000000,10.0147,29365.6151,9.9687,0.2713,9.6974,0.2069,9.9800,0.6388,9.3412,-0.0214,29365.6151,NA,14.5576,14.5576
ZoomTracks.exe,30812,0x1C47021CD80,DXGI,0,512,1,Hardware: Independent Flip,29375.9189,NA,10.03250000000000,9.98530000000000,9.68040000000000,9.94860000000000,9.9675,29375.5838,10.0155,0.3351,9.6804,0.2182,10.0655,0.6884,9.3771,-0.0166,29375.5838,NA,NA,NA
ZoomTracks.exe,30812,0x1C47021CD80,DXGI,0,512,1,Hardware: Independent Flip,29385.9280,NA,10.00910000000000,9.99660000000000,9.65150000000000,9.92540000000000,9.9550,29385.5993,9.9802,0.3287,9.6515,0.2682,9.9859,0.7111,9.2748,0.0189,29385.5993,NA,NA,NA
ZoomTracks.exe,30812,0x1C47021CD80,DXGI,0,512,1,Hardware: Independent Flip,29395.9369,NA,10.00890000000000,9.92600000000000,9.63810000000000,9.85430000000000,9.8721,29395.5795,9.9955,0.3574,9.6381,0.2739,9.9378,0.6277,9.3101,0.0542,29395.5795,NA,NA,NA
ZoomTracks.exe,30812,0x1C47021CD80,DXGI,0,512,1,Hardware: Independent Flip,29405.8444,NA,9.90750000000000,10.12460000000000,9.74720000000000,10.06320000000000,10.0892,29405.5750,10.0166,0.2694,9.7472,0.2162,10.1164,0.7534,9.3630,-0.1291,29405.5750,NA,NA,NA
ZoomTracks.exe,30812,0x1C47021CD80,DXGI,0,512,1,Hardware: Independent Flip,29415.9174,NA,10.07300000000000,10.08400000000000,9.69460000000000,9.96030000000000,10.1002,29415.5916,10.0204,0.3258,9.6946,0.3160,9.9701,0.7400,9.2301,-0.0674,29415.5916,NA,NA,NA
ZoomTracks.exe,30812,0x1C47021CD80,DXGI,0,512,1,Hardware: Independent Flip,29426.0428,NA,10.12540000000000,9.82710000000000,9.51580000000000,9.79390000000000,9.8019,29425.6120,9.9466,0.4308,9.5158,0.2657,9.9590,0.6939,9.2651,0.1933,29425.6120,NA,NA,NA
ZoomTracks.exe,30812,0x1C47021CD80,DXGI,0,512,1,Hardware: Independent Flip,29435.6975,NA,9.65470000000000,10.03210000000000,9.88510000000000,10.15760000000000,10.1793,29435.5586,10.0240,0.1389,9.8851,0.2781,10.0184,0.4777,9.5407,-0.0855,29435.5586,NA,NA,NA
ZoomTracks.exe,30812,0x1C47021CD80,DXGI,0,512,1,Hardware: Independent Flip,29445.8971,NA,10.19960000000000,9.99300000000000,9.66010000000000,9.96580000000000,9.9727,29445.5826,9.9746,0.3145,9.6601,0.2725,10.0078,0.7048,9.3030,0.0310,29445.5826,NA,NA,NA
ZoomTracks.exe,30812,0x1C47021CD80,DXGI,0,512,1,Hardware: Independent Flip,29455.6996,NA,9.80250000000000,10.03980000000000,9.89380000000000,10.18840000000000,10.2100,29455.5572,10.0362,0.1424,9.8938,0.3057,10.0251,0.4926,9.5325,-0.0652,29455.5572,NA,26.5455,26.5455
ZoomTracks.exe,30812,0x1C47021CD80,DXGI,0,512,1,Hardware: Independent Flip,29465.9517,NA,10.25210000000000,10.01690000000000,9.63150000000000,9.94690000000000,9.9748,29465.5934,9.9898,0.3583,9.6315,0.2946,10.0106,0.7529,9.2577,0.0193,29465.5934,NA,NA,NA
ZoomTracks.exe,30812,0x1C47021CD80,DXGI,0,512,1,Hardware: Independent Flip,29475.7124,NA,9.76070000000000,9.88650000000000,9.85880000000000,10.08110000000000,10.1006,29475.5832,9.9880,0.1292,9.8588,0.3154,9.8949,0.6265,9.2684,0.1033,29475.5832,NA,NA,NA
ZoomTracks.exe,30812,0x1C47021CD80,DXGI,0,512,1,Hardware: Independent Flip,29485.8502,NA,10.13780000000000,10.08390000000000,9.73350000000000,10.02520000000000,10.0467,29485.5712,10.0125,0.2790,9.7335,0.2223,10.0819,0.7282,9.3537,-0.0959,29485.5712,NA,26.5352,26.5352
ZoomTracks.exe,30812,0x1C47021CD80,DXGI,0,512,1,Hardware: Independent Flip,29495.9393,NA,10.08910000000000,10.04630000000000,9.64440000000000,9.88710000000000,10.0039,29495.5837,10.0000,0.3556,9.6444,0.2917,9.9510,0.6508,9.3002,-0.0338,29495.5837,NA,NA,NA
ZoomTracks.exe,30812,0x1C47021CD80,DXGI,0,512,1,Hardware: Independent Flip,29505.9416,NA,10.00230000000000,9.96040000000000,9.63950000000000,9.93560000000000,9.9620,29505.5837,9.9974,0.3579,9.6395,0.2427,10.0508,0.7482,9.3026,0.0396,29505.5837,NA,NA,NA
ZoomTracks.exe,30812,0x1C47021CD80,DXGI,0,512,1,Hardware: Independent Flip,29515.7181,NA,9.77650000000000,9.94940000000000,9.86580000000000,10.11050000000000,10.1349,29515.5811,10.0028,0.1370,9.8658,0.2961,9.9514,0.6644,9.2870,0.0480,29515.5811,NA,NA,NA
ZoomTracks.exe,30812,0x1C47021CD80,DXGI,0,512,1,Hardware: Independent Flip,29525.7046,NA,9.98650000000000,10.08060000000000,9.88050000000000,10.19150000000000,10.2290,29525.5839,10.0012,0.1207,9.8805,0.2447,10.0675,0.7422,9.3253,-0.0778,29525.5839,NA,NA,NA
ZoomTracks.exe,30812,0x1C47021CD80,DXGI,0,512,1,Hardware: Independent Flip,29535.7220,NA,10.01740000000000,9.94790000000000,9.85940000000000,10.07340000000000,10.1595,29535.5851,9.9963,0.1369,9.8594,0.3110,9.8993,0.6284,9.2709,0.0533,29535.5851,NA,NA,NA
ZoomTracks.exe,30812,0x1C47021CD80,DXGI,0,512,1,Hardware: Independent Flip,29545.9043,NA,10.18230000000000,10.00840000000000,9.69080000000000,9.97720000000000,9.9856,29545.5814,10.0137,0.3229,9.6908,0.2140,10.0861,0.6994,9.3867,-0.0121,29545.5814,NA,21.5025,21.5025
ZoomTracks.exe,30812,0x1C47021CD80,DXGI,0,512,1,Hardware: Independent Flip,29555.7501,NA,9.84580000000000,9.99870000000000,9.81280000000000,10.03640000000000,10.1385,29555.5951,9.9678,0.1550,9.8128,0.2864,9.9050,0.3912,9.5138,0.0150,29555.5951,NA,NA,NA
ZoomTracks.exe,30812,0x1C47021CD80,DXGI,0,512,1,Hardware: Independent Flip,29565.8167,NA,10.06660000000000,10.00200000000000,9.76080000000000,10.04680000000000,10.0739,29565.5629,10.0146,0.2538,9.7608,0.2236,10.0770,0.6708,9.4062,-0.0342,29565.5629,NA,20.5315,20.5315
ZoomTracks.exe,30812,0x1C47021CD80,DXGI,0,512,1,Hardware: Independent Flip,29575.8889,NA,10.07220000000000,10.00510000000000,9.69230000000000,9.97380000000000,10.0068,29575.5775,10.0037,0.3114,9.6923,0.2860,9.9992,0.6963,9.3029,0.0095,29575.5775,NA,NA,NA
ZoomTracks.exe,30812,0x1C47021CD80,DXGI,0,512,1,Hardware: Independent Flip,29585.9133,NA,10.02440000000000,9.99620000000000,9.67290000000000,9.95640000000000,9.9786,29585.5812,10.0050,0.3321,9.6729,0.2815,10.0070,0.7102,9.2968,0.0075,29585.5812,NA,NA,NA
ZoomTracks.exe,30812,0x1C47021CD80,DXGI,0,512,1,Hardware: Independent Flip,29595.9170,NA,10.00370000000000,10.04440000000000,9.66690000000000,9.91420000000000,10.0193,29595.5862,9.9977,0.3308,9.6669,0.2835,9.9615,0.7111,9.2504,-0.0394,29595.5862,NA,NA,NA
ZoomTracks.exe,30812,0x1C47021CD80,DXGI,0,512,1,Hardware: Independent Flip,29605.7256,NA,9.80860000000000,9.92010000000000,9.86190000000000,10.10970000000000,10.1308,29605.5839,10.0036,0.1417,9.8619,0.2473,10.0041,0.7644,9.2397,0.0776,29605.5839,NA,NA,NA
ZoomTracks.exe,30812,0x1C47021CD80,DXGI,0,512,1,Hardware: Independent Flip,29615.8738,NA,10.14820000000000,10.03670000000000,9.70650000000000,9.98750000000000,10.0193,29615.5875,9.9928,0.2863,9.7065,0.2478,10.0260,0.6910,9.3350,-0.0331,29615.5875,NA,NA,NA
ZoomTracks.exe,30812,0x1C47021CD80,DXGI,0,512,1,Hardware: Independent Flip,29625.7058,NA,9.83200000000000,10.01290000000000,9.87350000000000,10.16080000000000,10.2002,29625.5803,9.9990,0.1255,9.8735,0.2810,10.0053,0.7013,9.3040,-0.0201,29625.5803,NA,NA,NA
ZoomTracks.exe,30812,0x1C47021CD80,DXGI,0,512,1,Hardware: Independent Flip,29635.7030,NA,9.99720000000000,9.90430000000000,9.87950000000000,10.08320000000000,10.1073,29635.5793,10.0032,0.1237,9.8795,0.2873,9.9196,0.6160,9.3036,0.0947,29635.5793,NA,NA,NA
ZoomTracks.exe,30812,0x1C47021CD80,DXGI,0,512,1,Hardware: Independent Flip,29645.8343,NA,10.13130000000000,10.04070000000000,9.74170000000000,9.94920000000000,10.0167,29645.5825,9.9935,0.2518,9.7417,0.2037,9.9973,0.6584,9.3389,-0.0375,29645.5825,NA,27.4978,27.4978
ZoomTracks.exe,30812,0x1C47021CD80,DXGI,0,512,1,Hardware: Independent Flip,29655.8112,NA,9.97690000000000,12.69390000000000,9.74410000000000,12.71720000000000,12.7337,29655.5760,9.9793,0.2352,9.7441,0.2075,12.7449,3.4023,9.3426,-2.7004,29655.5760,NA,NA,NA
ZoomTracks.exe,30812,0x1C47021CD80,DXGI,0,512,1,Hardware: Independent Flip,29665.7016,NA,9.89040000000000,7.33360000000000,9.90290000000000,10.09250000000000,10.1769,29665.5553,10.0492,0.1463,9.9029,2.9731,7.2657,0.3530,6.9127,2.6457,29665.5553,NA,27.5476,27.5476
ZoomTracks.exe,30812,0x1C47021CD80,DXGI,0,512,1,Hardware: Independent Flip,29675.9137,NA,10.21210000000000,13.29190000000000,9.66180000000000,13.24830000000000,13.2567,29675.6045,9.9710,0.3092,9.6618,0.1896,13.3679,4.0649,9.3030,-3.2427,29675.6045,NA,NA,NA
ZoomTracks.exe,30812,0x1C47021CD80,DXGI,0,512,1,Hardware: Independent Flip,29685.7567,NA,9.84300000000000,8.82610000000000,9.84620000000000,10.01260000000000,12.2398,29685.5755,10.0274,0.1812,9.8462,3.5865,6.6073,0.3091,6.2982,1.1449,29685.5755,NA,NA,NA
ZoomTracks.exe,30812,0x1C47021CD80,DXGI,0,512,1,Hardware: Independent Flip,29695.8137,NA,10.05700000000000,11.22730000000000,9.77100000000000,13.40180000000000,13.4101,29695.6029,9.9818,0.2108,9.7710,0.1664,13.4462,4.1381,9.3081,-1.1999,29695.6029,NA,NA,NA
ZoomTracks.exe,30812,0x1C47021CD80,DXGI,0,512,1,Hardware: Independent Flip,29705.7272,NA,9.91350000000000,9.65410000000000,9.85720000000000,10.08770000000000,13.1507,29705.5847,9.9997,0.1425,9.8572,3.6308,6.5994,0.3534,6.2460,0.3277,29705.5847,NA,NA,NA
ZoomTracks.exe,30812,0x1C47021CD80,DXGI,0,512,1,Hardware: Independent Flip,29715.8381,NA,10.11090000000000,10.28790000000000,9.73410000000000,13.32000000000000,13.3277,29715.5844,9.9878,0.2537,9.7341,0.2305,13.3432,4.0172,9.3260,-0.2882,29715.5844,NA,NA,NA
ZoomTracks.exe,30812,0x1C47021CD80,DXGI,0,512,1,Hardware: Independent Flip,29725.7019,NA,9.86380000000000,9.70870000000000,9.88370000000000,10.11890000000000,13.1726,29725.5722,10.0134,0.1297,9.8837,3.5859,6.6627,0.3578,6.3049,0.2791,29725.5722,NA,NA,NA
ZoomTracks.exe,30812,0x1C47021CD80,DXGI,0,512,1,Hardware: Independent Flip,29735.7116,NA,10.00970000000000,9.04420000000000,9.86400000000000,12.19990000000000,12.2071,29735.5856,9.9900,0.1260,9.8640,0.2352,12.0907,2.7715,9.3192,0.9692,29735.5856,NA,NA,NA
ZoomTracks.exe,30812,0x1C47021CD80,DXGI,0,512,1,Hardware: Independent Flip,29745.7349,NA,10.02330000000000,10.94380000000000,9.86310000000000,10.05000000000000,13.1276,29745.5756,10.0224,0.1593,9.8631,2.3359,7.8734,0.3566,7.5168,-0.9538,29745.5756,NA,24.5059,24.5059
ZoomTracks.exe,30812,0x1C47021CD80,DXGI,0,512,1,Hardware: Independent Flip,29755.8279,NA,10.09300000000000,6.98590000000000,9.72650000000000,9.92870000000000,10.0205,29755.5980,9.9564,0.2299,9.7265,0.1869,9.9717,0.6174,9.3543,3.0365,29755.5980,NA,NA,NA
ZoomTracks.exe,30812,0x1C47021CD80,DXGI,0,512,1,Hardware: Independent Flip,29765.7853,NA,9.95740000000000,13.94640000000000,9.80580000000000,10.94700000000000,14.0095,29765.5544,10.0367,0.2309,9.8058,0.2022,10.9757,1.4599,9.5158,-3.9900,29765.5544,NA,NA,NA
ZoomTracks.exe,30812,0x1C47021CD80,DXGI,0,512,1,Hardware: Independent Flip,29775.7364,NA,9.95110000000000,6.04630000000000,9.81560000000000,10.04070000000000,10.1047,29775.5911,9.9609,0.1453,9.8156,1.1412,9.0448,0.3818,8.6630,3.9904,29775.5911,NA,NA,NA
ZoomTracks.exe,30812,0x1C47021CD80,DXGI,0,512,1,Hardware: Independent Flip,29785.6975,NA,9.96110000000000,12.87150000000000,9.86240000000000,10.97020000000000,13.0151,29785.5520,10.0079,0.1455,9.8624,0.2251,10.8906,1.3424,9.5482,-2.9106,29785.5520,NA,NA,NA
ZoomTracks.exe,30812,0x1C47021CD80,DXGI,0,512,1,Hardware: Independent Flip,29795.7220,NA,10.02450000000000,7.23290000000000,9.86880000000000,10.19410000000000,10.2235,29795.5599,10.0309,0.1621,9.8688,1.1078,9.2484,0.5477,8.7007,2.7750,29795.5599,NA,NA,NA
ZoomTracks.exe,30812,0x1C47021CD80,DXGI,0,512,1,Hardware: Independent Flip,29805.7405,NA,10.01850000000000,11.66190000000000,9.86180000000000,10.97470000000000,11.8669,29805.5908,10.0115,0.1497,9.8618,0.3253,10.7991,1.5362,9.2629,-1.6310,29805.5908,NA,NA,NA
ZoomTracks.exe,30812,0x1C47021CD80,DXGI,0,512,1,Hardware: Independent Flip,29815.7600,NA,10.01950000000000,8.80440000000000,9.84300000000000,10.29460000000000,10.6518,29815.6023,10.0007,0.1577,9.8430,1.1129,9.3394,0.6692,8.6702,1.2071,29815.6023,NA,NA,NA
ZoomTracks.exe,30812,0x1C47021CD80,DXGI,0,512,1,Hardware: Independent Flip,29825.7608,NA,10.00080000000000,10.31930000000000,9.81930000000000,10.96340000000000,10.9703,29825.6030,9.9771,0.1578,9.8193,0.4516,10.6696,1.6038,9.0658,-0.3186,29825.6030,NA,NA,NA
ZoomTracks.exe,30812,0x1C47021CD80,DXGI,0,512,1,Hardware: Independent Flip,29835.7299,NA,9.96910000000000,10.24030000000000,9.85630000000000,10.12810000000000,11.2415,29835.5801,10.0061,0.1498,9.8563,1.1441,9.1338,0.4540,8.6798,-0.2632,29835.5801,NA,NA,NA
ZoomTracks.exe,30812,0x1C47021CD80,DXGI,0,512,1,Hardware: Independent Flip,29845.7374,NA,10.00750000000000,9.82300000000000,9.84310000000000,11.04870000000000,11.0570,29845.5862,9.9943,0.1512,9.8431,0.2718,10.9281,1.6314,9.2967,0.1831,29845.5862,NA,29.4536,29.4536
ZoomTracks.exe,30812,0x1C47021CD80,DXGI,0,512,1,Hardware: Independent Flip,29855.7473,NA,10.00990000000000,9.90290000000000,9.83950000000000,10.02940000000000,10.9500,29855.5805,10.0063,0.1668,9.8395,1.2056,8.9906,0.3043,8.6863,0.0914,29855.5805,NA,NA,NA
ZoomTracks.exe,30812,0x1C47021CD80,DXGI,0,512,1,Hardware: Independent Flip,29865.8236,NA,10.07630000000000,10.02070000000000,9.76110000000000,10.88680000000000,10.8944,29865.5868,9.9979,0.2368,9.7611,0.1899,10.9337,1.5083,9.4254,-0.0144,29865.5868,NA,28.3757,28.3757
ZoomTracks.exe,30812,0x1C47021CD80,DXGI,0,512,1,Hardware: Independent Flip,29875.7194,NA,9.89580000000000,10.00690000000000,9.82060000000000,10.03660000000000,11.0055,29875.5847,9.9553,0.1347,9.8206,1.1257,9.0456,0.3719,8.6737,-0.0090,29875.5847,NA,NA,NA
ZoomTracks.exe,30812,0x1C47021CD80,DXGI,0,512,1,Hardware: Independent Flip,29885.6621,NA,9.94270000000000,10.00030000000000,9.95010000000000,11.05530000000000,11.0631,29885.5400,10.0722,0.1221,9.9501,0.2160,10.9614,1.3540,9.6074,-0.0450,29885.5400,NA,NA,NA
ZoomTracks.exe,30812,0x1C47021CD80,DXGI,0,512,1,Hardware: Independent Flip,29895.7692,NA,10.10710000000000,10.06620000000000,9.82110000000000,10.06320000000000,11.0222,29895.6122,9.9781,0.1570,9.8211,1.1052,9.1150,0.3830,8.7320,0.0060,29895.6122,NA,NA,NA
ZoomTracks.exe,30812,0x1C47021CD80,DXGI,0,512,1,Hardware: Independent Flip,29905.8594,NA,10.09020000000000,9.99450000000000,9.71670000000000,10.91850000000000,10.9265,29905.5903,9.9858,0.2691,9.7167,0.2421,10.9455,1.6062,9.3393,-0.0164,29905.5903,NA,NA,NA
ZoomTracks.exe,30812,0x1C47021CD80,DXGI,0,512,1,Hardware: Independent Flip,29915.7202,NA,9.86080000000000,9.93550000000000,9.88190000000000,10.07310000000000,11.0012,29915.5761,10.0260,0.1441,9.8819,1.2018,9.0154,0.3287,8.6867,0.0503,29915.5761,NA,NA,NA
ZoomTracks.exe,30812,0x1C47021CD80,DXGI,0,512,1,Hardware: Independent Flip,29925.8361,NA,10.11590000000000,10.02330000000000,9.75110000000000,10.90150000000000,10.9086,29925.6021,9.9851,0.2340,9.7511,0.1912,10.9443,1.6014,9.3429,0.0027,29925.6021,NA,NA,NA
ZoomTracks.exe,30812,0x1C47021CD80,DXGI,0,512,1,Hardware: Independent Flip,29935.7460,NA,9.90990000000000,9.98690000000000,9.83380000000000,10.01360000000000,10.9856,29935.5872,9.9926,0.1588,9.8338,1.1504,9.0220,0.3600,8.6620,-0.0018,29935.5872,NA,NA,NA
ZoomTracks.exe,30812,0x1C47021CD80,DXGI,0,512,1,Hardware: Independent Flip,29945.8015,NA,10.05550000000000,9.13490000000000,9.78730000000000,10.03650000000000,10.0650,29945.5798,10.0090,0.2217,9.7873,0.1798,10.0784,0.6450,9.4334,0.8577,29945.5798,NA,19.5313,19.5313
ZoomTracks.exe,30812,0x1C47021CD80,DXGI,0,512,1,Hardware: Independent Flip,29955.7197,NA,9.91820000000000,10.40530000000000,9.86070000000000,10.03250000000000,10.5521,29955.5888,9.9916,0.1309,9.8607,0.2492,9.9142,0.5854,9.3288,-0.3963,29955.5888,NA,NA,NA
ZoomTracks.exe,30812,0x1C47021CD80,DXGI,0,512,1,Hardware: Independent Flip,29965.7960,NA,10.07630000000000,9.54760000000000,9.77730000000000,10.00710000000000,10.0234,29965.5804,9.9929,0.2156,9.7773,0.1718,10.0509,0.5588,9.4921,0.4440,29965.5804,NA,NA,NA
ZoomTracks.exe,30812,0x1C47021CD80,DXGI,0,512,1,Hardware: Independent Flip,29975.8536,NA,10.05760000000000,10.04900000000000,9.71360000000000,9.93620000000000,10.0148,29975.5733,9.9939,0.2803,9.7136,0.2298,9.9867,0.6399,9.3468,-0.0561,29975.5733,NA,NA,NA
ZoomTracks.exe,30812,0x1C47021CD80,DXGI,0,512,1,Hardware: Independent Flip,29985.8216,NA,9.96800000000000,9.90040000000000,9.76870000000000,9.93940000000000,9.9472,29985.5672,10.0231,0.2544,9.7687,0.2226,9.9712,0.5543,9.4169,0.0935,29985.5672,NA,NA,NA
ZoomTracks.exe,30812,0x1C47021CD80,DXGI,0,512,1,Hardware: Independent Flip,29995.8168,NA,9.99520000000000,10.07030000000000,9.74160000000000,10.01350000000000,10.0223,29995.5903,9.9681,0.2265,9.7416,0.1707,10.0693,0.6730,9.3963,-0.0472,29995.5903,NA,NA,NA
ZoomTracks.exe,30812,0x1C47021CD80,DXGI,0,512,1,Hardware: Independent Flip,30005.8892,NA,10.07240000000000,10.04950000000000,9.69170000000000,9.97680000000000,9.9994,30005.5584,10.0225,0.3308,9.6917,0.2719,10.0357,0.6950,9.3407,-0.0814,30005.5584,NA,NA,NA
ZoomTracks.exe,30812,0x1C47021CD80,DXGI,0,512,1,Hardware: Independent Flip,30015.9034,NA,10.01420000000000,9.96210000000000,9.70800000000000,9.92580000000000,9.9473,30015.5809,10.0305,0.3225,9.7080,0.2851,9.9632,0.6755,9.2877,0.0604,30015.5809,NA,NA,NA
ZoomTracks.exe,30812,0x1C47021CD80,DXGI,0,512,1,Hardware: Independent Flip,30025.8724,NA,9.96900000000000,10.03170000000000,9.70200000000000,9.90070000000000,10.0100,30025.6114,9.9630,0.2610,9.7020,0.2178,9.9439,0.6112,9.3327,-0.0012,30025.6114,NA,22.5237,22.5237
ZoomTracks.exe,30812,0x1C47021CD80,DXGI,0,512,1,Hardware: Independent Flip,30035.7956,NA,9.92320000000000,10.04820000000000,9.80080000000000,10.10740000000000,10.1350,30035.5744,10.0220,0.2212,9.8008,0.1987,10.1299,0.6945,9.4354,-0.0852,30035.5744,NA,NA,NA
ZoomTracks.exe,30812,0x1C47021CD80,DXGI,0,512,1,Hardware: Independent Flip,30045.7413,NA,9.94570000000000,9.98940000000000,9.84260000000000,10.15110000000000,10.1787,30045.5964,9.9875,0.1449,9.8426,0.3066,9.9894,0.7209,9.2685,0.0326,30045.5964,NA,NA,NA
ZoomTracks.exe,30812,0x1C47021CD80,DXGI,0,512,1,Hardware: Independent Flip,30055.7309,NA,9.98960000000000,9.92930000000000,9.86560000000000,10.09880000000000,10.1184,30055.5839,10.0126,0.1470,9.8656,0.3085,9.9373,0.6560,9.2813,0.0582,30055.5839,NA,NA,NA
ZoomTracks.exe,30812,0x1C47021CD80,DXGI,0,512,1,Hardware: Independent Flip,30065.8870,NA,10.15610000000000,10.01460000000000,9.69520000000000,9.89140000000000,9.9769,30065.5965,9.9857,0.2905,9.6952,0.2332,9.9487,0.6313,9.3174,-0.0020,30065.5965,NA,19.5107,19.5107
ZoomTracks.exe,30812,0x1C47021CD80,DXGI,0,512,1,Hardware: Independent Flip,30075.8817,NA,9.99470000000000,10.00130000000000,9.67610000000000,9.97140000000000,9.9835,30075.5822,9.9756,0.2995,9.6761,0.1962,10.0747,0.7390,9.3357,-0.0156,30075.5822,NA,NA,NA
ZoomTracks.exe,30812,0x1C47021CD80,DXGI,0,512,1,Hardware: Independent Flip,30085.7111,NA,9.82940000000000,9.99590000000000,9.86840000000000,10.12620000000000,10.1500,30085.5578,10.0217,0.1533,9.8684,0.2953,9.9842,0.7206,9.2636,-0.0203,30085.5578,NA,NA,NA
ZoomTracks.exe,30812,0x1C47021CD80,DXGI,0,512,1,Hardware: Independent Flip,30095.8780,NA,10.16690000000000,10.01040000000000,9.68310000000000,9.98450000000000,9.9935,30095.5795,9.9816,0.2985,9.6831,0.2578,10.0252,0.6920,9.3332,0.0113,30095.5795,NA,NA,NA
ZoomTracks.exe,30812,0x1C47021CD80,DXGI,0,512,1,Hardware: Independent Flip,30105.7265,NA,9.84850000000000,10.01450000000000,9.85260000000000,10.13530000000000,10.1595,30105.5611,10.0180,0.1654,9.8526,0.3014,9.9993,0.7455,9.2538,-0.0329,30105.5611,NA,NA,NA
ZoomTracks.exe,30812,0x1C47021CD80,DXGI,0,512,1,Hardware: Independent Flip,30115.6981,NA,9.97160000000000,9.96810000000000,9.88300000000000,10.13310000000000,10.1560,30115.5791,10.0020,0.1190,9.8830,0.2827,9.9694,0.6502,9.3192,0.0499,30115.5791,NA,NA,NA
ZoomTracks.exe,30812,0x1C47021CD80,DXGI,0,512,1,Hardware: Independent Flip,30125.8543,NA,10.15620000000000,10.02820000000000,9.73020000000000,10.00760000000000,10.0280,30125.5811,10.0034,0.2732,9.7302,0.2501,10.0307,0.6928,9.3379,-0.0262,30125.5811,NA,28.5380,28.5380
ZoomTracks.exe,30812,0x1C47021CD80,DXGI,0,512,1,Hardware: Independent Flip,30135.9180,NA,10.06370000000000,10.15690000000000,9.65190000000000,10.09340000000000,10.1212,30135.5845,9.9854,0.3335,9.6519,0.2774,10.1495,0.8545,9.2950,-0.1535,30135.5845,NA,26.6853,26.6853
ZoomTracks.exe,30812,0x1C47021CD80,DXGI,0,512,1,Hardware: Independent Flip,30145.7100,NA,9.79200000000000,9.84510000000000,9.87420000000000,10.14700000000000,10.1743,30145.5699,10.0143,0.1401,9.8742,0.4415,9.8456,0.6804,9.1652,0.1403,30145.5699,NA,NA,NA
ZoomTracks.exe,30812,0x1C47021CD80,DXGI,0,512,1,Hardware: Independent Flip,30155.7127,NA,10.00270000000000,9.99250000000000,9.87160000000000,10.13560000000000,10.1641,30155.5842,10.0001,0.1285,9.8716,0.2728,9.9913,0.6657,9.3256,0.0218,30155.5842,NA,NA,NA
ZoomTracks.exe,30812,0x1C47021CD80,DXGI,0,512,1,Hardware: Independent Flip,30165.7081,NA,9.99540000000000,10.45250000000000,9.87150000000000,10.23140000000000,10.6212,30165.5843,9.9953,0.1238,9.8715,0.2640,10.0912,0.7624,9.3288,-0.4524,30165.5843,NA,NA,NA
ZoomTracks.exe,30812,0x1C47021CD80,DXGI,0,512,1,Hardware: Independent Flip,30175.7129,NA,10.00480000000000,9.55600000000000,9.85420000000000,10.15100000000000,10.1724,30175.5796,9.9875,0.1333,9.8542,0.3599,9.9244,0.7738,9.1506,0.4393,30175.5796,NA,NA,NA
ZoomTracks.exe,30812,0x1C47021CD80,DXGI,0,512,1,Hardware: Independent Flip,30185.9609,NA,10.24800000000000,9.94210000000000,9.62010000000000,9.84680000000000,9.8665,30185.5671,10.0139,0.3938,9.6201,0.2968,9.9438,0.6520,9.2918,0.0454,30185.5671,NA,NA,NA
ZoomTracks.exe,30812,0x1C47021CD80,DXGI,0,512,1,Hardware: Independent Flip,30195.8697,NA,9.90880000000000,11.76420000000000,9.68410000000000,11.57300000000000,11.7219,30195.5810,9.9728,0.2887,9.6841,0.2267,11.6350,2.2776,9.3574,-1.7503,30195.5810,NA,NA,NA
ZoomTracks.exe,30812,0x1C47021CD80,DXGI,0,512,1,Hardware: Independent Flip,30205.6945,NA,9.82480000000000,8.32330000000000,9.90200000000000,10.20090000000000,10.2204,30205.5538,10.0427,0.1407,9.9020,1.8889,8.4527,0.5834,7.8693,1.6495,30205.5538,NA,NA,NA
ZoomTracks.exe,30812,0x1C47021CD80,DXGI,0,512,1,Hardware: Independent Flip,30215.9585,NA,10.26400000000000,11.57020000000000,9.61370000000000,11.51840000000000,11.5266,30215.5965,9.9757,0.3620,9.6137,0.2989,11.5815,2.3059,9.2756,-1.5275,30215.5965,NA,25.1151,25.1151
ZoomTracks.exe,30812,0x1C47021CD80,DXGI,0,512,1,Hardware: Independent Flip,30225.7065,NA,9.74800000000000,9.95640000000000,9.88740000000000,10.10760000000000,11.7350,30225.5722,10.0217,0.1343,9.8874,1.9047,8.3372,0.4210,7.9162,0.0193,30225.5722,NA,NA,NA
ZoomTracks.exe,30812,0x1C47021CD80,DXGI,0,512,1,Hardware: Independent Flip,30235.8396,NA,10.13310000000000,9.98940000000000,9.74550000000000,11.58390000000000,11.5913,30235.5939,9.9912,0.2457,9.7455,0.2202,11.6094,2.2434,9.3660,0.0323,30235.5939,NA,NA,NA
ZoomTracks.exe,30812,0x1C47021CD80,DXGI,0,512,1,Hardware: Independent Flip,30245.7297,NA,9.89010000000000,10.88190000000000,10.01680000000000,10.15260000000000,12.5831,30245.5851,10.1614,0.1446,10.0168,1.8384,8.4588,0.4426,8.0162,-0.8907,30245.5851,NA,23.9488,23.9488
ZoomTracks.exe,30812,0x1C47021CD80,DXGI,0,512,1,Hardware: Independent Flip,30256.1091,NA,10.37940000000000,9.16080000000000,9.47840000000000,11.35710000000000,11.3645,30255.7465,9.8410,0.3626,9.4784,0.1358,11.5839,2.3998,9.1841,1.0006,30255.7465,NA,NA,NA
ZoomTracks.exe,30812,0x1C47021CD80,DXGI,0,512,1,Hardware: Independent Flip,30265.7382,NA,9.62910000000000,10.42560000000000,9.84970000000000,10.09780000000000,12.1610,30265.5875,10.0004,0.1507,9.8497,1.8787,8.3698,0.4371,7.9327,-0.5846,30265.5875,NA,NA,NA
ZoomTracks.exe,30812,0x1C47021CD80,DXGI,0,512,1,Hardware: Independent Flip,30275.8777,NA,10.13950000000000,9.59020000000000,9.71160000000000,11.60240000000000,11.6117,30275.5879,10.0014,0.2898,9.7116,0.2481,11.6441,2.3209,9.3232,0.4102,30275.5879,NA,NA,NA
ZoomTracks.exe,30812,0x1C47021CD80,DXGI,0,512,1,Hardware: Independent Flip,30285.7348,NA,9.85710000000000,9.75730000000000,9.86750000000000,10.08770000000000,11.5119,30285.5893,10.0130,0.1455,9.8675,1.8908,8.3424,0.3634,7.9790,0.2441,30285.5893,NA,NA,NA
ZoomTracks.exe,30812,0x1C47021CD80,DXGI,0,512,1,Hardware: Independent Flip,30295.7409,NA,10.00610000000000,10.21790000000000,9.81160000000000,11.71520000000000,11.7237,30295.6023,9.9502,0.1386,9.8116,0.2202,11.6336,2.2861,9.3475,-0.2049,30295.6023,NA,NA,NA
ZoomTracks.exe,30812,0x1C47021CD80,DXGI,0,512,1,Hardware: Independent Flip,30305.7042,NA,9.96330000000000,9.69470000000000,9.91370000000000,10.14100000000000,11.4551,30305.5525,10.0654,0.1517,9.9137,1.9036,8.3891,0.3991,7.9900,0.2555,30305.5525,NA,NA,NA
ZoomTracks.exe,30812,0x1C47021CD80,DXGI,0,512,1,Hardware: Independent Flip,30315.7840,NA,10.07980000000000,11.41330000000000,9.80840000000000,12.78070000000000,12.7886,30315.6179,9.9745,0.1661,9.8084,0.2273,12.7195,3.4079,9.3116,-1.3479,30315.6179,NA,NA,NA
ZoomTracks.exe,30812,0x1C47021CD80,DXGI,0,512,1,Hardware: Independent Flip,30325.7389,NA,9.95490000000000,8.77910000000000,9.84580000000000,10.01890000000000,11.6128,30325.5924,9.9923,0.1465,9.8458,2.9723,7.1931,0.2954,6.8977,1.1954,30325.5924,NA,21.9718,21.9718
ZoomTracks.exe,30812,0x1C47021CD80,DXGI,0,512,1,Hardware: Independent Flip,30335.8012,NA,10.06230000000000,10.01550000000000,9.77810000000000,11.55820000000000,11.5660,30335.5847,9.9946,0.2165,9.7781,0.1731,11.6016,2.2402,9.3614,-0.0232,30335.5847,NA,NA,NA
ZoomTracks.exe,30812,0x1C47021CD80,DXGI,0,512,1,Hardware: Independent Flip,30345.7255,NA,9.92430000000000,11.35580000000000,9.85470000000000,10.08170000000000,12.9975,30345.5793,10.0009,0.1462,9.8547,1.7801,8.4478,0.4096,8.0382,-1.3612,30345.5793,NA,29.3654,29.3654
ZoomTracks.exe,30812,0x1C47021CD80,DXGI,0,512,1,Hardware: Independent Flip,30355.7096,NA,9.98410000000000,7.13990000000000,9.88130000000000,10.13140000000000,10.1533,30355.5802,10.0107,0.1294,9.8813,0.2270,10.0338,0.6904,9.3434,2.8610,30355.5802,NA,NA,NA
ZoomTracks.exe,30812,0x1C47021CD80,DXGI,0,512,1,Hardware: Independent Flip,30365.8800,NA,10.17040000000000,12.21090000000000,9.70170000000000,9.92070000000000,12.1938,30365.5909,9.9908,0.2891,9.7017,0.2501,9.9597,0.6587,9.3010,-2.2002,30365.5909,NA,NA,NA
ZoomTracks.exe,30812,0x1C47021CD80,DXGI,0,512,1,Hardware: Independent Flip,30375.8392,NA,9.95920000000000,9.36150000000000,9.74710000000000,11.58900000000000,11.5961,30375.5817,10.0046,0.2575,9.7471,0.2190,11.6275,2.2816,9.3459,0.6293,30375.5817,NA,NA,NA
ZoomTracks.exe,30812,0x1C47021CD80,DXGI,0,512,1,Hardware: Independent Flip,30385.7468,NA,9.90760000000000,9.34600000000000,9.84300000000000,10.07430000000000,11.0345,30385.5863,10.0035,0.1605,9.8430,1.8419,8.3929,0.3569,8.0360,0.6586,30385.5863,NA,NA,NA
ZoomTracks.exe,30812,0x1C47021CD80,DXGI,0,512,1,Hardware: Independent Flip,30395.7173,NA,9.97050000000000,10.63480000000000,9.83830000000000,11.69110000000000,11.6988,30395.5898,9.9658,0.1275,9.8383,0.2313,11.5873,2.2438,9.3435,-0.6313,30395.5898,NA,NA,NA
ZoomTracks.exe,30812,0x1C47021CD80,DXGI,0,512,1,Hardware: Independent Flip,30405.6984,NA,9.98110000000000,9.34140000000000,9.86110000000000,10.13260000000000,11.0591,30405.5556,10.0039,0.1428,9.8611,1.8528,8.4226,0.4367,7.9859,0.6244,30405.5556,NA,NA,NA
ZoomTracks.exe,30812,0x1C47021CD80,DXGI,0,512,1,Hardware: Independent Flip,30415.6887,NA,9.99030000000000,10.64860000000000,9.94170000000000,11.70960000000000,11.7174,30415.5595,10.0709,0.1292,9.9417,0.2715,11.5673,2.0730,9.4943,-0.6447,30415.5595,NA,NA,NA
ZoomTracks.exe,30812,0x1C47021CD80,DXGI,0,512,1,Hardware: Independent Flip,30425.7827,NA,10.09400000000000,10.06840000000000,9.80970000000000,10.04750000000000,11.6918,30425.6304,9.9620,0.1523,9.8097,1.7679,8.4319,0.4346,7.9973,0.0025,30425.6304,NA,29.1298,29.1298
ZoomTracks.exe,30812,0x1C47021CD80,DXGI,0,512,1,Hardware: Independent Flip,30435.7328,NA,9.95010000000000,10.03100000000000,9.84510000000000,11.76530000000000,11.7727,30435.5924,9.9855,0.1404,9.8451,0.2378,11.6679,2.3300,9.3379,-0.0690,30435.5924,NA,22.1536,22.1536
ZoomTracks.exe,30812,0x1C47021CD80,DXGI,0,512,1,Hardware: Independent Flip,30445.7245,NA,9.99170000000000,10.30530000000000,9.86710000000000,10.13950000000000,12.0863,30445.5779,10.0137,0.1466,9.8671,1.9202,8.3659,0.4025,7.9634,-0.3198,30445.5779,NA,NA,NA
ZoomTracks.exe,30812,0x1C47021CD80,DXGI,0,512,1,Hardware: Independent Flip,30455.7442,NA,10.01970000000000,8.95080000000000,9.85050000000000,11.00070000000000,11.0174,30455.5916,10.0031,0.1526,9.8505,0.2724,10.8809,1.5771,9.3038,1.0629,30455.5916,NA,NA,NA
ZoomTracks.exe,30812,0x1C47021CD80,DXGI,0,512,1,Hardware: Independent Flip,30465.7530,NA,10.00880000000000,10.83230000000000,9.83450000000000,10.05250000000000,11.8409,30465.5947,9.9928,0.1583,9.8345,1.1502,9.0606,0.4124,8.6482,-0.8292,30465.5947,NA,NA,NA
ZoomTracks.exe,30812,0x1C47021CD80,DXGI,0,512,1,Hardware: Independent Flip,30475.8225,NA,10.06950000000000,9.91660000000000,9.81390000000000,11.67900000000000,11.6880,30475.5875,10.0489,0.2350,9.8139,0.2180,11.6960,2.3551,9.3409,0.0762,30475.5875,NA,NA,NA
ZoomTracks.exe,30812,0x1C47021CD80,DXGI,0,512,1,Hardware: Independent Flip,30485.7859,NA,9.96340000000000,9.18540000000000,9.79850000000000,10.06510000000000,10.9100,30485.6364,9.9480,0.1495,9.7985,1.8651,8.3495,0.3918,7.9577,0.8635,30485.6364,NA,NA,NA
ZoomTracks.exe,30812,0x1C47021CD80,DXGI,0,512,1,Hardware: Independent Flip,30495.8966,NA,10.11070000000000,9.16350000000000,9.67280000000000,9.93800000000000,9.9628,30495.5844,9.9850,0.3122,9.6728,0.2666,9.9836,0.6749,9.3087,0.7845,30495.5844,NA,NA,NA
ZoomTracks.exe,30812,0x1C47021CD80,DXGI,0,512,1,Hardware: Independent Flip,30505.6894,NA,9.79280000000000,11.11510000000000,9.87210000000000,10.10580000000000,11.2851,30505.5694,9.9921,0.1200,9.8721,0.2652,9.9606,0.6157,9.3449,-1.1301,30505.5694,NA,NA,NA
ZoomTracks.exe,30812,0x1C47021CD80,DXGI,0,512,1,Hardware: Independent Flip,30515.8266,NA,10.13720000000000,8.92320000000000,9.75300000000000,10.06300000000000,10.0711,30515.5615,10.0181,0.2651,9.7530,0.2337,10.0944,0.6757,9.4187,1.0689,30515.5615,NA,NA,NA
ZoomTracks.exe,30812,0x1C47021CD80,DXGI,0,512,1,Hardware: Independent Flip,30525.7112,NA,9.88460000000000,10.06280000000000,9.84970000000000,10.04420000000000,10.2493,30525.5796,9.9813,0.1316,9.8497,0.3100,9.8658,0.3544,9.5114,-0.0447,30525.5796,NA,26.5882,26.5882
ZoomTracks.exe,30812,0x1C47021CD80,DXGI,0,512,1,Hardware: Independent Flip,30535.7815,NA,10.07030000000000,10.37460000000000,9.79630000000000,10.09350000000000,10.5536,30535.5609,10.0169,0.2206,9.7963,0.1945,10.1196,0.6741,9.4455,-0.3933,30535.5609,NA,24.9726,24.9726
ZoomTracks.exe,30812,0x1C47021CD80,DXGI,0,512,1,Hardware: Independent Flip,30545.7345,NA,9.95300000000000,9.51070000000000,9.84710000000000,10.09190000000000,10.1113,30545.5778,10.0038,0.1567,9.8471,0.2972,9.9514,0.4519,9.4995,0.5062,30545.5778,NA,NA,NA
ZoomTracks.exe,30812,0x1C47021CD80,DXGI,0,512,1,Hardware: Independent Flip,30555.8831,NA,10.14860000000000,10.04840000000000,9.70310000000000,9.98450000000000,10.0111,30555.5816,10.0046,0.3015,9.7031,0.2448,10.0412,0.7305,9.3107,-0.0446,30555.5816,NA,NA,NA
ZoomTracks.exe,30812,0x1C47021CD80,DXGI,0,512,1,Hardware: Independent Flip,30565.9187,NA,10.03560000000000,9.95090000000000,9.67500000000000,9.90730000000000,9.9264,30565.5862,10.0075,0.3325,9.6750,0.2814,9.9584,0.6920,9.2664,0.0537,30565.5862,NA,NA,NA
ZoomTracks.exe,30812,0x1C47021CD80,DXGI,0,512,1,Hardware: Independent Flip,30575.8813,NA,9.96260000000000,10.02460000000000,9.70540000000000,9.96290000000000,9.9884,30575.5937,9.9930,0.2876,9.7054,0.2323,10.0182,0.6737,9.3445,-0.0171,30575.5937,NA,NA,NA
ZoomTracks.exe,30812,0x1C47021CD80,DXGI,0,512,1,Hardware: Independent Flip,30585.8687,NA,9.98740000000000,10.06410000000000,9.71270000000000,10.02690000000000,10.0651,30585.5867,9.9947,0.2820,9.7127,0.2575,10.0514,0.7024,9.3490,-0.0711,30585.5867,NA,NA,NA
ZoomTracks.exe,30812,0x1C47021CD80,DXGI,0,512,1,Hardware: Independent Flip,30595.9629,NA,10.09420000000000,9.98570000000000,9.61240000000000,9.94820000000000,9.9566,30595.5814,9.9939,0.3815,9.6124,0.3142,10.0155,0.7499,9.2656,0.0090,30595.5814,NA,NA,NA
ZoomTracks.exe,30812,0x1C47021CD80,DXGI,0,512,1,Hardware: Independent Flip,30605.7234,NA,9.76050000000000,9.95860000000000,9.83330000000000,10.04770000000000,10.1547,30605.5753,9.9814,0.1481,9.8333,0.3358,9.8600,0.3746,9.4854,0.0353,30605.5753,NA,21.5206,21.5206
ZoomTracks.exe,30812,0x1C47021CD80,DXGI,0,512,1,Hardware: Independent Flip,30615.7165,NA,9.99310000000000,9.98010000000000,9.87010000000000,10.11830000000000,10.1417,30615.5567,10.0299,0.1598,9.8701,0.2144,10.0637,0.5716,9.4921,0.0013,30615.5567,NA,NA,NA
ZoomTracks.exe,30812,0x1C47021CD80,DXGI,0,512,1,Hardware: Independent Flip,30625.8790,NA,10.16250000000000,10.04570000000000,9.67790000000000,9.89940000000000,10.0249,30625.5866,9.9703,0.2924,9.6779,0.2482,9.9436,0.5603,9.3833,-0.0158,30625.5866,NA,NA,NA
ZoomTracks.exe,30812,0x1C47021CD80,DXGI,0,512,1,Hardware: Independent Flip,30635.8051,NA,9.92610000000000,9.96860000000000,9.78830000000000,10.05990000000000,10.0674,30635.5569,10.0365,0.2482,9.7883,0.2215,10.0866,0.6595,9.4271,0.0017,30635.5569,NA,23.4933,23.4933
ZoomTracks.exe,30812,0x1C47021CD80,DXGI,0,512,1,Hardware: Independent Flip,30645.7245,NA,9.91940000000000,9.96810000000000,9.90910000000000,10.10730000000000,10.1161,30645.5934,10.0402,0.1311,9.9091,0.2716,9.9668,0.6100,9.3568,0.0684,30645.5934,NA,NA,NA
ZoomTracks.exe,30812,0x1C47021CD80,DXGI,0,512,1,Hardware: Independent Flip,30655.8902,NA,10.16570000000000,9.98640000000000,9.69020000000000,9.93000000000000,9.9368,30655.6336,9.9468,0.2566,9.6902,0.1982,9.9884,0.6668,9.3216,0.0538,30655.6336,NA,NA,NA
ZoomTracks.exe,30812,0x1C47021CD80,DXGI,0,512,1,Hardware: Independent Flip,30665.8704,NA,9.98020000000000,10.02970000000000,9.71910000000000,9.96500000000000,9.9863,30665.5804,10.0091,0.2900,9.7191,0.2398,10.0152,0.6998,9.3154,-0.0829,30665.5804,NA,NA,NA
ZoomTracks.exe,30812,0x1C47021CD80,DXGI,0,512,1,Hardware: Independent Flip,30675.8951,NA,10.02470000000000,10.09520000000000,9.70680000000000,10.01470000000000,10.0568,30675.5895,10.0124,0.3056,9.7068,0.2459,10.0744,0.7611,9.3133,-0.0861,30675.5895,NA,NA,NA
ZoomTracks.exe,30812,0x1C47021CD80,DXGI,0,512,1,Hardware: Independent Flip,30685.9753,NA,10.08020000000000,9.93380000000000,9.61150000000000,9.88820000000000,9.9104,30685.6019,9.9849,0.3734,9.6115,0.3079,9.9537,0.7102,9.2435,0.0786,30685.6019,NA,NA,NA
ZoomTracks.exe,30812,0x1C47021CD80,DXGI,0,512,1,Hardware: Independent Flip,30695.9018,NA,9.92650000000000,10.00390000000000,9.68480000000000,9.96740000000000,9.9878,30695.5868,9.9998,0.3150,9.6848,0.2767,10.0057,0.7314,9.2743,-0.0190,30695.5868,NA,NA,NA
ZoomTracks.exe,30812,0x1C47021CD80,DXGI,0,512,1,Hardware: Independent Flip,30705.9301,NA,10.02830000000000,10.00660000000000,9.66080000000000,9.94770000000000,9.9661,30705.5866,10.0043,0.3435,9.6608,0.2826,10.0086,0.7051,9.3035,-0.0068,30705.5866,NA,26.5211,26.5211
ZoomTracks.exe,30812,0x1C47021CD80,DXGI,0,512,1,Hardware: Independent Flip,30715.9358,NA,10.00570000000000,9.92290000000000,9.63860000000000,9.86330000000000,9.8833,30715.5909,9.9835,0.3449,9.6386,0.2869,9.9213,0.6527,9.2686,0.0814,30715.5909,NA,29.4747,29.4747
ZoomTracks.exe,30812,0x1C47021CD80,DXGI,0,512,1,Hardware: Independent Flip,30725.8417,NA,9.90590000000000,10.06460000000000,9.73510000000000,9.92670000000000,10.0420,30725.5744,10.0024,0.2673,9.7351,0.2247,9.9693,0.5884,9.3809,-0.0811,30725.5744,NA,NA,NA
ZoomTracks.exe,30812,0x1C47021CD80,DXGI,0,512,1,Hardware: Independent Flip,30735.7825,NA,9.94080000000000,10.02550000000000,9.79010000000000,10.11910000000000,10.1267,30735.5768,9.9958,0.2057,9.7901,0.1916,10.1332,0.6588,9.4744,-0.0231,30735.5768,NA,NA,NA
ZoomTracks.exe,30812,0x1C47021CD80,DXGI,0,512,1,Hardware: Independent Flip,30745.7787,NA,9.99620000000000,9.94000000000000,9.77560000000000,10.06450000000000,10.0705,30745.5726,9.9817,0.2061,9.7756,0.3290,9.9416,0.4514,9.4902,0.0558,30745.5726,NA,NA,NA
ZoomTracks.exe,30812,0x1C47021CD80,DXGI,0,512,1,Hardware: Independent Flip,30755.6961,NA,9.91740000000000,10.01600000000000,9.88840000000000,10.16270000000000,10.1691,30755.5543,10.0302,0.1418,9.8884,0.2889,10.0156,0.4688,9.5468,-0.0343,30755.5543,NA,NA,NA
ZoomTracks.exe,30812,0x1C47021CD80,DXGI,0,512,1,Hardware: Independent Flip,30765.7268,NA,10.03070000000000,10.00130000000000,9.85670000000000,10.05270000000000,10.1397,30765.5845,9.9990,0.1423,9.8567,0.2743,9.9207,0.4025,9.5182,0.0289,30765.5845,NA,NA,NA
ZoomTracks.exe,30812,0x1C47021CD80,DXGI,0,512,1,Hardware: Independent Flip,30775.8821,NA,10.15530000000000,10.02400000000000,9.69830000000000,10.00100000000000,10.0084,30775.5835,9.9969,0.2986,9.6983,0.1960,10.1036,0.7703,9.3333,-0.0250,30775.5835,NA,NA,NA
ZoomTracks.exe,30812,0x1C47021CD80,DXGI,0,512,1,Hardware: Independent Flip,30785.7014,NA,9.81930000000000,9.97680000000000,9.91030000000000,10.07160000000000,10.1659,30785.5804,10.0313,0.1210,9.9103,0.3027,9.8899,0.3741,9.5158,0.0201,30785.5804,NA,26.5114,26.5114
ZoomTracks.exe,30812,0x1C47021CD80,DXGI,0,512,1,Hardware: Independent Flip,30795.8136,NA,10.11220000000000,9.99870000000000,9.76100000000000,10.04400000000000,10.0524,30795.6117,9.9629,0.2019,9.7610,0.1613,10.0846,0.6441,9.4405,0.0326,30795.6117,NA,NA,NA
ZoomTracks.exe,30812,0x1C47021CD80,DXGI,0,512,1,Hardware: Independent Flip,30805.8930,NA,10.07940000000000,10.01690000000000,9.69040000000000,9.87100000000000,9.9899,30805.5746,10.0088,0.3184,9.6904,0.2830,9.9064,0.5385,9.3679,-0.0540,30805.5746,NA,NA,NA
ZoomTracks.exe,30812,0x1C47021CD80,DXGI,0,512,1,Hardware: Independent Flip,30815.8092,NA,9.91620000000000,9.98890000000000,9.77450000000000,10.04420000000000,10.0626,30815.5834,10.0003,0.2258,9.7745,0.1806,10.0894,0.6728,9.4166,0.0199,30815.5834,NA,NA,NA
ZoomTracks.exe,30812,0x1C47021CD80,DXGI,0,512,1,Hardware: Independent Flip,30825.9058,NA,10.09660000000000,10.01120000000000,9.65460000000000,9.85640000000000,9.9772,30825.5837,9.9767,0.3221,9.6546,0.2697,9.9088,0.6232,9.2856,-0.0109,30825.5837,NA,29.5458,29.5458
ZoomTracks.exe,30812,0x1C47021CD80,DXGI,0,512,1,Hardware: Independent Flip,30835.7973,NA,9.89150000000000,10.05070000000000,9.79430000000000,10.12830000000000,10.1364,30835.5604,10.0312,0.2369,9.7943,0.2018,10.1634,0.7168,9.4466,-0.0740,30835.5604,NA,NA,NA
ZoomTracks.exe,30812,0x1C47021CD80,DXGI,0,512,1,Hardware: Independent Flip,30845.7542,NA,9.95690000000000,9.92480000000000,9.79830000000000,10.00820000000000,10.1043,30845.5916,9.9609,0.1626,9.7983,0.3340,9.8368,0.3708,9.4660,0.1064,30845.5916,NA,NA,NA
ZoomTracks.exe,30812,0x1C47021CD80,DXGI,0,512,1,Hardware: Independent Flip,30855.7733,NA,10.01910000000000,10.09970000000000,9.81580000000000,10.17650000000000,10.1849,30855.5525,10.0366,0.2208,9.8158,0.2099,10.1874,0.6910,9.4964,-0.1388,30855.5525,NA,NA,NA
ZoomTracks.exe,30812,0x1C47021CD80,DXGI,0,512,1,Hardware: Independent Flip,30865.7347,NA,9.96140000000000,9.99070000000000,9.85650000000000,10.04790000000000,10.2142,30865.5891,10.0021,0.1456,9.8565,0.3607,9.8328,0.3846,9.4482,0.0459,30865.5891,NA,NA,NA
ZoomTracks.exe,30812,0x1C47021CD80,DXGI,0,512,1,Hardware: Independent Flip,30875.8089,NA,10.07420000000000,9.93410000000000,9.78330000000000,10.05120000000000,10.0741,30875.5912,10.0010,0.2177,9.7833,0.1914,10.0775,0.6022,9.4753,0.0680,30875.5912,NA,NA,NA
ZoomTracks.exe,30812,0x1C47021CD80,DXGI,0,512,1,Hardware: Independent Flip,30885.9048,NA,10.09590000000000,10.12210000000000,9.68440000000000,9.91180000000000,10.1003,30885.5922,9.9970,0.3126,9.6844,0.2679,9.9565,0.5875,9.3690,-0.1211,30885.5922,NA,27.6589,27.6589
ZoomTracks.exe,30812,0x1C47021CD80,DXGI,0,512,1,Hardware: Independent Flip,30895.7268,NA,9.82200000000000,9.88300000000000,9.85750000000000,10.15340000000000,10.1613,30895.5892,9.9951,0.1376,9.8575,0.2274,10.0636,0.7112,9.3524,0.1140,30895.5892,NA,NA,NA
ZoomTracks.exe,30812,0x1C47021CD80,DXGI,0,512,1,Hardware: Independent Flip,30905.7406,NA,10.01380000000000,10.00560000000000,9.84330000000000,10.05430000000000,10.1531,30905.5843,9.9996,0.1563,9.8433,0.2959,9.9147,0.3971,9.5176,-0.0105,30905.5843,NA,NA,NA
ZoomTracks.exe,30812,0x1C47021CD80,DXGI,0,512,1,Hardware: Independent Flip,30915.9339,NA,10.19330000000000,9.94360000000000,9.64850000000000,9.88530000000000,9.9034,30915.5839,9.9985,0.3500,9.6485,0.2110,10.0243,0.7397,9.2846,0.0560,30915.5839,NA,NA,NA
ZoomTracks.exe,30812,0x1C47021CD80,DXGI,0,512,1,Hardware: Independent Flip,30925.8743,NA,9.94040000000000,9.94540000000000,9.69970000000000,9.90090000000000,9.9084,30925.5824,9.9916,0.2919,9.6997,0.2368,9.9560,0.6407,9.3153,0.0531,30925.5824,NA,NA,NA
ZoomTracks.exe,30812,0x1C47021CD80,DXGI,0,512,1,Hardware: Independent Flip,30935.8190,NA,9.94470000000000,10.04080000000000,9.76010000000000,9.98730000000000,10.0045,30935.5740,10.0051,0.2450,9.7601,0.2012,10.0311,0.6384,9.3927,-0.0492,30935.5740,NA,NA,NA
ZoomTracks.exe,30812,0x1C47021CD80,DXGI,0,512,1,Hardware: Independent Flip,30945.8611,NA,10.04210000000000,10.04380000000000,9.70960000000000,9.99930000000000,10.0062,30945.5791,9.9916,0.2820,9.7096,0.2272,10.0541,0.6987,9.3554,-0.0387,30945.5791,NA,NA,NA
ZoomTracks.exe,30812,0x1C47021CD80,DXGI,0,512,1,Hardware: Independent Flip,30955.7132,NA,9.85210000000000,9.93950000000000,9.85010000000000,10.01690000000000,10.0936,30955.5707,9.9926,0.1425,9.8501,0.2897,9.8697,0.3549,9.5148,0.0521,30955.5707,NA,NA,NA
ZoomTracks.exe,30812,0x1C47021CD80,DXGI,0,512,1,Hardware: Independent Flip,30965.8448,NA,10.13160000000000,9.99410000000000,9.72010000000000,9.93820000000000,9.9561,30965.5633,10.0016,0.2815,9.7201,0.1668,10.0529,0.6929,9.3600,-0.0015,30965.5633,NA,25.4410,25.4410
ZoomTracks.exe,30812,0x1C47021CD80,DXGI,0,512,1,Hardware: Independent Flip,30975.8589,NA,10.01410000000000,10.07330000000000,9.72450000000000,9.90440000000000,10.0153,30975.5649,10.0185,0.2940,9.7245,0.2181,9.9803,0.6047,9.3756,-0.0717,30975.5649,NA,NA,NA
ZoomTracks.exe,30812,0x1C47021CD80,DXGI,0,512,1,Hardware: Independent Flip,30985.8079,NA,9.94900000000000,10.07010000000000,9.78020000000000,10.10050000000000,10.1364,30985.5834,10.0047,0.2245,9.7802,0.1799,10.1451,0.6955,9.4496,-0.0516,30985.5834,NA,26.5815,26.5815
ZoomTracks.exe,30812,0x1C47021CD80,DXGI,0,512,1,Hardware: Independent Flip,30995.9790,NA,10.17110000000000,9.92240000000000,9.59890000000000,9.80510000000000,9.8877,30995.5881,9.9898,0.3909,9.5989,0.3203,9.8757,0.6553,9.2204,0.0823,30995.5881,NA,NA,NA
ZoomTracks.exe,30812,0x1C47021CD80,DXGI,0,512,1,Hardware: Independent Flip,31005.9029,NA,9.92390000000000,10.06910000000000,9.68620000000000,10.00350000000000,10.0329,31005.5779,10.0112,0.3250,9.6862,0.2062,10.1223,0.7385,9.3838,-0.0793,31005.5779,NA,NA,NA
ZoomTracks.exe,30812,0x1C47021CD80,DXGI,0,512,1,Hardware: Independent Flip,31015.7182,NA,9.81530000000000,9.98980000000000,9.87040000000000,10.18700000000000,10.2074,31015.5891,9.9995,0.1291,9.8704,0.3173,9.9988,0.7423,9.2565,0.0214,31015.5891,NA,NA,NA
ZoomTracks.exe,30812,0x1C47021CD80,DXGI,0,512,1,Hardware: Independent Flip,31025.9464,NA,10.22820000000000,9.91950000000000,9.63390000000000,9.87340000000000,9.8987,31025.5886,9.9917,0.3578,9.6339,0.3166,9.9146,0.6547,9.2599,0.0800,31025.5886,NA,NA,NA
ZoomTracks.exe,30812,0x1C47021CD80,DXGI,0,512,1,Hardware: Independent Flip,31035.8854,NA,9.93900000000000,10.01690000000000,9.72300000000000,9.95610000000000,9.9766,31035.5803,10.0281,0.3051,9.7230,0.2395,10.0217,0.6822,9.3395,-0.0252,31035.5803,NA,NA,NA
ZoomTracks.exe,30812,0x1C47021CD80,DXGI,0,512,1,Hardware: Independent Flip,31045.9032,NA,10.01780000000000,9.96310000000000,9.65100000000000,9.91490000000000,9.9219,31045.6084,9.9458,0.2948,9.6510,0.2331,9.9766,0.6791,9.2975,0.0650,31045.6084,NA,NA,NA
ZoomTracks.exe,30812,0x1C47021CD80,DXGI,0,512,1,Hardware: Independent Flip,31055.7016,NA,9.79840000000000,10.02630000000000,9.86900000000000,10.14160000000000,10.1498,31055.5542,10.0164,0.1474,9.8690,0.2639,10.0251,0.4487,9.5764,-0.0805,31055.5542,NA,NA,NA
ZoomTracks.exe,30812,0x1C47021CD80,DXGI,0,512,1,Hardware: Independent Flip,31065.8694,NA,10.16780000000000,9.97790000000000,9.71740000000000,9.94080000000000,9.9599,31065.5706,10.0162,0.2988,9.7174,0.2726,9.9670,0.6390,9.3280,0.0385,31065.5706,NA,21.4703,21.4703
ZoomTracks.exe,30812,0x1C47021CD80,DXGI,0,512,1,Hardware: Independent Flip,31075.8613,NA,9.99190000000000,9.98080000000000,9.72310000000000,9.93330000000000,9.9488,31075.5868,9.9976,0.2745,9.7231,0.2234,9.9844,0.6356,9.3488,0.0354,31075.5868,NA,NA,NA
ZoomTracks.exe,30812,0x1C47021CD80,DXGI,0,512,1,Hardware: Independent Flip,31085.8483,NA,9.98700000000000,10.05140000000000,9.73840000000000,9.99580000000000,10.0132,31085.5844,10.0023,0.2639,9.7384,0.2102,10.0495,0.6599,9.3896,-0.0538,31085.5844,NA,26.4974,26.4974
ZoomTracks.exe,30812,0x1C47021CD80,DXGI,0,512,1,Hardware: Independent Flip,31095.8974,NA,10.04910000000000,9.97130000000000,9.68760000000000,9.91350000000000,9.9354,31095.5867,9.9983,0.3107,9.6876,0.2574,9.9668,0.6746,9.2922,0.0310,31095.5867,NA,NA,NA
ZoomTracks.exe,30812,0x1C47021CD80,DXGI,0,512,1,Hardware: Independent Flip,31105.8717,NA,9.97430000000000,10.07920000000000,9.71080000000000,10.01520000000000,10.0403,31105.5850,9.9975,0.2867,9.7108,0.2259,10.0760,0.7133,9.3627,-0.0809,31105.5850,NA,NA,NA
ZoomTracks.exe,30812,0x1C47021CD80,DXGI,0,512,1,Hardware: Independent Flip,31115.9382,NA,10.06650000000000,10.02350000000000,9.64620000000000,9.96900000000000,9.9973,31115.5825,10.0019,0.3557,9.6462,0.3044,10.0203,0.7505,9.2698,-0.0260,31115.5825,NA,NA,NA
ZoomTracks.exe,30812,0x1C47021CD80,DXGI,0,512,1,Hardware: Independent Flip,31125.9176,NA,9.97940000000000,9.95830000000000,9.66910000000000,9.95200000000000,9.9762,31125.5844,10.0023,0.3332,9.6691,0.3228,9.9624,0.7010,9.2614,0.0436,31125.5844,NA,NA,NA
ZoomTracks.exe,30812,0x1C47021CD80,DXGI,0,512,1,Hardware: Independent Flip,31135.9131,NA,9.99550000000000,9.99560000000000,9.66560000000000,9.95170000000000,9.9763,31135.5867,9.9920,0.3264,9.6656,0.2829,9.9952,0.7158,9.2794,0.0067,31135.5867,NA,NA,NA
ZoomTracks.exe,30812,0x1C47021CD80,DXGI,0,512,1,Hardware: Independent Flip,31145.9044,NA,9.99130000000000,10.01700000000000,9.67830000000000,9.97790000000000,10.0020,31145.5787,10.0040,0.3257,9.6783,0.2861,10.0175,0.7221,9.2954,-0.0250,31145.5787,NA,NA,NA
ZoomTracks.exe,30812,0x1C47021CD80,DXGI,0,512,1,Hardware: Independent Flip,31155.9294,NA,10.02500000000000,9.97470000000000,9.62750000000000,9.92790000000000,9.9517,31155.5827,9.9742,0.3467,9.6275,0.2996,9.9750,0.6947,9.2803,0.0293,31155.5827,NA,NA,NA
ZoomTracks.exe,30812,0x1C47021CD80,DXGI,0,512,1,Hardware: Independent Flip,31165.9198,NA,9.99040000000000,9.92820000000000,9.64150000000000,9.87140000000000,9.8895,31165.5569,10.0044,0.3629,9.6415,0.3004,9.9339,0.6231,9.3108,0.0460,31165.5569,NA,21.4350,21.4350
ZoomTracks.exe,30812,0x1C47021CD80,DXGI,0,512,1,Hardware: Independent Flip,31175.8662,NA,9.94640000000000,10.06790000000000,9.69460000000000,10.00260000000000,10.0110,31175.5613,9.9995,0.3049,9.6946,0.2299,10.0776,0.6907,9.3869,-0.0635,31175.5613,NA,NA,NA
ZoomTracks.exe,30812,0x1C47021CD80,DXGI,0,512,1,Hardware: Independent Flip,31185.9401,NA,10.07390000000000,10.00020000000000,9.63670000000000,9.91740000000000,9.9373,31185.5608,10.0160,0.3793,9.6367,0.3080,9.9887,0.7050,9.2837,-0.0007,31185.5608,NA,NA,NA
ZoomTracks.exe,30812,0x1C47021CD80,DXGI,0,512,1,Hardware: Independent Flip,31195.9121,NA,9.97200000000000,9.95540000000000,9.66760000000000,9.90120000000000,9.9207,31195.5768,10.0029,0.3353,9.6676,0.2807,9.9558,0.6391,9.3167,0.0606,31195.5768,NA,NA,NA
ZoomTracks.exe,30812,0x1C47021CD80,DXGI,0,512,1,Hardware: Independent Flip,31205.8599,NA,9.94780000000000,10.03650000000000,9.73040000000000,9.92370000000000,10.0094,31205.5797,10.0106,0.2802,9.7304,0.2336,9.9703,0.6172,9.3531,-0.0336,31205.5797,NA,25.5020,25.5020
ZoomTracks.exe,30812,0x1C47021CD80,DXGI,0,512,1,Hardware: Independent Flip,31215.9000,NA,10.04010000000000,10.08720000000000,9.68420000000000,10.01810000000000,10.0565,31215.5903,9.9939,0.3097,9.6842,0.1933,10.1345,0.7738,9.3607,-0.0766,31215.5903,NA,NA,NA
ZoomTracks.exe,30812,0x1C47021CD80,DXGI,0,512,1,Hardware: Independent Flip,31225.7227,NA,9.82270000000000,9.91630000000000,9.86180000000000,10.12810000000000,10.1501,31225.5842,10.0003,0.1385,9.8618,0.3339,9.9327,0.6965,9.2362,0.0776,31225.5842,NA,NA,NA
ZoomTracks.exe,30812,0x1C47021CD80,DXGI,0,512,1,Hardware: Independent Flip,31235.9181,NA,10.19540000000000,9.97930000000000,9.67290000000000,9.91030000000000,9.9340,31235.5845,10.0065,0.3336,9.6729,0.2663,9.9776,0.6800,9.2976,0.0210,31235.5845,NA,NA,NA
ZoomTracks.exe,30812,0x1C47021CD80,DXGI,0,512,1,Hardware: Independent Flip,31245.8769,NA,9.95880000000000,10.10450000000000,9.72670000000000,9.97060000000000,10.0797,31245.5910,10.0126,0.2859,9.7267,0.2374,10.0191,0.6837,9.3354,-0.0980,31245.5910,NA,NA,NA
ZoomTracks.exe,30812,0x1C47021CD80,DXGI,0,512,1,Hardware: Independent Flip,31255.8960,NA,10.01910000000000,9.82620000000000,9.66230000000000,9.86490000000000,9.8868,31255.6036,9.9547,0.2924,9.6623,0.2439,9.9134,0.6010,9.3124,0.1864,31255.6036,NA,NA,NA
ZoomTracks.exe,30812,0x1C47021CD80,DXGI,0,512,1,Hardware: Independent Flip,31265.8197,NA,9.92370000000000,10.10430000000000,9.76070000000000,10.03940000000000,10.0674,31265.5583,10.0221,0.2614,9.7607,0.2026,10.0982,0.7011,9.3971,-0.1496,31265.5583,NA,13.5177,13.5177
ZoomTracks.exe,30812,0x1C47021CD80,DXGI,0,512,1,Hardware: Independent Flip,31275.7214,NA,9.90170000000000,10.04930000000000,9.83380000000000,10.04790000000000,10.2150,31275.5804,9.9748,0.1410,9.8338,0.2787,9.9102,0.5950,9.3152,-0.0272,31275.5804,NA,NA,NA
ZoomTracks.exe,30812,0x1C47021CD80,DXGI,0,512,1,Hardware: Independent Flip,31285.6993,NA,9.97790000000000,9.92160000000000,9.89830000000000,10.13700000000000,10.1587,31285.5552,10.0424,0.1441,9.8983,0.2141,10.0670,0.5456,9.5214,0.0532,31285.5552,NA,NA,NA
ZoomTracks.exe,30812,0x1C47021CD80,DXGI,0,512,1,Hardware: Independent Flip,31295.8948,NA,10.19550000000000,10.03020000000000,9.68890000000000,9.96690000000000,9.9934,31295.5976,9.9861,0.2972,9.6889,0.2387,10.0254,0.7166,9.3088,0.0122,31295.5976,NA,25.5504,25.5504
ZoomTracks.exe,30812,0x1C47021CD80,DXGI,0,512,1,Hardware: Independent Flip,31305.8875,NA,9.99270000000000,10.00650000000000,9.69220000000000,9.98240000000000,10.0072,31305.5837,9.9960,0.3038,9.6922,0.2780,10.0082,0.7073,9.3009,-0.0204,31305.5837,NA,NA,NA
ZoomTracks.exe,30812,0x1C47021CD80,DXGI,0,512,1,Hardware: Independent Flip,31315.9203,NA,10.03280000000000,9.97330000000000,9.65870000000000,9.92450000000000,9.9477,31315.5797,9.9993,0.3406,9.6587,0.2902,9.9749,0.6881,9.2868,0.0227,31315.5797,NA,NA,NA
ZoomTracks.exe,30812,0x1C47021CD80,DXGI,0,512,1,Hardware: Independent Flip,31325.8900,NA,9.96970000000000,10.03660000000000,9.68800000000000,9.98850000000000,10.0146,31325.5790,9.9990,0.3110,9.6880,0.2658,10.0337,0.7478,9.2859,-0.0373,31325.5790,NA,NA,NA
ZoomTracks.exe,30812,0x1C47021CD80,DXGI,0,512,1,Hardware: Independent Flip,31335.7038,NA,9.81380000000000,9.95570000000000,9.86440000000000,10.13350000000000,10.1565,31335.5780,9.9902,0.1258,9.8644,0.3005,9.9588,0.6759,9.2829,0.0433,31335.5780,NA,NA,NA
ZoomTracks.exe,30812,0x1C47021CD80,DXGI,0,512,1,Hardware: Independent Flip,31345.8447,NA,10.14090000000000,10.00020000000000,9.79740000000000,9.99370000000000,10.0158,31345.5682,10.0739,0.2765,9.7974,0.2691,10.0011,0.6783,9.3228,-0.0100,31345.5682,NA,NA,NA
ZoomTracks.exe,30812,0x1C47021CD80,DXGI,0,512,1,Hardware: Independent Flip,31355.8989,NA,10.05420000000000,9.99390000000000,9.67140000000000,9.88380000000000,9.9555,31355.6421,9.9282,0.2568,9.6714,0.1963,9.9443,0.6221,9.3222,0.0800,31355.6421,NA,10.4989,10.4989
ZoomTracks.exe,30812,0x1C47021CD80,DXGI,0,512,1,Hardware: Independent Flip,31365.6777,NA,9.77880000000000,10.00270000000000,9.90600000000000,10.15890000000000,10.1794,31365.5703,10.0134,0.1074,9.9060,0.2124,10.0539,0.6619,9.3920,-0.0745,31365.5703,NA,NA,NA
ZoomTracks.exe,30812,0x1C47021CD80,DXGI,0,512,1,Hardware: Independent Flip,31375.8945,NA,10.21680000000000,9.97220000000000,9.65280000000000,9.85930000000000,9.9348,31375.5837,9.9636,0.3108,9.6528,0.2529,9.9172,0.6121,9.3051,0.0412,31375.5837,NA,NA,NA
ZoomTracks.exe,30812,0x1C47021CD80,DXGI,0,512,1,Hardware: Independent Flip,31385.6798,NA,9.78530000000000,10.05600000000000,9.90670000000000,10.17870000000000,10.2055,31385.5473,10.0392,0.1325,9.9067,0.2065,10.1047,0.5470,9.5577,-0.0924,31385.5473,NA,NA,NA
ZoomTracks.exe,30812,0x1C47021CD80,DXGI,0,512,1,Hardware: Independent Flip,31395.7251,NA,10.04530000000000,10.02740000000000,9.86300000000000,10.08120000000000,10.1876,31395.5865,10.0016,0.1386,9.8630,0.2720,9.9478,0.6300,9.3178,0.0118,31395.5865,NA,25.5534,25.5534
ZoomTracks.exe,30812,0x1C47021CD80,DXGI,0,512,1,Hardware: Independent Flip,31405.9541,NA,10.22900000000000,9.97750000000000,9.63370000000000,9.91400000000000,9.9361,31405.5881,9.9997,0.3660,9.6337,0.2182,10.0618,0.8132,9.2486,0.0241,31405.5881,NA,NA,NA
ZoomTracks.exe,30812,0x1C47021CD80,DXGI,0,512,1,Hardware: Independent Flip,31415.9313,NA,9.97720000000000,10.04230000000000,9.63870000000000,9.97460000000000,10.0012,31415.5878,9.9822,0.3435,9.6387,0.2803,10.0378,0.7597,9.2781,-0.0426,31415.5878,NA,NA,NA
ZoomTracks.exe,30812,0x1C47021CD80,DXGI,0,512,1,Hardware: Independent Flip,31425.7095,NA,9.77820000000000,9.93130000000000,9.88710000000000,10.13480000000000,10.1543,31425.5700,10.0266,0.1395,9.8871,0.3359,9.9384,0.6670,9.2714,0.0509,31425.5700,NA,NA,NA
ZoomTracks.exe,30812,0x1C47021CD80,DXGI,0,512,1,Hardware: Independent Flip,31435.9040,NA,10.19450000000000,10.03210000000000,9.68400000000000,9.96800000000000,9.9919,31435.5966,9.9914,0.3074,9.6840,0.2477,10.0277,0.7023,9.3254,-0.0055,31435.5966,NA,NA,NA
ZoomTracks.exe,30812,0x1C47021CD80,DXGI,0,512,1,Hardware: Independent Flip,31445.9148,NA,10.01080000000000,9.96000000000000,9.67460000000000,9.92020000000000,9.9411,31445.5880,10.0014,0.3268,9.6746,0.2840,9.9630,0.6772,9.2858,0.0314,31445.5880,NA,NA,NA
ZoomTracks.exe,30812,0x1C47021CD80,DXGI,0,512,1,Hardware: Independent Flip,31455.8767,NA,9.96190000000000,9.97980000000000,9.70770000000000,9.93970000000000,9.9590,31455.5894,9.9950,0.2873,9.7077,0.2456,9.9814,0.6488,9.3326,0.0216,31455.5894,NA,NA,NA
ZoomTracks.exe,30812,0x1C47021CD80,DXGI,0,512,1,Hardware: Independent Flip,31465.8727,NA,9.99600000000000,10.06180000000000,9.71280000000000,10.00380000000000,10.0248,31465.5844,10.0011,0.2883,9.7128,0.2320,10.0601,0.7103,9.3498,-0.0668,31465.5844,NA,24.5356,24.5356
ZoomTracks.exe,30812,0x1C47021CD80,DXGI,0,512,1,Hardware: Independent Flip,31475.9242,NA,10.05150000000000,9.92670000000000,9.64210000000000,9.89180000000000,9.9000,31475.5855,9.9808,0.3387,9.6421,0.2910,9.9395,0.6293,9.3102,0.0744,31475.5855,NA,23.4682,23.4682
ZoomTracks.exe,30812,0x1C47021CD80,DXGI,0,512,1,Hardware: Independent Flip,31485.8741,NA,9.94990000000000,10.01910000000000,9.72060000000000,9.94910000000000,9.9692,31485.5663,10.0284,0.3078,9.7206,0.2497,10.0072,0.6598,9.3474,-0.0383,31485.5663,NA,NA,NA
ZoomTracks.exe,30812,0x1C47021CD80,DXGI,0,512,1,Hardware: Independent Flip,31495.8849,NA,10.01080000000000,10.02030000000000,9.67480000000000,9.88260000000000,9.9787,31495.5947,9.9650,0.2902,9.6748,0.2285,9.9443,0.5286,9.4157,0.0081,31495.5947,NA,NA,NA
ZoomTracks.exe,30812,0x1C47021CD80,DXGI,0,512,1,Hardware: Independent Flip,31505.7795,NA,9.89460000000000,10.04150000000000,9.80200000000000,10.10210000000000,10.1256,31505.5597,10.0218,0.2198,9.8020,0.2078,10.1141,0.6283,9.4858,-0.0765,31505.5597,NA,NA,NA
ZoomTracks.exe,30812,0x1C47021CD80,DXGI,0,512,1,Hardware: Independent Flip,31515.9293,NA,10.14980000000000,9.95020000000000,9.64440000000000,9.90060000000000,9.9260,31515.5815,9.9922,0.3478,9.6444,0.3001,9.9483,0.6744,9.2739,0.0716,31515.5815,NA,NA,NA
ZoomTracks.exe,30812,0x1C47021CD80,DXGI,0,512,1,Hardware: Independent Flip,31525.8713,NA,9.94200000000000,9.98500000000000,9.71060000000000,9.95000000000000,9.9690,31525.5737,10.0082,0.2976,9.7106,0.2562,9.9914,0.6551,9.3363,0.0072,31525.5737,NA,NA,NA
ZoomTracks.exe,30812,0x1C47021CD80,DXGI,0,512,1,Hardware: Independent Flip,31535.8573,NA,9.98600000000000,10.04790000000000,9.72480000000000,9.92720000000000,10.0309,31535.5819,10.0002,0.2754,9.7248,0.2394,9.9632,0.6300,9.3332,-0.0397,31535.5819,NA,NA,NA
ZoomTracks.exe,30812,0x1C47021CD80,DXGI,0,512,1,Hardware: Independent Flip,31545.9072,NA,10.04990000000000,10.00000000000000,9.67360000000000,9.95370000000000,9.9810,31545.5821,9.9987,0.3251,9.6736,0.2024,10.0764,0.7822,9.2942,0.0002,31545.5821,NA,NA,NA
ZoomTracks.exe,30812,0x1C47021CD80,DXGI,0,512,1,Hardware: Independent Flip,31555.7068,NA,9.79960000000000,9.99290000000000,9.87260000000000,10.08890000000000,10.1743,31555.5808,9.9986,0.1260,9.8726,0.2801,9.9348,0.6151,9.3197,0.0058,31555.5808,NA,NA,NA
ZoomTracks.exe,30812,0x1C47021CD80,DXGI,0,512,1,Hardware: Independent Flip,31565.9154,NA,10.20860000000000,9.99460000000000,9.67730000000000,9.93900000000000,9.9603,31565.5794,10.0133,0.3360,9.6773,0.2163,10.0587,0.7511,9.3076,0.0040,31565.5794,NA,22.5045,22.5045
ZoomTracks.exe,30812,0x1C47021CD80,DXGI,0,512,1,Hardware: Independent Flip,31575.8975,NA,9.98210000000000,10.03080000000000,9.68970000000000,9.98760000000000,10.0090,31575.5927,9.9945,0.3048,9.6897,0.2617,10.0307,0.7154,9.3153,-0.0175,31575.5927,NA,NA,NA
ZoomTracks.exe,30812,0x1C47021CD80,DXGI,0,512,1,Hardware: Independent Flip,31585.9238,NA,10.02630000000000,9.96010000000000,9.65610000000000,9.92270000000000,9.9428,31585.5872,9.9927,0.3366,9.6561,0.2979,9.9614,0.6842,9.2772,0.0344,31585.5872,NA,NA,NA
ZoomTracks.exe,30812,0x1C47021CD80,DXGI,0,512,1,Hardware: Independent Flip,31595.8816,NA,9.95780000000000,9.96490000000000,9.68380000000000,9.94150000000000,9.9499,31595.5799,9.9855,0.3017,9.6838,0.2666,9.9766,0.6479,9.3287,0.0278,31595.5799,NA,27.4785,27.4785
ZoomTracks.exe,30812,0x1C47021CD80,DXGI,0,512,1,Hardware: Independent Flip,31605.8874,NA,10.00580000000000,10.02910000000000,9.69650000000000,9.95070000000000,9.9732,31605.5654,10.0185,0.3220,9.6965,0.2577,10.0150,0.6748,9.3402,-0.0436,31605.5654,NA,NA,NA
ZoomTracks.exe,30812,0x1C47021CD80,DXGI,0,512,1,Hardware: Independent Flip,31615.8829,NA,9.99550000000000,10.16880000000000,9.68530000000000,10.11800000000000,10.1465,31615.5839,9.9843,0.2990,9.6853,0.2542,10.1628,0.8358,9.3270,-0.1503,31615.5839,NA,NA,NA
ZoomTracks.exe,30812,0x1C47021CD80,DXGI,0,512,1,Hardware: Independent Flip,31625.7134,NA,9.83050000000000,9.83960000000000,9.87150000000000,10.12980000000000,10.1556,31625.5682,10.0167,0.1452,9.8715,0.4327,9.8423,0.7358,9.1065,0.1447,31625.5682,NA,NA,NA
ZoomTracks.exe,30812,0x1C47021CD80,DXGI,0,512,1,Hardware: Independent Flip,31635.8860,NA,10.17260000000000,9.95490000000000,9.69380000000000,9.91690000000000,9.9379,31635.5849,9.9949,0.3011,9.6938,0.2583,9.9597,0.6438,9.3159,0.0618,31635.5849,NA,NA,NA
ZoomTracks.exe,30812,0x1C47021CD80,DXGI,0,512,1,Hardware: Independent Flip,31645.8646,NA,9.97860000000000,10.12350000000000,9.70340000000000,9.93450000000000,10.0828,31645.5798,9.9882,0.2848,9.7034,0.2231,9.9962,0.6532,9.3430,-0.1286,31645.5798,NA,NA,NA
ZoomTracks.exe,30812,0x1C47021CD80,DXGI,0,512,1,Hardware: Independent Flip,31655.8260,NA,9.96140000000000,9.90080000000000,9.75460000000000,10.00200000000000,10.0222,31655.5680,10.0126,0.2580,9.7546,0.2311,10.0289,0.6526,9.3763,0.0874,31655.5680,NA,NA,NA
ZoomTracks.exe,30812,0x1C47021CD80,DXGI,0,512,1,Hardware: Independent Flip,31665.8850,NA,10.05900000000000,10.06010000000000,9.69600000000000,9.92630000000000,10.0233,31665.5806,10.0004,0.3044,9.6960,0.2474,9.9833,0.6500,9.3333,-0.0475,31665.5806,NA,29.5731,29.5731
ZoomTracks.exe,30812,0x1C47021CD80,DXGI,0,512,1,Hardware: Independent Flip,31675.7219,NA,9.83690000000000,9.95360000000000,9.87330000000000,10.03530000000000,10.1400,31675.5810,10.0142,0.1409,9.8733,0.2303,9.9459,0.6539,9.2920,0.0468,31675.5810,NA,NA,NA
ZoomTracks.exe,30812,0x1C47021CD80,DXGI,0,512,1,Hardware: Independent Flip,31685.7976,NA,10.07570000000000,10.03800000000000,9.77420000000000,10.06390000000000,10.1023,31685.5952,9.9766,0.2024,9.7742,0.1620,10.1043,0.7105,9.3938,-0.0238,31685.5952,NA,NA,NA
ZoomTracks.exe,30812,0x1C47021CD80,DXGI,0,512,1,Hardware: Independent Flip,31695.9291,NA,10.13150000000000,10.02180000000000,9.63140000000000,9.87060000000000,9.9926,31695.5718,9.9887,0.3573,9.6314,0.2897,9.9382,0.6510,9.2872,-0.0452,31695.5718,NA,NA,NA
ZoomTracks.exe,30812,0x1C47021CD80,DXGI,0,512,1,Hardware: Independent Flip,31705.8129,NA,9.88380000000000,9.86630000000000,9.74510000000000,9.95480000000000,9.9751,31705.5605,9.9975,0.2524,9.7451,0.2392,9.9680,0.5572,9.4108,0.1224,31705.5605,NA,NA,NA
ZoomTracks.exe,30812,0x1C47021CD80,DXGI,0,512,1,Hardware: Independent Flip,31715.8320,NA,10.01910000000000,10.04500000000000,9.72220000000000,9.99260000000000,10.0010,31715.5580,9.9962,0.2740,9.7222,0.2097,10.0569,0.6749,9.3820,-0.0475,31715.5580,NA,25.4800,25.4800
ZoomTracks.exe,30812,0x1C47021CD80,DXGI,0,512,1,Hardware: Independent Flip,31725.6850,NA,9.85300000000000,10.03470000000000,9.89120000000000,10.16120000000000,10.1827,31725.5542,10.0220,0.1308,9.8912,0.2704,10.0216,0.4692,9.5524,-0.0385,31725.5542,NA,NA,NA
ZoomTracks.exe,30812,0x1C47021CD80,DXGI,0,512,1,Hardware: Independent Flip,31735.8830,NA,10.19800000000000,10.00990000000000,9.69720000000000,9.97320000000000,9.9946,31735.5762,10.0040,0.3068,9.6972,0.2700,10.0100,0.6765,9.3335,0.0121,31735.5762,NA,NA,NA
ZoomTracks.exe,30812,0x1C47021CD80,DXGI,0,512,1,Hardware: Independent Flip,31745.9185,NA,10.03550000000000,10.05110000000000,9.68020000000000,9.98830000000000,10.0102,31745.5802,10.0185,0.3383,9.6802,0.2760,10.0506,0.7489,9.3017,-0.0471,31745.5802,NA,NA,NA
ZoomTracks.exe,30812,0x1C47021CD80,DXGI,0,512,1,Hardware: Independent Flip,31755.9654,NA,10.04690000000000,10.12090000000000,9.60590000000000,10.05460000000000,10.0842,31755.5987,9.9726,0.3667,9.6059,0.3081,10.1132,0.8573,9.2559,-0.1024,31755.5987,NA,NA,NA
ZoomTracks.exe,30812,0x1C47021CD80,DXGI,0,512,1,Hardware: Independent Flip,31765.7203,NA,9.75490000000000,9.89180000000000,9.86100000000000,10.19330000000000,10.2211,31765.5713,10.0100,0.1490,9.8610,0.4487,9.8936,0.7398,9.1538,0.0808,31765.5713,NA,22.5671,22.5671
ZoomTracks.exe,30812,0x1C47021CD80,DXGI,0,512,1,Hardware: Independent Flip,31775.7103,NA,9.99000000000000,9.93680000000000,9.89360000000000,10.14460000000000,10.1679,31775.5813,10.0226,0.1290,9.8936,0.3323,9.9413,0.6805,9.2608,0.0732,31775.5813,NA,NA,NA
ZoomTracks.exe,30812,0x1C47021CD80,DXGI,0,512,1,Hardware: Independent Flip,31785.9002,NA,10.18990000000000,10.14660000000000,9.67610000000000,9.91370000000000,10.1246,31785.6039,9.9724,0.2963,9.6761,0.2510,9.9590,0.6471,9.3119,-0.1240,31785.6039,NA,NA,NA
ZoomTracks.exe,30812,0x1C47021CD80,DXGI,0,512,1,Hardware: Independent Flip,31795.8373,NA,9.93710000000000,9.81560000000000,9.72280000000000,9.99180000000000,10.0031,31795.5763,9.9838,0.2610,9.7228,0.2376,10.0152,0.6594,9.3558,0.1568,31795.5763,NA,24.4556,24.4556
ZoomTracks.exe,30812,0x1C47021CD80,DXGI,0,512,1,Hardware: Independent Flip,31805.8838,NA,10.04650000000000,10.04150000000000,9.67850000000000,9.86290000000000,9.9981,31805.5601,10.0022,0.3237,9.6785,0.2690,9.9176,0.5783,9.3393,-0.0577,31805.5601,NA,NA,NA
ZoomTracks.exe,30812,0x1C47021CD80,DXGI,0,512,1,Hardware: Independent Flip,31815.7938,NA,9.91000000000000,9.96950000000000,9.75070000000000,10.04750000000000,10.0576,31815.5623,9.9822,0.2315,9.7507,0.1844,10.0946,0.7019,9.3927,0.0327,31815.5623,NA,NA,NA
ZoomTracks.exe,30812,0x1C47021CD80,DXGI,0,512,1,Hardware: Independent Flip,31825.6756,NA,9.88180000000000,10.02000000000000,9.92700000000000,10.17830000000000,10.1958,31825.5445,10.0581,0.1311,9.9270,0.2968,10.0126,0.4892,9.5234,-0.0378,31825.5445,NA,NA,NA
ZoomTracks.exe,30812,0x1C47021CD80,DXGI,0,512,1,Hardware: Independent Flip,31835.9081,NA,10.23250000000000,10.03870000000000,9.69380000000000,9.98060000000000,10.0020,31835.6026,9.9993,0.3055,9.6938,0.2513,10.0348,0.7340,9.3008,0.0194,31835.6026,NA,NA,NA
ZoomTracks.exe,30812,0x1C47021CD80,DXGI,0,512,1,Hardware: Independent Flip,31845.9576,NA,10.04950000000000,9.95890000000000,9.62070000000000,9.89200000000000,9.9114,31845.6019,9.9764,0.3557,9.6207,0.2868,9.9609,0.6923,9.2686,0.0404,31845.6019,NA,NA,NA
ZoomTracks.exe,30812,0x1C47021CD80,DXGI,0,512,1,Hardware: Independent Flip,31855.9084,NA,9.95080000000000,9.97290000000000,9.68490000000000,9.91400000000000,9.9335,31855.5783,10.0150,0.3301,9.6849,0.2713,9.9728,0.6529,9.3199,0.0035,31855.5783,NA,NA,NA
ZoomTracks.exe,30812,0x1C47021CD80,DXGI,0,512,1,Hardware: Independent Flip,31865.8795,NA,9.97110000000000,10.02600000000000,9.70540000000000,9.96990000000000,9.9884,31865.5933,9.9916,0.2862,9.7054,0.2291,10.0270,0.6923,9.3347,-0.0110,31865.5933,NA,13.5013,13.5013
ZoomTracks.exe,30812,0x1C47021CD80,DXGI,0,512,1,Hardware: Independent Flip,31875.8935,NA,10.01400000000000,10.02640000000000,9.69020000000000,9.97950000000000,10.0008,31875.5849,9.9988,0.3086,9.6902,0.2645,10.0236,0.7032,9.3204,-0.0348,31875.5849,NA,NA,NA
ZoomTracks.exe,30812,0x1C47021CD80,DXGI,0,512,1,Hardware: Independent Flip,31885.9431,NA,10.04960000000000,10.00930000000000,9.64520000000000,9.92330000000000,9.9605,31885.5837,10.0046,0.3594,9.6452,0.2893,9.9934,0.7146,9.2788,-0.0105,31885.5837,NA,NA,NA
ZoomTracks.exe,30812,0x1C47021CD80,DXGI,0,512,1,Hardware: Independent Flip,31895.9315,NA,9.98840000000000,9.91170000000000,9.64770000000000,9.86000000000000,9.8838,31895.5883,9.9909,0.3432,9.6477,0.2781,9.9251,0.6467,9.2784,0.0929,31895.5883,NA,NA,NA
ZoomTracks.exe,30812,0x1C47021CD80,DXGI,0,512,1,Hardware: Independent Flip,31905.8566,NA,9.92510000000000,9.96760000000000,9.69810000000000,9.90390000000000,9.9263,31905.5792,9.9755,0.2774,9.6981,0.2123,9.9690,0.6137,9.3553,0.0233,31905.5792,NA,28.4335,28.4335
ZoomTracks.exe,30812,0x1C47021CD80,DXGI,0,512,1,Hardware: Independent Flip,31915.8191,NA,9.96250000000000,10.09040000000000,9.73910000000000,10.04690000000000,10.0542,31915.5547,10.0035,0.2644,9.7391,0.2058,10.1055,0.7020,9.4035,-0.1149,31915.5547,NA,NA,NA
ZoomTracks.exe,30812,0x1C47021CD80,DXGI,0,512,1,Hardware: Independent Flip,31925.7118,NA,9.89270000000000,9.98000000000000,9.86500000000000,10.13270000000000,10.1415,31925.5582,10.0186,0.1536,9.8650,0.3078,9.9785,0.4464,9.5321,0.0235,31925.5582,NA,NA,NA
ZoomTracks.exe,30812,0x1C47021CD80,DXGI,0,512,1,Hardware: Independent Flip,31935.9102,NA,10.19840000000000,10.01780000000000,9.67620000000000,9.93950000000000,9.9609,31935.5768,10.0096,0.3334,9.6762,0.2677,10.0052,0.6827,9.3225,0.0008,31935.5768,NA,NA,NA
ZoomTracks.exe,30812,0x1C47021CD80,DXGI,0,512,1,Hardware: Independent Flip,31945.9135,NA,10.00330000000000,10.03180000000000,9.67210000000000,9.90030000000000,9.9894,31945.5864,9.9992,0.3271,9.6721,0.2633,9.9641,0.6460,9.3181,-0.0222,31945.5864,NA,NA,NA
ZoomTracks.exe,30812,0x1C47021CD80,DXGI,0,512,1,Hardware: Independent Flip,31955.9197,NA,10.00620000000000,9.94340000000000,9.65750000000000,9.90450000000000,9.9266,31955.5856,9.9916,0.3341,9.6575,0.2282,10.0104,0.7208,9.2896,0.0558,31955.5856,NA,NA,NA
ZoomTracks.exe,30812,0x1C47021CD80,DXGI,0,512,1,Hardware: Independent Flip,31965.8837,NA,9.96400000000000,10.02530000000000,9.70460000000000,9.96990000000000,9.9879,31965.5772,10.0111,0.3065,9.7046,0.2470,10.0294,0.6743,9.3551,-0.0337,31965.5772,NA,23.5137,23.5137
ZoomTracks.exe,30812,0x1C47021CD80,DXGI,0,512,1,Hardware: Independent Flip,31975.8923,NA,10.00860000000000,9.97990000000000,9.69480000000000,9.93870000000000,9.9592,31975.5883,9.9988,0.3040,9.6948,0.2653,9.9774,0.6483,9.3291,0.0312,31975.5883,NA,NA,NA
ZoomTracks.exe,30812,0x1C47021CD80,DXGI,0,512,1,Hardware: Independent Flip,31985.8892,NA,9.99690000000000,10.03250000000000,9.68270000000000,9.96900000000000,9.9948,31985.5871,9.9848,0.3021,9.6827,0.2439,10.0272,0.6961,9.3311,-0.0337,31985.5871,NA,NA,NA
ZoomTracks.exe,30812,0x1C47021CD80,DXGI,0,512,1,Hardware: Independent Flip,31995.7098,NA,9.82060000000000,10.02800000000000,9.87440000000000,10.10030000000000,10.2022,31995.5719,10.0123,0.1379,9.8744,0.2863,9.9519,0.6426,9.3093,-0.0432,31995.5719,NA,25.5511,25.5511
ZoomTracks.exe,30812,0x1C47021CD80,DXGI,0,512,1,Hardware: Independent Flip,32005.9304,NA,10.22060000000000,9.85880000000000,9.62200000000000,9.82080000000000,9.8404,32005.5842,9.9682,0.3462,9.6220,0.2259,9.9411,0.6630,9.2781,0.1535,32005.5842,NA,NA,NA
ZoomTracks.exe,30812,0x1C47021CD80,DXGI,0,512,1,Hardware: Independent Flip,32015.8094,NA,9.87900000000000,10.06940000000000,9.74860000000000,10.01030000000000,10.0308,32015.5524,10.0056,0.2570,9.7486,0.1988,10.0685,0.6528,9.4157,-0.1012,32015.5524,NA,NA,NA
ZoomTracks.exe,30812,0x1C47021CD80,DXGI,0,512,1,Hardware: Independent Flip,32025.8941,NA,10.08470000000000,10.06420000000000,9.66390000000000,10.00280000000000,10.0103,32025.5580,10.0000,0.3361,9.6639,0.2617,10.0772,0.7394,9.3378,-0.0586,32025.5580,NA,NA,NA
ZoomTracks.exe,30812,0x1C47021CD80,DXGI,0,512,1,Hardware: Independent Flip,32035.9854,NA,10.09130000000000,9.93980000000000,9.59880000000000,9.83960000000000,9.8588,32035.5580,10.0262,0.4274,9.5988,0.3389,9.9281,0.6677,9.2604,0.0602,32035.5580,NA,NA,NA
ZoomTracks.exe,30812,0x1C47021CD80,DXGI,0,512,1,Hardware: Independent Flip,32045.8814,NA,9.89600000000000,10.00880000000000,9.69340000000000,9.95200000000000,9.9716,32045.5842,9.9906,0.2972,9.6934,0.2408,10.0084,0.7012,9.3072,0.0174,32045.5842,NA,NA,NA
ZoomTracks.exe,30812,0x1C47021CD80,DXGI,0,512,1,Hardware: Independent Flip,32055.8916,NA,10.01020000000000,9.98140000000000,9.69130000000000,9.92160000000000,9.9428,32055.5748,10.0081,0.3168,9.6913,0.2586,9.9798,0.6434,9.3364,0.0092,32055.5748,NA,NA,NA
ZoomTracks.exe,30812,0x1C47021CD80,DXGI,0,512,1,Hardware: Independent Flip,32065.8758,NA,9.98420000000000,10.05850000000000,9.70320000000000,9.98960000000000,10.0171,32065.5829,9.9961,0.2929,9.7032,0.2303,10.0522,0.7025,9.3497,-0.0504,32065.5829,NA,24.5322,24.5322
ZoomTracks.exe,30812,0x1C47021CD80,DXGI,0,512,1,Hardware: Independent Flip,32075.8756,NA,9.99980000000000,10.00910000000000,9.70260000000000,9.93100000000000,10.0264,32075.5790,9.9992,0.2966,9.7026,0.2864,9.9412,0.6357,9.3055,-0.0130,32075.5790,NA,NA,NA
ZoomTracks.exe,30812,0x1C47021CD80,DXGI,0,512,1,Hardware: Independent Flip,32085.9191,NA,10.04350000000000,9.95700000000000,9.66950000000000,9.91820000000000,9.9399,32085.5782,10.0104,0.3409,9.6695,0.2284,10.0307,0.7370,9.2937,0.0422,32085.5782,NA,NA,NA
ZoomTracks.exe,30812,0x1C47021CD80,DXGI,0,512,1,Hardware: Independent Flip,32095.8959,NA,9.97680000000000,10.34880000000000,9.76340000000000,10.27940000000000,10.3119,32095.5886,10.0707,0.3073,9.7634,0.2487,10.3380,0.9770,9.3610,-0.3384,32095.5886,NA,29.8108,29.8108
ZoomTracks.exe,30812,0x1C47021CD80,DXGI,0,512,1,Hardware: Independent Flip,32105.8192,NA,9.92330000000000,9.62050000000000,9.75850000000000,9.98640000000000,10.0091,32105.6593,9.9184,0.1599,9.7585,0.5160,9.6303,0.7962,8.8341,0.4502,32105.6593,NA,NA,NA
ZoomTracks.exe,30812,0x1C47021CD80,DXGI,0,512,1,Hardware: Independent Flip,32115.8686,NA,10.04940000000000,10.08050000000000,9.71330000000000,10.01190000000000,10.0402,32115.5777,10.0042,0.2909,9.7133,0.2279,10.0749,0.7107,9.3642,-0.1621,32115.5777,NA,NA,NA
ZoomTracks.exe,30812,0x1C47021CD80,DXGI,0,512,1,Hardware: Independent Flip,32125.7218,NA,9.85320000000000,10.21950000000000,9.83010000000000,10.06230000000000,10.4065,32125.5819,9.9700,0.1399,9.8301,0.2986,9.9036,0.6220,9.2816,-0.2153,32125.5819,NA,NA,NA
ZoomTracks.exe,30812,0x1C47021CD80,DXGI,0,512,1,Hardware: Independent Flip,32135.7971,NA,10.07530000000000,9.77900000000000,9.77770000000000,10.07130000000000,10.1102,32135.5519,10.0229,0.2452,9.7777,0.2322,10.0843,0.6300,9.4543,0.1910,32135.5519,NA,NA,NA
ZoomTracks.exe,30812,0x1C47021CD80,DXGI,0,512,1,Hardware: Independent Flip,32145.7086,NA,9.91150000000000,10.18110000000000,9.86260000000000,10.10500000000000,10.3798,32145.5748,9.9964,0.1338,9.8626,0.2936,9.9452,0.6540,9.2912,-0.1582,32145.5748,NA,NA,NA
ZoomTracks.exe,30812,0x1C47021CD80,DXGI,0,512,1,Hardware: Independent Flip,32155.7449,NA,10.03630000000000,9.73020000000000,9.83470000000000,10.05510000000000,10.0737,32155.5712,10.0084,0.1737,9.8347,0.2424,9.9864,0.6402,9.3462,0.2662,32155.5712,NA,27.4644,27.4644
ZoomTracks.exe,30812,0x1C47021CD80,DXGI,0,512,1,Hardware: Independent Flip,32165.8555,NA,10.11060000000000,10.09520000000000,9.73590000000000,10.03570000000000,10.0583,32165.5796,10.0118,0.2759,9.7359,0.2204,10.0912,0.7140,9.3772,-0.0868,32165.5796,NA,NA,NA
ZoomTracks.exe,30812,0x1C47021CD80,DXGI,0,512,1,Hardware: Independent Flip,32175.9399,NA,10.08440000000000,10.06450000000000,9.64360000000000,9.82320000000000,10.0384,32175.5914,9.9921,0.3485,9.6436,0.2998,9.8719,0.6019,9.2700,-0.0527,32175.5914,NA,27.6082,27.6082
ZoomTracks.exe,30812,0x1C47021CD80,DXGI,0,512,1,Hardware: Independent Flip,32185.8075,NA,9.86760000000000,9.88960000000000,9.78150000000000,10.03940000000000,10.0604,32185.5835,10.0055,0.2240,9.7815,0.1796,10.0838,0.7060,9.3778,0.1025,32185.5835,NA,NA,NA
ZoomTracks.exe,30812,0x1C47021CD80,DXGI,0,512,1,Hardware: Independent Flip,32195.8955,NA,10.08800000000000,10.05580000000000,9.68660000000000,9.89740000000000,10.0282,32195.5890,9.9931,0.3065,9.6866,0.2579,9.9460,0.6224,9.3236,-0.0503,32195.5890,NA,NA,NA
ZoomTracks.exe,30812,0x1C47021CD80,DXGI,0,512,1,Hardware: Independent Flip,32205.8510,NA,9.95550000000000,9.93500000000000,9.73310000000000,9.99910000000000,10.0077,32205.5821,10.0020,0.2689,9.7331,0.2108,10.0572,0.7057,9.3515,0.0581,32205.5821,NA,NA,NA
ZoomTracks.exe,30812,0x1C47021CD80,DXGI,0,512,1,Hardware: Independent Flip,32215.8750,NA,10.02400000000000,10.00880000000000,9.70160000000000,9.97300000000000,9.9925,32215.5841,9.9925,0.2909,9.7016,0.2660,9.9979,0.6927,9.3052,-0.0068,32215.5841,NA,NA,NA
ZoomTracks.exe,30812,0x1C47021CD80,DXGI,0,512,1,Hardware: Independent Flip,32225.9115,NA,10.03650000000000,9.95170000000000,9.64850000000000,9.89960000000000,9.9077,32225.5766,9.9834,0.3349,9.6485,0.2714,9.9631,0.6542,9.3089,0.0408,32225.5766,NA,NA,NA
ZoomTracks.exe,30812,0x1C47021CD80,DXGI,0,512,1,Hardware: Independent Flip,32235.8685,NA,9.95700000000000,10.03980000000000,9.71890000000000,9.97120000000000,9.9905,32235.5600,10.0274,0.3085,9.7189,0.2511,10.0286,0.6711,9.3575,-0.0564,32235.5600,NA,NA,NA
ZoomTracks.exe,30812,0x1C47021CD80,DXGI,0,512,1,Hardware: Independent Flip,32245.8950,NA,10.02650000000000,9.97850000000000,9.66850000000000,9.93060000000000,9.9425,32245.5874,9.9761,0.3076,9.6685,0.2523,9.9859,0.6510,9.3349,0.0489,32245.5874,NA,12.4880,12.4880
ZoomTracks.exe,30812,0x1C47021CD80,DXGI,0,512,1,Hardware: Independent Flip,32255.8689,NA,9.97390000000000,10.03050000000000,9.73590000000000,9.97900000000000,9.9991,32255.5635,10.0413,0.3054,9.7359,0.2621,10.0223,0.6991,9.3232,-0.0544,32255.5635,NA,NA,NA
ZoomTracks.exe,30812,0x1C47021CD80,DXGI,0,512,1,Hardware: Independent Flip,32265.9062,NA,10.03730000000000,10.01240000000000,9.68820000000000,9.95540000000000,9.9742,32265.6048,9.9896,0.3014,9.6882,0.2431,10.0137,0.6813,9.3324,0.0289,32265.6048,NA,NA,NA
ZoomTracks.exe,30812,0x1C47021CD80,DXGI,0,512,1,Hardware: Independent Flip,32275.9223,NA,10.01610000000000,10.00040000000000,9.66240000000000,9.93860000000000,9.9585,32275.5944,9.9903,0.3279,9.6624,0.2672,9.9993,0.6922,9.3071,-0.0108,32275.5944,NA,21.5263,21.5263
ZoomTracks.exe,30812,0x1C47021CD80,DXGI,0,512,1,Hardware: Independent Flip,32285.9168,NA,9.99450000000000,10.05550000000000,9.69310000000000,9.99560000000000,10.0195,32285.5847,10.0252,0.3321,9.6931,0.2762,10.0515,0.7446,9.3069,-0.0652,32285.5847,NA,NA,NA
ZoomTracks.exe,30812,0x1C47021CD80,DXGI,0,512,1,Hardware: Independent Flip,32295.9599,NA,10.04310000000000,9.95180000000000,9.61930000000000,9.84400000000000,9.9282,32295.6099,9.9693,0.3500,9.6193,0.3025,9.8915,0.6373,9.2542,0.0734,32295.6099,NA,NA,NA
ZoomTracks.exe,30812,0x1C47021CD80,DXGI,0,512,1,Hardware: Independent Flip,32305.9242,NA,9.96430000000000,10.11140000000000,9.65440000000000,10.04540000000000,10.0753,32305.5792,9.9994,0.3450,9.6544,0.2247,10.1657,0.8695,9.2962,-0.1421,32305.5792,NA,NA,NA
ZoomTracks.exe,30812,0x1C47021CD80,DXGI,0,512,1,Hardware: Independent Flip,32315.7207,NA,9.79650000000000,9.90590000000000,9.86430000000000,10.05350000000000,10.1847,32315.5786,10.0064,0.1421,9.8643,0.3910,9.8046,0.6031,9.2015,0.0935,32315.5786,NA,NA,NA
ZoomTracks.exe,30812,0x1C47021CD80,DXGI,0,512,1,Hardware: Independent Flip,32325.8215,NA,10.10080000000000,9.98150000000000,9.75900000000000,10.04630000000000,10.0654,32325.5850,9.9955,0.2365,9.7590,0.1892,10.0936,0.6817,9.4119,0.0249,32325.5850,NA,NA,NA
ZoomTracks.exe,30812,0x1C47021CD80,DXGI,0,512,1,Hardware: Independent Flip,32335.9446,NA,10.12310000000000,10.04410000000000,9.62470000000000,9.84100000000000,9.9864,32335.5805,9.9888,0.3641,9.6247,0.2873,9.9178,0.6523,9.2655,-0.0486,32335.5805,NA,28.5591,28.5591
ZoomTracks.exe,30812,0x1C47021CD80,DXGI,0,512,1,Hardware: Independent Flip,32345.8303,NA,9.88570000000000,9.91530000000000,9.72750000000000,10.00690000000000,10.0160,32345.5693,9.9885,0.2610,9.7275,0.2163,10.0516,0.6748,9.3768,0.0735,32345.5693,NA,NA,NA
ZoomTracks.exe,30812,0x1C47021CD80,DXGI,0,512,1,Hardware: Independent Flip,32355.6922,NA,9.86190000000000,9.92790000000000,9.85500000000000,10.00160000000000,10.0820,32355.5578,9.9894,0.1344,9.8550,0.2794,9.8566,0.3166,9.5400,0.0606,32355.5578,NA,NA,NA
ZoomTracks.exe,30812,0x1C47021CD80,DXGI,0,512,1,Hardware: Independent Flip,32365.8120,NA,10.11980000000000,10.05630000000000,9.74500000000000,9.98930000000000,10.0185,32365.5472,10.0098,0.2648,9.7450,0.1466,10.1075,0.6353,9.4722,-0.0669,32365.5472,NA,21.4796,21.4796
ZoomTracks.exe,30812,0x1C47021CD80,DXGI,0,512,1,Hardware: Independent Flip,32375.8901,NA,10.07810000000000,10.12070000000000,9.72140000000000,9.92990000000000,10.0611,32375.5570,10.0545,0.3331,9.7214,0.2443,10.0187,0.6752,9.3435,-0.1109,32375.5570,NA,NA,NA
ZoomTracks.exe,30812,0x1C47021CD80,DXGI,0,512,1,Hardware: Independent Flip,32385.8690,NA,9.97890000000000,9.85860000000000,9.70480000000000,9.92100000000000,9.9408,32385.6115,9.9623,0.2575,9.7048,0.2085,9.9700,0.6515,9.3185,0.1959,32385.6115,NA,NA,NA
ZoomTracks.exe,30812,0x1C47021CD80,DXGI,0,512,1,Hardware: Independent Flip,32395.8579,NA,9.98890000000000,10.03500000000000,9.73350000000000,9.96430000000000,9.9869,32395.5738,10.0176,0.2841,9.7335,0.2162,10.0322,0.6604,9.3718,-0.0727,32395.5738,NA,NA,NA
ZoomTracks.exe,30812,0x1C47021CD80,DXGI,0,512,1,Hardware: Independent Flip,32405.8672,NA,10.00930000000000,9.99920000000000,9.71530000000000,9.95520000000000,9.9768,32405.5914,9.9911,0.2758,9.7153,0.2308,10.0002,0.6503,9.3499,0.0184,32405.5914,NA,NA,NA
ZoomTracks.exe,30812,0x1C47021CD80,DXGI,0,512,1,Hardware: Independent Flip,32415.8806,NA,10.01340000000000,10.10550000000000,9.70820000000000,10.04230000000000,10.0689,32415.5825,10.0063,0.2981,9.7082,0.2399,10.1005,0.7469,9.3536,-0.1144,32415.5825,NA,NA,NA
ZoomTracks.exe,30812,0x1C47021CD80,DXGI,0,512,1,Hardware: Independent Flip,32425.7124,NA,9.83180000000000,9.91590000000000,9.87210000000000,10.06310000000000,10.1530,32425.5888,9.9957,0.1236,9.8721,0.3341,9.8526,0.6229,9.2297,0.0904,32425.5888,NA,NA,NA
ZoomTracks.exe,30812,0x1C47021CD80,DXGI,0,512,1,Hardware: Independent Flip,32435.8021,NA,10.08970000000000,9.92090000000000,9.77160000000000,9.97630000000000,9.9842,32435.5845,9.9892,0.2176,9.7716,0.1910,10.0029,0.5649,9.4380,0.0748,32435.5845,NA,NA,NA
ZoomTracks.exe,30812,0x1C47021CD80,DXGI,0,512,1,Hardware: Independent Flip,32445.8292,NA,10.02710000000000,10.10830000000000,9.74610000000000,9.92410000000000,10.0654,32445.5737,10.0016,0.2555,9.7461,0.2047,9.9749,0.5906,9.3843,-0.1191,32445.5737,NA,NA,NA
ZoomTracks.exe,30812,0x1C47021CD80,DXGI,0,512,1,Hardware: Independent Flip,32455.7965,NA,9.96730000000000,9.90440000000000,9.76690000000000,9.98190000000000,10.0025,32455.5753,9.9881,0.2212,9.7669,0.1780,10.0251,0.5787,9.4464,0.0972,32455.5753,NA,NA,NA
ZoomTracks.exe,30812,0x1C47021CD80,DXGI,0,512,1,Hardware: Independent Flip,32465.8379,NA,10.04140000000000,10.01270000000000,9.75240000000000,9.95060000000000,9.9738,32465.5634,10.0269,0.2745,9.7524,0.2150,10.0101,0.6032,9.4069,-0.0246,32465.5634,NA,20.4516,20.4516
ZoomTracks.exe,30812,0x1C47021CD80,DXGI,0,512,1,Hardware: Independent Flip,32475.8713,NA,10.03340000000000,10.06640000000000,9.71890000000000,9.91900000000000,10.0068,32475.5903,9.9999,0.2810,9.7189,0.1982,10.0018,0.6412,9.3606,-0.0395,32475.5903,NA,13.5161,13.5161
ZoomTracks.exe,30812,0x1C47021CD80,DXGI,0,512,1,Hardware: Independent Flip,32485.8942,NA,10.02290000000000,10.01200000000000,9.67620000000000,9.96940000000000,9.9959,32485.5902,9.9802,0.3040,9.6762,0.2001,10.0733,0.6949,9.3784,-0.0121,32485.5902,NA,NA,NA
ZoomTracks.exe,30812,0x1C47021CD80,DXGI,0,512,1,Hardware: Independent Flip,32495.7094,NA,9.81520000000000,10.09770000000000,10.00810000000000,10.25570000000000,10.2784,32495.5704,10.1471,0.1390,10.0081,0.2932,10.1015,0.7206,9.3809,-0.1175,32495.5704,NA,NA,NA
ZoomTracks.exe,30812,0x1C47021CD80,DXGI,0,512,1,Hardware: Independent Flip,32506.0478,NA,10.33840000000000,9.85950000000000,9.53150000000000,9.77900000000000,9.7995,32505.7175,9.8618,0.3303,9.5315,0.2476,9.8617,0.6711,9.1906,0.2876,32505.7175,NA,NA,NA
ZoomTracks.exe,30812,0x1C47021CD80,DXGI,0,512,1,Hardware: Independent Flip,32515.8492,NA,9.80140000000000,10.03610000000000,9.74690000000000,10.01380000000000,10.0342,32515.5793,10.0168,0.2699,9.7469,0.2475,10.0362,0.7097,9.3265,-0.1743,32515.5793,NA,NA,NA
ZoomTracks.exe,30812,0x1C47021CD80,DXGI,0,512,1,Hardware: Independent Flip,32525.9290,NA,10.07980000000000,10.06360000000000,9.64400000000000,9.86700000000000,10.0180,32525.5961,9.9769,0.3329,9.6440,0.2669,9.9330,0.6530,9.2800,-0.0468,32525.5961,NA,NA,NA
ZoomTracks.exe,30812,0x1C47021CD80,DXGI,0,512,1,Hardware: Independent Flip,32535.8222,NA,9.89320000000000,9.93110000000000,9.77880000000000,10.03450000000000,10.0559,32535.5730,10.0280,0.2492,9.7788,0.2230,10.0607,0.6930,9.3677,0.0458,32535.5730,NA,NA,NA
ZoomTracks.exe,30812,0x1C47021CD80,DXGI,0,512,1,Hardware: Independent Flip,32545.9212,NA,10.09900000000000,10.05610000000000,9.66980000000000,9.88860000000000,10.0130,32545.6010,9.9900,0.3202,9.6698,0.2557,9.9531,0.6493,9.3038,-0.0281,32545.6010,NA,NA,NA
ZoomTracks.exe,30812,0x1C47021CD80,DXGI,0,512,1,Hardware: Independent Flip,32555.8355,NA,9.91430000000000,9.81430000000000,9.76400000000000,9.90160000000000,9.9130,32555.5910,10.0085,0.2445,9.7640,0.2188,9.9273,0.6096,9.3177,0.1757,32555.5910,NA,NA,NA
ZoomTracks.exe,30812,0x1C47021CD80,DXGI,0,512,1,Hardware: Independent Flip,32565.8643,NA,10.02880000000000,10.06180000000000,9.69730000000000,9.92680000000000,9.9460,32565.5995,9.9621,0.2648,9.6973,0.1376,10.0540,0.7096,9.3444,-0.0533,32565.5995,NA,24.4403,24.4403
ZoomTracks.exe,30812,0x1C47021CD80,DXGI,0,512,1,Hardware: Independent Flip,32575.8604,NA,9.99610000000000,10.12700000000000,9.70080000000000,9.92550000000000,10.0769,32575.5616,9.9996,0.2988,9.7008,0.2295,9.9948,0.6410,9.3538,-0.1649,32575.5616,NA,14.5739,14.5739
ZoomTracks.exe,30812,0x1C47021CD80,DXGI,0,512,1,Hardware: Independent Flip,32585.7984,NA,9.93800000000000,9.97570000000000,9.78270000000000,10.09010000000000,10.1146,32585.5612,10.0199,0.2372,9.7827,0.2247,10.1026,0.6818,9.4208,0.0239,32585.5612,NA,NA,NA
ZoomTracks.exe,30812,0x1C47021CD80,DXGI,0,512,1,Hardware: Independent Flip,32595.9311,NA,10.13270000000000,9.95700000000000,9.64850000000000,9.91500000000000,9.9389,32595.5811,9.9985,0.3500,9.6485,0.3074,9.9576,0.6816,9.2760,0.0629,32595.5811,NA,NA,NA
ZoomTracks.exe,30812,0x1C47021CD80,DXGI,0,512,1,Hardware: Independent Flip,32605.8927,NA,9.96160000000000,10.00540000000000,9.69020000000000,9.94890000000000,9.9827,32605.5796,10.0033,0.3131,9.6902,0.2665,9.9955,0.6998,9.2957,-0.0069,32605.5796,NA,NA,NA
ZoomTracks.exe,30812,0x1C47021CD80,DXGI,0,512,1,Hardware: Independent Flip,32615.9007,NA,10.00800000000000,10.04010000000000,9.68280000000000,9.98570000000000,10.0148,32615.5829,10.0006,0.3178,9.6828,0.2587,10.0448,0.7221,9.3227,-0.0368,32615.5829,NA,NA,NA
ZoomTracks.exe,30812,0x1C47021CD80,DXGI,0,512,1,Hardware: Independent Flip,32625.7259,NA,9.82520000000000,10.00130000000000,9.85940000000000,10.16920000000000,10.1909,32625.5835,10.0018,0.1424,9.8594,0.3029,10.0087,0.7353,9.2734,-0.0007,32625.5835,NA,NA,NA
ZoomTracks.exe,30812,0x1C47021CD80,DXGI,0,512,1,Hardware: Independent Flip,32635.9564,NA,10.23050000000000,10.01350000000000,9.63930000000000,9.94500000000000,9.9739,32635.5853,10.0104,0.3711,9.6393,0.3098,10.0063,0.7621,9.2442,-0.0117,32635.5853,NA,NA,NA
ZoomTracks.exe,30812,0x1C47021CD80,DXGI,0,512,1,Hardware: Independent Flip,32645.9123,NA,9.95590000000000,9.95670000000000,9.66010000000000,9.95420000000000,9.9747,32645.5957,9.9767,0.3166,9.6601,0.3057,9.9651,0.7082,9.2569,0.0537,32645.5957,NA,NA,NA
ZoomTracks.exe,30812,0x1C47021CD80,DXGI,0,512,1,Hardware: Independent Flip,32655.9209,NA,10.00860000000000,9.92380000000000,9.66040000000000,9.86800000000000,9.8899,32655.5724,10.0089,0.3485,9.6604,0.2941,9.9224,0.6221,9.3003,0.0529,32655.5724,NA,NA,NA
ZoomTracks.exe,30812,0x1C47021CD80,DXGI,0,512,1,Hardware: Independent Flip,32665.8490,NA,9.92810000000000,10.03010000000000,9.71410000000000,9.90640000000000,9.9919,32665.5813,9.9818,0.2677,9.7141,0.2076,9.9665,0.5901,9.3764,-0.0212,32665.5813,NA,NA,NA
ZoomTracks.exe,30812,0x1C47021CD80,DXGI,0,512,1,Hardware: Independent Flip,32675.7883,NA,9.93930000000000,9.98840000000000,9.77700000000000,10.03270000000000,10.0410,32675.5631,10.0022,0.2252,9.7770,0.1923,10.0656,0.5544,9.5112,-0.0066,32675.5631,NA,NA,NA
ZoomTracks.exe,30812,0x1C47021CD80,DXGI,0,512,1,Hardware: Independent Flip,32685.8811,NA,10.09280000000000,10.04700000000000,9.69820000000000,9.96020000000000,9.9952,32685.5653,10.0140,0.3158,9.6982,0.2557,10.0203,0.6709,9.3494,-0.0448,32685.5653,NA,27.5278,27.5278
ZoomTracks.exe,30812,0x1C47021CD80,DXGI,0,512,1,Hardware: Independent Flip,32695.9024,NA,10.02130000000000,9.97860000000000,9.66610000000000,9.93210000000000,9.9525,32695.5793,9.9892,0.3231,9.6661,0.2620,9.9932,0.6842,9.3090,0.0354,32695.5793,NA,NA,NA
ZoomTracks.exe,30812,0x1C47021CD80,DXGI,0,512,1,Hardware: Independent Flip,32705.8935,NA,9.99110000000000,10.03380000000000,9.69070000000000,9.96270000000000,9.9952,32705.5685,10.0157,0.3250,9.6907,0.2660,10.0217,0.6956,9.3261,-0.0446,32705.5685,NA,NA,NA
ZoomTracks.exe,30812,0x1C47021CD80,DXGI,0,512,1,Hardware: Independent Flip,32715.9222,NA,10.02870000000000,10.01190000000000,9.65690000000000,9.95350000000000,9.9784,32715.5842,9.9949,0.3380,9.6569,0.2720,10.0195,0.7106,9.3089,0.0038,32715.5842,NA,NA,NA
ZoomTracks.exe,30812,0x1C47021CD80,DXGI,0,512,1,Hardware: Independent Flip,32725.9176,NA,9.99540000000000,9.96800000000000,9.66220000000000,9.93110000000000,9.9510,32725.5791,10.0007,0.3385,9.6622,0.2966,9.9730,0.6847,9.2883,0.0269,32725.5791,NA,NA,NA
ZoomTracks.exe,30812,0x1C47021CD80,DXGI,0,512,1,Hardware: Independent Flip,32735.9137,NA,9.99610000000000,9.93910000000000,9.66820000000000,9.87290000000000,9.8940,32735.5798,10.0021,0.3339,9.6682,0.2689,9.9379,0.6289,9.3090,0.0616,32735.5798,NA,NA,NA
ZoomTracks.exe,30812,0x1C47021CD80,DXGI,0,512,1,Hardware: Independent Flip,32745.8448,NA,9.93110000000000,10.10710000000000,9.73970000000000,10.04250000000000,10.0700,32745.5819,10.0026,0.2629,9.7397,0.2047,10.1007,0.7208,9.3799,-0.1050,32745.5819,NA,NA,NA
ZoomTracks.exe,30812,0x1C47021CD80,DXGI,0,512,1,Hardware: Independent Flip,32755.9390,NA,10.09420000000000,9.94590000000000,9.64240000000000,9.82740000000000,9.9217,32755.5845,9.9969,0.3545,9.6424,0.3028,9.8791,0.5998,9.2793,0.0567,32755.5845,NA,NA,NA
ZoomTracks.exe,30812,0x1C47021CD80,DXGI,0,512,1,Hardware: Independent Flip,32765.8241,NA,9.88510000000000,10.05170000000000,9.74930000000000,10.07890000000000,10.0883,32765.5814,9.9920,0.2427,9.7493,0.1850,10.1366,0.7399,9.3967,-0.0548,32765.5814,NA,NA,NA
ZoomTracks.exe,30812,0x1C47021CD80,DXGI,0,512,1,Hardware: Independent Flip,32775.7275,NA,9.90340000000000,10.04760000000000,9.84090000000000,10.07840000000000,10.2325,32775.5734,9.9950,0.1541,9.8409,0.3296,9.9029,0.3767,9.5262,-0.0556,32775.5734,NA,22.5923,22.5923
ZoomTracks.exe,30812,0x1C47021CD80,DXGI,0,512,1,Hardware: Independent Flip,32785.7133,NA,9.98580000000000,9.90170000000000,9.85820000000000,10.12250000000000,10.1484,32785.5684,10.0031,0.1449,9.8582,0.2375,10.0299,0.5397,9.4902,0.0933,32785.5684,NA,NA,NA
ZoomTracks.exe,30812,0x1C47021CD80,DXGI,0,512,1,Hardware: Independent Flip,32795.8826,NA,10.16930000000000,9.90850000000000,9.67660000000000,9.81330000000000,9.8876,32795.5715,9.9877,0.3111,9.6766,0.2643,9.8601,0.5320,9.3281,0.0946,32795.5715,NA,21.4186,21.4186
ZoomTracks.exe,30812,0x1C47021CD80,DXGI,0,512,1,Hardware: Independent Flip,32805.8167,NA,9.93410000000000,9.98710000000000,9.77900000000000,9.85600000000000,9.9406,32805.5592,10.0365,0.2575,9.7790,0.1367,9.9768,0.4712,9.5056,0.0006,32805.5592,NA,NA,NA
ZoomTracks.exe,30812,0x1C47021CD80,DXGI,0,512,1,Hardware: Independent Flip,32815.8149,NA,9.99820000000000,10.02650000000000,9.78940000000000,9.86640000000000,9.9689,32815.5957,10.0086,0.2192,9.7894,0.0770,10.0086,0.4918,9.5168,0.0100,32815.5957,NA,NA,NA
ZoomTracks.exe,30812,0x1C47021CD80,DXGI,0,512,1,Hardware: Independent Flip,32825.8418,NA,10.02690000000000,9.99490000000000,9.76230000000000,9.85710000000000,9.9369,32825.6043,9.9998,0.2375,9.7623,0.0770,10.0176,0.5520,9.4656,0.0137,32825.6043,NA,NA,NA
ZoomTracks.exe,30812,0x1C47021CD80,DXGI,0,512,1,Hardware: Independent Flip,32835.8250,NA,9.98320000000000,9.97940000000000,9.77880000000000,9.83950000000000,9.9331,32835.6041,9.9997,0.2209,9.7788,0.0948,9.9656,0.5136,9.4520,0.0204,32835.6041,NA,NA,NA
ZoomTracks.exe,30812,0x1C47021CD80,DXGI,0,512,1,Hardware: Independent Flip,32845.8048,NA,9.97980000000000,10.02610000000000,9.78410000000000,9.88220000000000,9.9794,32845.6038,9.9851,0.2010,9.7841,0.0607,10.0225,0.5062,9.5163,-0.0264,32845.6038,NA,NA,NA
ZoomTracks.exe,30812,0x1C47021CD80,DXGI,0,512,1,Hardware: Independent Flip,32855.9183,NA,10.11350000000000,10.02670000000000,9.69670000000000,9.78920000000000,9.8926,32855.5889,10.0261,0.3294,9.6967,0.0981,10.0205,0.5520,9.4685,-0.0416,32855.5889,NA,NA,NA
ZoomTracks.exe,30812,0x1C47021CD80,DXGI,0,512,1,Hardware: Independent Flip,32865.8604,NA,9.94210000000000,9.90750000000000,9.72320000000000,9.85010000000000,9.8580,32865.6150,9.9686,0.2454,9.7232,0.0925,10.0030,0.5410,9.4620,0.1186,32865.6150,NA,17.3825,17.3825
ZoomTracks.exe,30812,0x1C47021CD80,DXGI,0,512,1,Hardware: Independent Flip,32875.8743,NA,10.01390000000000,10.15880000000000,9.68840000000000,9.97060000000000,10.0029,32875.5836,9.9791,0.2907,9.6884,0.1269,10.1344,0.6554,9.4790,-0.1902,32875.5836,NA,NA,NA
ZoomTracks.exe,30812,0x1C47021CD80,DXGI,0,512,1,Hardware: Independent Flip,32885.9352,NA,10.06090000000000,9.85670000000000,9.66950000000000,9.72240000000000,9.7987,32885.5627,10.0420,0.3725,9.6695,0.2822,9.8127,0.4067,9.4060,0.1224,32885.5627,NA,NA,NA
ZoomTracks.exe,30812,0x1C47021CD80,DXGI,0,512,1,Hardware: Independent Flip,32895.7888,NA,9.85360000000000,10.10300000000000,9.80630000000000,10.02840000000000,10.0481,32895.6047,9.9904,0.1841,9.8063,0.0529,10.1596,0.6526,9.5070,-0.0610,32895.6047,NA,NA,NA
ZoomTracks.exe,30812,0x1C47021CD80,DXGI,0,512,1,Hardware: Independent Flip,32905.8869,NA,10.09810000000000,9.97390000000000,9.68540000000000,9.74580000000000,9.9239,32905.5951,9.9772,0.2918,9.6854,0.2221,9.8155,0.3973,9.4182,0.0165,32905.5951,NA,NA,NA
ZoomTracks.exe,30812,0x1C47021CD80,DXGI,0,512,1,Hardware: Independent Flip,32915.7609,NA,9.87400000000000,10.00120000000000,9.83270000000000,10.03750000000000,10.0511,32915.5723,10.0213,0.1886,9.8327,0.0604,10.1657,0.6726,9.4931,-0.0240,32915.5723,NA,NA,NA
ZoomTracks.exe,30812,0x1C47021CD80,DXGI,0,512,1,Hardware: Independent Flip,32925.9350,NA,10.17410000000000,10.14780000000000,9.66070000000000,9.76830000000000,10.0248,32925.5936,10.0021,0.3414,9.6607,0.2048,9.9049,0.5463,9.3586,-0.1265,32925.5936,NA,NA,NA
ZoomTracks.exe,30812,0x1C47021CD80,DXGI,0,512,1,Hardware: Independent Flip,32935.8141,NA,9.87910000000000,9.76450000000000,9.75980000000000,9.84310000000000,9.9102,32935.5957,9.9782,0.2184,9.7598,0.1076,9.9539,0.5236,9.4303,0.2376,32935.5957,NA,NA,NA
ZoomTracks.exe,30812,0x1C47021CD80,DXGI,0,512,1,Hardware: Independent Flip,32945.8072,NA,9.99310000000000,10.16970000000000,9.77880000000000,9.90930000000000,10.0868,32945.5739,10.0121,0.2333,9.7788,0.0833,10.0593,0.5629,9.4964,-0.1915,32945.5739,NA,NA,NA
ZoomTracks.exe,30812,0x1C47021CD80,DXGI,0,512,1,Hardware: Independent Flip,32955.8448,NA,10.03760000000000,9.88130000000000,9.74300000000000,9.82420000000000,9.9305,32955.5860,10.0018,0.2588,9.7430,0.1305,9.9525,0.5748,9.3777,0.1308,32955.5860,NA,NA,NA
ZoomTracks.exe,30812,0x1C47021CD80,DXGI,0,512,1,Hardware: Independent Flip,32965.8329,NA,9.98810000000000,9.98690000000000,9.77230000000000,9.82650000000000,9.9293,32965.5878,10.0174,0.2451,9.7723,0.0812,9.9904,0.5068,9.4836,0.0149,32965.5878,NA,NA,NA
ZoomTracks.exe,30812,0x1C47021CD80,DXGI,0,512,1,Hardware: Independent Flip,32975.8339,NA,10.00100000000000,10.08610000000000,9.77260000000000,9.84620000000000,10.0144,32975.6052,10.0013,0.2287,9.7726,0.0542,10.0207,0.5376,9.4831,-0.0687,32975.6052,NA,17.4701,17.4701
ZoomTracks.exe,30812,0x1C47021CD80,DXGI,0,512,1,Hardware: Independent Flip,32985.8209,NA,9.98700000000000,9.89420000000000,9.77920000000000,9.84920000000000,9.9216,32985.6065,9.9936,0.2144,9.7792,0.0736,9.9900,0.5718,9.4182,0.1071,32985.6065,NA,NA,NA
ZoomTracks.exe,30812,0x1C47021CD80,DXGI,0,512,1,Hardware: Independent Flip,32995.8149,NA,9.99400000000000,10.06780000000000,9.75630000000000,9.97580000000000,9.9954,32995.6001,9.9711,0.2148,9.7563,0.0700,10.1206,0.5857,9.5349,-0.0742,32995.6001,NA,17.4504,17.4504
ZoomTracks.exe,30812,0x1C47021CD80,DXGI,0,512,1,Hardware: Independent Flip,33005.8622,NA,10.04730000000000,10.01850000000000,9.74330000000000,9.84220000000000,9.9666,33005.5712,10.0343,0.2910,9.7433,0.2195,9.9137,0.4602,9.4535,-0.0474,33005.5712,NA,NA,NA
ZoomTracks.exe,30812,0x1C47021CD80,DXGI,0,512,1,Hardware: Independent Flip,33015.8663,NA,10.00410000000000,9.90780000000000,9.74530000000000,9.78840000000000,9.8703,33015.6055,10.0061,0.2608,9.7453,0.0989,9.9503,0.5203,9.4300,0.1265,33015.6055,NA,NA,NA
ZoomTracks.exe,30812,0x1C47021CD80,DXGI,0,512,1,Hardware: Independent Flip,33025.7765,NA,9.91020000000000,10.04860000000000,9.83560000000000,9.90340000000000,10.0087,33025.6116,10.0005,0.1649,9.8356,0.0431,10.0252,0.5299,9.4953,-0.0425,33025.6116,NA,NA,NA
ZoomTracks.exe,30812,0x1C47021CD80,DXGI,0,512,1,Hardware: Independent Flip,33035.8351,NA,10.05860000000000,9.99470000000000,9.78070000000000,9.86060000000000,9.9448,33035.6121,10.0037,0.2230,9.7807,0.0678,10.0158,0.5413,9.4745,0.0058,33035.6121,NA,NA,NA
ZoomTracks.exe,30812,0x1C47021CD80,DXGI,0,512,1,Hardware: Independent Flip,33045.8298,NA,9.99470000000000,9.99740000000000,9.76810000000000,9.84650000000000,9.9475,33045.6158,9.9821,0.2140,9.7681,0.0799,9.9806,0.5003,9.4803,0.0063,33045.6158,NA,NA,NA
ZoomTracks.exe,30812,0x1C47021CD80,DXGI,0,512,1,Hardware: Independent Flip,33055.8555,NA,10.02570000000000,10.04900000000000,9.76130000000000,9.85880000000000,9.9708,33055.5979,10.0189,0.2576,9.7613,0.0784,10.0380,0.5529,9.4851,-0.0669,33055.5979,NA,NA,NA
ZoomTracks.exe,30812,0x1C47021CD80,DXGI,0,512,1,Hardware: Independent Flip,33065.8943,NA,10.03880000000000,9.93620000000000,9.72190000000000,9.78230000000000,9.8682,33065.6168,9.9994,0.2775,9.7219,0.0975,9.9623,0.5264,9.4359,0.0827,33065.6168,NA,10.3970,10.3970
ZoomTracks.exe,30812,0x1C47021CD80,DXGI,0,512,1,Hardware: Independent Flip,33075.8591,NA,9.96480000000000,10.01120000000000,9.73810000000000,9.81250000000000,9.9146,33075.6162,9.9810,0.2429,9.7381,0.0604,9.9950,0.4901,9.5049,-0.0118,33075.6162,NA,NA,NA
ZoomTracks.exe,30812,0x1C47021CD80,DXGI,0,512,1,Hardware: Independent Flip,33085.8497,NA,9.99060000000000,9.96970000000000,9.75070000000000,9.81330000000000,9.8937,33085.5972,10.0032,0.2525,9.7507,0.0744,9.9914,0.5170,9.4744,0.0113,33085.5972,NA,NA,NA
ZoomTracks.exe,30812,0x1C47021CD80,DXGI,0,512,1,Hardware: Independent Flip,33095.7924,NA,9.94270000000000,10.04860000000000,9.76780000000000,9.97990000000000,9.9996,33095.6004,9.9598,0.1920,9.7678,0.0626,10.1093,0.5971,9.5122,-0.0454,33095.6004,NA,NA,NA
ZoomTracks.exe,30812,0x1C47021CD80,DXGI,0,512,1,Hardware: Independent Flip,33105.8434,NA,10.05100000000000,9.97730000000000,9.75530000000000,9.91390000000000,9.9259,33105.5602,10.0385,0.2832,9.7553,0.2121,9.9850,0.5050,9.4800,-0.0175,33105.5602,NA,NA,NA
ZoomTracks.exe,30812,0x1C47021CD80,DXGI,0,512,1,Hardware: Independent Flip,33115.8608,NA,10.01740000000000,9.95540000000000,9.69720000000000,9.85430000000000,9.8639,33115.5987,9.9593,0.2621,9.6972,0.1586,9.9578,0.6492,9.3086,0.0831,33115.5987,NA,NA,NA
ZoomTracks.exe,30812,0x1C47021CD80,DXGI,0,512,1,Hardware: Independent Flip,33125.8572,NA,9.99640000000000,10.06810000000000,9.75210000000000,9.82140000000000,9.9356,33125.5580,10.0513,0.2992,9.7521,0.1571,9.9635,0.4897,9.4738,-0.1088,33125.5580,NA,NA,NA
ZoomTracks.exe,30812,0x1C47021CD80,DXGI,0,512,1,Hardware: Independent Flip,33135.8381,NA,9.98090000000000,9.97880000000000,9.75030000000000,9.83610000000000,9.9335,33135.6093,9.9791,0.2288,9.7503,0.0693,9.9956,0.5147,9.4809,0.0725,33135.6093,NA,NA,NA
ZoomTracks.exe,30812,0x1C47021CD80,DXGI,0,512,1,Hardware: Independent Flip,33145.8209,NA,9.98280000000000,10.01690000000000,9.78520000000000,9.86610000000000,9.9676,33145.5884,10.0177,0.2325,9.7852,0.0858,10.0128,0.5174,9.4954,-0.0378,33145.5884,NA,NA,NA
ZoomTracks.exe,30812,0x1C47021CD80,DXGI,0,512,1,Hardware: Independent Flip,33155.8466,NA,10.02570000000000,10.04510000000000,9.75910000000000,9.89180000000000,9.9870,33155.6061,9.9996,0.2405,9.7591,0.0809,10.0514,0.5970,9.4544,-0.0274,33155.6061,NA,NA,NA
ZoomTracks.exe,30812,0x1C47021CD80,DXGI,0,512,1,Hardware: Independent Flip,33165.9198,NA,10.07320000000000,9.89120000000000,9.68060000000000,9.72820000000000,9.8050,33165.6057,9.9947,0.3141,9.6806,0.1327,9.9096,0.5658,9.3438,0.1084,33165.6057,NA,NA,NA
ZoomTracks.exe,30812,0x1C47021CD80,DXGI,0,512,1,Hardware: Independent Flip,33175.7796,NA,9.85980000000000,10.05100000000000,9.80720000000000,9.98310000000000,9.9962,33175.6004,9.9864,0.1792,9.8072,0.0476,10.1147,0.5883,9.5264,-0.0563,33175.6004,NA,17.4061,17.4061
ZoomTracks.exe,30812,0x1C47021CD80,DXGI,0,512,1,Hardware: Independent Flip,33185.9036,NA,10.12400000000000,9.99940000000000,9.69750000000000,9.76120000000000,9.8716,33185.5868,10.0143,0.3168,9.6975,0.1759,9.9021,0.5110,9.3911,-0.0130,33185.5868,NA,NA,NA
ZoomTracks.exe,30812,0x1C47021CD80,DXGI,0,512,1,Hardware: Independent Flip,33195.8231,NA,9.91950000000000,10.05060000000000,9.73010000000000,9.98460000000000,10.0027,33195.6011,9.9521,0.2220,9.7301,0.0637,10.1429,0.6472,9.4957,-0.0363,33195.6011,NA,15.4690,15.4690
ZoomTracks.exe,30812,0x1C47021CD80,DXGI,0,512,1,Hardware: Independent Flip,33205.8800,NA,10.05690000000000,9.97660000000000,9.72760000000000,9.79810000000000,9.9224,33205.5532,10.0544,0.3268,9.7276,0.2545,9.8704,0.4318,9.4386,-0.0245,33205.5532,NA,NA,NA
ZoomTracks.exe,30812,0x1C47021CD80,DXGI,0,512,1,Hardware: Independent Flip,33215.8404,NA,9.96040000000000,10.04710000000000,9.71840000000000,9.98870000000000,10.0091,33215.6076,9.9512,0.2328,9.7184,0.0705,10.1510,0.6975,9.4535,0.0073,33215.6076,NA,NA,NA
ZoomTracks.exe,30812,0x1C47021CD80,DXGI,0,512,1,Hardware: Independent Flip,33225.9114,NA,10.07100000000000,10.02060000000000,9.69610000000000,9.76060000000000,9.9587,33225.5588,10.0487,0.3526,9.6961,0.2703,9.8429,0.4176,9.4253,-0.0694,33225.5588,NA,NA,NA
ZoomTracks.exe,30812,0x1C47021CD80,DXGI,0,512,1,Hardware: Independent Flip,33235.7997,NA,9.88830000000000,9.90400000000000,9.79540000000000,9.96650000000000,9.9744,33235.6075,9.9876,0.1922,9.7954,0.0645,10.0942,0.6591,9.4351,0.1447,33235.6075,NA,NA,NA
ZoomTracks.exe,30812,0x1C47021CD80,DXGI,0,512,1,Hardware: Independent Flip,33245.9192,NA,10.11950000000000,10.14040000000000,9.70080000000000,9.81140000000000,9.9953,33245.5951,10.0249,0.3241,9.7008,0.1711,9.9644,0.5458,9.4186,-0.1528,33245.5951,NA,NA,NA
ZoomTracks.exe,30812,0x1C47021CD80,DXGI,0,512,1,Hardware: Independent Flip,33255.8673,NA,9.94810000000000,9.85150000000000,9.73980000000000,9.80090000000000,9.8987,33255.6200,9.9871,0.2473,9.7398,0.1106,9.9376,0.5831,9.3545,0.1734,33255.6200,NA,NA,NA
ZoomTracks.exe,30812,0x1C47021CD80,DXGI,0,512,1,Hardware: Independent Flip,33265.8157,NA,9.94840000000000,10.00420000000000,9.79800000000000,9.86560000000000,9.9545,33265.6071,10.0066,0.2086,9.7980,0.0611,10.0131,0.5111,9.5020,-0.0171,33265.6071,NA,14.3954,14.3954
ZoomTracks.exe,30812,0x1C47021CD80,DXGI,0,512,1,Hardware: Independent Flip,33275.8250,NA,10.00930000000000,10.01180000000000,9.76730000000000,9.83570000000000,9.9570,33275.6137,9.9786,0.2113,9.7673,0.0676,9.9794,0.4902,9.4892,-0.0052,33275.6137,NA,NA,NA
ZoomTracks.exe,30812,0x1C47021CD80,DXGI,0,512,1,Hardware: Independent Flip,33285.8249,NA,9.99990000000000,9.99330000000000,9.79410000000000,9.86270000000000,9.9504,33285.5923,10.0267,0.2326,9.7941,0.0684,10.0269,0.5442,9.4827,-0.0147,33285.5923,NA,NA,NA
ZoomTracks.exe,30812,0x1C47021CD80,DXGI,0,512,1,Hardware: Independent Flip,33295.8263,NA,10.00140000000000,10.03750000000000,9.76620000000000,9.97020000000000,9.9865,33295.6190,9.9735,0.2073,9.7662,0.0686,10.1089,0.6328,9.4761,-0.0108,33295.6190,NA,NA,NA
ZoomTracks.exe,30812,0x1C47021CD80,DXGI,0,512,1,Hardware: Independent Flip,33305.9363,NA,10.11000000000000,9.94560000000000,9.65370000000000,9.70290000000000,9.8221,33305.5925,9.9975,0.3438,9.6537,0.2040,9.8427,0.6625,9.1802,0.0279,33305.5925,NA,NA,NA
ZoomTracks.exe,30812,0x1C47021CD80,DXGI,0,512,1,Hardware: Independent Flip,33315.7970,NA,9.86070000000000,10.06510000000000,9.76460000000000,10.00820000000000,10.0265,33315.5900,9.9716,0.2070,9.7646,0.0492,10.1660,0.7241,9.4419,-0.0676,33315.5900,NA,NA,NA
ZoomTracks.exe,30812,0x1C47021CD80,DXGI,0,512,1,Hardware: Independent Flip,33325.8760,NA,10.07900000000000,9.98410000000000,9.68050000000000,9.92360000000000,9.9316,33325.5616,9.9949,0.3144,9.6805,0.2436,9.9944,0.5603,9.4341,-0.0125,33325.5616,NA,NA,NA
ZoomTracks.exe,30812,0x1C47021CD80,DXGI,0,512,1,Hardware: Independent Flip,33335.8726,NA,9.99660000000000,9.99210000000000,9.72370000000000,9.82750000000000,9.9271,33335.5565,10.0398,0.3161,9.7237,0.2431,9.9005,0.4398,9.4607,0.0028,33335.5565,NA,NA,NA
ZoomTracks.exe,30812,0x1C47021CD80,DXGI,0,512,1,Hardware: Independent Flip,33345.8559,NA,9.98330000000000,9.98910000000000,9.72220000000000,9.80760000000000,9.9329,33345.5963,9.9818,0.2596,9.7222,0.1038,9.9634,0.5163,9.4471,0.0507,33345.5963,NA,NA,NA
ZoomTracks.exe,30812,0x1C47021CD80,DXGI,0,512,1,Hardware: Independent Flip,33355.8217,NA,9.96580000000000,9.95720000000000,9.79020000000000,9.84290000000000,9.9243,33355.5781,10.0338,0.2436,9.7902,0.0854,10.0011,0.5269,9.4742,0.0246,33355.5781,NA,NA,NA
ZoomTracks.exe,30812,0x1C47021CD80,DXGI,0,512,1,Hardware: Independent Flip,33365.7880,NA,9.96630000000000,10.00770000000000,9.80770000000000,9.87960000000000,9.9657,33365.6119,9.9838,0.1761,9.8077,0.0527,10.0030,0.5940,9.4090,0.0261,33365.6119,NA,12.3952,12.3952
ZoomTracks.exe,30812,0x1C47021CD80,DXGI,0,512,1,Hardware: Independent Flip,33375.8022,NA,10.01420000000000,10.04230000000000,9.81210000000000,9.89520000000000,9.9938,33375.5957,10.0186,0.2065,9.8121,0.0719,10.0298,0.5258,9.5040,-0.0585,33375.5957,NA,15.4416,15.4416
ZoomTracks.exe,30812,0x1C47021CD80,DXGI,0,512,1,Hardware: Independent Flip,33385.8530,NA,10.05080000000000,9.98910000000000,9.77840000000000,9.85020000000000,9.9321,33385.6143,10.0171,0.2387,9.7784,0.0831,10.0058,0.5233,9.4825,0.0295,33385.6143,NA,NA,NA
ZoomTracks.exe,30812,0x1C47021CD80,DXGI,0,512,1,Hardware: Independent Flip,33395.8375,NA,9.98450000000000,9.96110000000000,9.76710000000000,9.82550000000000,9.9087,33395.6314,9.9732,0.2061,9.7671,0.0718,9.9598,0.4808,9.4790,0.0560,33395.6314,NA,NA,NA
ZoomTracks.exe,30812,0x1C47021CD80,DXGI,0,512,1,Hardware: Independent Flip,33405.7834,NA,9.94590000000000,10.00200000000000,9.80170000000000,9.95470000000000,9.9648,33405.6046,9.9805,0.1788,9.8017,0.0584,10.0751,0.6071,9.4680,-0.0288,33405.6046,NA,NA,NA
ZoomTracks.exe,30812,0x1C47021CD80,DXGI,0,512,1,Hardware: Independent Flip,33415.8529,NA,10.06950000000000,10.07060000000000,9.69740000000000,9.94570000000000,9.9659,33415.5851,9.9652,0.2678,9.6974,0.1530,10.0605,0.6787,9.3818,-0.0901,33415.5851,NA,NA,NA
ZoomTracks.exe,30812,0x1C47021CD80,DXGI,0,512,1,Hardware: Independent Flip,33425.8654,NA,10.01250000000000,10.02950000000000,9.69550000000000,9.95870000000000,9.9829,33425.5503,10.0106,0.3151,9.6955,0.2483,10.0255,0.5761,9.4494,-0.0643,33425.5503,NA,NA,NA
ZoomTracks.exe,30812,0x1C47021CD80,DXGI,0,512,1,Hardware: Independent Flip,33435.8923,NA,10.02690000000000,9.90350000000000,9.73100000000000,9.78430000000000,9.8595,33435.5609,10.0624,0.3314,9.7310,0.2632,9.8525,0.4687,9.3838,0.1071,33435.5609,NA,NA,NA
ZoomTracks.exe,30812,0x1C47021CD80,DXGI,0,512,1,Hardware: Independent Flip,33445.8087,NA,9.91640000000000,10.03900000000000,9.79000000000000,9.89420000000000,9.9821,33445.6233,9.9754,0.1854,9.7900,0.0533,10.0263,0.5234,9.5029,0.0234,33445.6233,NA,NA,NA
ZoomTracks.exe,30812,0x1C47021CD80,DXGI,0,512,1,Hardware: Independent Flip,33455.8300,NA,10.02130000000000,9.97980000000000,9.78710000000000,9.85620000000000,9.9406,33455.5987,10.0184,0.2313,9.7871,0.1042,9.9833,0.5328,9.4505,-0.0044,33455.5987,NA,NA,NA
ZoomTracks.exe,30812,0x1C47021CD80,DXGI,0,512,1,Hardware: Independent Flip,33465.8300,NA,10.00000000000000,9.98360000000000,9.78410000000000,9.84150000000000,9.9242,33465.6171,9.9970,0.2129,9.7841,0.0691,9.9853,0.4832,9.5021,0.0348,33465.6171,NA,11.3899,11.3899
ZoomTracks.exe,30812,0x1C47021CD80,DXGI,0,512,1,Hardware: Independent Flip,33475.8242,NA,9.99420000000000,9.97750000000000,9.76910000000000,9.81740000000000,9.9075,33475.6141,9.9792,0.2101,9.7691,0.0574,9.9701,0.4669,9.5032,0.0195,33475.6141,NA,NA,NA
ZoomTracks.exe,30812,0x1C47021CD80,DXGI,0,512,1,Hardware: Independent Flip,33485.7877,NA,9.96350000000000,10.06160000000000,9.82600000000000,9.90670000000000,10.0056,33485.5933,10.0204,0.1944,9.8260,0.0483,10.0528,0.5064,9.5464,-0.0824,33485.5933,NA,NA,NA
ZoomTracks.exe,30812,0x1C47021CD80,DXGI,0,512,1,Hardware: Independent Flip,33495.8424,NA,10.05470000000000,9.98800000000000,9.76540000000000,9.84320000000000,9.9389,33495.6137,9.9941,0.2287,9.7654,0.0807,9.9912,0.5326,9.4586,0.0324,33495.6137,NA,NA,NA
ZoomTracks.exe,30812,0x1C47021CD80,DXGI,0,512,1,Hardware: Independent Flip,33505.8287,NA,9.98630000000000,9.97050000000000,9.77600000000000,9.84060000000000,9.9231,33505.6078,9.9969,0.2209,9.7760,0.0778,9.9837,0.4929,9.4908,0.0236,33505.6078,NA,NA,NA
ZoomTracks.exe,30812,0x1C47021CD80,DXGI,0,512,1,Hardware: Independent Flip,33515.8195,NA,9.99080000000000,10.01460000000000,9.76310000000000,9.93580000000000,9.9469,33515.6047,9.9779,0.2148,9.7631,0.0646,10.0860,0.5916,9.4944,-0.0177,33515.6047,NA,NA,NA
ZoomTracks.exe,30812,0x1C47021CD80,DXGI,0,512,1,Hardware: Independent Flip,33525.8888,NA,10.06930000000000,10.00890000000000,9.65660000000000,9.86640000000000,9.8865,33525.5826,9.9628,0.3062,9.6566,0.1727,9.9999,0.6032,9.3967,-0.0310,33525.5826,NA,NA,NA
ZoomTracks.exe,30812,0x1C47021CD80,DXGI,0,512,1,Hardware: Independent Flip,33535.8244,NA,9.93560000000000,9.96170000000000,9.78280000000000,9.83110000000000,9.9126,33535.5454,10.0618,0.2790,9.7828,0.2098,9.9003,0.4053,9.4950,0.0011,33535.5454,NA,NA,NA
ZoomTracks.exe,30812,0x1C47021CD80,DXGI,0,512,1,Hardware: Independent Flip,33545.8197,NA,9.99530000000000,10.14120000000000,9.76730000000000,10.03640000000000,10.0585,33545.6072,9.9798,0.2125,9.7673,0.0483,10.2006,0.6865,9.5141,-0.0794,33545.6072,NA,NA,NA
ZoomTracks.exe,30812,0x1C47021CD80,DXGI,0,512,1,Hardware: Independent Flip,33555.9453,NA,10.12560000000000,9.93280000000000,9.64350000000000,9.72470000000000,9.8657,33555.5870,10.0018,0.3583,9.6435,0.2691,9.8139,0.4302,9.3837,0.0470,33555.5870,NA,NA,NA
ZoomTracks.exe,30812,0x1C47021CD80,DXGI,0,512,1,Hardware: Independent Flip,33565.8076,NA,9.86230000000000,9.94260000000000,9.80020000000000,9.85220000000000,9.9460,33565.5888,10.0190,0.2188,9.8002,0.0812,9.9898,0.5098,9.4800,0.0592,33565.5888,NA,27.3893,27.3893
ZoomTracks.exe,30812,0x1C47021CD80,DXGI,0,512,1,Hardware: Independent Flip,33575.8200,NA,10.01240000000000,10.04950000000000,9.78150000000000,9.84520000000000,9.9831,33575.6078,9.9937,0.2122,9.7815,0.0520,10.0054,0.5097,9.4957,-0.0305,33575.6078,NA,NA,NA
ZoomTracks.exe,30812,0x1C47021CD80,DXGI,0,512,1,Hardware: Independent Flip,33585.8314,NA,10.01140000000000,9.99010000000000,9.78560000000000,9.86380000000000,9.9618,33585.6015,10.0155,0.2299,9.7856,0.0637,10.0300,0.5478,9.4822,0.0036,33585.6015,NA,25.4391,25.4391
ZoomTracks.exe,30812,0x1C47021CD80,DXGI,0,512,1,Hardware: Independent Flip,33595.8451,NA,10.01370000000000,9.98340000000000,9.75270000000000,9.82970000000000,9.9315,33595.6170,9.9808,0.2281,9.7527,0.0782,9.9796,0.5147,9.4649,0.0321,33595.6170,NA,NA,NA
ZoomTracks.exe,30812,0x1C47021CD80,DXGI,0,512,1,Hardware: Independent Flip,33605.8302,NA,9.98510000000000,10.01010000000000,9.79640000000000,9.85790000000000,9.9565,33605.5978,10.0288,0.2324,9.7964,0.0770,10.0133,0.5286,9.4847,-0.0293,33605.5978,NA,NA,NA
ZoomTracks.exe,30812,0x1C47021CD80,DXGI,0,512,1,Hardware: Independent Flip,33615.8802,NA,10.05000000000000,9.95870000000000,9.70360000000000,9.76530000000000,9.8652,33615.6266,9.9572,0.2536,9.7036,0.0615,9.9574,0.4936,9.4638,0.0701,33615.6266,NA,NA,NA
ZoomTracks.exe,30812,0x1C47021CD80,DXGI,0,512,1,Hardware: Independent Flip,33625.7911,NA,9.91090000000000,10.10230000000000,9.77180000000000,10.03260000000000,10.0566,33625.5838,9.9791,0.2073,9.7718,0.0617,10.1782,0.6761,9.5021,-0.1451,33625.5838,NA,NA,NA
ZoomTracks.exe,30812,0x1C47021CD80,DXGI,0,512,1,Hardware: Independent Flip,33635.8756,NA,10.08450000000000,10.03790000000000,9.76560000000000,9.84150000000000,10.0100,33635.5629,10.0783,0.3127,9.7656,0.2608,9.8934,0.4332,9.4602,-0.0588,33635.5629,NA,NA,NA
ZoomTracks.exe,30812,0x1C47021CD80,DXGI,0,512,1,Hardware: Independent Flip,33645.8336,NA,9.95800000000000,9.90550000000000,9.71730000000000,9.93810000000000,9.9575,33645.6412,9.9097,0.1924,9.7173,0.0759,10.0546,0.6400,9.4146,0.1728,33645.6412,NA,NA,NA
ZoomTracks.exe,30812,0x1C47021CD80,DXGI,0,512,1,Hardware: Independent Flip,33655.8420,NA,10.00840000000000,10.00200000000000,9.73320000000000,9.86080000000000,9.9511,33655.5509,10.0243,0.2911,9.7332,0.2208,9.9311,0.4535,9.4776,-0.0923,33655.5509,NA,19.4657,19.4657
ZoomTracks.exe,30812,0x1C47021CD80,DXGI,0,512,1,Hardware: Independent Flip,33665.8443,NA,10.00230000000000,9.96330000000000,9.73540000000000,9.90100000000000,9.9121,33665.5752,10.0045,0.2691,9.7354,0.1276,10.0425,0.6012,9.4413,0.0610,33665.5752,NA,NA,NA
ZoomTracks.exe,30812,0x1C47021CD80,DXGI,0,512,1,Hardware: Independent Flip,33675.8660,NA,10.02170000000000,10.00380000000000,9.73060000000000,9.80040000000000,9.8942,33675.5797,10.0169,0.2863,9.7306,0.1656,9.9211,0.4723,9.4488,0.0007,33675.5797,NA,NA,NA
ZoomTracks.exe,30812,0x1C47021CD80,DXGI,0,512,1,Hardware: Independent Flip,33685.8078,NA,9.94180000000000,10.03260000000000,9.77140000000000,9.97370000000000,9.9850,33685.5966,9.9826,0.2112,9.7714,0.0698,10.1151,0.6381,9.4770,-0.0157,33685.5966,NA,NA,NA
ZoomTracks.exe,30812,0x1C47021CD80,DXGI,0,512,1,Hardware: Independent Flip,33695.9213,NA,10.11350000000000,9.99180000000000,9.67030000000000,9.74090000000000,9.8633,33695.5792,10.0124,0.3421,9.6703,0.2023,9.8807,0.5168,9.3639,-0.0092,33695.5792,NA,NA,NA
ZoomTracks.exe,30812,0x1C47021CD80,DXGI,0,512,1,Hardware: Independent Flip,33705.7747,NA,9.85340000000000,9.95560000000000,9.81730000000000,9.88180000000000,9.9655,33705.5916,10.0004,0.1831,9.8173,0.0706,9.9943,0.5048,9.4895,0.0568,33705.5916,NA,NA,NA
ZoomTracks.exe,30812,0x1C47021CD80,DXGI,0,512,1,Hardware: Independent Flip,33715.7838,NA,10.00910000000000,10.02730000000000,9.81890000000000,9.88860000000000,9.9837,33715.5920,10.0107,0.1918,9.8189,0.0645,10.0159,0.5050,9.5109,-0.0269,33715.5920,NA,NA,NA
ZoomTracks.exe,30812,0x1C47021CD80,DXGI,0,512,1,Hardware: Independent Flip,33725.8203,NA,10.03650000000000,9.89710000000000,9.75160000000000,9.79730000000000,9.8443,33725.6027,9.9692,0.2176,9.7516,0.0697,9.9452,0.4578,9.4874,0.1136,33725.6027,NA,NA,NA
ZoomTracks.exe,30812,0x1C47021CD80,DXGI,0,512,1,Hardware: Independent Flip,33735.7300,NA,9.90970000000000,10.05320000000000,9.87200000000000,9.91880000000000,9.9878,33735.5719,10.0301,0.1581,9.8720,0.0457,10.0312,0.4325,9.5987,-0.0840,33735.5719,NA,NA,NA
ZoomTracks.exe,30812,0x1C47021CD80,DXGI,0,512,1,Hardware: Independent Flip,33745.7746,NA,10.04460000000000,10.07930000000000,9.77930000000000,10.00470000000000,10.0225,33745.6020,9.9519,0.1726,9.7793,0.0468,10.1305,0.5951,9.5354,-0.0492,33745.6020,NA,11.4504,11.4504
ZoomTracks.exe,30812,0x1C47021CD80,DXGI,0,512,1,Hardware: Independent Flip,33755.8418,NA,10.06720000000000,9.93750000000000,9.75910000000000,9.80850000000000,9.8928,33755.5539,10.0470,0.2879,9.7591,0.2254,9.8710,0.4034,9.4676,0.0144,33755.5539,NA,NA,NA
ZoomTracks.exe,30812,0x1C47021CD80,DXGI,0,512,1,Hardware: Independent Flip,33765.7773,NA,9.93550000000000,10.05720000000000,9.82250000000000,9.91240000000000,10.0145,33765.6009,9.9989,0.1764,9.8225,0.0494,10.0394,0.5603,9.4791,-0.0102,33765.6009,NA,NA,NA
ZoomTracks.exe,30812,0x1C47021CD80,DXGI,0,512,1,Hardware: Independent Flip,33775.8458,NA,10.06850000000000,10.03280000000000,9.76760000000000,9.85290000000000,9.9788,33775.5998,10.0136,0.2460,9.7676,0.0899,10.0090,0.5589,9.4501,-0.0339,33775.5998,NA,NA,NA
ZoomTracks.exe,30812,0x1C47021CD80,DXGI,0,512,1,Hardware: Independent Flip,33785.8599,NA,10.01410000000000,9.89970000000000,9.73520000000000,9.78290000000000,9.8644,33785.6134,9.9817,0.2465,9.7352,0.0853,9.9441,0.5296,9.4145,0.1139,33785.6134,NA,NA,NA
ZoomTracks.exe,30812,0x1C47021CD80,DXGI,0,512,1,Hardware: Independent Flip,33795.7605,NA,9.90060000000000,10.03650000000000,9.84030000000000,9.89830000000000,10.0003,33795.5951,10.0057,0.1654,9.8403,0.0477,10.0160,0.5146,9.5014,-0.0548,33795.5951,NA,NA,NA
ZoomTracks.exe,30812,0x1C47021CD80,DXGI,0,512,1,Hardware: Independent Flip,33805.8206,NA,10.06010000000000,9.98920000000000,9.77520000000000,9.84650000000000,9.9294,33805.6008,9.9950,0.2198,9.7752,0.0580,10.0083,0.5445,9.4638,0.0165,33805.6008,NA,NA,NA
ZoomTracks.exe,30812,0x1C47021CD80,DXGI,0,512,1,Hardware: Independent Flip,33815.8534,NA,10.03280000000000,9.98880000000000,9.72270000000000,9.87470000000000,9.8854,33815.5958,9.9803,0.2576,9.7227,0.0713,10.0610,0.5642,9.4968,0.0062,33815.5958,NA,NA,NA
ZoomTracks.exe,30812,0x1C47021CD80,DXGI,0,512,1,Hardware: Independent Flip,33825.8654,NA,10.01200000000000,9.98770000000000,9.72100000000000,9.76860000000000,9.8611,33825.5761,10.0103,0.2893,9.7210,0.1520,9.9059,0.4649,9.4410,-0.0074,33825.5761,NA,11.3800,11.3800
ZoomTracks.exe,30812,0x1C47021CD80,DXGI,0,512,1,Hardware: Independent Flip,33835.7788,NA,9.91340000000000,10.02410000000000,9.83320000000000,9.88850000000000,9.9718,33835.5864,10.0256,0.1924,9.8332,0.0476,10.0333,0.5043,9.5290,-0.0138,33835.5864,NA,NA,NA
ZoomTracks.exe,30812,0x1C47021CD80,DXGI,0,512,1,Hardware: Independent Flip,33845.8065,NA,10.02770000000000,10.06860000000000,9.73770000000000,9.99290000000000,10.0127,33845.6120,9.9322,0.1945,9.7377,0.0553,10.1321,0.6440,9.4881,-0.0430,33845.6120,NA,NA,NA
ZoomTracks.exe,30812,0x1C47021CD80,DXGI,0,512,1,Hardware: Independent Flip,33855.8668,NA,10.06030000000000,9.93050000000000,9.73690000000000,9.79260000000000,9.8829,33855.5442,10.0595,0.3226,9.7369,0.2552,9.8600,0.4217,9.4383,0.0017,33855.5442,NA,NA,NA
ZoomTracks.exe,30812,0x1C47021CD80,DXGI,0,512,1,Hardware: Independent Flip,33865.8033,NA,9.93650000000000,10.09460000000000,9.76150000000000,10.02170000000000,10.0410,33865.6037,9.9611,0.1996,9.7615,0.0557,10.1656,0.6746,9.4910,-0.0351,33865.6037,NA,NA,NA
ZoomTracks.exe,30812,0x1C47021CD80,DXGI,0,512,1,Hardware: Independent Flip,33875.9084,NA,10.10510000000000,9.96930000000000,9.69760000000000,9.75960000000000,9.9052,33875.5648,10.0412,0.3436,9.6976,0.2602,9.8430,0.4336,9.4094,-0.0082,33875.5648,NA,NA,NA
ZoomTracks.exe,30812,0x1C47021CD80,DXGI,0,512,1,Hardware: Independent Flip,33885.8477,NA,9.93930000000000,9.96030000000000,9.76920000000000,9.83730000000000,9.9262,33885.6060,10.0109,0.2417,9.7692,0.0620,10.0170,0.5653,9.4517,0.0809,33885.6060,NA,NA,NA
ZoomTracks.exe,30812,0x1C47021CD80,DXGI,0,512,1,Hardware: Independent Flip,33895.8232,NA,9.97550000000000,10.01920000000000,9.74940000000000,9.83060000000000,9.9699,33895.6169,9.9557,0.2063,9.7494,0.0681,9.9688,0.5206,9.4482,-0.0083,33895.6169,NA,NA,NA
ZoomTracks.exe,30812,0x1C47021CD80,DXGI,0,512,1,Hardware: Independent Flip,33905.7818,NA,9.95860000000000,9.96900000000000,9.82360000000000,9.87620000000000,9.9803,33905.5726,10.0328,0.2092,9.8236,0.0812,10.0042,0.5297,9.4745,-0.0133,33905.5726,NA,NA,NA
ZoomTracks.exe,30812,0x1C47021CD80,DXGI,0,512,1,Hardware: Independent Flip,33915.8362,NA,10.05440000000000,10.04030000000000,9.77460000000000,9.85900000000000,9.9662,33915.6054,10.0054,0.2308,9.7746,0.0526,10.0372,0.5641,9.4731,-0.0075,33915.6054,NA,22.4357,22.4357
ZoomTracks.exe,30812,0x1C47021CD80,DXGI,0,512,1,Hardware: Independent Flip,33925.8585,NA,10.02230000000000,9.96460000000000,9.72270000000000,9.81230000000000,9.9085,33925.6108,9.9704,0.2477,9.7227,0.0844,9.9756,0.5354,9.4402,0.0408,33925.6108,NA,NA,NA
ZoomTracks.exe,30812,0x1C47021CD80,DXGI,0,512,1,Hardware: Independent Flip,33935.8215,NA,9.96300000000000,10.01530000000000,9.78410000000000,9.85050000000000,9.9608,33935.5812,10.0244,0.2403,9.7841,0.0896,10.0012,0.5220,9.4792,-0.0449,33935.5812,NA,NA,NA
ZoomTracks.exe,30812,0x1C47021CD80,DXGI,0,512,1,Hardware: Independent Flip,33945.8332,NA,10.01170000000000,10.01250000000000,9.73360000000000,9.95250000000000,9.9616,33945.6056,9.9612,0.2276,9.7336,0.0664,10.1137,0.6711,9.4426,0.0119,33945.6056,NA,NA,NA
ZoomTracks.exe,30812,0x1C47021CD80,DXGI,0,512,1,Hardware: Independent Flip,33955.9158,NA,10.08260000000000,10.00450000000000,9.68650000000000,9.77650000000000,9.8835,33955.5668,10.0355,0.3490,9.6865,0.2189,9.9066,0.5373,9.3693,-0.0433,33955.5668,NA,NA,NA
ZoomTracks.exe,30812,0x1C47021CD80,DXGI,0,512,1,Hardware: Independent Flip,33965.8537,NA,9.93790000000000,9.99830000000000,9.69540000000000,9.91900000000000,9.9439,33965.6023,9.9468,0.2514,9.6954,0.0900,10.0804,0.6405,9.4399,0.0372,33965.6023,NA,NA,NA
ZoomTracks.exe,30812,0x1C47021CD80,DXGI,0,512,1,Hardware: Independent Flip,33975.8306,NA,9.97690000000000,10.02250000000000,9.71340000000000,9.87930000000000,9.9895,33975.5491,9.9949,0.2815,9.7134,0.2236,9.9372,0.5048,9.4324,-0.0757,33975.5491,NA,NA,NA
ZoomTracks.exe,30812,0x1C47021CD80,DXGI,0,512,1,Hardware: Independent Flip,33985.7495,NA,9.91890000000000,9.92250000000000,9.85920000000000,9.90770000000000,9.9931,33985.5440,10.0647,0.2055,9.8592,0.1659,9.9473,0.3960,9.5513,0.0724,33985.5440,NA,NA,NA
ZoomTracks.exe,30812,0x1C47021CD80,DXGI,0,512,1,Hardware: Independent Flip,33995.8330,NA,10.08350000000000,10.05810000000000,9.79640000000000,9.85590000000000,9.9677,33995.6087,10.0207,0.2243,9.7964,0.0485,10.0317,0.5075,9.5242,0.0066,33995.6087,NA,22.4418,22.4418
ZoomTracks.exe,30812,0x1C47021CD80,DXGI,0,512,1,Hardware: Independent Flip,34005.8590,NA,10.02600000000000,9.97600000000000,9.76100000000000,9.81950000000000,9.9177,34005.6294,9.9906,0.2296,9.7610,0.0595,9.9896,0.5481,9.4415,0.0447,34005.6294,NA,NA,NA
ZoomTracks.exe,30812,0x1C47021CD80,DXGI,0,512,1,Hardware: Independent Flip,34015.8433,NA,9.98430000000000,9.97120000000000,9.74100000000000,9.81400000000000,9.9046,34015.6200,9.9643,0.2233,9.7410,0.0585,9.9788,0.5059,9.4729,0.0194,34015.6200,NA,NA,NA
ZoomTracks.exe,30812,0x1C47021CD80,DXGI,0,512,1,Hardware: Independent Flip,34025.8005,NA,9.95720000000000,10.03520000000000,9.80970000000000,9.87830000000000,9.9826,34025.5843,10.0259,0.2162,9.8097,0.0730,10.0215,0.5467,9.4748,-0.0709,34025.5843,NA,NA,NA
ZoomTracks.exe,30812,0x1C47021CD80,DXGI,0,512,1,Hardware: Independent Flip,34035.8371,NA,10.03660000000000,9.96520000000000,9.73050000000000,9.90260000000000,9.9112,34035.6102,9.9574,0.2269,9.7305,0.0686,10.0609,0.6160,9.4449,0.0607,34035.6102,NA,NA,NA
ZoomTracks.exe,30812,0x1C47021CD80,DXGI,0,512,1,Hardware: Independent Flip,34045.8646,NA,10.02750000000000,10.03040000000000,9.74860000000000,9.80760000000000,9.9141,34045.5676,10.0456,0.2970,9.7486,0.1721,9.9325,0.4895,9.4430,-0.0730,34045.5676,NA,NA,NA
ZoomTracks.exe,30812,0x1C47021CD80,DXGI,0,512,1,Hardware: Independent Flip,34055.8376,NA,9.97300000000000,10.12610000000000,9.87150000000000,9.96220000000000,10.0672,34055.6132,10.0959,0.2244,9.8715,0.0590,10.1276,0.6120,9.5156,-0.0805,34055.6132,NA,NA,NA
ZoomTracks.exe,30812,0x1C47021CD80,DXGI,0,512,1,Hardware: Independent Flip,34065.9947,NA,10.15710000000000,9.99890000000000,9.65160000000000,9.88310000000000,9.9090,34065.7091,9.9372,0.2856,9.6516,0.0907,10.0780,0.7869,9.2911,0.0970,34065.7091,NA,NA,NA
ZoomTracks.exe,30812,0x1C47021CD80,DXGI,0,512,1,Hardware: Independent Flip,34076.0670,NA,10.07230000000000,9.91740000000000,9.49930000000000,9.73080000000000,9.7541,34075.6463,9.9200,0.4207,9.4993,0.2315,9.9200,0.5623,9.3577,0.0198,34075.6463,NA,NA,NA
ZoomTracks.exe,30812,0x1C47021CD80,DXGI,0,512,1,Hardware: Independent Flip,34085.8743,NA,9.80730000000000,9.94010000000000,9.74290000000000,9.79960000000000,9.8869,34085.5663,10.0509,0.3080,9.7429,0.2315,9.8761,0.4297,9.4464,-0.0201,34085.5663,NA,NA,NA
ZoomTracks.exe,30812,0x1C47021CD80,DXGI,0,512,1,Hardware: Independent Flip,34095.8156,NA,9.94130000000000,9.99070000000000,9.78440000000000,9.85270000000000,9.9363,34095.6172,9.9828,0.1984,9.7844,0.0567,9.9944,0.5182,9.4762,0.0602,34095.6172,NA,NA,NA
ZoomTracks.exe,30812,0x1C47021CD80,DXGI,0,512,1,Hardware: Independent Flip,34105.8550,NA,10.03940000000000,10.05310000000000,9.76550000000000,9.84750000000000,9.9500,34105.6000,10.0205,0.2550,9.7655,0.0683,10.0342,0.5264,9.5078,-0.0703,34105.6000,NA,NA,NA
ZoomTracks.exe,30812,0x1C47021CD80,DXGI,0,512,1,Hardware: Independent Flip,34115.8661,NA,10.01110000000000,9.94610000000000,9.70670000000000,9.87420000000000,9.8850,34115.6205,9.9523,0.2456,9.7067,0.0820,10.0378,0.6173,9.4205,0.0744,34115.6205,NA,NA,NA
ZoomTracks.exe,30812,0x1C47021CD80,DXGI,0,512,1,Hardware: Independent Flip,34125.8567,NA,9.99060000000000,10.04150000000000,9.71330000000000,9.92260000000000,9.9359,34125.5728,9.9972,0.2839,9.7133,0.1675,10.0390,0.6203,9.4187,-0.0892,34125.5728,NA,NA,NA
ZoomTracks.exe,30812,0x1C47021CD80,DXGI,0,512,1,Hardware: Independent Flip,34135.9107,NA,10.05400000000000,10.01170000000000,9.70160000000000,9.78400000000000,9.8936,34135.5700,10.0423,0.3407,9.7016,0.2093,9.9154,0.5437,9.3717,-0.0145,34135.5700,NA,NA,NA
ZoomTracks.exe,30812,0x1C47021CD80,DXGI,0,512,1,Hardware: Independent Flip,34145.8410,NA,9.93030000000000,9.98360000000000,9.73290000000000,9.93190000000000,9.9469,34145.6123,9.9616,0.2287,9.7329,0.0824,10.0782,0.6553,9.4229,0.0587,34145.6123,NA,NA,NA
ZoomTracks.exe,30812,0x1C47021CD80,DXGI,0,512,1,Hardware: Independent Flip,34155.8956,NA,10.05460000000000,9.96530000000000,9.70460000000000,9.78030000000000,9.8576,34155.5739,10.0263,0.3217,9.7046,0.1990,9.9030,0.5498,9.3532,-0.0037,34155.5739,NA,NA,NA
ZoomTracks.exe,30812,0x1C47021CD80,DXGI,0,512,1,Hardware: Independent Flip,34165.8075,NA,9.91190000000000,10.04540000000000,9.80220000000000,9.88590000000000,9.9911,34165.6002,10.0095,0.2073,9.8022,0.0757,10.0175,0.5255,9.4920,-0.0191,34165.6002,NA,NA,NA
ZoomTracks.exe,30812,0x1C47021CD80,DXGI,0,512,1,Hardware: Independent Flip,34175.8563,NA,10.04880000000000,10.08390000000000,9.70040000000000,9.92600000000000,10.0262,34175.6097,9.9470,0.2466,9.7004,0.0837,10.0889,0.6589,9.4300,-0.0744,34175.6097,NA,NA,NA
ZoomTracks.exe,30812,0x1C47021CD80,DXGI,0,512,1,Hardware: Independent Flip,34185.8818,NA,10.02550000000000,9.85000000000000,9.71330000000000,9.76150000000000,9.8507,34185.5567,10.0384,0.3251,9.7133,0.2256,9.8610,0.4026,9.4584,0.0970,34185.5567,NA,NA,NA
ZoomTracks.exe,30812,0x1C47021CD80,DXGI,0,512,1,Hardware: Independent Flip,34195.7934,NA,9.91160000000000,10.01560000000000,9.79310000000000,9.87170000000000,9.9547,34195.5951,9.9914,0.1983,9.7931,0.0482,10.0218,0.5156,9.5062,0.0228,34195.5951,NA,NA,NA
ZoomTracks.exe,30812,0x1C47021CD80,DXGI,0,512,1,Hardware: Independent Flip,34205.8035,NA,10.01010000000000,10.07010000000000,9.81020000000000,9.88790000000000,10.0147,34205.5865,10.0272,0.2170,9.8102,0.0786,10.0263,0.5297,9.4966,-0.0787,34205.5865,NA,10.5623,NA
