Application,ProcessID,SwapChainAddress,PresentRuntime,SyncInterval,PresentFlags,AllowsTearing,PresentMode,TimeInMs,MsBetweenSimulationStart,MsBetweenPresents,MsBetweenDisplayChange,MsInPresentAPI,MsRenderPresentLatency,MsUntilDisplayed,CPUStartTimeInMs,MsBetweenAppStart,MsCPUBusy,MsCPUWait,MsGPULatency,MsGPUTime,MsGPUBusy,MsGPUWait,MsAnimationError,AnimationTime,MsFlipDelay,MsAllInputToPhotonLatency,MsClickToPhotonLatency
ZoomTracks.exe,35460,0x253F08E0920,DXGI,0,512,0,Composed: Flip,830.2662,NA,12.27540000000000,8.36000000000000,0.99700000000000,0.99860000000000,21.3241,818.9172,12.3460,11.3490,0.9970,11.8335,0.5141,0.2234,0.2907,NA,818.9172,NA,NA,NA
ZoomTracks.exe,35460,0x253F08E0920,DXGI,0,512,0,Composed: Flip,913.6990,NA,83.43280000000000,75.04920000000000,0.86980000000000,0.87260000000000,12.9405,831.2632,83.3056,82.4358,0.8698,82.0180,1.2904,0.5234,0.7670,-62.7032,831.2632,NA,NA,NA
ZoomTracks.exe,35460,0x253F08E0920,DXGI,0,512,1,Hardware: Independent Flip,918.2861,NA,4.58710000000000,8.23690000000000,5.91730000000000,6.00930000000000,16.5903,914.5688,9.6346,3.7173,5.9173,3.7020,6.0246,0.5064,5.5182,75.0687,914.5688,NA,NA,NA
ZoomTracks.exe,35460,0x253F08E0920,DXGI,0,512,1,Hardware: Independent Flip,1055.2717,NA,136.98560000000001,120.99260000000001,0.28610000000000,0.51370000000000,0.5973,924.2034,131.3544,131.0683,0.2861,126.6947,4.8873,0.8197,4.0676,-111.3580,924.2034,NA,NA,NA
ZoomTracks.exe,35460,0x253F08E0920,DXGI,0,512,1,Hardware: Independent Flip,1056.9720,NA,1.70030000000000,39.28740000000001,8.58500000000000,8.74200000000000,38.1844,1055.5578,9.9992,1.4142,8.5850,0.2276,9.9286,0.7147,9.2139,92.0670,1055.5578,NA,NA,NA
ZoomTracks.exe,35460,0x253F08E0920,DXGI,0,512,1,Hardware: Independent Flip,1065.7509,NA,8.77890000000000,0.48720000000000,9.78890000000000,29.86950000000000,29.8927,1065.5570,9.9828,0.1939,9.7889,0.1570,29.9064,29.8811,0.0253,9.5120,1065.5570,NA,NA,NA
ZoomTracks.exe,35460,0x253F08E0920,DXGI,0,512,1,Hardware: Independent Flip,1097.9462,NA,32.19530000000000,2.84030000000000,0.16030000000000,0.47140000000000,0.5377,1075.5398,22.5667,22.4064,0.1603,20.0806,2.7972,0.4898,2.3074,7.1425,1075.5398,NA,NA,NA
ZoomTracks.exe,35460,0x253F08E0920,DXGI,0,512,1,Hardware: Independent Flip,1098.3448,NA,0.39860000000000,9.96750000000000,9.81210000000000,10.02580000000000,10.1066,1098.1065,10.0504,0.2383,9.8121,0.3111,9.9530,0.5936,9.3594,12.5992,1098.1065,NA,NA,NA
ZoomTracks.exe,35460,0x253F08E0920,DXGI,0,512,1,Hardware: Independent Flip,1108.4754,NA,10.13060000000000,9.99090000000000,9.65670000000000,9.87780000000000,9.9669,1108.1569,9.9752,0.3185,9.6567,0.2137,9.9826,0.6910,9.2916,0.0595,1108.1569,NA,NA,NA
ZoomTracks.exe,35460,0x253F08E0920,DXGI,0,512,1,Hardware: Independent Flip,1118.3655,NA,9.89010000000000,10.03240000000000,9.76460000000000,9.97050000000000,10.1092,1118.1321,9.9980,0.2334,9.7646,0.2211,9.9828,0.5178,9.4650,-0.0572,1118.1321,NA,NA,NA
ZoomTracks.exe,35460,0x253F08E0920,DXGI,0,512,1,Hardware: Independent Flip,1128.5038,NA,10.13830000000000,9.94530000000000,9.64050000000000,9.90730000000000,9.9162,1128.1301,10.0142,0.3737,9.6405,0.2059,10.0751,0.8004,9.2747,0.0527,1128.1301,NA,NA,NA
ZoomTracks.exe,35460,0x253F08E0920,DXGI,0,512,1,Hardware: Independent Flip,1138.4498,NA,9.94600000000000,10.73840000000000,9.76910000000000,9.87050000000000,10.7086,1138.1443,10.0746,0.3055,9.7691,0.2668,9.9092,0.6145,9.2947,-0.7242,1138.1443,NA,NA,NA
ZoomTracks.exe,35460,0x253F08E0920,DXGI,0,512,1,Hardware: Independent Flip,1148.4439,NA,9.99410000000000,9.43140000000000,9.70700000000000,10.13800000000000,10.1459,1148.2189,9.9320,0.2250,9.7070,0.1014,10.2616,0.9025,9.3591,0.6432,1148.2189,NA,NA,NA
ZoomTracks.exe,35460,0x253F08E0920,DXGI,0,512,1,Hardware: Independent Flip,1158.3097,NA,9.86580000000000,9.99060000000000,9.88400000000000,10.08800000000000,10.2707,1158.1509,10.0428,0.1588,9.8840,0.4310,9.8158,0.4273,9.3885,-0.0586,1158.1509,NA,NA,NA
ZoomTracks.exe,35460,0x253F08E0920,DXGI,0,512,1,Hardware: Independent Flip,1168.4467,NA,10.13700000000000,9.88200000000000,9.72290000000000,9.99440000000000,10.0157,1168.1937,9.9759,0.2530,9.7229,0.2040,10.0434,0.7266,9.3168,0.1608,1168.1937,NA,NA,NA
ZoomTracks.exe,35460,0x253F08E0920,DXGI,0,512,1,Hardware: Independent Flip,1178.4900,NA,10.04330000000000,10.02870000000000,9.64670000000000,9.88520000000000,10.0011,1178.1696,9.9671,0.3204,9.6467,0.2715,9.9341,0.6397,9.2944,-0.0528,1178.1696,NA,NA,NA
ZoomTracks.exe,35460,0x253F08E0920,DXGI,0,512,1,Hardware: Independent Flip,1188.4037,NA,9.91370000000000,10.07250000000000,10.04130000000000,10.14590000000000,10.1599,1188.1367,10.3083,0.2670,10.0413,0.2385,10.1744,0.7751,9.3993,-0.1054,1188.1367,NA,NA,NA
ZoomTracks.exe,35460,0x253F08E0920,DXGI,0,512,1,Hardware: Independent Flip,1198.6653,NA,10.26160000000000,9.91050000000000,9.46420000000000,9.66780000000000,9.8088,1198.4450,9.6845,0.2203,9.4642,0.1046,9.7835,0.6948,9.0887,0.3978,1198.4450,NA,NA,NA
ZoomTracks.exe,35460,0x253F08E0920,DXGI,0,512,1,Hardware: Independent Flip,1208.3811,NA,9.71580000000000,9.98910000000000,9.76690000000000,10.06140000000000,10.0821,1208.1295,10.0185,0.2516,9.7669,0.2036,10.1094,0.6346,9.4748,-0.3046,1208.1295,NA,NA,NA
ZoomTracks.exe,35460,0x253F08E0920,DXGI,0,512,1,Hardware: Independent Flip,1218.4930,NA,10.11190000000000,10.24710000000000,9.63530000000000,10.03360000000000,10.2173,1218.1480,9.9803,0.3450,9.6353,0.2945,10.0841,0.7986,9.2855,-0.2286,1218.1480,NA,NA,NA
ZoomTracks.exe,35460,0x253F08E0920,DXGI,0,512,1,Hardware: Independent Flip,1228.2877,NA,9.79470000000000,9.67280000000000,9.84760000000000,10.07340000000000,10.0954,1228.1283,10.0070,0.1594,9.8476,0.3983,9.8345,0.3849,9.4496,0.3075,1228.1283,NA,NA,NA
ZoomTracks.exe,35460,0x253F08E0920,DXGI,0,512,1,Hardware: Independent Flip,1238.4120,NA,10.12430000000000,10.08260000000000,9.71220000000000,10.04520000000000,10.0537,1238.1353,9.9889,0.2767,9.7122,0.2258,10.0961,0.7310,9.3651,-0.0756,1238.1353,NA,NA,NA
ZoomTracks.exe,35460,0x253F08E0920,DXGI,0,512,1,Hardware: Independent Flip,1248.2706,NA,9.85860000000000,10.09150000000000,9.85690000000000,10.09330000000000,10.2866,1248.1242,10.0033,0.1464,9.8569,0.3330,9.9067,0.3940,9.5127,-0.1026,1248.1242,NA,NA,NA
ZoomTracks.exe,35460,0x253F08E0920,DXGI,0,512,1,Hardware: Independent Flip,1258.3971,NA,10.12650000000000,9.91310000000000,9.72640000000000,10.06560000000000,10.0732,1258.1275,9.9960,0.2696,9.7264,0.2364,10.0988,0.7402,9.3586,0.0902,1258.1275,NA,NA,NA
ZoomTracks.exe,35460,0x253F08E0920,DXGI,0,512,1,Hardware: Independent Flip,1268.2730,NA,9.87590000000000,10.11840000000000,9.87970000000000,10.10840000000000,10.3157,1268.1235,10.0292,0.1495,9.8797,0.3392,9.9187,0.4017,9.5170,-0.1224,1268.1235,NA,NA,NA
ZoomTracks.exe,35460,0x253F08E0920,DXGI,0,512,1,Hardware: Independent Flip,1278.3000,NA,10.02700000000000,9.89420000000000,9.83080000000000,10.17320000000000,10.1829,1278.1527,9.9781,0.1473,9.8308,0.2287,10.0918,0.6196,9.4722,0.1350,1278.1527,NA,NA,NA
ZoomTracks.exe,35460,0x253F08E0920,DXGI,0,512,1,Hardware: Independent Flip,1288.2811,NA,9.98110000000000,9.96800000000000,9.84560000000000,10.04970000000000,10.1698,1288.1308,9.9959,0.1503,9.8456,0.3424,9.8576,0.3654,9.4922,0.0101,1288.1308,NA,NA,NA
ZoomTracks.exe,35460,0x253F08E0920,DXGI,0,512,1,Hardware: Independent Flip,1298.2534,NA,9.97230000000000,9.99850000000000,9.92810000000000,10.18590000000000,10.1960,1298.1267,10.0548,0.1267,9.9281,0.2041,10.1085,0.5547,9.5538,-0.0026,1298.1267,NA,NA,NA
ZoomTracks.exe,35460,0x253F08E0920,DXGI,0,512,1,Hardware: Independent Flip,1308.4595,NA,10.20610000000000,9.93680000000000,9.66670000000000,9.85740000000000,9.9267,1308.1815,9.9447,0.2780,9.6667,0.2578,9.8776,0.5017,9.3759,0.1180,1308.1815,NA,NA,NA
ZoomTracks.exe,35460,0x253F08E0920,DXGI,0,512,1,Hardware: Independent Flip,1318.3496,NA,9.89010000000000,10.04460000000000,9.78520000000000,10.05440000000000,10.0812,1318.1262,10.0086,0.2234,9.7852,0.1907,10.0871,0.5782,9.5089,-0.0999,1318.1262,NA,NA,NA
ZoomTracks.exe,35460,0x253F08E0920,DXGI,0,512,1,Hardware: Independent Flip,1328.4383,NA,10.08870000000000,10.03290000000000,9.68750000000000,9.89790000000000,10.0254,1328.1348,9.9910,0.3035,9.6875,0.2692,9.9322,0.5984,9.3338,-0.0243,1328.1348,NA,NA,NA
ZoomTracks.exe,35460,0x253F08E0920,DXGI,0,512,1,Hardware: Independent Flip,1338.3471,NA,9.90880000000000,9.92660000000000,9.78360000000000,10.01550000000000,10.0432,1338.1258,10.0049,0.2213,9.7836,0.2104,10.0264,0.5422,9.4842,0.0644,1338.1258,NA,NA,NA
ZoomTracks.exe,35460,0x253F08E0920,DXGI,0,512,1,Hardware: Independent Flip,1348.3976,NA,10.05050000000000,10.07890000000000,9.76670000000000,9.95250000000000,10.0716,1348.1307,10.0336,0.2669,9.7667,0.2319,9.9875,0.5980,9.3895,-0.0740,1348.1307,NA,NA,NA
ZoomTracks.exe,35460,0x253F08E0920,DXGI,0,512,1,Hardware: Independent Flip,1358.3976,NA,10.00000000000000,9.97650000000000,9.74480000000000,10.02040000000000,10.0481,1358.1643,9.9781,0.2333,9.7448,0.1858,10.0679,0.7113,9.3566,0.0571,1358.1643,NA,NA,NA
ZoomTracks.exe,35460,0x253F08E0920,DXGI,0,512,1,Hardware: Independent Flip,1368.2777,NA,9.88010000000000,9.93490000000000,9.84210000000000,10.09570000000000,10.1029,1368.1424,9.9774,0.1353,9.8421,0.2756,9.9554,0.6364,9.3190,0.0432,1368.1424,NA,NA,NA
ZoomTracks.exe,35460,0x253F08E0920,DXGI,0,512,1,Hardware: Independent Flip,1378.2447,NA,9.96700000000000,10.01160000000000,9.88640000000000,10.13920000000000,10.1475,1378.1198,10.0113,0.1249,9.8864,0.2536,10.0105,0.4442,9.5663,-0.0342,1378.1198,NA,NA,NA
ZoomTracks.exe,35460,0x253F08E0920,DXGI,0,512,1,Hardware: Independent Flip,1388.4183,NA,10.17360000000000,10.00280000000000,9.70180000000000,9.96890000000000,9.9767,1388.1311,9.9890,0.2872,9.7018,0.2528,10.0033,0.6504,9.3529,0.0085,1388.1311,NA,NA,NA
ZoomTracks.exe,35460,0x253F08E0920,DXGI,0,512,1,Hardware: Independent Flip,1398.2493,NA,9.83100000000000,9.99530000000000,9.89020000000000,10.12140000000000,10.1410,1398.1201,10.0194,0.1292,9.8902,0.2671,9.9835,0.3920,9.5915,-0.0063,1398.1201,NA,NA,NA
ZoomTracks.exe,35460,0x253F08E0920,DXGI,0,512,1,Hardware: Independent Flip,1408.4175,NA,10.16820000000000,10.02190000000000,9.71480000000000,9.98720000000000,9.9947,1408.1395,9.9928,0.2780,9.7148,0.2312,10.0340,0.6846,9.3494,-0.0025,1408.1395,NA,NA,NA
ZoomTracks.exe,35460,0x253F08E0920,DXGI,0,512,1,Hardware: Independent Flip,1418.2641,NA,9.84660000000000,9.96710000000000,9.85380000000000,10.02930000000000,10.1152,1418.1323,9.9856,0.1318,9.8538,0.2724,9.8887,0.3506,9.5381,0.0257,1418.1323,NA,NA,NA
ZoomTracks.exe,35460,0x253F08E0920,DXGI,0,512,1,Hardware: Independent Flip,1428.3326,NA,10.06850000000000,10.05190000000000,9.81910000000000,10.08800000000000,10.0986,1428.1179,10.0338,0.2147,9.8191,0.1755,10.1272,0.6810,9.4462,-0.0663,1428.1179,NA,NA,NA
ZoomTracks.exe,35460,0x253F08E0920,DXGI,0,512,1,Hardware: Independent Flip,1438.4520,NA,10.11940000000000,10.09910000000000,9.76690000000000,9.95230000000000,10.0783,1438.1517,10.0672,0.3003,9.7669,0.2689,9.9837,0.6481,9.3356,-0.0653,1438.1517,NA,NA,NA
ZoomTracks.exe,35460,0x253F08E0920,DXGI,0,512,1,Hardware: Independent Flip,1448.4600,NA,10.00800000000000,9.94800000000000,9.73880000000000,9.99280000000000,10.0183,1448.2189,9.9799,0.2411,9.7388,0.1854,10.0485,0.7005,9.3480,0.1192,1448.2189,NA,NA,NA
ZoomTracks.exe,35460,0x253F08E0920,DXGI,0,512,1,Hardware: Independent Flip,1458.5168,NA,10.05680000000000,9.98470000000000,9.67810000000000,9.92070000000000,9.9462,1458.1988,9.9961,0.3180,9.6781,0.2540,9.9847,0.6931,9.2916,-0.0048,1458.1988,NA,NA,NA
ZoomTracks.exe,35460,0x253F08E0920,DXGI,0,512,1,Hardware: Independent Flip,1468.4974,NA,9.98060000000000,10.00250000000000,9.71140000000000,9.94310000000000,9.9681,1468.1949,10.0139,0.3025,9.7114,0.2426,10.0030,0.7354,9.2676,-0.0064,1468.1949,NA,NA,NA
ZoomTracks.exe,35460,0x253F08E0920,DXGI,0,512,1,Hardware: Independent Flip,1478.5015,NA,10.00410000000000,9.93960000000000,9.65020000000000,9.88480000000000,9.9036,1478.2088,9.9429,0.2927,9.6502,0.2317,9.9458,0.6570,9.2888,0.0743,1478.2088,NA,NA,NA
ZoomTracks.exe,35460,0x253F08E0920,DXGI,0,512,1,Hardware: Independent Flip,1488.4340,NA,9.93250000000000,10.03310000000000,9.72360000000000,9.98130000000000,10.0042,1488.1517,10.0059,0.2823,9.7236,0.2346,10.0290,0.6880,9.3410,-0.0902,1488.1517,NA,NA,NA
ZoomTracks.exe,35460,0x253F08E0920,DXGI,0,512,1,Hardware: Independent Flip,1498.4687,NA,10.03470000000000,10.00860000000000,9.67260000000000,9.87000000000000,9.9781,1498.1576,9.9837,0.3111,9.6726,0.2577,9.9234,0.6033,9.3201,-0.0027,1498.1576,NA,NA,NA
ZoomTracks.exe,35460,0x253F08E0920,DXGI,0,512,1,Hardware: Independent Flip,1508.3872,NA,9.91850000000000,9.93110000000000,9.74040000000000,9.96280000000000,9.9907,1508.1413,9.9863,0.2459,9.7404,0.1974,10.0113,0.6441,9.3672,0.0526,1508.1413,NA,NA,NA
ZoomTracks.exe,35460,0x253F08E0920,DXGI,0,512,1,Hardware: Independent Flip,1518.4075,NA,10.02030000000000,10.01980000000000,9.72600000000000,9.96440000000000,9.9902,1518.1276,10.0059,0.2799,9.7260,0.2224,10.0219,0.6448,9.3771,-0.0335,1518.1276,NA,NA,NA
ZoomTracks.exe,35460,0x253F08E0920,DXGI,0,512,1,Hardware: Independent Flip,1528.4054,NA,9.99790000000000,10.03350000000000,9.73590000000000,10.01650000000000,10.0258,1528.1335,10.0078,0.2719,9.7359,0.2384,10.0500,0.7241,9.3259,-0.0276,1528.1335,NA,NA,NA
ZoomTracks.exe,35460,0x253F08E0920,DXGI,0,512,1,Hardware: Independent Flip,1538.4531,NA,10.04770000000000,10.03290000000000,9.70450000000000,9.99030000000000,10.0110,1538.1413,10.0163,0.3118,9.7045,0.2806,10.0215,0.6982,9.3233,-0.0251,1538.1413,NA,NA,NA
ZoomTracks.exe,35460,0x253F08E0920,DXGI,0,512,1,Hardware: Independent Flip,1548.4933,NA,10.04020000000000,9.97670000000000,9.64580000000000,9.92090000000000,9.9475,1548.1576,9.9815,0.3357,9.6458,0.2858,9.9708,0.7137,9.2571,0.0396,1548.1576,NA,NA,NA
ZoomTracks.exe,35460,0x253F08E0920,DXGI,0,512,1,Hardware: Independent Flip,1558.4483,NA,9.95500000000000,9.95390000000000,9.68180000000000,9.92200000000000,9.9464,1558.1391,9.9910,0.3092,9.6818,0.2751,9.9561,0.6552,9.3009,0.0276,1558.1391,NA,NA,NA
ZoomTracks.exe,35460,0x253F08E0920,DXGI,0,512,1,Hardware: Independent Flip,1568.4019,NA,9.95360000000000,9.98670000000000,9.73370000000000,9.96070000000000,9.9795,1568.1301,10.0055,0.2718,9.7337,0.2402,9.9923,0.6175,9.3748,0.0043,1568.1301,NA,NA,NA
ZoomTracks.exe,35460,0x253F08E0920,DXGI,0,512,1,Hardware: Independent Flip,1578.4096,NA,10.00770000000000,10.03970000000000,9.75470000000000,9.99180000000000,10.0115,1578.1356,10.0287,0.2740,9.7547,0.2270,10.0388,0.7219,9.3169,-0.0342,1578.1356,NA,NA,NA
ZoomTracks.exe,35460,0x253F08E0920,DXGI,0,512,1,Hardware: Independent Flip,1588.4505,NA,10.04090000000000,10.01300000000000,9.71080000000000,9.96050000000000,9.9836,1588.1643,9.9970,0.2862,9.7108,0.2371,10.0096,0.6685,9.3411,0.0157,1588.1643,NA,NA,NA
ZoomTracks.exe,35460,0x253F08E0920,DXGI,0,512,1,Hardware: Independent Flip,1598.4588,NA,10.00830000000000,9.96710000000000,9.67610000000000,9.91960000000000,9.9424,1598.1613,9.9736,0.2975,9.6761,0.2497,9.9674,0.6448,9.3226,0.0299,1598.1613,NA,NA,NA
ZoomTracks.exe,35460,0x253F08E0920,DXGI,0,512,1,Hardware: Independent Flip,1608.4302,NA,9.97140000000000,10.02760000000000,9.71300000000000,9.97120000000000,9.9986,1608.1349,10.0083,0.2953,9.7130,0.2435,10.0230,0.6637,9.3593,-0.0540,1608.1349,NA,NA,NA
ZoomTracks.exe,35460,0x253F08E0920,DXGI,0,512,1,Hardware: Independent Flip,1618.4359,NA,10.00570000000000,10.01910000000000,9.69520000000000,9.98460000000000,10.0120,1618.1432,9.9879,0.2927,9.6952,0.2582,10.0191,0.7069,9.3122,-0.0108,1618.1432,NA,NA,NA
ZoomTracks.exe,35460,0x253F08E0920,DXGI,0,512,1,Hardware: Independent Flip,1628.2639,NA,9.82800000000000,9.93360000000000,9.92220000000000,10.10770000000000,10.1176,1628.1311,10.0550,0.1328,9.9222,0.2894,9.9511,0.5944,9.3567,0.0543,1628.1311,NA,NA,NA
ZoomTracks.exe,35460,0x253F08E0920,DXGI,0,512,1,Hardware: Independent Flip,1638.5322,NA,10.26830000000000,10.05240000000000,9.62660000000000,9.87750000000000,9.9017,1638.1861,9.9727,0.3461,9.6266,0.1855,10.0381,0.7255,9.3126,0.0026,1638.1861,NA,NA,NA
ZoomTracks.exe,35460,0x253F08E0920,DXGI,0,512,1,Hardware: Independent Flip,1648.4971,NA,9.96490000000000,10.13530000000000,9.69360000000000,10.04320000000000,10.0721,1648.1588,10.0319,0.3383,9.6936,0.2509,10.1306,0.8075,9.3231,-0.1626,1648.1588,NA,NA,NA
ZoomTracks.exe,35460,0x253F08E0920,DXGI,0,512,1,Hardware: Independent Flip,1658.6054,NA,10.10830000000000,9.86700000000000,9.63040000000000,9.81490000000000,9.8308,1658.1907,10.0451,0.4147,9.6304,0.3496,9.8800,0.7317,9.1483,0.1649,1658.1907,NA,NA,NA
ZoomTracks.exe,35460,0x253F08E0920,DXGI,0,512,1,Hardware: Independent Flip,1668.6154,NA,10.01000000000000,10.05860000000000,9.54190000000000,9.84060000000000,9.8794,1668.2358,9.9215,0.3796,9.5419,0.1845,10.0357,0.8563,9.1794,-0.0135,1668.2358,NA,NA,NA
ZoomTracks.exe,35460,0x253F08E0920,DXGI,0,512,1,Hardware: Independent Flip,1678.5137,NA,9.89830000000000,9.94900000000000,9.60940000000000,9.83010000000000,9.9301,1678.1573,9.9658,0.3564,9.6094,0.2987,9.8878,0.6673,9.2205,-0.0275,1678.1573,NA,NA,NA
ZoomTracks.exe,35460,0x253F08E0920,DXGI,0,512,1,Hardware: Independent Flip,1688.2656,NA,9.75190000000000,9.95070000000000,9.86450000000000,10.12000000000000,10.1289,1688.1231,10.0070,0.1425,9.8645,0.2207,10.0418,0.4945,9.5473,0.0151,1688.1231,NA,NA,NA
ZoomTracks.exe,35460,0x253F08E0920,DXGI,0,512,1,Hardware: Independent Flip,1698.4355,NA,10.16990000000000,10.03370000000000,9.72190000000000,9.90520000000000,9.9927,1698.1301,10.0273,0.3054,9.7219,0.2555,9.9551,0.6095,9.3456,-0.0267,1698.1301,NA,NA,NA
ZoomTracks.exe,35460,0x253F08E0920,DXGI,0,512,1,Hardware: Independent Flip,1708.4463,NA,10.01080000000000,10.13820000000000,9.72050000000000,10.11340000000000,10.1201,1708.1574,10.0094,0.2889,9.7205,0.1833,10.2190,0.8756,9.3434,-0.1109,1708.1574,NA,NA,NA
ZoomTracks.exe,35460,0x253F08E0920,DXGI,0,512,1,Hardware: Independent Flip,1718.3158,NA,9.86950000000000,9.95310000000000,9.84280000000000,10.05840000000000,10.2037,1718.1668,9.9918,0.1490,9.8428,0.3929,9.8145,0.4096,9.4049,0.0563,1718.1668,NA,NA,NA
ZoomTracks.exe,35460,0x253F08E0920,DXGI,0,512,1,Hardware: Independent Flip,1728.3991,NA,10.08330000000000,10.04960000000000,9.76850000000000,10.16160000000000,10.1700,1728.1586,10.0090,0.2405,9.7685,0.2156,10.1865,0.8442,9.3423,-0.0578,1728.1586,NA,NA,NA
ZoomTracks.exe,35460,0x253F08E0920,DXGI,0,512,1,Hardware: Independent Flip,1738.3194,NA,9.92030000000000,9.95470000000000,9.81300000000000,10.00640000000000,10.2044,1738.1676,9.9648,0.1518,9.8130,0.3931,9.7651,0.3651,9.4000,0.0543,1738.1676,NA,NA,NA
ZoomTracks.exe,35460,0x253F08E0920,DXGI,0,512,1,Hardware: Independent Flip,1748.3581,NA,10.03870000000000,9.88730000000000,9.79710000000000,10.03360000000000,10.0530,1748.1324,10.0228,0.2257,9.7971,0.1934,10.0659,0.6102,9.4557,0.0775,1748.1324,NA,NA,NA
ZoomTracks.exe,35460,0x253F08E0920,DXGI,0,512,1,Hardware: Independent Flip,1758.4464,NA,10.08830000000000,10.08170000000000,9.69330000000000,9.89050000000000,10.0464,1758.1552,9.9845,0.2912,9.6933,0.2365,9.9452,0.5981,9.3471,-0.0589,1758.1552,NA,NA,NA
ZoomTracks.exe,35460,0x253F08E0920,DXGI,0,512,1,Hardware: Independent Flip,1768.3669,NA,9.92050000000000,9.94990000000000,9.79860000000000,10.05390000000000,10.0758,1768.1397,10.0258,0.2272,9.7986,0.1972,10.0839,0.5983,9.4856,0.0346,1768.1397,NA,NA,NA
ZoomTracks.exe,35460,0x253F08E0920,DXGI,0,512,1,Hardware: Independent Flip,1778.4785,NA,10.11160000000000,9.96180000000000,9.67390000000000,9.90490000000000,9.9260,1778.1655,9.9869,0.3130,9.6739,0.2553,9.9626,0.6588,9.3038,0.0640,1778.1655,NA,NA,NA
ZoomTracks.exe,35460,0x253F08E0920,DXGI,0,512,1,Hardware: Independent Flip,1788.4455,NA,9.96700000000000,10.02340000000000,9.71510000000000,9.95930000000000,9.9824,1788.1524,10.0082,0.2931,9.7151,0.2310,10.0214,0.6617,9.3597,-0.0365,1788.1524,NA,NA,NA
ZoomTracks.exe,35460,0x253F08E0920,DXGI,0,512,1,Hardware: Independent Flip,1798.4648,NA,10.01930000000000,10.04290000000000,9.69460000000000,9.98000000000000,10.0060,1798.1606,9.9988,0.3042,9.6946,0.2442,10.0400,0.7165,9.3235,-0.0347,1798.1606,NA,11.8623,11.8623
ZoomTracks.exe,35460,0x253F08E0920,DXGI,0,512,1,Hardware: Independent Flip,1808.4874,NA,10.02260000000000,10.01930000000000,9.66330000000000,9.97650000000000,10.0027,1808.1594,9.9913,0.3280,9.6633,0.2854,10.0191,0.7196,9.2995,-0.0205,1808.1594,NA,NA,NA
ZoomTracks.exe,35460,0x253F08E0920,DXGI,0,512,1,Hardware: Independent Flip,1818.2838,NA,9.79640000000000,9.87770000000000,9.85610000000000,10.06380000000000,10.0840,1818.1507,9.9892,0.1331,9.8561,0.3132,9.8837,0.6387,9.2450,0.1136,1818.1507,NA,NA,NA
ZoomTracks.exe,35460,0x253F08E0920,DXGI,0,512,1,Hardware: Independent Flip,1828.4051,NA,10.12130000000000,10.23880000000000,9.81710000000000,10.18350000000000,10.2015,1828.1399,10.0823,0.2652,9.8171,0.2077,10.2410,0.8344,9.4066,-0.2496,1828.1399,NA,NA,NA
ZoomTracks.exe,35460,0x253F08E0920,DXGI,0,512,1,Hardware: Independent Flip,1838.4040,NA,9.99890000000000,9.96480000000000,9.82050000000000,9.93870000000000,10.1674,1838.2222,10.0023,0.1818,9.8205,0.3664,9.7541,0.2805,9.4736,0.1175,1838.2222,NA,NA,NA
ZoomTracks.exe,35460,0x253F08E0920,DXGI,0,512,1,Hardware: Independent Flip,1848.5392,NA,10.13520000000000,9.85530000000000,9.67940000000000,9.87670000000000,9.8875,1848.2245,9.9941,0.3147,9.6794,0.1182,10.0732,0.6668,9.4064,0.1470,1848.2245,NA,NA,NA
ZoomTracks.exe,35460,0x253F08E0920,DXGI,0,512,1,Hardware: Independent Flip,1858.5745,NA,10.03530000000000,10.15760000000000,9.57200000000000,9.84760000000000,10.0098,1858.2186,9.9279,0.3559,9.5720,0.1973,10.0062,0.8099,9.1963,-0.1635,1858.2186,NA,NA,NA
ZoomTracks.exe,35460,0x253F08E0920,DXGI,0,512,1,Hardware: Independent Flip,1868.3010,NA,9.72650000000000,9.81590000000000,9.82590000000000,10.07420000000000,10.0992,1868.1465,9.9804,0.1545,9.8259,0.2756,9.9531,0.4931,9.4600,0.1120,1868.1465,NA,NA,NA
ZoomTracks.exe,35460,0x253F08E0920,DXGI,0,512,1,Hardware: Independent Flip,1878.4386,NA,10.13760000000000,10.00080000000000,9.72110000000000,9.94290000000000,9.9624,1878.1269,10.0328,0.3117,9.7211,0.2483,10.0063,0.6703,9.3360,-0.0204,1878.1269,NA,NA,NA
ZoomTracks.exe,35460,0x253F08E0920,DXGI,0,512,1,Hardware: Independent Flip,1888.4410,NA,10.00240000000000,10.07200000000000,9.72910000000000,9.94170000000000,10.0320,1888.1597,10.0104,0.2813,9.7291,0.2218,10.0012,0.6631,9.3381,-0.0392,1888.1597,NA,NA,NA
ZoomTracks.exe,35460,0x253F08E0920,DXGI,0,512,1,Hardware: Independent Flip,1898.4285,NA,9.98750000000000,9.94920000000000,9.71650000000000,9.98440000000000,9.9937,1898.1701,9.9749,0.2584,9.7165,0.2126,10.0302,0.6793,9.3509,0.0612,1898.1701,NA,21.8049,21.8049
ZoomTracks.exe,35460,0x253F08E0920,DXGI,0,512,1,Hardware: Independent Flip,1908.4429,NA,10.01440000000000,9.99590000000000,9.69770000000000,9.95790000000000,9.9752,1908.1450,9.9956,0.2979,9.6977,0.2679,9.9879,0.7224,9.2655,-0.0210,1908.1450,NA,NA,NA
ZoomTracks.exe,35460,0x253F08E0920,DXGI,0,512,1,Hardware: Independent Flip,1918.4553,NA,10.01240000000000,10.01480000000000,9.69490000000000,9.95620000000000,9.9776,1918.1406,10.0096,0.3147,9.6949,0.2602,10.0107,0.6866,9.3241,-0.0192,1918.1406,NA,NA,NA
ZoomTracks.exe,35460,0x253F08E0920,DXGI,0,512,1,Hardware: Independent Flip,1928.4692,NA,10.01390000000000,9.99640000000000,9.67870000000000,9.93820000000000,9.9601,1928.1502,9.9977,0.3190,9.6787,0.2613,9.9959,0.7012,9.2947,0.0132,1928.1502,NA,NA,NA
ZoomTracks.exe,35460,0x253F08E0920,DXGI,0,512,1,Hardware: Independent Flip,1938.4666,NA,9.99740000000000,10.11250000000000,9.70210000000000,10.05610000000000,10.0752,1938.1479,10.0208,0.3187,9.7021,0.2595,10.1153,0.7961,9.3192,-0.1148,1938.1479,NA,NA,NA
ZoomTracks.exe,35460,0x253F08E0920,DXGI,0,512,1,Hardware: Independent Flip,1948.3299,NA,9.86330000000000,9.86820000000000,9.81780000000000,10.05490000000000,10.0801,1948.1687,9.9790,0.1612,9.8178,0.3540,9.8621,0.4284,9.4337,0.1526,1948.1687,NA,NA,NA
ZoomTracks.exe,35460,0x253F08E0920,DXGI,0,512,1,Hardware: Independent Flip,1958.4307,NA,10.10080000000000,10.07460000000000,9.72670000000000,10.04590000000000,10.0539,1958.1477,10.0097,0.2830,9.7267,0.2371,10.0918,0.7375,9.3543,-0.0956,1958.1477,NA,NA,NA
ZoomTracks.exe,35460,0x253F08E0920,DXGI,0,512,1,Hardware: Independent Flip,1968.3097,NA,9.87900000000000,10.05480000000000,9.85810000000000,10.04920000000000,10.2297,1968.1574,10.0104,0.1523,9.8581,0.3192,9.8823,0.4078,9.4745,-0.0451,1968.1574,NA,NA,NA
ZoomTracks.exe,35460,0x253F08E0920,DXGI,0,512,1,Hardware: Independent Flip,1978.4067,NA,10.09700000000000,9.89010000000000,9.72700000000000,10.01450000000000,10.0228,1978.1678,9.9659,0.2389,9.7270,0.1911,10.0623,0.6889,9.3734,0.1203,1978.1678,NA,NA,NA
ZoomTracks.exe,35460,0x253F08E0920,DXGI,0,512,1,Hardware: Independent Flip,1988.2902,NA,9.88350000000000,10.12480000000000,9.87670000000000,10.05650000000000,10.2641,1988.1337,10.0332,0.1565,9.8767,0.2875,9.9255,0.3959,9.5296,-0.1589,1988.1337,NA,22.9273,22.9273
ZoomTracks.exe,35460,0x253F08E0920,DXGI,0,512,1,Hardware: Independent Flip,1998.3963,NA,10.10610000000000,9.94230000000000,9.75950000000000,10.07340000000000,10.1003,1998.1669,9.9889,0.2294,9.7595,0.1798,10.1230,0.7351,9.3879,0.0909,1998.1669,NA,NA,NA
ZoomTracks.exe,35460,0x253F08E0920,DXGI,0,512,1,Hardware: Independent Flip,2008.5142,NA,10.11790000000000,9.99280000000000,9.64120000000000,9.87590000000000,9.9752,2008.1558,9.9996,0.3584,9.6412,0.3139,9.9204,0.6583,9.2621,-0.0039,2008.1558,NA,24.8936,24.8936
ZoomTracks.exe,35460,0x253F08E0920,DXGI,0,512,1,Hardware: Independent Flip,2018.4197,NA,9.90550000000000,9.93710000000000,9.72370000000000,9.98550000000000,10.0068,2018.1554,9.9880,0.2643,9.7237,0.2347,10.0151,0.7275,9.2876,0.0625,2018.1554,NA,NA,NA
ZoomTracks.exe,35460,0x253F08E0920,DXGI,0,512,1,Hardware: Independent Flip,2028.4659,NA,10.04620000000000,9.95440000000000,9.67620000000000,9.89570000000000,9.9150,2028.1434,9.9987,0.3225,9.6762,0.2618,9.9564,0.6342,9.3222,0.0336,2028.1434,NA,NA,NA
ZoomTracks.exe,35460,0x253F08E0920,DXGI,0,512,1,Hardware: Independent Flip,2038.4173,NA,9.95140000000000,10.07630000000000,9.73270000000000,10.01610000000000,10.0399,2038.1421,10.0079,0.2752,9.7327,0.2195,10.0718,0.6991,9.3727,-0.0776,2038.1421,NA,NA,NA
ZoomTracks.exe,35460,0x253F08E0920,DXGI,0,512,1,Hardware: Independent Flip,2048.4913,NA,10.07400000000000,10.06160000000000,9.87800000000000,9.94710000000000,10.0275,2048.1500,10.2193,0.3413,9.8780,0.2834,10.0050,0.7121,9.2929,-0.0537,2048.1500,NA,NA,NA
ZoomTracks.exe,35460,0x253F08E0920,DXGI,0,512,1,Hardware: Independent Flip,2058.5777,NA,10.08640000000000,9.95410000000000,9.56810000000000,9.88870000000000,9.8952,2058.3693,9.7765,0.2084,9.5681,0.0691,10.0280,0.8045,9.2235,0.2652,2058.3693,NA,NA,NA
ZoomTracks.exe,35460,0x253F08E0920,DXGI,0,512,1,Hardware: Independent Flip,2068.3150,NA,9.73730000000000,9.94640000000000,9.82890000000000,10.08410000000000,10.1043,2068.1458,9.9981,0.1692,9.8289,0.3206,9.9327,0.4403,9.4924,-0.1699,2068.1458,NA,NA,NA
ZoomTracks.exe,35460,0x253F08E0920,DXGI,0,512,1,Hardware: Independent Flip,2078.4466,NA,10.13160000000000,9.99210000000000,9.67920000000000,9.95810000000000,9.9648,2078.1439,9.9819,0.3027,9.6792,0.2552,10.0056,0.6726,9.3330,0.0060,2078.1439,NA,12.7859,12.7859
ZoomTracks.exe,35460,0x253F08E0920,DXGI,0,512,1,Hardware: Independent Flip,2088.2764,NA,9.82980000000000,10.03890000000000,9.87840000000000,10.14910000000000,10.1739,2088.1258,10.0290,0.1506,9.8784,0.2789,10.0208,0.4668,9.5540,-0.0570,2088.1258,NA,NA,NA
ZoomTracks.exe,35460,0x253F08E0920,DXGI,0,512,1,Hardware: Independent Flip,2098.4699,NA,10.19350000000000,10.05530000000000,9.72640000000000,10.01330000000000,10.0357,2098.1548,10.0415,0.3151,9.7264,0.2707,10.0577,0.7066,9.3511,-0.0263,2098.1548,NA,NA,NA
ZoomTracks.exe,35460,0x253F08E0920,DXGI,0,512,1,Hardware: Independent Flip,2108.5410,NA,10.07110000000000,9.85890000000000,9.57730000000000,9.80410000000000,9.8235,2108.1963,9.9220,0.3447,9.5773,0.2869,9.8619,0.7413,9.1206,0.1826,2108.1963,NA,NA,NA
ZoomTracks.exe,35460,0x253F08E0920,DXGI,0,512,1,Hardware: Independent Flip,2118.3938,NA,9.85280000000000,10.05050000000000,9.73420000000000,10.01390000000000,10.0212,2118.1183,10.0097,0.2755,9.7342,0.2268,10.0626,0.6657,9.3969,-0.1285,2118.1183,NA,NA,NA
ZoomTracks.exe,35460,0x253F08E0920,DXGI,0,512,1,Hardware: Independent Flip,2128.2569,NA,9.86310000000000,10.07050000000000,9.91960000000000,10.10580000000000,10.2286,2128.1280,10.0485,0.1289,9.9196,0.2797,9.9550,0.3720,9.5830,-0.0608,2128.1280,NA,NA,NA
ZoomTracks.exe,35460,0x253F08E0920,DXGI,0,512,1,Hardware: Independent Flip,2138.4190,NA,10.16210000000000,10.00950000000000,9.75580000000000,10.04870000000000,10.0760,2138.1765,9.9983,0.2425,9.7558,0.1862,10.1050,0.7496,9.3554,0.0390,2138.1765,NA,NA,NA
ZoomTracks.exe,35460,0x253F08E0920,DXGI,0,512,1,Hardware: Independent Flip,2148.5309,NA,10.11190000000000,10.02410000000000,9.62690000000000,9.86150000000000,9.9882,2148.1748,9.9830,0.3561,9.6269,0.2929,9.9247,0.6740,9.2507,-0.0258,2148.1748,NA,NA,NA
ZoomTracks.exe,35460,0x253F08E0920,DXGI,0,512,1,Hardware: Independent Flip,2158.4190,NA,9.88810000000000,9.93810000000000,9.72880000000000,10.01650000000000,10.0382,2158.1578,9.9900,0.2612,9.7288,0.2346,10.0431,0.7156,9.3275,0.0449,2158.1578,NA,NA,NA
ZoomTracks.exe,35460,0x253F08E0920,DXGI,0,512,1,Hardware: Independent Flip,2168.4982,NA,10.07920000000000,10.00330000000000,9.64760000000000,9.87330000000000,9.9623,2168.1478,9.9980,0.3504,9.6476,0.2877,9.9360,0.7616,9.1744,-0.0133,2168.1478,NA,NA,NA
ZoomTracks.exe,35460,0x253F08E0920,DXGI,0,512,1,Hardware: Independent Flip,2178.4123,NA,9.91410000000000,10.02690000000000,9.75740000000000,10.06610000000000,10.0751,2178.1458,10.0239,0.2665,9.7574,0.2257,10.1069,0.7253,9.3816,-0.0289,2178.1458,NA,NA,NA
ZoomTracks.exe,35460,0x253F08E0920,DXGI,0,512,1,Hardware: Independent Flip,2188.3283,NA,9.91600000000000,9.89660000000000,9.80550000000000,10.03040000000000,10.0557,2188.1697,9.9641,0.1586,9.8055,0.3087,9.8803,0.4265,9.4538,0.1273,2188.1697,NA,NA,NA
ZoomTracks.exe,35460,0x253F08E0920,DXGI,0,512,1,Hardware: Independent Flip,2198.4356,NA,10.10730000000000,10.08010000000000,9.70160000000000,10.01830000000000,10.0285,2198.1338,10.0034,0.3018,9.7016,0.2249,10.0952,0.7470,9.3482,-0.1160,2198.1338,NA,28.8556,28.8556
ZoomTracks.exe,35460,0x253F08E0920,DXGI,0,512,1,Hardware: Independent Flip,2208.2989,NA,9.86330000000000,10.00710000000000,9.84170000000000,10.05280000000000,10.1723,2208.1372,10.0034,0.1617,9.8417,0.3167,9.8978,0.3797,9.5181,-0.0037,2208.1372,NA,NA,NA
ZoomTracks.exe,35460,0x253F08E0920,DXGI,0,512,1,Hardware: Independent Flip,2218.3752,NA,10.07630000000000,9.94950000000000,9.77820000000000,10.02250000000000,10.0455,2218.1406,10.0128,0.2346,9.7782,0.2111,10.0460,0.6139,9.4321,0.0539,2218.1406,NA,NA,NA
ZoomTracks.exe,35460,0x253F08E0920,DXGI,0,512,1,Hardware: Independent Flip,2228.4604,NA,10.08520000000000,10.11460000000000,9.67820000000000,9.91210000000000,10.0749,2228.1534,9.9852,0.3070,9.6782,0.2443,9.9748,0.6658,9.3090,-0.1018,2228.1534,NA,NA,NA
ZoomTracks.exe,35460,0x253F08E0920,DXGI,0,512,1,Hardware: Independent Flip,2238.4118,NA,9.95140000000000,9.95180000000000,9.74280000000000,10.05210000000000,10.0753,2238.1386,10.0160,0.2732,9.7428,0.2339,10.0914,0.7244,9.3670,0.0334,2238.1386,NA,NA,NA
ZoomTracks.exe,35460,0x253F08E0920,DXGI,0,512,1,Hardware: Independent Flip,2248.5030,NA,10.09120000000000,10.13180000000000,9.93300000000000,10.01410000000000,10.1159,2248.1546,10.2814,0.3484,9.9330,0.3093,10.0532,0.7149,9.3383,-0.1158,2248.1546,NA,NA,NA
ZoomTracks.exe,35460,0x253F08E0920,DXGI,0,512,1,Hardware: Independent Flip,2258.6959,NA,10.19290000000000,9.90580000000000,9.46030000000000,9.81530000000000,9.8288,2258.4360,9.7202,0.2599,9.4603,0.0811,9.9941,0.8568,9.1373,0.3756,2258.4360,NA,NA,NA
ZoomTracks.exe,35460,0x253F08E0920,DXGI,0,512,1,Hardware: Independent Flip,2268.5456,NA,9.84970000000000,9.90560000000000,9.60640000000000,9.85970000000000,9.8847,2268.1562,9.9958,0.3894,9.6064,0.3550,9.8941,0.7822,9.1119,-0.1854,2268.1562,NA,NA,NA
ZoomTracks.exe,35460,0x253F08E0920,DXGI,0,512,1,Hardware: Independent Flip,2278.4473,NA,9.90170000000000,10.00410000000000,9.67310000000000,9.90210000000000,9.9871,2278.1520,9.9684,0.2953,9.6731,0.2533,9.9441,0.6086,9.3355,-0.0083,2278.1520,NA,NA,NA
ZoomTracks.exe,35460,0x253F08E0920,DXGI,0,512,1,Hardware: Independent Flip,2288.3785,NA,9.93120000000000,9.97470000000000,9.74260000000000,10.00500000000000,10.0306,2288.1204,10.0007,0.2581,9.7426,0.2290,10.0341,0.5711,9.4630,-0.0063,2288.1204,NA,22.7776,22.7776
ZoomTracks.exe,35460,0x253F08E0920,DXGI,0,512,1,Hardware: Independent Flip,2298.4107,NA,10.03220000000000,10.05050000000000,9.73950000000000,10.03590000000000,10.0489,2298.1211,10.0291,0.2896,9.7395,0.2624,10.0631,0.7161,9.3470,-0.0498,2298.1211,NA,NA,NA
ZoomTracks.exe,35460,0x253F08E0920,DXGI,0,512,1,Hardware: Independent Flip,2308.4847,NA,10.07400000000000,9.96860000000000,9.67060000000000,9.92220000000000,9.9435,2308.1502,10.0051,0.3345,9.6706,0.2964,9.9603,0.7002,9.2601,0.0605,2308.1502,NA,NA,NA
ZoomTracks.exe,35460,0x253F08E0920,DXGI,0,512,1,Hardware: Independent Flip,2318.4691,NA,9.98440000000000,10.06190000000000,9.70480000000000,10.01230000000000,10.0210,2318.1553,10.0186,0.3138,9.7048,0.2516,10.0745,0.7593,9.3152,-0.0568,2318.1553,NA,NA,NA
ZoomTracks.exe,35460,0x253F08E0920,DXGI,0,512,1,Hardware: Independent Flip,2328.5103,NA,10.04120000000000,9.96430000000000,9.65790000000000,9.85900000000000,9.9441,2328.1739,9.9943,0.3364,9.6579,0.3075,9.8879,0.6717,9.2162,0.0543,2328.1739,NA,NA,NA
ZoomTracks.exe,35460,0x253F08E0920,DXGI,0,512,1,Hardware: Independent Flip,2338.5043,NA,9.99400000000000,9.99170000000000,9.64170000000000,9.91650000000000,9.9418,2338.1682,9.9778,0.3361,9.6417,0.2011,10.0515,0.7860,9.2655,0.0026,2338.1682,NA,22.8449,22.8449
ZoomTracks.exe,35460,0x253F08E0920,DXGI,0,512,1,Hardware: Independent Flip,2348.4650,NA,9.96070000000000,10.04080000000000,9.68840000000000,9.87930000000000,10.0219,2348.1460,10.0074,0.3190,9.6884,0.2748,9.9235,0.6371,9.2864,-0.0630,2348.1460,NA,NA,NA
ZoomTracks.exe,35460,0x253F08E0920,DXGI,0,512,1,Hardware: Independent Flip,2358.3931,NA,9.92810000000000,9.95090000000000,9.73500000000000,10.03700000000000,10.0447,2358.1534,9.9747,0.2397,9.7350,0.1909,10.0858,0.7278,9.3580,0.0565,2358.1534,NA,NA,NA
ZoomTracks.exe,35460,0x253F08E0920,DXGI,0,512,1,Hardware: Independent Flip,2368.2986,NA,9.90550000000000,9.98620000000000,9.83020000000000,10.04920000000000,10.1254,2368.1281,10.0007,0.1705,9.8302,0.3020,9.9177,0.3853,9.5324,-0.0115,2368.1281,NA,NA,NA
ZoomTracks.exe,35460,0x253F08E0920,DXGI,0,512,1,Hardware: Independent Flip,2378.4582,NA,10.15960000000000,9.99300000000000,9.68430000000000,9.93780000000000,9.9588,2378.1288,10.0137,0.3294,9.6843,0.2190,10.0482,0.7107,9.3375,0.0077,2378.1288,NA,NA,NA
ZoomTracks.exe,35460,0x253F08E0920,DXGI,0,512,1,Hardware: Independent Flip,2388.4532,NA,9.99500000000000,10.05670000000000,9.66840000000000,10.00830000000000,10.0205,2388.1425,9.9791,0.3107,9.6684,0.2535,10.0655,0.6482,9.4173,-0.0430,2388.1425,NA,NA,NA
ZoomTracks.exe,35460,0x253F08E0920,DXGI,0,512,1,Hardware: Independent Flip,2398.2615,NA,9.80830000000000,9.94790000000000,9.88160000000000,10.15150000000000,10.1601,2398.1216,10.0215,0.1399,9.8816,0.3399,9.9515,0.4123,9.5392,0.0312,2398.1216,NA,NA,NA
ZoomTracks.exe,35460,0x253F08E0920,DXGI,0,512,1,Hardware: Independent Flip,2408.4407,NA,10.17920000000000,10.03590000000000,9.76590000000000,9.99360000000000,10.0168,2408.1431,10.0635,0.2976,9.7659,0.2699,10.0213,0.6706,9.3507,-0.0144,2408.1431,NA,NA,NA
ZoomTracks.exe,35460,0x253F08E0920,DXGI,0,512,1,Hardware: Independent Flip,2418.5420,NA,10.10130000000000,9.98020000000000,9.62070000000000,9.87380000000000,9.8957,2418.2066,9.9561,0.3354,9.6207,0.2277,9.9815,0.6810,9.3005,0.0833,2418.2066,NA,NA,NA
ZoomTracks.exe,35460,0x253F08E0920,DXGI,0,512,1,Hardware: Independent Flip,2428.4744,NA,9.93240000000000,9.98680000000000,9.68600000000000,9.93220000000000,9.9501,2428.1627,9.9977,0.3117,9.6860,0.2531,9.9908,0.6870,9.3038,-0.0307,2428.1627,NA,NA,NA
ZoomTracks.exe,35460,0x253F08E0920,DXGI,0,512,1,Hardware: Independent Flip,2438.4616,NA,9.98720000000000,10.11850000000000,9.70680000000000,10.00180000000000,10.0814,2438.1604,10.0080,0.3012,9.7068,0.2462,10.0568,0.7248,9.3320,-0.1208,2438.1604,NA,12.9130,12.9130
ZoomTracks.exe,35460,0x253F08E0920,DXGI,0,512,1,Hardware: Independent Flip,2448.3233,NA,9.86170000000000,9.87770000000000,9.90240000000000,10.08910000000000,10.0974,2448.1684,10.0573,0.1549,9.9024,0.2950,9.9490,0.4466,9.5024,0.1303,2448.1684,NA,NA,NA
ZoomTracks.exe,35460,0x253F08E0920,DXGI,0,512,1,Hardware: Independent Flip,2458.5444,NA,10.22110000000000,10.01360000000000,9.59630000000000,9.88160000000000,9.8899,2458.2257,9.9150,0.3187,9.5963,0.1867,10.0136,0.7795,9.2341,0.0437,2458.2257,NA,NA,NA
ZoomTracks.exe,35460,0x253F08E0920,DXGI,0,512,1,Hardware: Independent Flip,2468.2874,NA,9.74300000000000,10.11760000000000,9.91910000000000,10.13360000000000,10.2645,2468.1407,10.0658,0.1467,9.9191,0.2853,9.9950,0.4583,9.5367,-0.2026,2468.1407,NA,NA,NA
ZoomTracks.exe,35460,0x253F08E0920,DXGI,0,512,1,Hardware: Independent Flip,2478.4677,NA,10.18030000000000,9.85500000000000,9.67370000000000,9.91820000000000,9.9392,2478.2065,9.9349,0.2612,9.6737,0.2145,9.9649,0.6554,9.3095,0.2108,2478.2065,NA,NA,NA
ZoomTracks.exe,35460,0x253F08E0920,DXGI,0,512,1,Hardware: Independent Flip,2488.4458,NA,9.97810000000000,10.01800000000000,9.67580000000000,9.86700000000000,9.9791,2488.1414,9.9802,0.3044,9.6758,0.2445,9.9269,0.6105,9.3164,-0.0831,2488.1414,NA,NA,NA
ZoomTracks.exe,35460,0x253F08E0920,DXGI,0,512,1,Hardware: Independent Flip,2498.2575,NA,9.81170000000000,10.03750000000000,9.90650000000000,10.17900000000000,10.2049,2498.1216,10.0424,0.1359,9.9065,0.1912,10.1237,0.5814,9.5423,-0.0573,2498.1216,NA,NA,NA
ZoomTracks.exe,35460,0x253F08E0920,DXGI,0,512,1,Hardware: Independent Flip,2508.4454,NA,10.18790000000000,9.92890000000000,9.67800000000000,9.93770000000000,9.9459,2508.1640,9.9594,0.2814,9.6780,0.2725,9.9466,0.6296,9.3170,0.1135,2508.1640,NA,NA,NA
ZoomTracks.exe,35460,0x253F08E0920,DXGI,0,512,1,Hardware: Independent Flip,2518.4375,NA,9.99210000000000,10.07080000000000,9.75030000000000,10.00670000000000,10.0246,2518.1234,10.0644,0.3141,9.7503,0.2597,10.0611,0.7106,9.3505,-0.1114,2518.1234,NA,14.8657,14.8657
ZoomTracks.exe,35460,0x253F08E0920,DXGI,0,512,1,Hardware: Independent Flip,2528.5049,NA,10.06740000000000,9.94430000000000,9.64600000000000,9.88020000000000,9.9015,2528.1878,9.9631,0.3171,9.6460,0.2564,9.9409,0.6629,9.2780,0.1201,2528.1878,NA,NA,NA
ZoomTracks.exe,35460,0x253F08E0920,DXGI,0,512,1,Hardware: Independent Flip,2538.4343,NA,9.92940000000000,10.08640000000000,9.71140000000000,10.04920000000000,10.0585,2538.1509,9.9948,0.2834,9.7114,0.2342,10.0984,0.7424,9.3560,-0.1233,2538.1509,NA,NA,NA
ZoomTracks.exe,35460,0x253F08E0920,DXGI,0,512,1,Hardware: Independent Flip,2548.5086,NA,10.07430000000000,10.03990000000000,9.64280000000000,9.91890000000000,10.0241,2548.1457,10.0057,0.3629,9.6428,0.3378,9.9440,0.7008,9.2432,-0.0451,2548.1457,NA,NA,NA
ZoomTracks.exe,35460,0x253F08E0920,DXGI,0,512,1,Hardware: Independent Flip,2558.5514,NA,10.04280000000000,9.93170000000000,9.66970000000000,9.89190000000000,9.9130,2558.1514,10.0697,0.4000,9.6697,0.2761,10.0158,0.7841,9.2317,0.0740,2558.1514,NA,NA,NA
ZoomTracks.exe,35460,0x253F08E0920,DXGI,0,512,1,Hardware: Independent Flip,2569.0581,NA,10.50670000000000,10.03160000000000,9.09720000000000,9.31160000000000,9.4379,2568.2211,9.9342,0.8370,9.0972,0.2222,9.9264,2.8441,7.0823,0.0381,2568.2211,NA,NA,NA
ZoomTracks.exe,35460,0x253F08E0920,DXGI,0,512,1,Hardware: Independent Flip,2578.4279,NA,9.36980000000000,9.92360000000000,9.70860000000000,9.97210000000000,9.9917,2578.1553,9.9812,0.2726,9.7086,0.2144,10.0303,0.7648,9.2655,0.0106,2578.1553,NA,NA,NA
ZoomTracks.exe,35460,0x253F08E0920,DXGI,0,512,1,Hardware: Independent Flip,2588.4264,NA,9.99850000000000,10.04030000000000,9.75980000000000,9.95090000000000,10.0335,2588.1365,10.0497,0.2899,9.7598,0.2635,9.9773,0.6538,9.3235,-0.0591,2588.1365,NA,NA,NA
ZoomTracks.exe,35460,0x253F08E0920,DXGI,0,512,1,Hardware: Independent Flip,2598.4188,NA,9.99240000000000,9.96900000000000,9.74150000000000,9.99170000000000,10.0101,2598.1862,9.9741,0.2326,9.7415,0.1911,10.0332,0.6582,9.3750,0.0807,2598.1862,NA,NA,NA
ZoomTracks.exe,35460,0x253F08E0920,DXGI,0,512,1,Hardware: Independent Flip,2608.4528,NA,10.03400000000000,10.05280000000000,9.68690000000000,10.00230000000000,10.0289,2608.1603,9.9794,0.2925,9.6869,0.2502,10.0446,0.7465,9.2981,-0.0787,2608.1603,NA,NA,NA
ZoomTracks.exe,35460,0x253F08E0920,DXGI,0,512,1,Hardware: Independent Flip,2618.4892,NA,10.03640000000000,9.97370000000000,9.64700000000000,9.86780000000000,9.9662,2618.1397,9.9965,0.3495,9.6470,0.3154,9.9019,0.6207,9.2812,0.0057,2618.1397,NA,NA,NA
ZoomTracks.exe,35460,0x253F08E0920,DXGI,0,512,1,Hardware: Independent Flip,2628.3873,NA,9.89810000000000,9.93500000000000,9.74230000000000,9.99490000000000,10.0031,2628.1362,9.9934,0.2511,9.7423,0.2208,10.0252,0.5507,9.4745,0.0615,2628.1362,NA,29.7899,29.7899
ZoomTracks.exe,35460,0x253F08E0920,DXGI,0,512,1,Hardware: Independent Flip,2638.4263,NA,10.03900000000000,10.05520000000000,9.73760000000000,9.99840000000000,10.0193,2638.1296,10.0343,0.2967,9.7376,0.2526,10.0425,0.7067,9.3358,-0.0618,2638.1296,NA,NA,NA
ZoomTracks.exe,35460,0x253F08E0920,DXGI,0,512,1,Hardware: Independent Flip,2648.4815,NA,10.05520000000000,9.98190000000000,9.65250000000000,9.91960000000000,9.9460,2648.1639,9.9701,0.3176,9.6525,0.2608,9.9764,0.6890,9.2874,0.0524,2648.1639,NA,NA,NA
ZoomTracks.exe,35460,0x253F08E0920,DXGI,0,512,1,Hardware: Independent Flip,2658.4644,NA,9.98290000000000,9.99530000000000,9.69310000000000,9.93540000000000,9.9584,2658.1340,10.0235,0.3304,9.6931,0.2671,9.9987,0.6621,9.3366,-0.0252,2658.1340,NA,NA,NA
ZoomTracks.exe,35460,0x253F08E0920,DXGI,0,512,1,Hardware: Independent Flip,2668.4621,NA,9.99770000000000,10.04090000000000,9.71700000000000,9.98070000000000,10.0016,2668.1575,10.0216,0.3046,9.7170,0.2423,10.0430,0.7220,9.3210,-0.0174,2668.1575,NA,NA,NA
ZoomTracks.exe,35460,0x253F08E0920,DXGI,0,512,1,Hardware: Independent Flip,2678.5042,NA,10.04210000000000,9.96240000000000,9.65620000000000,9.91220000000000,9.9219,2678.1791,9.9813,0.3251,9.6562,0.2637,9.9736,0.6754,9.2982,0.0592,2678.1791,NA,25.8215,25.8215
ZoomTracks.exe,35460,0x253F08E0920,DXGI,0,512,1,Hardware: Independent Flip,2688.4686,NA,9.96440000000000,10.01200000000000,9.69220000000000,9.94790000000000,9.9695,2688.1604,10.0004,0.3082,9.6922,0.2560,10.0001,0.6982,9.3019,-0.0307,2688.1604,NA,NA,NA
ZoomTracks.exe,35460,0x253F08E0920,DXGI,0,512,1,Hardware: Independent Flip,2698.4761,NA,10.00750000000000,9.97810000000000,9.67050000000000,9.91520000000000,9.9401,2698.1608,9.9858,0.3153,9.6705,0.2557,9.9748,0.6928,9.2820,0.0223,2698.1608,NA,NA,NA
ZoomTracks.exe,35460,0x253F08E0920,DXGI,0,512,1,Hardware: Independent Flip,2708.4873,NA,10.01120000000000,10.08470000000000,9.67420000000000,9.98650000000000,10.0136,2708.1466,10.0149,0.3407,9.6742,0.2447,10.0825,0.8539,9.2286,-0.0989,2708.1466,NA,26.8857,26.8857
ZoomTracks.exe,35460,0x253F08E0920,DXGI,0,512,1,Hardware: Independent Flip,2718.5326,NA,10.04530000000000,9.90510000000000,9.61170000000000,9.73490000000000,9.8734,2718.1615,9.9828,0.3711,9.6117,0.3123,9.7937,0.5418,9.2519,0.1098,2718.1615,NA,NA,NA
ZoomTracks.exe,35460,0x253F08E0920,DXGI,0,512,1,Hardware: Independent Flip,2728.4051,NA,9.87250000000000,10.02760000000000,9.71790000000000,10.02130000000000,10.0285,2728.1443,9.9787,0.2608,9.7179,0.1232,10.1589,0.8102,9.3487,-0.0448,2728.1443,NA,NA,NA
ZoomTracks.exe,35460,0x253F08E0920,DXGI,0,512,1,Hardware: Independent Flip,2738.2754,NA,9.87030000000000,10.10580000000000,9.85900000000000,10.06820000000000,10.2640,2738.1230,10.0114,0.1524,9.8590,0.3034,9.9172,0.3632,9.5540,-0.1271,2738.1230,NA,NA,NA
ZoomTracks.exe,35460,0x253F08E0920,DXGI,0,512,1,Hardware: Independent Flip,2748.2649,NA,9.98950000000000,9.91330000000000,9.90400000000000,10.16440000000000,10.1878,2748.1344,10.0345,0.1305,9.9040,0.2092,10.0857,0.6050,9.4807,0.0981,2748.1344,NA,NA,NA
ZoomTracks.exe,35460,0x253F08E0920,DXGI,0,512,1,Hardware: Independent Flip,2758.4734,NA,10.20850000000000,10.00840000000000,9.69910000000000,9.89540000000000,9.9877,2758.1689,10.0036,0.3045,9.6991,0.2604,9.9395,0.6210,9.3185,0.0261,2758.1689,NA,NA,NA
ZoomTracks.exe,35460,0x253F08E0920,DXGI,0,512,1,Hardware: Independent Flip,2768.5009,NA,10.02750000000000,10.01650000000000,9.66290000000000,9.95590000000000,9.9767,2768.1725,9.9913,0.3284,9.6629,0.1963,10.0880,0.7303,9.3577,-0.0129,2768.1725,NA,NA,NA
ZoomTracks.exe,35460,0x253F08E0920,DXGI,0,512,1,Hardware: Independent Flip,2778.5204,NA,10.01950000000000,10.02410000000000,9.63880000000000,9.89920000000000,9.9813,2778.1638,9.9954,0.3566,9.6388,0.2930,9.9628,0.6946,9.2682,-0.0328,2778.1638,NA,21.8615,21.8615
ZoomTracks.exe,35460,0x253F08E0920,DXGI,0,512,1,Hardware: Independent Flip,2788.4295,NA,9.90910000000000,9.89690000000000,9.73170000000000,9.94630000000000,9.9691,2788.1592,10.0020,0.2703,9.7317,0.2604,9.9562,0.5559,9.4003,0.0985,2788.1592,NA,23.7923,23.7923
ZoomTracks.exe,35460,0x253F08E0920,DXGI,0,512,1,Hardware: Independent Flip,2798.4400,NA,10.01050000000000,10.06110000000000,9.71100000000000,9.99370000000000,10.0197,2798.1612,9.9898,0.2788,9.7110,0.2146,10.0579,0.7064,9.3515,-0.0591,2798.1612,NA,NA,NA
ZoomTracks.exe,35460,0x253F08E0920,DXGI,0,512,1,Hardware: Independent Flip,2808.4813,NA,10.04130000000000,10.01880000000000,9.69790000000000,9.92070000000000,9.9972,2808.1510,10.0282,0.3303,9.6979,0.2827,9.9683,0.6776,9.2907,-0.0290,2808.1510,NA,NA,NA
ZoomTracks.exe,35460,0x253F08E0920,DXGI,0,512,1,Hardware: Independent Flip,2818.8634,NA,10.38210000000000,9.94540000000000,9.29840000000000,9.53780000000000,9.5605,2818.1792,9.9826,0.6842,9.2984,0.2228,9.9992,0.9426,9.0566,0.0828,2818.1792,NA,NA,NA
ZoomTracks.exe,35460,0x253F08E0920,DXGI,0,512,1,Hardware: Independent Flip,2828.4850,NA,9.62160000000000,11.30510000000000,9.63340000000000,11.14510000000000,11.2440,2828.1618,9.9566,0.3232,9.6334,0.2394,11.2289,1.9831,9.2458,-1.3225,2828.1618,NA,NA,NA
ZoomTracks.exe,35460,0x253F08E0920,DXGI,0,512,1,Hardware: Independent Flip,2838.2546,NA,9.76960000000000,9.29220000000000,9.90100000000000,10.06200000000000,10.7666,2838.1184,10.0372,0.1362,9.9010,1.5117,8.6865,0.3939,8.2926,0.6644,2838.1184,NA,NA,NA
ZoomTracks.exe,35460,0x253F08E0920,DXGI,0,512,1,Hardware: Independent Flip,2848.3597,NA,10.10510000000000,9.38440000000000,9.77560000000000,10.03690000000000,10.0459,2848.1556,9.9797,0.2041,9.7756,0.1610,10.0800,0.6235,9.4565,0.6528,2848.1556,NA,NA,NA
ZoomTracks.exe,35460,0x253F08E0920,DXGI,0,512,1,Hardware: Independent Flip,2858.4131,NA,10.05340000000000,10.70050000000000,9.75870000000000,9.94900000000000,10.6930,2858.1353,10.0365,0.2778,9.7587,0.2613,9.9655,0.6417,9.3238,-0.7208,2858.1353,NA,NA,NA
ZoomTracks.exe,35460,0x253F08E0920,DXGI,0,512,1,Hardware: Independent Flip,2868.4090,NA,9.99590000000000,9.36380000000000,9.78120000000000,10.04060000000000,10.0609,2868.1718,10.0184,0.2372,9.7812,0.1903,10.0875,0.7366,9.3509,0.6727,2868.1718,NA,NA,NA
ZoomTracks.exe,35460,0x253F08E0920,DXGI,0,512,1,Hardware: Independent Flip,2878.5076,NA,10.09860000000000,9.94020000000000,9.65330000000000,9.88140000000000,9.9025,2878.1902,9.9707,0.3174,9.6533,0.2594,9.9394,0.6559,9.2835,0.0782,2878.1902,NA,21.7760,21.7760
ZoomTracks.exe,35460,0x253F08E0920,DXGI,0,512,1,Hardware: Independent Flip,2888.4529,NA,9.94530000000000,11.29630000000000,9.70820000000000,11.24570000000000,11.2535,2888.1609,10.0002,0.2920,9.7082,0.2281,11.3096,1.9668,9.3428,-1.3256,2888.1609,NA,NA,NA
ZoomTracks.exe,35460,0x253F08E0920,DXGI,0,512,1,Hardware: Independent Flip,2898.3183,NA,9.86540000000000,9.43420000000000,9.86730000000000,10.10170000000000,10.8223,2898.1611,10.0245,0.1572,9.8673,1.5375,8.7214,0.3780,8.3434,0.5660,2898.1611,NA,NA,NA
ZoomTracks.exe,35460,0x253F08E0920,DXGI,0,512,1,Hardware: Independent Flip,2908.4677,NA,10.14940000000000,10.50220000000000,9.68800000000000,11.16680000000000,11.1751,2908.1856,9.9701,0.2821,9.6880,0.2344,11.2145,1.9030,9.3115,-0.4777,2908.1856,NA,NA,NA
ZoomTracks.exe,35460,0x253F08E0920,DXGI,0,512,1,Hardware: Independent Flip,2918.3092,NA,9.84150000000000,10.01520000000000,9.86230000000000,10.05460000000000,11.3488,2918.1557,10.0158,0.1535,9.8623,1.4788,8.7293,0.4038,8.3255,-0.0451,2918.1557,NA,NA,NA
ZoomTracks.exe,35460,0x253F08E0920,DXGI,0,512,1,Hardware: Independent Flip,2928.4085,NA,10.09930000000000,10.02210000000000,9.72120000000000,11.26460000000000,11.2716,2928.1715,9.9582,0.2370,9.7212,0.1923,11.3093,1.9348,9.3745,-0.0063,2928.1715,NA,NA,NA
ZoomTracks.exe,35460,0x253F08E0920,DXGI,0,512,1,Hardware: Independent Flip,2938.2699,NA,9.86140000000000,9.94770000000000,9.85010000000000,10.05230000000000,11.3579,2938.1297,9.9903,0.1402,9.8501,1.5434,8.6491,0.3058,8.3433,0.0105,2938.1297,NA,NA,NA
ZoomTracks.exe,35460,0x253F08E0920,DXGI,0,512,1,Hardware: Independent Flip,2948.3341,NA,10.06420000000000,8.76590000000000,9.82060000000000,10.03980000000000,10.0596,2948.1200,10.0347,0.2141,9.8206,0.2022,10.0517,0.5557,9.4960,1.2244,2948.1200,NA,NA,NA
ZoomTracks.exe,35460,0x253F08E0920,DXGI,0,512,1,Hardware: Independent Flip,2958.4316,NA,10.09750000000000,10.65130000000000,9.75520000000000,9.91620000000000,10.6134,2958.1547,10.0321,0.2769,9.7552,0.2192,9.9739,0.6119,9.3620,-0.6166,2958.1547,NA,25.3960,25.3960
ZoomTracks.exe,35460,0x253F08E0920,DXGI,0,512,1,Hardware: Independent Flip,2968.3928,NA,9.96120000000000,9.45440000000000,9.75110000000000,10.08100000000000,10.1066,2968.1868,9.9571,0.2060,9.7511,0.1610,10.1260,0.7670,9.3590,0.5777,2968.1868,NA,24.8914,24.8914
ZoomTracks.exe,35460,0x253F08E0920,DXGI,0,512,1,Hardware: Independent Flip,2978.5168,NA,10.12400000000000,9.98690000000000,9.64820000000000,9.87730000000000,9.9695,2978.1439,10.0211,0.3729,9.6482,0.3299,9.9203,0.6454,9.2749,-0.0298,2978.1439,NA,NA,NA
ZoomTracks.exe,35460,0x253F08E0920,DXGI,0,512,1,Hardware: Independent Flip,2988.5025,NA,9.98570000000000,11.24560000000000,9.67210000000000,11.22080000000000,11.2294,2988.1650,10.0096,0.3375,9.6721,0.2291,11.3292,1.9772,9.3520,-1.2245,2988.1650,NA,NA,NA
ZoomTracks.exe,35460,0x253F08E0920,DXGI,0,512,1,Hardware: Independent Flip,2998.3495,NA,9.84700000000000,9.29600000000000,9.78940000000000,9.97520000000000,10.6784,2998.1746,9.9643,0.1749,9.7894,1.5487,8.6014,0.3055,8.2959,0.7136,2998.1746,NA,NA,NA
ZoomTracks.exe,35460,0x253F08E0920,DXGI,0,512,1,Hardware: Independent Flip,3008.3488,NA,9.99930000000000,10.67930000000000,9.82070000000000,11.34990000000000,11.3584,3008.1389,10.0306,0.2099,9.8207,0.1858,11.3740,1.9230,9.4510,-0.7150,3008.1389,NA,NA,NA
ZoomTracks.exe,35460,0x253F08E0920,DXGI,0,512,1,Hardware: Independent Flip,3018.3344,NA,9.98560000000000,10.08030000000000,9.83360000000000,10.08470000000000,11.4531,3018.1695,9.9985,0.1649,9.8336,1.5292,8.7204,0.3849,8.3355,-0.0497,3018.1695,NA,NA,NA
ZoomTracks.exe,35460,0x253F08E0920,DXGI,0,512,1,Hardware: Independent Flip,3028.4500,NA,10.11560000000000,8.63590000000000,9.68770000000000,9.94950000000000,9.9734,3028.1680,9.9697,0.2820,9.6877,0.2511,9.9804,0.6724,9.3080,1.3626,3028.1680,NA,NA,NA
ZoomTracks.exe,35460,0x253F08E0920,DXGI,0,512,1,Hardware: Independent Flip,3038.4443,NA,9.99430000000000,10.53990000000000,9.67050000000000,9.87150000000000,10.5190,3038.1377,9.9771,0.3066,9.6705,0.2618,9.9163,0.5794,9.3369,-0.5702,3038.1377,NA,NA,NA
ZoomTracks.exe,35460,0x253F08E0920,DXGI,0,512,1,Hardware: Independent Flip,3048.3521,NA,9.90780000000000,9.41990000000000,9.79390000000000,10.01030000000000,10.0311,3048.1148,10.0312,0.2373,9.7939,0.2010,10.0466,0.5922,9.4544,0.5572,3048.1148,NA,NA,NA
ZoomTracks.exe,35460,0x253F08E0920,DXGI,0,512,1,Hardware: Independent Flip,3058.4376,NA,10.08550000000000,10.02390000000000,9.68270000000000,9.89380000000000,9.9695,3058.1460,9.9743,0.2916,9.6827,0.2164,9.9690,0.6035,9.3655,0.0073,3058.1460,NA,25.7862,25.7862
ZoomTracks.exe,35460,0x253F08E0920,DXGI,0,512,1,Hardware: Independent Flip,3068.3432,NA,9.90560000000000,10.05410000000000,9.82710000000000,10.09530000000000,10.1180,3068.1203,10.0500,0.2229,9.8271,0.2111,10.1071,0.6192,9.4879,-0.0798,3068.1203,NA,NA,NA
ZoomTracks.exe,35460,0x253F08E0920,DXGI,0,512,1,Hardware: Independent Flip,3078.4814,NA,10.13820000000000,9.97860000000000,9.65660000000000,9.92490000000000,9.9584,3078.1703,9.9677,0.3111,9.6566,0.2682,9.9678,0.6666,9.3012,0.0714,3078.1703,NA,24.8249,24.8249
ZoomTracks.exe,35460,0x253F08E0920,DXGI,0,512,1,Hardware: Independent Flip,3088.4585,NA,9.97710000000000,9.96800000000000,9.65890000000000,9.94230000000000,9.9493,3088.1380,9.9794,0.3205,9.6589,0.2683,9.9945,0.6741,9.3204,-0.0003,3088.1380,NA,NA,NA
ZoomTracks.exe,35460,0x253F08E0920,DXGI,0,512,1,Hardware: Independent Flip,3098.4096,NA,9.95110000000000,10.00600000000000,9.74460000000000,9.91390000000000,10.0042,3098.1174,10.0368,0.2922,9.7446,0.2834,9.9227,0.5049,9.4178,-0.0266,3098.1174,NA,NA,NA
ZoomTracks.exe,35460,0x253F08E0920,DXGI,0,512,1,Hardware: Independent Flip,3108.3674,NA,9.95780000000000,9.95630000000000,9.74780000000000,9.98070000000000,10.0027,3108.1542,9.9610,0.2132,9.7478,0.1693,10.0246,0.5707,9.4539,0.0805,3108.1542,NA,NA,NA
ZoomTracks.exe,35460,0x253F08E0920,DXGI,0,512,1,Hardware: Independent Flip,3118.3770,NA,10.00960000000000,10.02300000000000,9.75800000000000,9.99410000000000,10.0161,3118.1152,10.0198,0.2618,9.7580,0.2329,10.0230,0.6740,9.3490,-0.0620,3118.1152,NA,NA,NA
ZoomTracks.exe,35460,0x253F08E0920,DXGI,0,512,1,Hardware: Independent Flip,3128.4209,NA,10.04390000000000,10.05930000000000,9.74340000000000,10.00610000000000,10.0315,3128.1350,10.0293,0.2859,9.7434,0.2361,10.0559,0.6788,9.3771,-0.0395,3128.1350,NA,NA,NA
ZoomTracks.exe,35460,0x253F08E0920,DXGI,0,512,1,Hardware: Independent Flip,3138.5263,NA,10.10540000000000,9.96690000000000,9.69920000000000,9.87800000000000,9.8930,3138.1643,10.0612,0.3620,9.6992,0.2627,9.9773,0.6577,9.3196,0.0624,3138.1643,NA,19.8266,19.8266
ZoomTracks.exe,35460,0x253F08E0920,DXGI,0,512,1,Hardware: Independent Flip,3148.5670,NA,10.04070000000000,10.04470000000000,9.62930000000000,9.86970000000000,9.8970,3148.2255,9.9708,0.3415,9.6293,0.1788,10.0324,0.8144,9.2180,0.0165,3148.2255,NA,16.8646,16.8646
ZoomTracks.exe,35460,0x253F08E0920,DXGI,0,512,1,Hardware: Independent Flip,3158.5147,NA,9.94770000000000,10.04660000000000,9.71860000000000,9.91000000000000,9.9959,3158.1963,10.0370,0.3184,9.7186,0.2404,9.9880,0.6590,9.3290,-0.0758,3158.1963,NA,NA,NA
ZoomTracks.exe,35460,0x253F08E0920,DXGI,0,512,1,Hardware: Independent Flip,3168.5722,NA,10.05750000000000,9.92190000000000,9.67720000000000,9.84540000000000,9.8603,3168.2333,10.0161,0.3389,9.6772,0.1914,9.9929,0.7226,9.2703,0.1151,3168.2333,NA,NA,NA
ZoomTracks.exe,35460,0x253F08E0920,DXGI,0,512,1,Hardware: Independent Flip,3178.5876,NA,10.01540000000000,9.97160000000000,9.54220000000000,9.80860000000000,9.8165,3178.2494,9.8804,0.3382,9.5422,0.1682,9.9786,0.7644,9.2142,0.0445,3178.2494,NA,NA,NA
ZoomTracks.exe,35460,0x253F08E0920,DXGI,0,512,1,Hardware: Independent Flip,3188.4619,NA,9.87430000000000,10.05390000000000,9.69750000000000,9.97630000000000,9.9961,3188.1298,10.0296,0.3321,9.6975,0.2664,10.0420,0.7148,9.3272,-0.1735,3188.1298,NA,NA,NA
ZoomTracks.exe,35460,0x253F08E0920,DXGI,0,512,1,Hardware: Independent Flip,3198.5050,NA,10.04310000000000,10.03040000000000,9.68580000000000,9.95760000000000,9.9834,3198.1594,10.0314,0.3456,9.6858,0.2788,10.0244,0.7296,9.2948,-0.0008,3198.1594,NA,NA,NA
ZoomTracks.exe,35460,0x253F08E0920,DXGI,0,512,1,Hardware: Independent Flip,3208.5489,NA,10.04390000000000,9.96920000000000,9.62890000000000,9.88740000000000,9.9087,3208.1908,9.9870,0.3581,9.6289,0.2718,9.9737,0.7259,9.2478,0.0622,3208.1908,NA,11.8245,11.8245
ZoomTracks.exe,35460,0x253F08E0920,DXGI,0,512,1,Hardware: Independent Flip,3218.5046,NA,9.95570000000000,9.97560000000000,9.66390000000000,9.90590000000000,9.9286,3218.1778,9.9907,0.3268,9.6639,0.2585,9.9742,0.6758,9.2984,0.0114,3218.1778,NA,NA,NA
ZoomTracks.exe,35460,0x253F08E0920,DXGI,0,512,1,Hardware: Independent Flip,3228.4758,NA,9.97120000000000,9.99620000000000,9.67080000000000,9.93040000000000,9.9536,3228.1685,9.9781,0.3073,9.6708,0.2420,9.9957,0.6708,9.3249,-0.0055,3228.1685,NA,21.8080,21.8080
ZoomTracks.exe,35460,0x253F08E0920,DXGI,0,512,1,Hardware: Independent Flip,3238.4504,NA,9.97460000000000,10.03910000000000,9.70110000000000,9.99420000000000,10.0181,3238.1466,10.0049,0.3038,9.7011,0.2596,10.0384,0.7064,9.3320,-0.0610,3238.1466,NA,NA,NA
ZoomTracks.exe,35460,0x253F08E0920,DXGI,0,512,1,Hardware: Independent Flip,3248.4854,NA,10.03500000000000,9.97280000000000,9.69480000000000,9.93170000000000,9.9559,3248.1515,10.0287,0.3339,9.6948,0.2931,9.9725,0.6727,9.2998,0.0321,3248.1515,NA,NA,NA
ZoomTracks.exe,35460,0x253F08E0920,DXGI,0,512,1,Hardware: Independent Flip,3258.4811,NA,9.99570000000000,9.97250000000000,9.65380000000000,9.92500000000000,9.9327,3258.1802,9.9547,0.3009,9.6538,0.2369,9.9890,0.6669,9.3221,0.0562,3258.1802,NA,NA,NA
ZoomTracks.exe,35460,0x253F08E0920,DXGI,0,512,1,Hardware: Independent Flip,3268.2866,NA,9.80550000000000,10.02900000000000,9.85690000000000,10.07730000000000,10.1562,3268.1349,10.0086,0.1517,9.8569,0.2712,9.9578,0.3950,9.5628,-0.0743,3268.1349,NA,NA,NA
ZoomTracks.exe,35460,0x253F08E0920,DXGI,0,512,1,Hardware: Independent Flip,3278.5006,NA,10.21400000000000,9.97120000000000,9.63940000000000,9.90570000000000,9.9134,3278.1435,9.9965,0.3571,9.6394,0.2204,10.0424,0.7335,9.3089,0.0374,3278.1435,NA,NA,NA
ZoomTracks.exe,35460,0x253F08E0920,DXGI,0,512,1,Hardware: Independent Flip,3288.4731,NA,9.97250000000000,10.03610000000000,9.67770000000000,9.94860000000000,9.9770,3288.1400,10.0108,0.3331,9.6777,0.2663,10.0154,0.7180,9.2974,-0.0396,3288.1400,NA,15.8307,15.8307
ZoomTracks.exe,35460,0x253F08E0920,DXGI,0,512,1,Hardware: Independent Flip,3298.5064,NA,10.03330000000000,9.95150000000000,9.65110000000000,9.87300000000000,9.8952,3298.1508,10.0067,0.3556,9.6511,0.2709,9.9577,0.6599,9.2978,0.0593,3298.1508,NA,NA,NA
ZoomTracks.exe,35460,0x253F08E0920,DXGI,0,512,1,Hardware: Independent Flip,3308.4303,NA,9.92390000000000,10.01140000000000,9.72140000000000,9.96070000000000,9.9827,3308.1575,9.9942,0.2728,9.7214,0.2219,10.0116,0.6485,9.3631,-0.0047,3308.1575,NA,NA,NA
ZoomTracks.exe,35460,0x253F08E0920,DXGI,0,512,1,Hardware: Independent Flip,3318.4350,NA,10.00470000000000,10.03200000000000,9.71680000000000,9.98500000000000,10.0100,3318.1517,10.0001,0.2833,9.7168,0.2393,10.0290,0.6868,9.3422,-0.0378,3318.1517,NA,NA,NA
ZoomTracks.exe,35460,0x253F08E0920,DXGI,0,512,1,Hardware: Independent Flip,3328.4853,NA,10.05030000000000,9.94960000000000,9.66850000000000,9.88920000000000,9.9093,3328.1518,10.0020,0.3335,9.6685,0.2682,9.9545,0.6446,9.3099,0.0505,3328.1518,NA,25.7799,25.7799
ZoomTracks.exe,35460,0x253F08E0920,DXGI,0,512,1,Hardware: Independent Flip,3338.4363,NA,9.95100000000000,10.15460000000000,9.97740000000000,10.04030000000000,10.1129,3338.1538,10.2599,0.2825,9.9774,0.2207,10.1021,0.6239,9.4782,-0.1526,3338.1538,NA,NA,NA
ZoomTracks.exe,35460,0x253F08E0920,DXGI,0,512,1,Hardware: Independent Flip,3348.6737,NA,10.23740000000000,9.83370000000000,9.44740000000000,9.63450000000000,9.7092,3348.4137,9.7074,0.2600,9.4474,0.0629,9.8316,0.7117,9.1199,0.4262,3348.4137,NA,NA,NA
ZoomTracks.exe,35460,0x253F08E0920,DXGI,0,512,1,Hardware: Independent Flip,3358.4096,NA,9.73590000000000,9.99640000000000,9.72760000000000,9.94800000000000,9.9697,3358.1211,10.0161,0.2885,9.7276,0.1871,10.0494,0.6747,9.3747,-0.2890,3358.1211,NA,NA,NA
ZoomTracks.exe,35460,0x253F08E0920,DXGI,0,512,1,Hardware: Independent Flip,3368.4073,NA,9.99770000000000,10.17380000000000,9.71660000000000,9.89920000000000,10.1458,3368.1372,9.9867,0.2701,9.7166,0.2204,9.9489,0.5923,9.3566,-0.1577,3368.1372,NA,22.9298,22.9298
ZoomTracks.exe,35460,0x253F08E0920,DXGI,0,512,1,Hardware: Independent Flip,3378.3329,NA,9.92560000000000,9.85260000000000,9.79250000000000,10.06670000000000,10.0728,3378.1239,10.0015,0.2090,9.7925,0.1826,10.0931,0.6162,9.4769,0.1341,3378.1239,NA,NA,NA
ZoomTracks.exe,35460,0x253F08E0920,DXGI,0,512,1,Hardware: Independent Flip,3388.2731,NA,9.94020000000000,10.10850000000000,9.87400000000000,10.10180000000000,10.2411,3388.1254,10.0217,0.1477,9.8740,0.2742,9.9753,0.4228,9.5525,-0.1070,3388.1254,NA,29.9257,29.9257
ZoomTracks.exe,35460,0x253F08E0920,DXGI,0,512,1,Hardware: Independent Flip,3398.3999,NA,10.12680000000000,9.97370000000000,9.74680000000000,10.05100000000000,10.0880,3398.1471,9.9996,0.2528,9.7468,0.2278,10.0760,0.7405,9.3355,0.0480,3398.1471,NA,NA,NA
ZoomTracks.exe,35460,0x253F08E0920,DXGI,0,512,1,Hardware: Independent Flip,3408.2706,NA,9.87070000000000,9.98430000000000,9.87970000000000,10.16570000000000,10.2016,3408.1467,10.0036,0.1239,9.8797,0.3042,9.9854,0.6939,9.2915,0.0153,3408.1467,NA,NA,NA
ZoomTracks.exe,35460,0x253F08E0920,DXGI,0,512,1,Hardware: Independent Flip,3418.5003,NA,10.22970000000000,9.95710000000000,9.64670000000000,9.90260000000000,9.9290,3418.1503,9.9967,0.3500,9.6467,0.2860,9.9666,0.6900,9.2766,0.0465,3418.1503,NA,NA,NA
ZoomTracks.exe,35460,0x253F08E0920,DXGI,0,512,1,Hardware: Independent Flip,3428.4475,NA,9.94720000000000,9.99780000000000,9.69620000000000,9.95860000000000,9.9796,3428.1470,9.9967,0.3005,9.6962,0.2559,10.0032,0.6629,9.3403,-0.0011,3428.1470,NA,NA,NA
ZoomTracks.exe,35460,0x253F08E0920,DXGI,0,512,1,Hardware: Independent Flip,3438.4419,NA,9.99440000000000,10.08160000000000,9.73570000000000,10.04430000000000,10.0668,3438.1437,10.0339,0.2982,9.7357,0.2624,10.0801,0.7431,9.3370,-0.0849,3438.1437,NA,NA,NA
ZoomTracks.exe,35460,0x253F08E0920,DXGI,0,512,1,Hardware: Independent Flip,3448.5484,NA,10.10650000000000,9.91300000000000,9.61310000000000,9.85310000000000,9.8733,3448.1776,9.9839,0.3708,9.6131,0.3086,9.9153,0.7216,9.1937,0.1209,3448.1776,NA,13.7843,13.7843
ZoomTracks.exe,35460,0x253F08E0920,DXGI,0,512,1,Hardware: Independent Flip,3458.4585,NA,9.91010000000000,10.02270000000000,9.68460000000000,9.95730000000000,9.9859,3458.1615,9.9816,0.2970,9.6846,0.2400,10.0143,0.6933,9.3210,-0.0388,3458.1615,NA,NA,NA
ZoomTracks.exe,35460,0x253F08E0920,DXGI,0,512,1,Hardware: Independent Flip,3468.4856,NA,10.02710000000000,10.08280000000000,9.70440000000000,10.01670000000000,10.0416,3468.1431,10.0469,0.3425,9.7044,0.2727,10.0865,0.7675,9.3190,-0.1012,3468.1431,NA,NA,NA
ZoomTracks.exe,35460,0x253F08E0920,DXGI,0,512,1,Hardware: Independent Flip,3478.5665,NA,10.08090000000000,9.88840000000000,9.57490000000000,9.84140000000000,9.8491,3478.1900,9.9514,0.3765,9.5749,0.3123,9.9056,0.6687,9.2369,0.1585,3478.1900,NA,22.7869,22.7869
ZoomTracks.exe,35460,0x253F08E0920,DXGI,0,512,1,Hardware: Independent Flip,3488.4694,NA,9.90290000000000,9.93170000000000,9.65370000000000,9.85900000000000,9.8779,3488.1414,9.9817,0.3280,9.6537,0.2665,9.9205,0.5988,9.3217,0.0197,3488.1414,NA,NA,NA
ZoomTracks.exe,35460,0x253F08E0920,DXGI,0,512,1,Hardware: Independent Flip,3498.3832,NA,9.91380000000000,10.03290000000000,9.74990000000000,9.96950000000000,9.9970,3498.1231,10.0100,0.2601,9.7499,0.2053,10.0243,0.6210,9.4033,-0.0512,3498.1231,NA,NA,NA
ZoomTracks.exe,35460,0x253F08E0920,DXGI,0,512,1,Hardware: Independent Flip,3508.4314,NA,10.04820000000000,10.05540000000000,9.72980000000000,9.98510000000000,10.0042,3508.1331,10.0281,0.2983,9.7298,0.2196,10.0638,0.7004,9.3634,-0.0454,3508.1331,NA,NA,NA
ZoomTracks.exe,35460,0x253F08E0920,DXGI,0,512,1,Hardware: Independent Flip,3518.4766,NA,10.04520000000000,9.96910000000000,9.66910000000000,9.90870000000000,9.9281,3518.1612,9.9845,0.3154,9.6691,0.2553,9.9688,0.6562,9.3126,0.0590,3518.1612,NA,NA,NA
ZoomTracks.exe,35460,0x253F08E0920,DXGI,0,512,1,Hardware: Independent Flip,3528.4395,NA,9.96290000000000,10.05240000000000,9.75950000000000,9.99530000000000,10.0176,3528.1457,10.0533,0.2938,9.7595,0.2396,10.0495,0.6985,9.3510,-0.0679,3528.1457,NA,22.8272,22.8272
ZoomTracks.exe,35460,0x253F08E0920,DXGI,0,512,1,Hardware: Independent Flip,3538.4846,NA,10.04510000000000,10.06290000000000,9.76950000000000,9.90650000000000,10.0354,3538.1990,10.0551,0.2856,9.7695,0.2358,9.9563,0.6200,9.3363,-0.0096,3538.1990,NA,NA,NA
ZoomTracks.exe,35460,0x253F08E0920,DXGI,0,512,1,Hardware: Independent Flip,3548.5896,NA,10.10500000000000,9.96490000000000,9.66700000000000,9.88400000000000,9.8953,3548.2541,10.0025,0.3355,9.6670,0.1370,10.0825,0.8624,9.2201,0.0902,3548.2541,NA,28.8786,28.8786
ZoomTracks.exe,35460,0x253F08E0920,DXGI,0,512,1,Hardware: Independent Flip,3558.6626,NA,10.07300000000000,9.93710000000000,9.58830000000000,9.66020000000000,9.7594,3558.2566,9.9943,0.4060,9.5883,0.2170,9.8492,0.7104,9.1388,0.0654,3558.2566,NA,NA,NA
ZoomTracks.exe,35460,0x253F08E0920,DXGI,0,512,1,Hardware: Independent Flip,3568.5048,NA,9.84220000000000,10.02090000000000,9.67190000000000,9.91370000000000,9.9381,3568.2509,9.9258,0.2539,9.6719,0.0719,10.0957,0.9231,9.1726,-0.0266,3568.2509,NA,NA,NA
ZoomTracks.exe,35460,0x253F08E0920,DXGI,0,512,1,Hardware: Independent Flip,3578.4899,NA,9.98510000000000,10.04300000000000,9.63530000000000,9.83970000000000,9.9960,3578.1767,9.9485,0.3132,9.6353,0.2418,9.9111,0.6047,9.3064,-0.1172,3578.1767,NA,NA,NA
ZoomTracks.exe,35460,0x253F08E0920,DXGI,0,512,1,Hardware: Independent Flip,3588.2749,NA,9.78500000000000,9.93270000000000,9.88470000000000,10.12200000000000,10.1437,3588.1252,10.0344,0.1497,9.8847,0.2044,10.0673,0.5146,9.5527,0.0158,3588.1252,NA,NA,NA
ZoomTracks.exe,35460,0x253F08E0920,DXGI,0,512,1,Hardware: Independent Flip,3598.4483,NA,10.17340000000000,10.08030000000000,9.69390000000000,9.95580000000000,10.0506,3598.1596,9.9826,0.2887,9.6939,0.2373,10.0072,0.6737,9.3335,-0.0459,3598.1596,NA,NA,NA
ZoomTracks.exe,35460,0x253F08E0920,DXGI,0,512,1,Hardware: Independent Flip,3608.2845,NA,9.83620000000000,9.91170000000000,9.85860000000000,10.10610000000000,10.1261,3608.1422,10.0009,0.1423,9.8586,0.2619,9.9865,0.5229,9.4636,0.0709,3608.1422,NA,21.7912,21.7912
ZoomTracks.exe,35460,0x253F08E0920,DXGI,0,512,1,Hardware: Independent Flip,3618.4385,NA,10.15400000000000,10.05290000000000,9.69710000000000,10.01780000000000,10.0250,3618.1431,9.9925,0.2954,9.6971,0.2475,10.0657,0.7403,9.3254,-0.0520,3618.1431,NA,NA,NA
ZoomTracks.exe,35460,0x253F08E0920,DXGI,0,512,1,Hardware: Independent Flip,3628.2914,NA,9.85290000000000,9.95500000000000,9.86050000000000,10.10500000000000,10.1271,3628.1356,10.0163,0.1558,9.8605,0.3207,9.9401,0.4408,9.4993,0.0375,3628.1356,NA,NA,NA
ZoomTracks.exe,35460,0x253F08E0920,DXGI,0,512,1,Hardware: Independent Flip,3638.4354,NA,10.14400000000000,10.10320000000000,9.73560000000000,10.07790000000000,10.0863,3638.1519,10.0191,0.2835,9.7356,0.2445,10.1169,0.7681,9.3488,-0.0869,3638.1519,NA,22.9193,22.9193
ZoomTracks.exe,35460,0x253F08E0920,DXGI,0,512,1,Hardware: Independent Flip,3648.3369,NA,9.90150000000000,9.96600000000000,9.83710000000000,10.01440000000000,10.1508,3648.1710,10.0030,0.1659,9.8371,0.3423,9.8380,0.3905,9.4475,0.0531,3648.1710,NA,NA,NA
ZoomTracks.exe,35460,0x253F08E0920,DXGI,0,512,1,Hardware: Independent Flip,3658.3956,NA,10.05870000000000,9.97330000000000,9.75580000000000,10.03780000000000,10.0654,3658.1740,9.9774,0.2216,9.7558,0.1773,10.0821,0.6977,9.3844,0.0297,3658.1740,NA,NA,NA
ZoomTracks.exe,35460,0x253F08E0920,DXGI,0,512,1,Hardware: Independent Flip,3668.2882,NA,9.89260000000000,10.10610000000000,9.88000000000000,10.07320000000000,10.2789,3668.1514,10.0168,0.1368,9.8800,0.2820,9.9280,0.5401,9.3879,-0.1287,3668.1514,NA,NA,NA
ZoomTracks.exe,35460,0x253F08E0920,DXGI,0,512,1,Hardware: Independent Flip,3678.4081,NA,10.11990000000000,9.87760000000000,9.75480000000000,10.00640000000000,10.0366,3678.1682,9.9947,0.2399,9.7548,0.1932,10.0531,0.6979,9.3552,0.1392,3678.1682,NA,NA,NA
ZoomTracks.exe,35460,0x253F08E0920,DXGI,0,512,1,Hardware: Independent Flip,3688.4808,NA,10.07270000000000,9.98060000000000,9.64880000000000,9.80600000000000,9.9445,3688.1629,9.9667,0.3179,9.6488,0.2516,9.8723,0.4726,9.3997,0.0141,3688.1629,NA,NA,NA
ZoomTracks.exe,35460,0x253F08E0920,DXGI,0,512,1,Hardware: Independent Flip,3698.3299,NA,9.84910000000000,10.01150000000000,9.83190000000000,10.09930000000000,10.1069,3698.1296,10.0322,0.2003,9.8319,0.1572,10.1424,0.6430,9.4994,-0.0448,3698.1296,NA,NA,NA
ZoomTracks.exe,35460,0x253F08E0920,DXGI,0,512,1,Hardware: Independent Flip,3708.2964,NA,9.96650000000000,10.00160000000000,9.85190000000000,10.13320000000000,10.1420,3708.1618,9.9865,0.1346,9.8519,0.2674,10.0004,0.4808,9.5196,0.0306,3708.1618,NA,21.7914,21.7914
ZoomTracks.exe,35460,0x253F08E0920,DXGI,0,512,1,Hardware: Independent Flip,3718.4701,NA,10.17370000000000,10.05590000000000,9.68250000000000,10.01530000000000,10.0242,3718.1483,10.0043,0.3218,9.6825,0.2813,10.0558,0.7791,9.2767,-0.0694,3718.1483,NA,NA,NA
ZoomTracks.exe,35460,0x253F08E0920,DXGI,0,512,1,Hardware: Independent Flip,3728.2804,NA,9.81030000000000,9.94650000000000,9.88090000000000,10.13820000000000,10.1604,3728.1526,10.0087,0.1278,9.8809,0.3328,9.9332,0.4510,9.4822,0.0578,3728.1526,NA,NA,NA
ZoomTracks.exe,35460,0x253F08E0920,DXGI,0,512,1,Hardware: Independent Flip,3738.4614,NA,10.18100000000000,10.03290000000000,9.68660000000000,10.00410000000000,10.0123,3738.1613,9.9867,0.3001,9.6866,0.2573,10.0469,0.7360,9.3109,-0.0242,3738.1613,NA,25.8560,25.8560
ZoomTracks.exe,35460,0x253F08E0920,DXGI,0,512,1,Hardware: Independent Flip,3748.2864,NA,9.82500000000000,10.01430000000000,9.86690000000000,10.17970000000000,10.2016,3748.1480,10.0053,0.1384,9.8669,0.3175,10.0006,0.5047,9.4959,-0.0276,3748.1480,NA,NA,NA
ZoomTracks.exe,35460,0x253F08E0920,DXGI,0,512,1,Hardware: Independent Flip,3758.5286,NA,10.24220000000000,9.99390000000000,9.62190000000000,9.92780000000000,9.9533,3758.1533,9.9972,0.3753,9.6219,0.3128,9.9903,0.7370,9.2533,0.0114,3758.1533,NA,NA,NA
ZoomTracks.exe,35460,0x253F08E0920,DXGI,0,512,1,Hardware: Independent Flip,3768.4993,NA,9.97070000000000,10.00970000000000,9.63750000000000,9.86540000000000,9.9923,3768.1505,9.9863,0.3488,9.6375,0.3059,9.9083,0.5760,9.3323,-0.0125,3768.1505,NA,NA,NA
ZoomTracks.exe,35460,0x253F08E0920,DXGI,0,512,1,Hardware: Independent Flip,3778.2720,NA,9.77270000000000,9.95400000000000,9.88630000000000,10.15290000000000,10.1736,3778.1368,10.0215,0.1352,9.8863,0.2279,10.0602,0.7175,9.3427,0.0323,3778.1368,NA,NA,NA
ZoomTracks.exe,35460,0x253F08E0920,DXGI,0,512,1,Hardware: Independent Flip,3788.4856,NA,10.21360000000000,9.96130000000000,9.64040000000000,9.80270000000000,9.9213,3788.1583,9.9677,0.3273,9.6404,0.2666,9.8634,0.4707,9.3927,0.0602,3788.1583,NA,NA,NA
ZoomTracks.exe,35460,0x253F08E0920,DXGI,0,512,1,Hardware: Independent Flip,3798.3367,NA,9.85110000000000,10.07650000000000,9.81460000000000,10.13940000000000,10.1467,3798.1260,10.0253,0.2107,9.8146,0.1623,10.1878,0.7639,9.4239,-0.1088,3798.1260,NA,NA,NA
ZoomTracks.exe,35460,0x253F08E0920,DXGI,0,512,1,Hardware: Independent Flip,3808.3180,NA,9.98130000000000,10.00210000000000,9.81540000000000,10.06140000000000,10.1675,3808.1513,9.9821,0.1667,9.8154,0.3248,9.9033,0.4119,9.4914,0.0232,3808.1513,NA,24.8963,24.8963
ZoomTracks.exe,35460,0x253F08E0920,DXGI,0,512,1,Hardware: Independent Flip,3818.2755,NA,9.95750000000000,9.97730000000000,9.89460000000000,10.16570000000000,10.1873,3818.1334,10.0367,0.1421,9.8946,0.2460,10.0618,0.5921,9.4697,0.0048,3818.1334,NA,NA,NA
ZoomTracks.exe,35460,0x253F08E0920,DXGI,0,512,1,Hardware: Independent Flip,3828.5052,NA,10.22970000000000,9.99410000000000,9.63060000000000,9.81180000000000,9.9517,3828.1701,9.9657,0.3351,9.6306,0.2711,9.8758,0.5134,9.3624,0.0426,3828.1701,NA,NA,NA
ZoomTracks.exe,35460,0x253F08E0920,DXGI,0,512,1,Hardware: Independent Flip,3838.3571,NA,9.85190000000000,9.99990000000000,9.81490000000000,10.07770000000000,10.0997,3838.1358,10.0362,0.2213,9.8149,0.1812,10.1178,0.7222,9.3956,-0.0342,3838.1358,NA,NA,NA
ZoomTracks.exe,35460,0x253F08E0920,DXGI,0,512,1,Hardware: Independent Flip,3848.4937,NA,10.13660000000000,10.01260000000000,9.66150000000000,9.84580000000000,9.9757,3848.1720,9.9832,0.3217,9.6615,0.2628,9.9047,0.5157,9.3890,0.0236,3848.1720,NA,NA,NA
ZoomTracks.exe,35460,0x253F08E0920,DXGI,0,512,1,Hardware: Independent Flip,3858.3861,NA,9.89240000000000,9.95790000000000,9.74900000000000,10.03210000000000,10.0412,3858.1552,9.9799,0.2309,9.7490,0.1843,10.0787,0.6310,9.4477,0.0253,3858.1552,NA,NA,NA
ZoomTracks.exe,35460,0x253F08E0920,DXGI,0,512,1,Hardware: Independent Flip,3868.4503,NA,10.06420000000000,9.97450000000000,9.68360000000000,9.85100000000000,9.9515,3868.1351,9.9988,0.3152,9.6836,0.2831,9.8831,0.4845,9.3986,0.0054,3868.1351,NA,19.7951,NA
ZoomTracks.exe,35460,0x253F08E0920,DXGI,0,512,1,Hardware: Independent Flip,3878.3450,NA,9.89470000000000,10.04290000000000,9.79450000000000,10.09160000000000,10.0997,3878.1339,10.0056,0.2111,9.7945,0.1674,10.1353,0.6219,9.5134,-0.0441,3878.1339,NA,19.8497,NA
ZoomTracks.exe,35460,0x253F08E0920,DXGI,0,512,1,Hardware: Independent Flip,3888.2950,NA,9.95000000000000,9.95680000000000,9.86760000000000,10.01920000000000,10.1065,3888.1395,10.0231,0.1555,9.8676,0.2971,9.8776,0.3670,9.5106,0.0488,3888.1395,NA,21.8025,NA
ZoomTracks.exe,35460,0x253F08E0920,DXGI,0,512,1,Hardware: Independent Flip,3898.3598,NA,10.06480000000000,10.06700000000000,9.79140000000000,10.09860000000000,10.1087,3898.1626,9.9886,0.1972,9.7914,0.1516,10.1442,0.7539,9.3903,-0.0439,3898.1626,NA,20.8715,NA
ZoomTracks.exe,35460,0x253F08E0920,DXGI,0,512,1,Hardware: Independent Flip,3908.4945,NA,10.13470000000000,10.02980000000000,9.63660000000000,9.84830000000000,10.0038,3908.1512,9.9799,0.3433,9.6366,0.3072,9.8844,0.5210,9.3634,-0.0412,3908.1512,NA,20.9088,25.8873
ZoomTracks.exe,35460,0x253F08E0920,DXGI,0,512,1,Hardware: Independent Flip,3918.3751,NA,9.88060000000000,9.94410000000000,9.80230000000000,10.04850000000000,10.0673,3918.1311,10.0463,0.2440,9.8023,0.2117,10.0808,0.6020,9.4788,0.0358,3918.1311,NA,20.8442,20.8442
ZoomTracks.exe,35460,0x253F08E0920,DXGI,0,512,1,Hardware: Independent Flip,3928.4784,NA,10.10330000000000,10.08240000000000,9.65060000000000,9.86790000000000,10.0464,3928.1774,9.9516,0.3010,9.6506,0.2462,9.9227,0.5358,9.3869,-0.0361,3928.1774,NA,19.9226,NA
ZoomTracks.exe,35460,0x253F08E0920,DXGI,0,512,1,Hardware: Independent Flip,3938.2715,NA,9.79310000000000,10.00530000000000,9.94960000000000,10.25160000000000,10.2586,3938.1290,10.0921,0.1425,9.9496,0.2173,10.1768,0.6113,9.5655,-0.0537,3938.1290,NA,21.9256,NA
ZoomTracks.exe,35460,0x253F08E0920,DXGI,0,512,1,Hardware: Independent Flip,3948.3584,NA,10.08690000000000,9.95620000000000,9.80650000000000,10.09920000000000,10.1279,3948.2211,9.9438,0.1373,9.8065,0.3020,9.9345,0.4812,9.4533,0.1359,3948.2211,NA,20.8733,NA
ZoomTracks.exe,35460,0x253F08E0920,DXGI,0,512,1,Hardware: Independent Flip,3958.5285,NA,10.17010000000000,10.02500000000000,9.65730000000000,9.95850000000000,9.9828,3958.1649,10.0209,0.3636,9.6573,0.2927,10.0294,0.7816,9.2478,-0.0812,3958.1649,NA,11.9086,NA
ZoomTracks.exe,35460,0x253F08E0920,DXGI,0,512,1,Hardware: Independent Flip,3968.5296,NA,10.00110000000000,9.99870000000000,9.62190000000000,9.83050000000000,9.9804,3968.1858,9.9657,0.3438,9.6219,0.3012,9.8731,0.5714,9.3017,0.0222,3968.1858,NA,NA,NA
ZoomTracks.exe,35460,0x253F08E0920,DXGI,0,512,1,Hardware: Independent Flip,3978.4037,NA,9.87410000000000,9.96180000000000,9.75870000000000,10.04610000000000,10.0681,3978.1515,10.0109,0.2522,9.7587,0.2086,10.0897,0.7223,9.3674,0.0039,3978.1515,NA,21.8625,23.8618
ZoomTracks.exe,35460,0x253F08E0920,DXGI,0,512,1,Hardware: Independent Flip,3988.5136,NA,10.10990000000000,10.00840000000000,9.64430000000000,9.81420000000000,9.9666,3988.1624,9.9955,0.3512,9.6443,0.2874,9.8780,0.5188,9.3592,0.0025,3988.1624,NA,12.8702,17.8934
ZoomTracks.exe,35460,0x253F08E0920,DXGI,0,512,1,Hardware: Independent Flip,3998.3771,NA,9.86350000000000,10.04950000000000,9.77560000000000,10.14330000000000,10.1526,3998.1579,9.9948,0.2192,9.7756,0.1699,10.1926,0.8096,9.3830,-0.0540,3998.1579,NA,NA,NA
ZoomTracks.exe,35460,0x253F08E0920,DXGI,0,512,1,Hardware: Independent Flip,4008.3116,NA,9.93450000000000,9.95570000000000,9.83440000000000,10.03590000000000,10.1738,4008.1527,9.9933,0.1589,9.8344,0.3677,9.8271,0.3116,9.5155,0.0391,4008.1527,NA,21.8749,NA
ZoomTracks.exe,35460,0x253F08E0920,DXGI,0,512,1,Hardware: Independent Flip,4018.3816,NA,10.07000000000000,10.02030000000000,9.80220000000000,10.11380000000000,10.1241,4018.1460,10.0378,0.2356,9.8022,0.2015,10.1479,0.6673,9.4806,-0.0270,4018.1460,NA,NA,NA
ZoomTracks.exe,35460,0x253F08E0920,DXGI,0,512,1,Hardware: Independent Flip,4028.3358,NA,9.95420000000000,9.99870000000000,9.80070000000000,9.99810000000000,10.1686,4028.1838,9.9527,0.1520,9.8007,0.3116,9.8385,0.3908,9.4477,0.0391,4028.1838,NA,NA,NA
ZoomTracks.exe,35460,0x253F08E0920,DXGI,0,512,1,Hardware: Independent Flip,4038.3425,NA,10.00670000000000,9.95190000000000,9.81990000000000,10.10450000000000,10.1138,4038.1365,10.0259,0.2060,9.8199,0.1974,10.1131,0.6511,9.4620,0.0008,4038.1365,NA,NA,NA
ZoomTracks.exe,35460,0x253F08E0920,DXGI,0,512,1,Hardware: Independent Flip,4048.4994,NA,10.15690000000000,10.07940000000000,9.65430000000000,9.86190000000000,10.0363,4048.1624,9.9913,0.3370,9.6543,0.2846,9.9143,0.5598,9.3545,-0.0535,4048.1624,NA,NA,NA
ZoomTracks.exe,35460,0x253F08E0920,DXGI,0,512,1,Hardware: Independent Flip,4058.4066,NA,9.90720000000000,9.89210000000000,9.73270000000000,10.01300000000000,10.0212,4058.1537,9.9856,0.2529,9.7327,0.2076,10.0583,0.6888,9.3695,0.0992,4058.1537,NA,NA,NA
ZoomTracks.exe,35460,0x253F08E0920,DXGI,0,512,1,Hardware: Independent Flip,4068.2813,NA,9.87470000000000,10.08730000000000,9.87820000000000,10.11740000000000,10.2338,4068.1393,10.0202,0.1420,9.8782,0.2803,9.9791,0.4409,9.5382,-0.1017,4068.1393,NA,29.9129,29.9129
ZoomTracks.exe,35460,0x253F08E0920,DXGI,0,512,1,Hardware: Independent Flip,4078.2956,NA,10.01430000000000,9.90080000000000,9.83490000000000,10.11340000000000,10.1203,4078.1595,9.9710,0.1361,9.8349,0.2392,10.0103,0.6778,9.3325,0.1194,4078.1595,NA,NA,NA
ZoomTracks.exe,35460,0x253F08E0920,DXGI,0,512,1,Hardware: Independent Flip,4088.2790,NA,9.98340000000000,9.97760000000000,9.85500000000000,10.09440000000000,10.1145,4088.1305,10.0035,0.1485,9.8550,0.2785,9.9644,0.3951,9.5693,-0.0066,4088.1305,NA,NA,NA
ZoomTracks.exe,35460,0x253F08E0920,DXGI,0,512,1,Hardware: Independent Flip,4098.4525,NA,10.17350000000000,10.04700000000000,9.69970000000000,9.90860000000000,9.9880,4098.1340,10.0182,0.3185,9.6997,0.2394,9.9877,0.6252,9.3625,-0.0435,4098.1340,NA,28.8489,28.8489
ZoomTracks.exe,35460,0x253F08E0920,DXGI,0,512,1,Hardware: Independent Flip,4108.4696,NA,10.01710000000000,9.95340000000000,9.65660000000000,9.90310000000000,9.9243,4108.1522,9.9740,0.3174,9.6566,0.2089,10.0116,0.6376,9.3740,0.0648,4108.1522,NA,NA,NA
ZoomTracks.exe,35460,0x253F08E0920,DXGI,0,512,1,Hardware: Independent Flip,4118.4416,NA,9.97200000000000,11.80720000000000,9.70340000000000,11.75310000000000,11.7595,4118.1262,10.0188,0.3154,9.7034,0.2465,11.8220,2.4888,9.3332,-1.8332,4118.1262,NA,NA,NA
ZoomTracks.exe,35460,0x253F08E0920,DXGI,0,512,1,Hardware: Independent Flip,4128.2898,NA,9.84820000000000,8.23260000000000,9.85080000000000,10.05620000000000,10.1439,4128.1450,9.9956,0.1448,9.8508,2.0497,8.1513,0.3609,7.7904,1.7862,4128.1450,NA,NA,NA
ZoomTracks.exe,35460,0x253F08E0920,DXGI,0,512,1,Hardware: Independent Flip,4138.2864,NA,9.99660000000000,11.75580000000000,9.88740000000000,11.89570000000000,11.9031,4138.1406,10.0332,0.1458,9.8874,0.2054,11.8361,2.3682,9.4679,-1.7602,4138.1406,NA,NA,NA
ZoomTracks.exe,35460,0x253F08E0920,DXGI,0,512,1,Hardware: Independent Flip,4148.3297,NA,10.04330000000000,9.99270000000000,9.80640000000000,10.01520000000000,11.8525,4148.1738,9.9623,0.1559,9.8064,2.0083,8.1628,0.3729,7.7899,0.0405,4148.1738,NA,28.5858,28.5858
ZoomTracks.exe,35460,0x253F08E0920,DXGI,0,512,1,Hardware: Independent Flip,4158.3861,NA,10.05640000000000,10.03030000000000,9.77640000000000,11.81780000000000,11.8264,4158.1361,10.0264,0.2500,9.7764,0.2088,11.8590,2.4955,9.3635,-0.0680,4158.1361,NA,NA,NA
ZoomTracks.exe,35460,0x253F08E0920,DXGI,0,512,1,Hardware: Independent Flip,4168.3223,NA,9.93620000000000,10.89710000000000,9.82670000000000,10.02720000000000,12.7873,4168.1625,9.9865,0.1598,9.8267,2.0414,8.1456,0.3199,7.8257,-0.8707,4168.1625,NA,NA,NA
ZoomTracks.exe,35460,0x253F08E0920,DXGI,0,512,1,Hardware: Independent Flip,4178.3894,NA,10.06710000000000,8.98840000000000,9.74540000000000,11.70130000000000,11.7086,4178.1490,9.9858,0.2404,9.7454,0.2005,11.7412,2.3799,9.3613,0.9981,4178.1490,NA,NA,NA
ZoomTracks.exe,35460,0x253F08E0920,DXGI,0,512,1,Hardware: Independent Flip,4188.2592,NA,9.86980000000000,10.58460000000000,9.90520000000000,10.14430000000000,12.4234,4188.1348,10.0296,0.1244,9.9052,1.9559,8.3128,0.4339,7.8789,-0.5988,4188.1348,NA,NA,NA
ZoomTracks.exe,35460,0x253F08E0920,DXGI,0,512,1,Hardware: Independent Flip,4198.4286,NA,10.16940000000000,9.53110000000000,9.72860000000000,11.77680000000000,11.7851,4198.1644,9.9928,0.2642,9.7286,0.2391,11.8019,2.4774,9.3245,0.4985,4198.1644,NA,NA,NA
ZoomTracks.exe,35460,0x253F08E0920,DXGI,0,512,1,Hardware: Independent Flip,4208.3370,NA,9.90840000000000,9.74410000000000,9.83570000000000,10.03760000000000,11.6208,4208.1572,10.0155,0.1798,9.8357,2.0482,8.1692,0.3403,7.8289,0.2487,4208.1572,NA,NA,NA
ZoomTracks.exe,35460,0x253F08E0920,DXGI,0,512,1,Hardware: Independent Flip,4218.4232,NA,10.08620000000000,10.25770000000000,9.73330000000000,11.78440000000000,11.7923,4218.1727,9.9838,0.2505,9.7333,0.2019,11.8330,2.4733,9.3597,-0.2422,4218.1727,NA,21.5717,21.5717
ZoomTracks.exe,35460,0x253F08E0920,DXGI,0,512,1,Hardware: Independent Flip,4228.3138,NA,9.89060000000000,9.56980000000000,9.80180000000000,9.99470000000000,11.4715,4228.1565,9.9591,0.1573,9.8018,2.0511,8.1009,0.2756,7.8253,0.4140,4228.1565,NA,NA,NA
ZoomTracks.exe,35460,0x253F08E0920,DXGI,0,512,1,Hardware: Independent Flip,4238.3362,NA,10.02240000000000,10.43150000000000,9.82180000000000,11.87110000000000,11.8806,4238.1156,10.0424,0.2206,9.8218,0.1929,11.8988,2.4297,9.4691,-0.4724,4238.1156,NA,22.6211,22.6211
ZoomTracks.exe,35460,0x253F08E0920,DXGI,0,512,1,Hardware: Independent Flip,4248.2948,NA,9.95860000000000,9.96290000000000,9.85130000000000,10.06630000000000,11.8849,4248.1580,9.9881,0.1368,9.8513,2.0493,8.1538,0.3320,7.8218,0.0795,4248.1580,NA,NA,NA
ZoomTracks.exe,35460,0x253F08E0920,DXGI,0,512,1,Hardware: Independent Flip,4258.2976,NA,10.00280000000000,10.01620000000000,9.86100000000000,11.88920000000000,11.8983,4258.1461,10.0125,0.1515,9.8610,0.2150,11.8257,2.3382,9.4875,-0.0281,4258.1461,NA,NA,NA
ZoomTracks.exe,35460,0x253F08E0920,DXGI,0,512,1,Hardware: Independent Flip,4268.3221,NA,10.02450000000000,10.21490000000000,9.84090000000000,10.01780000000000,12.0887,4268.1586,10.0044,0.1635,9.8409,2.0282,8.1531,0.3082,7.8449,-0.2024,4268.1586,NA,NA,NA
ZoomTracks.exe,35460,0x253F08E0920,DXGI,0,512,1,Hardware: Independent Flip,4278.3847,NA,10.06260000000000,9.80210000000000,9.75780000000000,11.82060000000000,11.8282,4278.1630,9.9795,0.2217,9.7578,0.1769,11.8654,2.4249,9.4405,0.2023,4278.1630,NA,NA,NA
ZoomTracks.exe,35460,0x253F08E0920,DXGI,0,512,1,Hardware: Independent Flip,4288.3076,NA,9.92290000000000,10.10290000000000,9.84890000000000,10.02550000000000,12.0082,4288.1425,10.0140,0.1651,9.8489,2.0628,8.1278,0.2982,7.8296,-0.1234,4288.1425,NA,NA,NA
ZoomTracks.exe,35460,0x253F08E0920,DXGI,0,512,1,Hardware: Independent Flip,4298.3743,NA,10.06670000000000,9.85860000000000,9.78460000000000,11.79180000000000,11.8001,4298.1565,10.0024,0.2178,9.7846,0.1766,11.8330,2.4566,9.3764,0.1554,4298.1565,NA,21.5680,21.5680
ZoomTracks.exe,35460,0x253F08E0920,DXGI,0,512,1,Hardware: Independent Flip,4308.2818,NA,9.90750000000000,10.05900000000000,9.88880000000000,10.17520000000000,11.9516,4308.1589,10.0117,0.1229,9.8888,2.0072,8.2909,0.4164,7.8745,-0.0566,4308.1589,NA,NA,NA
ZoomTracks.exe,35460,0x253F08E0920,DXGI,0,512,1,Hardware: Independent Flip,4318.3245,NA,10.04270000000000,8.27930000000000,9.82620000000000,10.12400000000000,10.1882,4318.1706,9.9801,0.1539,9.8262,0.2864,9.9915,0.4919,9.4996,1.7324,4318.1706,NA,23.8741,23.8741
ZoomTracks.exe,35460,0x253F08E0920,DXGI,0,512,1,Hardware: Independent Flip,4328.2872,NA,9.96270000000000,11.49810000000000,9.84230000000000,9.99150000000000,11.7236,4328.1507,9.9788,0.1365,9.8423,0.2978,9.8302,0.5448,9.2854,-1.5180,4328.1507,NA,NA,NA
ZoomTracks.exe,35460,0x253F08E0920,DXGI,0,512,1,Hardware: Independent Flip,4338.3351,NA,10.04790000000000,8.40850000000000,9.80960000000000,10.05380000000000,10.0842,4338.1295,10.0152,0.2056,9.8096,0.1492,10.1102,0.7673,9.3429,1.5703,4338.1295,NA,NA,NA
ZoomTracks.exe,35460,0x253F08E0920,DXGI,0,512,1,Hardware: Independent Flip,4348.4680,NA,10.13290000000000,10.08720000000000,9.65520000000000,9.88240000000000,10.0385,4348.1447,9.9785,0.3233,9.6552,0.2442,9.9615,0.6206,9.3409,-0.0720,4348.1447,NA,NA,NA
ZoomTracks.exe,35460,0x253F08E0920,DXGI,0,512,1,Hardware: Independent Flip,4358.3770,NA,9.90900000000000,10.60890000000000,9.77080000000000,9.97960000000000,10.7384,4358.1232,10.0246,0.2538,9.7708,0.2272,10.0062,0.6289,9.3773,-0.6304,4358.1232,NA,NA,NA
ZoomTracks.exe,35460,0x253F08E0920,DXGI,0,512,1,Hardware: Independent Flip,4368.3656,NA,9.98860000000000,9.28580000000000,9.77910000000000,10.01170000000000,10.0356,4368.1478,9.9969,0.2178,9.7791,0.2088,10.0207,0.6077,9.4130,0.7388,4368.1478,NA,NA,NA
ZoomTracks.exe,35460,0x253F08E0920,DXGI,0,512,1,Hardware: Independent Flip,4378.4386,NA,10.07300000000000,10.06140000000000,9.72390000000000,9.93770000000000,10.0240,4378.1447,10.0178,0.2939,9.7239,0.2326,9.9990,0.6685,9.3305,-0.0645,4378.1447,NA,24.8483,24.8483
ZoomTracks.exe,35460,0x253F08E0920,DXGI,0,512,1,Hardware: Independent Flip,4388.4831,NA,10.04450000000000,9.93210000000000,9.66840000000000,9.89190000000000,9.9116,4388.1625,9.9890,0.3206,9.6684,0.2138,9.9987,0.6984,9.3003,0.0857,4388.1625,NA,NA,NA
ZoomTracks.exe,35460,0x253F08E0920,DXGI,0,512,1,Hardware: Independent Flip,4398.4371,NA,9.95400000000000,10.16450000000000,9.98520000000000,10.04370000000000,10.1221,4398.1515,10.2708,0.2856,9.9852,0.2235,10.1058,0.6715,9.4343,-0.1755,4398.1515,NA,13.9451,13.9451
ZoomTracks.exe,35460,0x253F08E0920,DXGI,0,512,1,Hardware: Independent Flip,4408.6227,NA,10.18560000000000,9.82290000000000,9.52570000000000,9.73950000000000,9.7594,4408.4223,9.7261,0.2004,9.5257,0.0585,9.8814,0.6899,9.1915,0.4479,4408.4223,NA,NA,NA
ZoomTracks.exe,35460,0x253F08E0920,DXGI,0,512,1,Hardware: Independent Flip,4418.4219,NA,9.79920000000000,10.05790000000000,9.70960000000000,10.01050000000000,10.0181,4418.1484,9.9831,0.2735,9.7096,0.2138,10.0702,0.7104,9.3598,-0.3318,4418.1484,NA,NA,NA
ZoomTracks.exe,35460,0x253F08E0920,DXGI,0,512,1,Hardware: Independent Flip,4428.2980,NA,9.87610000000000,10.12120000000000,9.85420000000000,10.03530000000000,10.2632,4428.1315,10.0207,0.1665,9.8542,0.3009,9.9009,0.3772,9.5237,-0.1381,4428.1315,NA,NA,NA
ZoomTracks.exe,35460,0x253F08E0920,DXGI,0,512,1,Hardware: Independent Flip,4438.3605,NA,10.06250000000000,9.79590000000000,9.78810000000000,9.97790000000000,9.9966,4438.1522,9.9964,0.2083,9.7881,0.1811,10.0051,0.5626,9.4425,0.2248,4438.1522,NA,NA,NA
ZoomTracks.exe,35460,0x253F08E0920,DXGI,0,512,1,Hardware: Independent Flip,4448.3933,NA,10.03280000000000,10.18180000000000,9.75460000000000,9.93460000000000,10.1456,4448.1486,9.9993,0.2447,9.7546,0.1898,9.9895,0.5861,9.4034,-0.1854,4448.1486,NA,NA,NA
ZoomTracks.exe,35460,0x253F08E0920,DXGI,0,512,1,Hardware: Independent Flip,4458.3753,NA,9.98200000000000,9.86570000000000,9.76130000000000,9.96070000000000,10.0293,4458.1479,9.9887,0.2274,9.7613,0.1800,10.0081,0.6073,9.4008,0.1336,4458.1479,NA,NA,NA
ZoomTracks.exe,35460,0x253F08E0920,DXGI,0,512,1,Hardware: Independent Flip,4468.4409,NA,10.06560000000000,10.02920000000000,9.71450000000000,9.96940000000000,9.9929,4468.1366,10.0188,0.3043,9.7145,0.1994,10.0743,0.6653,9.4090,-0.0405,4468.1366,NA,21.8183,21.8183
ZoomTracks.exe,35460,0x253F08E0920,DXGI,0,512,1,Hardware: Independent Flip,4478.4556,NA,10.01470000000000,10.11430000000000,9.70690000000000,9.93490000000000,10.0925,4478.1554,10.0071,0.3002,9.7069,0.2549,9.9802,0.6460,9.3342,-0.0955,4478.1554,NA,27.9521,27.9521
ZoomTracks.exe,35460,0x253F08E0920,DXGI,0,512,1,Hardware: Independent Flip,4488.4397,NA,9.98410000000000,9.89200000000000,9.70420000000000,9.97080000000000,10.0004,4488.1625,9.9814,0.2772,9.7042,0.2280,10.0200,0.6837,9.3363,0.1151,4488.1625,NA,NA,NA
ZoomTracks.exe,35460,0x253F08E0920,DXGI,0,512,1,Hardware: Independent Flip,4498.5013,NA,10.06160000000000,10.01650000000000,9.64860000000000,9.93440000000000,9.9553,4498.1439,10.0060,0.3574,9.6486,0.2666,10.0252,0.7007,9.3245,-0.0351,4498.1439,NA,NA,NA
ZoomTracks.exe,35460,0x253F08E0920,DXGI,0,512,1,Hardware: Independent Flip,4508.4783,NA,9.97700000000000,9.99700000000000,9.66850000000000,9.94820000000000,9.9753,4508.1499,9.9969,0.3284,9.6685,0.2858,9.9908,0.6891,9.3017,0.0090,4508.1499,NA,NA,NA
ZoomTracks.exe,35460,0x253F08E0920,DXGI,0,512,1,Hardware: Independent Flip,4518.2712,NA,9.79290000000000,9.96700000000000,9.87840000000000,10.12640000000000,10.1494,4518.1468,10.0028,0.1244,9.8784,0.2797,9.9711,0.6573,9.3138,0.0299,4518.1468,NA,NA,NA
ZoomTracks.exe,35460,0x253F08E0920,DXGI,0,512,1,Hardware: Independent Flip,4528.4424,NA,10.17120000000000,9.99040000000000,9.70560000000000,9.94150000000000,9.9686,4528.1496,9.9984,0.2928,9.7056,0.2480,9.9863,0.6720,9.3143,0.0124,4528.1496,NA,NA,NA
ZoomTracks.exe,35460,0x253F08E0920,DXGI,0,512,1,Hardware: Independent Flip,4538.3932,NA,9.95080000000000,9.91580000000000,9.77530000000000,9.92550000000000,9.9336,4538.1480,10.0205,0.2452,9.7753,0.2359,9.9348,0.5933,9.3415,0.0826,4538.1480,NA,NA,NA
ZoomTracks.exe,35460,0x253F08E0920,DXGI,0,512,1,Hardware: Independent Flip,4548.4471,NA,10.05390000000000,10.10700000000000,9.68020000000000,9.95010000000000,9.9867,4548.1685,9.9588,0.2786,9.6802,0.1502,10.0785,0.7881,9.2904,-0.0865,4548.1685,NA,25.8017,25.8017
ZoomTracks.exe,35460,0x253F08E0920,DXGI,0,512,1,Hardware: Independent Flip,4558.4749,NA,10.02780000000000,10.02330000000000,9.65490000000000,9.85650000000000,9.9822,4558.1273,10.0025,0.3476,9.6549,0.2699,9.9342,0.5982,9.3360,-0.0645,4558.1273,NA,NA,NA
ZoomTracks.exe,35460,0x253F08E0920,DXGI,0,512,1,Hardware: Independent Flip,4568.2601,NA,9.78520000000000,9.95880000000000,9.88480000000000,10.13090000000000,10.1558,4568.1298,10.0151,0.1303,9.8848,0.2016,10.0596,0.5578,9.5018,0.0437,4568.1298,NA,NA,NA
ZoomTracks.exe,35460,0x253F08E0920,DXGI,0,512,1,Hardware: Independent Flip,4578.2673,NA,10.00720000000000,10.09240000000000,9.89350000000000,10.21550000000000,10.2410,4578.1449,10.0159,0.1224,9.8935,0.2461,10.0918,0.7721,9.3197,-0.0773,4578.1449,NA,NA,NA
ZoomTracks.exe,35460,0x253F08E0920,DXGI,0,512,1,Hardware: Independent Flip,4588.5289,NA,10.26160000000000,9.87830000000000,9.61000000000000,9.83560000000000,9.8577,4588.1608,9.9781,0.3681,9.6100,0.3220,9.8817,0.6379,9.2438,0.1376,4588.1608,NA,NA,NA
ZoomTracks.exe,35460,0x253F08E0920,DXGI,0,512,1,Hardware: Independent Flip,4598.4142,NA,9.88530000000000,10.00950000000000,9.70150000000000,9.97470000000000,9.9819,4598.1389,9.9768,0.2753,9.7015,0.2256,10.0244,0.6661,9.3583,-0.0314,4598.1389,NA,NA,NA
ZoomTracks.exe,35460,0x253F08E0920,DXGI,0,512,1,Hardware: Independent Flip,4608.3974,NA,9.98320000000000,10.03070000000000,9.72660000000000,9.92590000000000,10.0294,4608.1157,10.0083,0.2817,9.7266,0.2732,9.9344,0.5099,9.4245,-0.0539,4608.1157,NA,NA,NA
ZoomTracks.exe,35460,0x253F08E0920,DXGI,0,512,1,Hardware: Independent Flip,4618.3476,NA,9.95020000000000,10.00500000000000,9.77830000000000,10.07730000000000,10.0842,4618.1240,10.0019,0.2236,9.7783,0.1993,10.1016,0.6169,9.4847,0.0033,4618.1240,NA,NA,NA
ZoomTracks.exe,35460,0x253F08E0920,DXGI,0,512,1,Hardware: Independent Flip,4628.2587,NA,9.91110000000000,9.97920000000000,9.89480000000000,10.06150000000000,10.1523,4628.1259,10.0276,0.1328,9.8948,0.2990,9.8953,0.3681,9.5272,0.0227,4628.1259,NA,NA,NA
ZoomTracks.exe,35460,0x253F08E0920,DXGI,0,512,1,Hardware: Independent Flip,4638.3643,NA,10.10560000000000,10.01110000000000,9.79010000000000,10.03700000000000,10.0578,4638.1535,10.0009,0.2108,9.7901,0.1667,10.0811,0.6891,9.3920,0.0165,4638.1535,NA,NA,NA
ZoomTracks.exe,35460,0x253F08E0920,DXGI,0,512,1,Hardware: Independent Flip,4648.4583,NA,10.09400000000000,10.11610000000000,9.70850000000000,9.95810000000000,10.0799,4648.1544,10.0124,0.3039,9.7085,0.2469,10.0151,0.6625,9.3526,-0.1152,4648.1544,NA,25.9237,25.9237
ZoomTracks.exe,35460,0x253F08E0920,DXGI,0,512,1,Hardware: Independent Flip,4658.5825,NA,10.12420000000000,9.87710000000000,9.55370000000000,9.81830000000000,9.8328,4658.1668,9.9694,0.4157,9.5537,0.2496,9.9844,0.6692,9.3152,0.1353,4658.1668,NA,NA,NA
ZoomTracks.exe,35460,0x253F08E0920,DXGI,0,512,1,Hardware: Independent Flip,4668.4527,NA,9.87020000000000,10.03770000000000,9.69730000000000,9.97980000000000,10.0003,4668.1362,10.0138,0.3165,9.6973,0.2646,10.0317,0.7136,9.3181,-0.0683,4668.1362,NA,NA,NA
ZoomTracks.exe,35460,0x253F08E0920,DXGI,0,512,1,Hardware: Independent Flip,4678.4892,NA,10.03650000000000,9.96360000000000,9.64270000000000,9.91950000000000,9.9274,4678.1500,9.9819,0.3392,9.6427,0.2825,9.9762,0.6784,9.2978,0.0502,4678.1500,NA,NA,NA
ZoomTracks.exe,35460,0x253F08E0920,DXGI,0,512,1,Hardware: Independent Flip,4688.2625,NA,9.77330000000000,9.99480000000000,9.88470000000000,10.12620000000000,10.1489,4688.1319,10.0153,0.1306,9.8847,0.2768,9.9800,0.4341,9.5459,-0.0129,4688.1319,NA,NA,NA
ZoomTracks.exe,35460,0x253F08E0920,DXGI,0,512,1,Hardware: Independent Flip,4698.4279,NA,10.16540000000000,10.12630000000000,9.76910000000000,10.08400000000000,10.1098,4698.1472,10.0498,0.2807,9.7691,0.2415,10.1232,0.7646,9.3586,-0.1110,4698.1472,NA,NA,NA
ZoomTracks.exe,35460,0x253F08E0920,DXGI,0,512,1,Hardware: Independent Flip,4708.5871,NA,10.15920000000000,9.93350000000000,9.58450000000000,9.86170000000000,9.8841,4708.1970,9.9746,0.3901,9.5845,0.3149,9.9369,0.7640,9.1729,0.1163,4708.1970,NA,18.8664,18.8664
ZoomTracks.exe,35460,0x253F08E0920,DXGI,0,512,1,Hardware: Independent Flip,4718.5134,NA,9.92630000000000,9.93670000000000,9.64530000000000,9.87280000000000,9.8945,4718.1716,9.9871,0.3418,9.6453,0.2772,9.9374,0.6520,9.2854,0.0379,4718.1716,NA,NA,NA
ZoomTracks.exe,35460,0x253F08E0920,DXGI,0,512,1,Hardware: Independent Flip,4728.4536,NA,9.94020000000000,10.10310000000000,9.78690000000000,9.91880000000000,10.0574,4728.1587,10.0818,0.2949,9.7869,0.2275,9.9862,0.6472,9.3390,-0.1160,4728.1587,NA,NA,NA
ZoomTracks.exe,35460,0x253F08E0920,DXGI,0,512,1,Hardware: Independent Flip,4738.5553,NA,10.10170000000000,9.95980000000000,9.70470000000000,9.89390000000000,9.9155,4738.2405,10.0195,0.3148,9.7047,0.1319,10.0768,0.8240,9.2528,0.1220,4738.2405,NA,NA,NA
ZoomTracks.exe,35460,0x253F08E0920,DXGI,0,512,1,Hardware: Independent Flip,4748.6399,NA,10.08460000000000,10.06910000000000,9.68970000000000,9.88660000000000,9.9000,4748.2600,10.0696,0.3799,9.6897,0.1892,10.0773,0.9802,9.0971,-0.0496,4748.2600,NA,27.9275,27.9275
ZoomTracks.exe,35460,0x253F08E0920,DXGI,0,512,1,Hardware: Independent Flip,4758.8014,NA,10.16150000000000,9.99180000000000,9.43920000000000,9.64010000000000,9.7303,4758.3296,9.9110,0.4718,9.4392,0.1969,9.9150,0.7712,9.1438,0.0778,4758.3296,NA,NA,NA
ZoomTracks.exe,35460,0x253F08E0920,DXGI,0,512,1,Hardware: Independent Flip,4768.6027,NA,9.80130000000000,9.97340000000000,9.69510000000000,9.88550000000000,9.9024,4768.2406,10.0572,0.3621,9.6951,0.2009,10.0467,0.8187,9.2280,-0.0624,4768.2406,NA,NA,NA
ZoomTracks.exe,35460,0x253F08E0920,DXGI,0,512,1,Hardware: Independent Flip,4778.6932,NA,10.09050000000000,9.93800000000000,9.46200000000000,9.68560000000000,9.7499,4778.2978,9.8574,0.3954,9.4620,0.1904,9.8906,0.7937,9.0969,0.1192,4778.2978,NA,NA,NA
ZoomTracks.exe,35460,0x253F08E0920,DXGI,0,512,1,Hardware: Independent Flip,4788.4999,NA,9.80670000000000,10.03260000000000,9.80010000000000,9.96420000000000,9.9758,4788.1552,10.1448,0.3447,9.8001,0.2236,10.0853,0.7119,9.3734,-0.1752,4788.1552,NA,NA,NA
ZoomTracks.exe,35460,0x253F08E0920,DXGI,0,512,1,Hardware: Independent Flip,4798.6868,NA,10.18690000000000,10.28590000000000,9.88560000000000,9.97280000000000,10.0748,4798.3000,10.2724,0.3868,9.8856,0.1641,10.1955,0.8268,9.3687,-0.1411,4798.3000,NA,18.1354,18.1354
ZoomTracks.exe,35460,0x253F08E0920,DXGI,0,512,1,Hardware: Independent Flip,4808.8982,NA,10.21140000000000,9.75670000000000,9.30890000000000,9.59490000000000,9.6201,4808.5724,9.6347,0.3258,9.3089,0.0872,9.8335,0.8502,8.9833,0.5157,4808.5724,NA,16.9135,16.9135
ZoomTracks.exe,35460,0x253F08E0920,DXGI,0,512,1,Hardware: Independent Flip,4818.5655,NA,9.66730000000000,9.92630000000000,9.60010000000000,9.86090000000000,9.8791,4818.2071,9.9585,0.3584,9.6001,0.2860,9.9333,0.7163,9.2170,-0.2916,4818.2071,NA,NA,NA
ZoomTracks.exe,35460,0x253F08E0920,DXGI,0,512,1,Hardware: Independent Flip,4828.4836,NA,9.91810000000000,10.11650000000000,9.67620000000000,9.83400000000000,10.0775,4828.1656,9.9942,0.3180,9.6762,0.2608,9.8912,0.7410,9.1502,-0.1580,4828.1656,NA,NA,NA
ZoomTracks.exe,35460,0x253F08E0920,DXGI,0,512,1,Hardware: Independent Flip,4838.3618,NA,9.87820000000000,9.81550000000000,9.78020000000000,9.99550000000000,10.0148,4838.1598,9.9822,0.2020,9.7802,0.1578,10.0397,0.6602,9.3795,0.1787,4838.1598,NA,NA,NA
ZoomTracks.exe,35460,0x253F08E0920,DXGI,0,512,1,Hardware: Independent Flip,4848.4180,NA,10.05620000000000,10.09780000000000,9.72010000000000,9.91180000000000,10.0564,4848.1420,9.9961,0.2760,9.7201,0.2153,9.9725,0.6093,9.3632,-0.1156,4848.1420,NA,NA,NA
ZoomTracks.exe,35460,0x253F08E0920,DXGI,0,512,1,Hardware: Independent Flip,4858.3655,NA,9.94750000000000,10.08260000000000,9.94590000000000,10.17830000000000,10.1915,4858.1381,10.1733,0.2274,9.9459,0.1917,10.2140,0.6803,9.5337,-0.0865,4858.1381,NA,NA,NA
ZoomTracks.exe,35460,0x253F08E0920,DXGI,0,512,1,Hardware: Independent Flip,4868.8268,NA,10.46130000000000,9.89610000000000,9.35230000000000,9.60090000000000,9.6263,4868.3114,9.8677,0.5154,9.3523,0.2324,9.8839,0.7805,9.1034,0.2772,4868.3114,NA,NA,NA
ZoomTracks.exe,35460,0x253F08E0920,DXGI,0,512,1,Hardware: Independent Flip,4878.5137,NA,9.68690000000000,9.97590000000000,9.61420000000000,9.88850000000000,9.9153,4878.1791,9.9488,0.3346,9.6142,0.2486,9.9745,0.6774,9.2971,-0.1082,4878.1791,NA,NA,NA
ZoomTracks.exe,35460,0x253F08E0920,DXGI,0,512,1,Hardware: Independent Flip,4888.4630,NA,9.94930000000000,10.03010000000000,9.69950000000000,9.91270000000000,9.9961,4888.1279,10.0346,0.3351,9.6995,0.2743,9.9735,0.6464,9.3271,-0.0813,4888.1279,NA,NA,NA
ZoomTracks.exe,35460,0x253F08E0920,DXGI,0,512,1,Hardware: Independent Flip,4898.2989,NA,9.83590000000000,9.95980000000000,9.84230000000000,10.09240000000000,10.1200,4898.1625,9.9787,0.1364,9.8423,0.2132,10.0156,0.7206,9.2950,0.0748,4898.1625,NA,24.7923,24.7923
ZoomTracks.exe,35460,0x253F08E0920,DXGI,0,512,1,Hardware: Independent Flip,4908.4523,NA,10.15340000000000,10.06630000000000,9.73160000000000,10.00990000000000,10.0329,4908.1412,10.0427,0.3111,9.7316,0.2501,10.0709,0.7217,9.3492,-0.0876,4908.1412,NA,NA,NA
ZoomTracks.exe,35460,0x253F08E0920,DXGI,0,512,1,Hardware: Independent Flip,4918.5050,NA,10.05270000000000,10.04060000000000,9.66280000000000,9.99820000000000,10.0208,4918.1839,9.9839,0.3211,9.6628,0.2783,10.0410,0.8251,9.2159,0.0021,4918.1839,NA,23.8918,23.8918
ZoomTracks.exe,35460,0x253F08E0920,DXGI,0,512,1,Hardware: Independent Flip,4928.5502,NA,10.04520000000000,9.90000000000000,9.61510000000000,9.86850000000000,9.8756,4928.1678,9.9975,0.3824,9.6151,0.3354,9.9155,0.6894,9.2261,0.0839,4928.1678,NA,NA,NA
ZoomTracks.exe,35460,0x253F08E0920,DXGI,0,512,1,Hardware: Independent Flip,4938.3142,NA,9.76400000000000,9.99370000000000,9.87980000000000,10.08530000000000,10.1053,4938.1653,10.0287,0.1489,9.8798,0.2534,9.9808,0.4398,9.5410,0.0038,4938.1653,NA,NA,NA
ZoomTracks.exe,35460,0x253F08E0920,DXGI,0,512,1,Hardware: Independent Flip,4948.4599,NA,10.14570000000000,10.03730000000000,9.68830000000000,9.98440000000000,9.9969,4948.1940,9.9542,0.2659,9.6883,0.2055,10.0448,0.6897,9.3551,-0.0086,4948.1940,NA,NA,NA
ZoomTracks.exe,35460,0x253F08E0920,DXGI,0,512,1,Hardware: Independent Flip,4959.4894,NA,11.02950000000000,9.99810000000000,8.66900000000000,8.94280000000000,8.9655,4958.1482,10.0102,1.3412,8.6690,0.2961,9.9879,0.8114,9.1765,-0.0439,4958.1482,NA,17.8528,17.8528
ZoomTracks.exe,35460,0x253F08E0920,DXGI,0,512,1,Hardware: Independent Flip,4968.4718,NA,8.98240000000000,9.96090000000000,9.68990000000000,9.92520000000000,9.9440,4968.1584,10.0033,0.3134,9.6899,0.2738,9.9648,0.6609,9.3039,0.0493,4968.1584,NA,NA,NA
ZoomTracks.exe,35460,0x253F08E0920,DXGI,0,512,1,Hardware: Independent Flip,4978.4506,NA,9.97880000000000,10.01240000000000,9.66570000000000,9.97050000000000,9.9776,4978.1617,9.9546,0.2889,9.6657,0.2353,10.0241,0.6944,9.3297,-0.0091,4978.1617,NA,27.8278,27.8278
ZoomTracks.exe,35460,0x253F08E0920,DXGI,0,512,1,Hardware: Independent Flip,4988.2655,NA,9.81490000000000,10.03890000000000,9.90520000000000,10.19280000000000,10.2016,4988.1163,10.0544,0.1492,9.9052,0.3048,10.0372,0.5013,9.5359,-0.0843,4988.1163,NA,NA,NA
ZoomTracks.exe,35460,0x253F08E0920,DXGI,0,512,1,Hardware: Independent Flip,4998.3068,NA,10.04130000000000,9.91230000000000,9.82080000000000,10.06430000000000,10.0726,4998.1707,9.9569,0.1361,9.8208,0.2876,9.9128,0.5839,9.3289,0.1421,4998.1707,NA,NA,NA
ZoomTracks.exe,35460,0x253F08E0920,DXGI,0,512,1,Hardware: Independent Flip,5008.4316,NA,10.12480000000000,10.10550000000000,9.73020000000000,10.04460000000000,10.0533,5008.1276,10.0342,0.3040,9.7302,0.2435,10.1051,0.7410,9.3641,-0.1486,5008.1276,NA,NA,NA
ZoomTracks.exe,35460,0x253F08E0920,DXGI,0,512,1,Hardware: Independent Flip,5018.5069,NA,10.07530000000000,10.02230000000000,9.64300000000000,9.85590000000000,10.0003,5018.1618,9.9881,0.3451,9.6430,0.3144,9.8866,0.6514,9.2352,0.0119,5018.1618,NA,NA,NA
ZoomTracks.exe,35460,0x253F08E0920,DXGI,0,512,1,Hardware: Independent Flip,5028.2740,NA,9.76710000000000,9.92380000000000,9.87080000000000,10.14900000000000,10.1570,5028.1499,9.9949,0.1241,9.8708,0.2129,10.0602,0.6350,9.4252,0.0643,5028.1499,NA,NA,NA
ZoomTracks.exe,35460,0x253F08E0920,DXGI,0,512,1,Hardware: Independent Flip,5038.2817,NA,10.00770000000000,10.07050000000000,9.87520000000000,10.05630000000000,10.2198,5038.1448,10.0121,0.1369,9.8752,0.2782,9.9150,0.3818,9.5332,-0.0756,5038.1448,NA,NA,NA
ZoomTracks.exe,35460,0x253F08E0920,DXGI,0,512,1,Hardware: Independent Flip,5048.3796,NA,10.09790000000000,9.92870000000000,9.78040000000000,10.03050000000000,10.0506,5048.1569,10.0031,0.2227,9.7804,0.1811,10.0721,0.6400,9.4321,0.0834,5048.1569,NA,NA,NA
ZoomTracks.exe,35460,0x253F08E0920,DXGI,0,512,1,Hardware: Independent Flip,5058.4642,NA,10.08460000000000,9.99160000000000,9.67860000000000,9.86620000000000,9.9576,5058.1600,9.9828,0.3042,9.6786,0.2501,9.9203,0.6194,9.3009,0.0115,5058.1600,NA,28.8295,28.8295
ZoomTracks.exe,35460,0x253F08E0920,DXGI,0,512,1,Hardware: Independent Flip,5068.3726,NA,9.90840000000000,10.01570000000000,9.78370000000000,10.04200000000000,10.0649,5068.1428,10.0135,0.2298,9.7837,0.1876,10.0842,0.6376,9.4466,-0.0329,5068.1428,NA,26.8177,26.8177
ZoomTracks.exe,35460,0x253F08E0920,DXGI,0,512,1,Hardware: Independent Flip,5078.4653,NA,10.09270000000000,10.05890000000000,9.68830000000000,10.00410000000000,10.0311,5078.1563,9.9973,0.3090,9.6883,0.2583,10.0548,0.7775,9.2773,-0.0454,5078.1563,NA,NA,NA
ZoomTracks.exe,35460,0x253F08E0920,DXGI,0,512,1,Hardware: Independent Flip,5088.2837,NA,9.81840000000000,9.96890000000000,9.84920000000000,10.17090000000000,10.1816,5088.1536,9.9793,0.1301,9.8492,0.3158,9.9852,0.7125,9.2727,0.0284,5088.1536,NA,NA,NA
ZoomTracks.exe,35460,0x253F08E0920,DXGI,0,512,1,Hardware: Independent Flip,5098.2445,NA,9.96080000000000,9.97510000000000,9.91340000000000,10.18710000000000,10.1959,5098.1329,10.0250,0.1116,9.9134,0.3217,9.9770,0.4990,9.4780,0.0042,5098.1329,NA,NA,NA
ZoomTracks.exe,35460,0x253F08E0920,DXGI,0,512,1,Hardware: Independent Flip,5108.4694,NA,10.22490000000000,10.00060000000000,9.66680000000000,9.96400000000000,9.9716,5108.1579,9.9783,0.3115,9.6668,0.2737,10.0018,0.6979,9.3039,0.0244,5108.1579,NA,NA,NA
ZoomTracks.exe,35460,0x253F08E0920,DXGI,0,512,1,Hardware: Independent Flip,5118.2728,NA,9.80340000000000,10.00770000000000,9.89290000000000,10.15260000000000,10.1759,5118.1362,10.0295,0.1366,9.8929,0.2972,9.9920,0.4881,9.5039,-0.0294,5118.1362,NA,NA,NA
ZoomTracks.exe,35460,0x253F08E0920,DXGI,0,512,1,Hardware: Independent Flip,5128.4699,NA,10.19710000000000,10.00540000000000,9.70590000000000,9.97670000000000,9.9842,5128.1657,10.0101,0.3042,9.7059,0.2597,10.0212,0.7317,9.2895,0.0241,5128.1657,NA,NA,NA
ZoomTracks.exe,35460,0x253F08E0920,DXGI,0,512,1,Hardware: Independent Flip,5138.3173,NA,9.84740000000000,10.01960000000000,9.82670000000000,10.12450000000000,10.1564,5138.1758,9.9682,0.1415,9.8267,0.2708,9.9952,0.4595,9.5357,-0.0095,5138.1758,NA,19.8737,19.8737
ZoomTracks.exe,35460,0x253F08E0920,DXGI,0,512,1,Hardware: Independent Flip,5148.2897,NA,9.97240000000000,10.00170000000000,9.85620000000000,10.17890000000000,10.1857,5148.1440,10.0019,0.1457,9.8562,0.2978,10.0268,0.7364,9.2904,-0.0335,5148.1440,NA,NA,NA
ZoomTracks.exe,35460,0x253F08E0920,DXGI,0,512,1,Hardware: Independent Flip,5158.3060,NA,10.01630000000000,9.98270000000000,9.86540000000000,10.05640000000000,10.1521,5158.1459,10.0255,0.1601,9.8654,0.3227,9.8938,0.3766,9.5172,0.0192,5158.1459,NA,NA,NA
ZoomTracks.exe,35460,0x253F08E0920,DXGI,0,512,1,Hardware: Independent Flip,5168.4981,NA,10.19210000000000,10.02970000000000,9.65810000000000,9.94990000000000,9.9897,5168.1714,9.9848,0.3267,9.6581,0.1910,10.0856,0.7835,9.3021,-0.0042,5168.1714,NA,NA,NA
ZoomTracks.exe,35460,0x253F08E0920,DXGI,0,512,1,Hardware: Independent Flip,5178.5136,NA,10.01550000000000,9.98660000000000,9.63060000000000,9.84000000000000,9.9608,5178.1562,9.9880,0.3574,9.6306,0.2918,9.9056,0.6194,9.2862,-0.0018,5178.1562,NA,NA,NA
ZoomTracks.exe,35460,0x253F08E0920,DXGI,0,512,1,Hardware: Independent Flip,5188.3777,NA,9.86410000000000,10.04030000000000,9.79360000000000,10.12150000000000,10.1370,5188.1442,10.0271,0.2335,9.7936,0.2094,10.1456,0.7119,9.4337,-0.0523,5188.1442,NA,NA,NA
ZoomTracks.exe,35460,0x253F08E0920,DXGI,0,512,1,Hardware: Independent Flip,5198.3253,NA,9.94760000000000,9.98900000000000,9.80970000000000,10.03570000000000,10.1784,5198.1713,9.9637,0.1540,9.8097,0.3279,9.8618,0.4972,9.3646,0.0381,5198.1713,NA,NA,NA
ZoomTracks.exe,35460,0x253F08E0920,DXGI,0,512,1,Hardware: Independent Flip,5208.3018,NA,9.97650000000000,9.94640000000000,9.83060000000000,10.14120000000000,10.1483,5208.1350,9.9974,0.1668,9.8306,0.2260,10.0820,0.5592,9.5228,0.0173,5208.1350,NA,NA,NA
ZoomTracks.exe,35460,0x253F08E0920,DXGI,0,512,1,Hardware: Independent Flip,5218.2850,NA,9.98320000000000,10.06150000000000,9.87450000000000,10.10110000000000,10.2266,5218.1324,10.0271,0.1526,9.8745,0.3106,9.9431,0.4344,9.5087,-0.0641,5218.1324,NA,NA,NA
ZoomTracks.exe,35460,0x253F08E0920,DXGI,0,512,1,Hardware: Independent Flip,5228.4117,NA,10.12670000000000,9.90660000000000,9.74630000000000,9.99760000000000,10.0065,5228.1595,9.9985,0.2522,9.7463,0.2266,10.0232,0.6746,9.3486,0.1205,5228.1595,NA,28.8234,28.8234
ZoomTracks.exe,35460,0x253F08E0920,DXGI,0,512,1,Hardware: Independent Flip,5238.4399,NA,10.02820000000000,10.14500000000000,9.81990000000000,10.10500000000000,10.1233,5238.1580,10.1018,0.2819,9.8199,0.2513,10.1356,0.7030,9.4326,-0.1465,5238.1580,NA,NA,NA
ZoomTracks.exe,35460,0x253F08E0920,DXGI,0,512,1,Hardware: Independent Flip,5248.7242,NA,10.28430000000000,9.93780000000000,9.52940000000000,9.76350000000000,9.7768,5248.2598,9.9938,0.4644,9.5294,0.2851,9.9428,0.9312,9.0116,0.1640,5248.2598,NA,18.9098,18.9098
ZoomTracks.exe,35460,0x253F08E0920,DXGI,0,512,1,Hardware: Independent Flip,5258.6569,NA,9.93270000000000,9.97040000000000,9.51830000000000,9.79290000000000,9.8145,5258.2536,9.9216,0.4033,9.5183,0.2341,9.9621,0.7723,9.1898,0.0234,5258.2536,NA,NA,NA
ZoomTracks.exe,35460,0x253F08E0920,DXGI,0,512,1,Hardware: Independent Flip,5268.5140,NA,9.85710000000000,10.06540000000000,9.64900000000000,9.88640000000000,10.0228,5268.1752,9.9878,0.3388,9.6490,0.2746,9.9506,0.6684,9.2822,-0.1438,5268.1752,NA,NA,NA
ZoomTracks.exe,35460,0x253F08E0920,DXGI,0,512,1,Hardware: Independent Flip,5278.4289,NA,9.91490000000000,9.87430000000000,9.71830000000000,9.95490000000000,9.9822,5278.1630,9.9842,0.2659,9.7183,0.2374,9.9834,0.6454,9.3380,0.1135,5278.1630,NA,NA,NA
ZoomTracks.exe,35460,0x253F08E0920,DXGI,0,512,1,Hardware: Independent Flip,5288.4101,NA,9.98120000000000,10.09420000000000,9.72760000000000,10.08630000000000,10.0952,5288.1472,9.9905,0.2629,9.7276,0.2366,10.1126,0.7779,9.3347,-0.1100,5288.1472,NA,NA,NA
ZoomTracks.exe,35460,0x253F08E0920,DXGI,0,512,1,Hardware: Independent Flip,5298.2609,NA,9.85080000000000,9.97980000000000,9.89310000000000,10.11340000000000,10.2242,5298.1377,10.0163,0.1232,9.8931,0.3587,9.8779,0.3662,9.5117,0.0107,5298.1377,NA,NA,NA
ZoomTracks.exe,35460,0x253F08E0920,DXGI,0,512,1,Hardware: Independent Flip,5308.4003,NA,10.13940000000000,10.00550000000000,9.72800000000000,10.08340000000000,10.0903,5308.1540,9.9743,0.2463,9.7280,0.2203,10.1094,0.6950,9.4144,0.0108,5308.1540,NA,NA,NA
ZoomTracks.exe,35460,0x253F08E0920,DXGI,0,512,1,Hardware: Independent Flip,5318.2848,NA,9.88450000000000,9.99380000000000,9.86410000000000,10.10880000000000,10.1996,5318.1283,10.0206,0.1565,9.8641,0.3554,9.9099,0.4408,9.4691,-0.0195,5318.1283,NA,26.9023,26.9023
ZoomTracks.exe,35460,0x253F08E0920,DXGI,0,512,1,Hardware: Independent Flip,5328.5016,NA,10.21680000000000,9.95770000000000,9.62370000000000,9.93300000000000,9.9405,5328.1489,9.9764,0.3527,9.6237,0.2447,10.0410,0.7632,9.2778,0.0629,5328.1489,NA,27.8467,27.8467
ZoomTracks.exe,35460,0x253F08E0920,DXGI,0,512,1,Hardware: Independent Flip,5338.2637,NA,9.76210000000000,10.05650000000000,9.87540000000000,10.10400000000000,10.2349,5338.1253,10.0138,0.1384,9.8754,0.3093,9.9331,0.4160,9.5171,-0.0801,5338.1253,NA,NA,NA
ZoomTracks.exe,35460,0x253F08E0920,DXGI,0,512,1,Hardware: Independent Flip,5348.3805,NA,10.11680000000000,9.94730000000000,9.78370000000000,10.05820000000000,10.0654,5348.1391,10.0251,0.2414,9.7837,0.2286,10.0710,0.6394,9.4316,0.0665,5348.1391,NA,NA,NA
ZoomTracks.exe,35460,0x253F08E0920,DXGI,0,512,1,Hardware: Independent Flip,5358.4958,NA,10.11530000000000,9.98780000000000,9.64870000000000,9.86010000000000,9.9379,5358.1642,9.9803,0.3316,9.6487,0.2745,9.9172,0.5845,9.3327,0.0373,5358.1642,NA,NA,NA
ZoomTracks.exe,35460,0x253F08E0920,DXGI,0,512,1,Hardware: Independent Flip,5368.4088,NA,9.91300000000000,9.97620000000000,9.71680000000000,9.99360000000000,10.0011,5368.1445,9.9811,0.2643,9.7168,0.2114,10.0465,0.7394,9.3071,0.0041,5368.1445,NA,NA,NA
ZoomTracks.exe,35460,0x253F08E0920,DXGI,0,512,1,Hardware: Independent Flip,5378.2665,NA,9.85770000000000,10.05240000000000,9.87830000000000,10.17260000000000,10.1958,5378.1256,10.0192,0.1409,9.8783,0.2768,10.0367,0.4942,9.5425,-0.0713,5378.1256,NA,NA,NA
ZoomTracks.exe,35460,0x253F08E0920,DXGI,0,512,1,Hardware: Independent Flip,5388.4839,NA,10.21740000000000,10.07260000000000,9.71100000000000,10.04220000000000,10.0510,5388.1448,10.0501,0.3391,9.7110,0.2943,10.0870,0.7788,9.3082,-0.0534,5388.1448,NA,NA,NA
ZoomTracks.exe,35460,0x253F08E0920,DXGI,0,512,1,Hardware: Independent Flip,5398.3684,NA,9.88450000000000,9.91600000000000,9.80640000000000,9.99800000000000,10.0825,5398.1949,9.9799,0.1735,9.8064,0.3312,9.8403,0.4563,9.3840,0.1341,5398.1949,NA,24.8340,24.8340
ZoomTracks.exe,35460,0x253F08E0920,DXGI,0,512,1,Hardware: Independent Flip,5408.4878,NA,10.11940000000000,10.09860000000000,9.64220000000000,10.04400000000000,10.0617,5408.1748,9.9552,0.3130,9.6422,0.1916,10.1654,0.8835,9.2819,-0.1187,5408.1748,NA,10.9435,10.9435
ZoomTracks.exe,35460,0x253F08E0920,DXGI,0,512,1,Hardware: Independent Flip,5418.3022,NA,9.81440000000000,9.97680000000000,9.85320000000000,10.07340000000000,10.2241,5418.1300,10.0254,0.1722,9.8532,0.4018,9.8438,0.3815,9.4623,-0.0216,5418.1300,NA,NA,NA
ZoomTracks.exe,35460,0x253F08E0920,DXGI,0,512,1,Hardware: Independent Flip,5428.3992,NA,10.09700000000000,9.95560000000000,9.73670000000000,10.07440000000000,10.0827,5428.1554,9.9805,0.2438,9.7367,0.2202,10.0980,0.7365,9.3615,0.0698,5428.1554,NA,NA,NA
ZoomTracks.exe,35460,0x253F08E0920,DXGI,0,512,1,Hardware: Independent Flip,5438.3132,NA,9.91400000000000,10.09200000000000,9.84410000000000,10.08550000000000,10.2607,5438.1359,10.0214,0.1773,9.8441,0.3377,9.9251,0.3918,9.5333,-0.1115,5438.1359,NA,NA,NA
ZoomTracks.exe,35460,0x253F08E0920,DXGI,0,512,1,Hardware: Independent Flip,5448.4247,NA,10.11150000000000,9.86240000000000,9.74110000000000,9.98920000000000,10.0116,5448.1573,10.0085,0.2674,9.7411,0.2414,10.0152,0.6851,9.3301,0.1590,5448.1573,NA,NA,NA
ZoomTracks.exe,35460,0x253F08E0920,DXGI,0,512,1,Hardware: Independent Flip,5458.4731,NA,10.04840000000000,10.02410000000000,9.67350000000000,9.96510000000000,9.9873,5458.1658,9.9808,0.3073,9.6735,0.2481,10.0243,0.6647,9.3596,-0.0156,5458.1658,NA,NA,NA
ZoomTracks.exe,35460,0x253F08E0920,DXGI,0,512,1,Hardware: Independent Flip,5468.5018,NA,10.02870000000000,9.91290000000000,9.64660000000000,9.85460000000000,9.8715,5468.1466,10.0018,0.3552,9.6466,0.2916,9.9182,0.6274,9.2908,0.0679,5468.1466,NA,NA,NA
ZoomTracks.exe,35460,0x253F08E0920,DXGI,0,512,1,Hardware: Independent Flip,5478.4105,NA,9.90870000000000,10.11830000000000,9.75870000000000,10.05400000000000,10.0811,5478.1484,10.0208,0.2621,9.7587,0.2080,10.1081,0.7648,9.3433,-0.1165,5478.1484,NA,27.8931,27.8931
ZoomTracks.exe,35460,0x253F08E0920,DXGI,0,512,1,Hardware: Independent Flip,5488.4915,NA,10.08100000000000,9.94750000000000,9.66350000000000,9.93930000000000,9.9476,5488.1692,9.9858,0.3223,9.6635,0.2953,9.9663,0.7020,9.2643,0.0733,5488.1692,NA,NA,NA
ZoomTracks.exe,35460,0x253F08E0920,DXGI,0,512,1,Hardware: Independent Flip,5498.4730,NA,9.98150000000000,9.99500000000000,9.68850000000000,9.94030000000000,9.9611,5498.1550,10.0065,0.3180,9.6885,0.2758,9.9825,0.6339,9.3486,-0.0092,5498.1550,NA,11.8200,11.8200
ZoomTracks.exe,35460,0x253F08E0920,DXGI,0,512,1,Hardware: Independent Flip,5508.4576,NA,9.98460000000000,10.14730000000000,9.67770000000000,9.97840000000000,10.1238,5508.1615,9.9738,0.2961,9.6777,0.2518,10.0227,0.6986,9.3241,-0.1408,5508.1615,NA,NA,NA
ZoomTracks.exe,35460,0x253F08E0920,DXGI,0,512,1,Hardware: Independent Flip,5518.3266,NA,9.86900000000000,9.86210000000000,9.85200000000000,10.09760000000000,10.1169,5518.1353,10.0433,0.1913,9.8520,0.3007,9.9882,0.5513,9.4369,0.1117,5518.1353,NA,NA,NA
ZoomTracks.exe,35460,0x253F08E0920,DXGI,0,512,1,Hardware: Independent Flip,5528.4845,NA,10.15790000000000,9.99800000000000,9.64320000000000,9.94960000000000,9.9570,5528.1786,9.9491,0.3059,9.6432,0.2456,10.0099,0.7041,9.3058,0.0453,5528.1786,NA,NA,NA
ZoomTracks.exe,35460,0x253F08E0920,DXGI,0,512,1,Hardware: Independent Flip,5538.2864,NA,9.80190000000000,10.00610000000000,9.87740000000000,10.06850000000000,10.1612,5538.1277,10.0361,0.1587,9.8774,0.3064,9.9208,0.4395,9.4813,-0.0570,5538.1277,NA,NA,NA
ZoomTracks.exe,35460,0x253F08E0920,DXGI,0,512,1,Hardware: Independent Flip,5548.4674,NA,10.18100000000000,9.97100000000000,9.67490000000000,9.94390000000000,9.9512,5548.1638,9.9785,0.3036,9.6749,0.1911,10.0564,0.7320,9.3244,0.0651,5548.1638,NA,NA,NA
ZoomTracks.exe,35460,0x253F08E0920,DXGI,0,512,1,Hardware: Independent Flip,5558.4567,NA,9.98930000000000,10.03620000000000,9.70340000000000,9.91080000000000,9.9981,5558.1423,10.0178,0.3144,9.7034,0.2690,9.9562,0.5490,9.4072,-0.0577,5558.1423,NA,15.8211,15.8211
ZoomTracks.exe,35460,0x253F08E0920,DXGI,0,512,1,Hardware: Independent Flip,5568.4976,NA,10.04090000000000,10.02060000000000,9.65750000000000,9.93910000000000,9.9778,5568.1601,9.9950,0.3375,9.6575,0.2074,10.0692,0.6959,9.3733,-0.0028,5568.1601,NA,NA,NA
ZoomTracks.exe,35460,0x253F08E0920,DXGI,0,512,1,Hardware: Independent Flip,5578.5034,NA,10.00580000000000,9.95030000000000,9.65030000000000,9.90210000000000,9.9223,5578.1551,9.9986,0.3483,9.6503,0.2816,9.9688,0.6825,9.2863,0.0447,5578.1551,NA,NA,NA
ZoomTracks.exe,35460,0x253F08E0920,DXGI,0,512,1,Hardware: Independent Flip,5588.4628,NA,9.95940000000000,10.02420000000000,9.66990000000000,9.97810000000000,9.9871,5588.1537,9.9790,0.3091,9.6699,0.2518,10.0354,0.7239,9.3115,-0.0256,5588.1537,NA,NA,NA
ZoomTracks.exe,35460,0x253F08E0920,DXGI,0,512,1,Hardware: Independent Flip,5598.2893,NA,9.82650000000000,10.01750000000000,9.83860000000000,10.04390000000000,10.1781,5598.1327,9.9952,0.1566,9.8386,0.3082,9.8923,0.3536,9.5387,-0.0385,5598.1327,NA,NA,NA
ZoomTracks.exe,35460,0x253F08E0920,DXGI,0,512,1,Hardware: Independent Flip,5608.3654,NA,10.07610000000000,9.96820000000000,9.76270000000000,10.06200000000000,10.0702,5608.1279,10.0002,0.2375,9.7627,0.2053,10.0942,0.6122,9.4820,0.0270,5608.1279,NA,NA,NA
ZoomTracks.exe,35460,0x253F08E0920,DXGI,0,512,1,Hardware: Independent Flip,5618.2916,NA,9.92620000000000,10.02210000000000,9.83910000000000,10.04520000000000,10.1661,5618.1281,10.0026,0.1635,9.8391,0.2993,9.9094,0.3521,9.5573,-0.0219,5618.1281,NA,NA,NA
ZoomTracks.exe,35460,0x253F08E0920,DXGI,0,512,1,Hardware: Independent Flip,5628.3683,NA,10.07670000000000,10.03540000000000,9.74790000000000,10.11820000000000,10.1248,5628.1307,9.9855,0.2376,9.7479,0.2061,10.1497,0.7273,9.4224,-0.0328,5628.1307,NA,NA,NA
ZoomTracks.exe,35460,0x253F08E0920,DXGI,0,512,1,Hardware: Independent Flip,5638.3020,NA,9.93370000000000,10.07110000000000,9.93680000000000,10.13320000000000,10.2622,5638.1162,10.1226,0.1858,9.9368,0.3703,9.9487,0.5017,9.4470,-0.0856,5638.1162,NA,NA,NA
ZoomTracks.exe,35460,0x253F08E0920,DXGI,0,512,1,Hardware: Independent Flip,5648.4906,NA,10.18860000000000,9.87150000000000,9.65100000000000,9.93770000000000,9.9451,5648.2388,9.9028,0.2518,9.6510,0.1964,9.9931,0.6826,9.3105,0.2511,5648.2388,NA,NA,NA
ZoomTracks.exe,35460,0x253F08E0920,DXGI,0,512,1,Hardware: Independent Flip,5658.2930,NA,9.80240000000000,10.01160000000000,9.87590000000000,10.13040000000000,10.1543,5658.1416,10.0273,0.1514,9.8759,0.2867,9.9951,0.4770,9.5181,-0.1088,5658.1416,NA,NA,NA
ZoomTracks.exe,35460,0x253F08E0920,DXGI,0,512,1,Hardware: Independent Flip,5668.4859,NA,10.19290000000000,10.04550000000000,9.74540000000000,9.98140000000000,10.0069,5668.1689,10.0624,0.3170,9.7454,0.2545,10.0439,0.7170,9.3269,-0.0182,5668.1689,NA,26.8756,26.8756
ZoomTracks.exe,35460,0x253F08E0920,DXGI,0,512,1,Hardware: Independent Flip,5678.5245,NA,10.03860000000000,10.03770000000000,9.68050000000000,9.97740000000000,10.0060,5678.2313,9.9737,0.2932,9.6805,0.2360,10.0346,0.7626,9.2720,0.0247,5678.2313,NA,NA,NA
ZoomTracks.exe,35460,0x253F08E0920,DXGI,0,512,1,Hardware: Independent Flip,5688.5712,NA,10.04670000000000,10.26120000000000,9.64610000000000,10.21160000000000,10.2205,5688.2050,10.0123,0.3662,9.6461,0.2969,10.2809,1.0701,9.2108,-0.2875,5688.2050,NA,NA,NA
ZoomTracks.exe,35460,0x253F08E0920,DXGI,0,512,1,Hardware: Independent Flip,5698.4262,NA,9.85500000000000,9.83700000000000,9.77240000000000,9.99860000000000,10.2025,5698.2173,9.9813,0.2089,9.7724,0.5655,9.6420,0.3755,9.2665,0.1753,5698.2173,NA,NA,NA
ZoomTracks.exe,35460,0x253F08E0920,DXGI,0,512,1,Hardware: Independent Flip,5708.4788,NA,10.05260000000000,9.83390000000000,9.70500000000000,9.95940000000000,9.9838,5708.1986,9.9852,0.2802,9.7050,0.2262,10.0134,0.7188,9.2946,0.1474,5708.1986,NA,NA,NA
ZoomTracks.exe,35460,0x253F08E0920,DXGI,0,512,1,Hardware: Independent Flip,5718.5128,NA,10.03400000000000,10.10470000000000,9.63990000000000,9.86550000000000,10.0545,5718.1838,9.9689,0.3290,9.6399,0.2544,9.9401,0.6785,9.2616,-0.1195,5718.1838,NA,NA,NA
ZoomTracks.exe,35460,0x253F08E0920,DXGI,0,512,1,Hardware: Independent Flip,5728.2870,NA,9.77420000000000,9.89800000000000,9.83410000000000,10.17130000000000,10.1783,5728.1527,9.9684,0.1343,9.8341,0.2256,10.0800,0.7240,9.3560,0.0709,5728.1527,NA,24.8079,24.8079
ZoomTracks.exe,35460,0x253F08E0920,DXGI,0,512,1,Hardware: Independent Flip,5738.2784,NA,9.99140000000000,9.97080000000000,9.88820000000000,10.07030000000000,10.1577,5738.1211,10.0455,0.1573,9.8882,0.3372,9.8904,0.4134,9.4770,-0.0024,5738.1211,NA,NA,NA
ZoomTracks.exe,35460,0x253F08E0920,DXGI,0,512,1,Hardware: Independent Flip,5748.4719,NA,10.19350000000000,10.01000000000000,9.65300000000000,9.96710000000000,9.9742,5748.1666,9.9583,0.3053,9.6530,0.1821,10.0903,0.7401,9.3502,0.0355,5748.1666,NA,25.8289,25.8289
ZoomTracks.exe,35460,0x253F08E0920,DXGI,0,512,1,Hardware: Independent Flip,5758.2650,NA,9.79310000000000,10.05080000000000,9.88570000000000,10.13070000000000,10.2319,5758.1249,10.0258,0.1401,9.8857,0.3141,9.9567,0.4445,9.5122,-0.0925,5758.1249,NA,NA,NA
ZoomTracks.exe,35460,0x253F08E0920,DXGI,0,512,1,Hardware: Independent Flip,5768.4375,NA,10.17250000000000,9.93700000000000,9.70970000000000,9.97160000000000,9.9964,5768.1507,9.9965,0.2868,9.7097,0.2450,10.0134,0.6817,9.3317,0.0888,5768.1507,NA,NA,NA
ZoomTracks.exe,35460,0x253F08E0920,DXGI,0,512,1,Hardware: Independent Flip,5778.4515,NA,10.01400000000000,10.02810000000000,9.69500000000000,9.98590000000000,10.0105,5778.1472,9.9993,0.3043,9.6950,0.2619,10.0283,0.7117,9.3166,-0.0316,5778.1472,NA,NA,NA
ZoomTracks.exe,35460,0x253F08E0920,DXGI,0,512,1,Hardware: Independent Flip,5788.4781,NA,10.02660000000000,10.05290000000000,9.68280000000000,10.00490000000000,10.0368,5788.1465,10.0144,0.3316,9.6828,0.2909,10.0456,0.7410,9.3046,-0.0536,5788.1465,NA,NA,NA
ZoomTracks.exe,35460,0x253F08E0920,DXGI,0,512,1,Hardware: Independent Flip,5798.3095,NA,9.83140000000000,9.96810000000000,9.84040000000000,10.15100000000000,10.1735,5798.1609,9.9890,0.1486,9.8404,0.3221,9.9775,0.7873,9.1902,0.0463,5798.1609,NA,NA,NA
ZoomTracks.exe,35460,0x253F08E0920,DXGI,0,512,1,Hardware: Independent Flip,5808.5268,NA,10.21730000000000,9.98720000000000,9.62620000000000,9.93660000000000,9.9434,5808.1499,10.0031,0.3769,9.6262,0.3106,10.0029,0.7486,9.2543,0.0018,5808.1499,NA,12.8314,12.8314
ZoomTracks.exe,35460,0x253F08E0920,DXGI,0,512,1,Hardware: Independent Flip,5818.3160,NA,9.78920000000000,9.95420000000000,9.83390000000000,10.09090000000000,10.1084,5818.1530,9.9969,0.1630,9.8339,0.3104,9.9435,0.4311,9.5124,0.0489,5818.1530,NA,NA,NA
ZoomTracks.exe,35460,0x253F08E0920,DXGI,0,512,1,Hardware: Independent Flip,5828.4594,NA,10.14340000000000,10.01420000000000,9.69660000000000,9.95960000000000,9.9792,5828.1499,10.0061,0.3095,9.6966,0.2570,10.0121,0.6770,9.3351,-0.0173,5828.1499,NA,NA,NA
ZoomTracks.exe,35460,0x253F08E0920,DXGI,0,512,1,Hardware: Independent Flip,5838.4750,NA,10.01560000000000,10.18750000000000,9.69720000000000,10.03230000000000,10.1511,5838.1560,10.0162,0.3190,9.6972,0.2630,10.0883,0.7647,9.3236,-0.1814,5838.1560,NA,NA,NA
ZoomTracks.exe,35460,0x253F08E0920,DXGI,0,512,1,Hardware: Independent Flip,5848.3505,NA,9.87550000000000,9.81190000000000,9.79940000000000,10.07860000000000,10.0875,5848.1722,9.9777,0.1783,9.7994,0.3351,9.9218,0.5036,9.4182,0.2043,5848.1722,NA,NA,NA
ZoomTracks.exe,35460,0x253F08E0920,DXGI,0,512,1,Hardware: Independent Flip,5858.3086,NA,9.95810000000000,10.07170000000000,9.81250000000000,10.18860000000000,10.2011,5858.1499,9.9712,0.1587,9.8125,0.2792,10.0681,0.7855,9.2826,-0.0940,5858.1499,NA,NA,NA
ZoomTracks.exe,35460,0x253F08E0920,DXGI,0,512,1,Hardware: Independent Flip,5868.2577,NA,9.94910000000000,9.96960000000000,9.88680000000000,10.08720000000000,10.2216,5868.1211,10.0234,0.1366,9.8868,0.3761,9.8477,0.3013,9.5464,0.0016,5868.1211,NA,NA,NA
ZoomTracks.exe,35460,0x253F08E0920,DXGI,0,512,1,Hardware: Independent Flip,5878.3872,NA,10.12950000000000,10.09060000000000,9.74680000000000,10.17510000000000,10.1827,5878.1445,9.9895,0.2427,9.7468,0.2004,10.2174,0.8343,9.3831,-0.0672,5878.1445,NA,NA,NA
ZoomTracks.exe,35460,0x253F08E0920,DXGI,0,512,1,Hardware: Independent Flip,5888.3081,NA,9.92090000000000,9.99100000000000,9.83750000000000,10.06240000000000,10.2528,5888.1340,10.0116,0.1741,9.8375,0.4283,9.8082,0.3677,9.4405,-0.0015,5888.1340,NA,NA,NA
ZoomTracks.exe,35460,0x253F08E0920,DXGI,0,512,1,Hardware: Independent Flip,5898.4041,NA,10.09600000000000,9.99500000000000,9.74420000000000,10.14400000000000,10.1518,5898.1456,10.0027,0.2585,9.7442,0.2249,10.1776,0.9313,9.2463,0.0166,5898.1456,NA,NA,NA
ZoomTracks.exe,35460,0x253F08E0920,DXGI,0,512,1,Hardware: Independent Flip,5908.3030,NA,9.89890000000000,10.03270000000000,9.84740000000000,10.04970000000000,10.2856,5908.1483,10.0021,0.1547,9.8474,0.3998,9.8046,0.3831,9.4215,-0.0300,5908.1483,NA,NA,NA
ZoomTracks.exe,35460,0x253F08E0920,DXGI,0,512,1,Hardware: Independent Flip,5918.3763,NA,10.07330000000000,10.00680000000000,9.77810000000000,10.17330000000000,10.2191,5918.1504,10.0040,0.2259,9.7781,0.2023,10.1969,0.7918,9.4051,-0.0047,5918.1504,NA,NA,NA
ZoomTracks.exe,35460,0x253F08E0920,DXGI,0,512,1,Hardware: Independent Flip,5928.3107,NA,9.93440000000000,10.03490000000000,9.84630000000000,10.11280000000000,10.3196,5928.1544,10.0026,0.1563,9.8463,0.3952,9.8739,0.7952,9.0787,-0.0309,5928.1544,NA,25.0056,25.0056
ZoomTracks.exe,35460,0x253F08E0920,DXGI,0,512,1,Hardware: Independent Flip,5938.4518,NA,10.14110000000000,9.86650000000000,9.69260000000000,10.02980000000000,10.0450,5938.1570,9.9874,0.2948,9.6926,0.2665,10.0581,0.7546,9.3035,0.1361,5938.1570,NA,NA,NA
ZoomTracks.exe,35460,0x253F08E0920,DXGI,0,512,1,Hardware: Independent Flip,5948.2910,NA,9.83920000000000,10.04610000000000,9.85120000000000,10.09530000000000,10.2519,5948.1444,9.9978,0.1466,9.8512,0.3372,9.9047,0.3559,9.5488,-0.0587,5948.1444,NA,NA,NA
ZoomTracks.exe,35460,0x253F08E0920,DXGI,0,512,1,Hardware: Independent Flip,5958.4020,NA,10.11100000000000,10.00550000000000,9.73240000000000,10.13930000000000,10.1464,5958.1422,9.9922,0.2598,9.7324,0.2441,10.1550,0.7491,9.4059,-0.0077,5958.1422,NA,NA,NA
ZoomTracks.exe,35460,0x253F08E0920,DXGI,0,512,1,Hardware: Independent Flip,5968.3074,NA,9.90540000000000,9.81900000000000,9.82190000000000,9.98570000000000,10.0600,5968.1344,9.9949,0.1730,9.8219,0.4069,9.7518,0.2544,9.4974,0.1732,5968.1344,NA,NA,NA
ZoomTracks.exe,35460,0x253F08E0920,DXGI,0,512,1,Hardware: Independent Flip,5978.4248,NA,10.11740000000000,10.15650000000000,9.74780000000000,10.08940000000000,10.0991,5978.1293,10.0433,0.2955,9.7478,0.1638,10.2211,0.7731,9.4480,-0.1616,5978.1293,NA,NA,NA
ZoomTracks.exe,35460,0x253F08E0920,DXGI,0,512,1,Hardware: Independent Flip,5988.3543,NA,9.92950000000000,10.02590000000000,9.82680000000000,10.03890000000000,10.1955,5988.1726,10.0085,0.1817,9.8268,0.3416,9.8790,0.4158,9.4632,0.0174,5988.1726,NA,21.8997,21.8997
ZoomTracks.exe,35460,0x253F08E0920,DXGI,0,512,1,Hardware: Independent Flip,5998.4358,NA,10.08150000000000,9.97630000000000,9.71800000000000,10.08140000000000,10.0903,5998.1811,9.9727,0.2547,9.7180,0.2121,10.1240,0.7808,9.3432,0.0322,5998.1811,NA,NA,NA
ZoomTracks.exe,35460,0x253F08E0920,DXGI,0,512,1,Hardware: Independent Flip,6008.3577,NA,9.92190000000000,10.08610000000000,9.88050000000000,10.04900000000000,10.2545,6008.1538,10.0844,0.2039,9.8805,0.3634,9.8895,0.4140,9.4755,-0.1134,6008.1538,NA,NA,NA
ZoomTracks.exe,35460,0x253F08E0920,DXGI,0,512,1,Hardware: Independent Flip,6018.4492,NA,10.09150000000000,9.91190000000000,9.75220000000000,10.05270000000000,10.0749,6018.2382,9.9632,0.2110,9.7522,0.1685,10.0952,0.7534,9.3418,0.1725,6018.2382,NA,22.9269,22.9269
ZoomTracks.exe,35460,0x253F08E0920,DXGI,0,512,1,Hardware: Independent Flip,6028.5649,NA,10.11570000000000,9.98940000000000,9.59010000000000,9.79900000000000,9.9486,6028.2014,9.9536,0.3635,9.5901,0.3005,9.8620,0.6348,9.2272,-0.0262,6028.2014,NA,NA,NA
ZoomTracks.exe,35460,0x253F08E0920,DXGI,0,512,1,Hardware: Independent Flip,6038.4593,NA,9.89440000000000,10.06030000000000,9.70340000000000,10.10220000000000,10.1145,6038.1550,10.0077,0.3043,9.7034,0.2089,10.1976,0.8777,9.3199,-0.1067,6038.1550,NA,NA,NA
ZoomTracks.exe,35460,0x253F08E0920,DXGI,0,512,1,Hardware: Independent Flip,6048.3383,NA,9.87900000000000,9.89990000000000,9.82820000000000,10.11470000000000,10.1354,6048.1627,10.0038,0.1756,9.8282,0.3988,9.8915,0.4380,9.4535,0.1078,6048.1627,NA,NA,NA
ZoomTracks.exe,35460,0x253F08E0920,DXGI,0,512,1,Hardware: Independent Flip,6058.5130,NA,10.17470000000000,10.01950000000000,9.64520000000000,9.97210000000000,9.9802,6058.1665,9.9917,0.3465,9.6452,0.2865,10.0321,0.7440,9.2881,-0.0157,6058.1665,NA,NA,NA
ZoomTracks.exe,35460,0x253F08E0920,DXGI,0,512,1,Hardware: Independent Flip,6068.3253,NA,9.81230000000000,10.09270000000000,9.88880000000000,10.09510000000000,10.2606,6068.1582,10.0559,0.1671,9.8888,0.3269,9.9353,0.4794,9.4559,-0.1010,6068.1582,NA,NA,NA
ZoomTracks.exe,35460,0x253F08E0920,DXGI,0,512,1,Hardware: Independent Flip,6078.4704,NA,10.14510000000000,9.95620000000000,9.67390000000000,10.06250000000000,10.0717,6078.2141,9.9302,0.2563,9.6739,0.2063,10.1125,0.7923,9.3202,0.0997,6078.2141,NA,NA,NA
ZoomTracks.exe,35460,0x253F08E0920,DXGI,0,512,1,Hardware: Independent Flip,6088.2971,NA,9.82670000000000,9.93090000000000,9.87220000000000,10.03420000000000,10.1759,6088.1443,10.0250,0.1528,9.8722,0.3886,9.7984,0.3973,9.4011,-0.0007,6088.1443,NA,NA,NA
ZoomTracks.exe,35460,0x253F08E0920,DXGI,0,512,1,Hardware: Independent Flip,6098.3747,NA,10.07760000000000,10.03630000000000,9.78460000000000,10.12780000000000,10.1346,6098.1693,9.9900,0.2054,9.7846,0.1620,10.1712,0.7082,9.4630,-0.0113,6098.1693,NA,NA,NA
ZoomTracks.exe,35460,0x253F08E0920,DXGI,0,512,1,Hardware: Independent Flip,6108.3259,NA,9.95120000000000,9.99410000000000,9.82350000000000,10.01820000000000,10.1775,6108.1593,9.9901,0.1666,9.8235,0.3432,9.8416,0.3587,9.4829,-0.0041,6108.1593,NA,28.9034,28.9034
ZoomTracks.exe,35460,0x253F08E0920,DXGI,0,512,1,Hardware: Independent Flip,6118.3899,NA,10.06400000000000,10.08220000000000,9.76180000000000,10.16620000000000,10.1957,6118.1494,10.0023,0.2405,9.7618,0.1947,10.2120,0.8558,9.3562,-0.0921,6118.1494,NA,22.9696,22.9696
ZoomTracks.exe,35460,0x253F08E0920,DXGI,0,512,1,Hardware: Independent Flip,6128.3069,NA,9.91700000000000,9.99580000000000,9.85970000000000,10.08020000000000,10.2745,6128.1517,10.0149,0.1552,9.8597,0.4044,9.8310,0.6691,9.1619,0.0065,6128.1517,NA,NA,NA
ZoomTracks.exe,35460,0x253F08E0920,DXGI,0,512,1,Hardware: Independent Flip,6138.4153,NA,10.10840000000000,9.93090000000000,9.75230000000000,10.08740000000000,10.0970,6138.1666,10.0010,0.2487,9.7523,0.2205,10.1156,0.7752,9.3404,0.0840,6138.1666,NA,NA,NA
ZoomTracks.exe,35460,0x253F08E0920,DXGI,0,512,1,Hardware: Independent Flip,6148.3028,NA,9.88750000000000,10.06630000000000,9.88050000000000,10.05370000000000,10.2758,6148.1676,10.0157,0.1352,9.8805,0.3351,9.8538,0.3337,9.5201,-0.0653,6148.1676,NA,NA,NA
ZoomTracks.exe,35460,0x253F08E0920,DXGI,0,512,1,Hardware: Independent Flip,6158.4026,NA,10.09980000000000,9.93530000000000,9.80200000000000,10.07600000000000,10.1113,6158.1833,10.0213,0.2193,9.8020,0.1732,10.1221,0.7128,9.4093,0.0804,6158.1833,NA,NA,NA
ZoomTracks.exe,35460,0x253F08E0920,DXGI,0,512,1,Hardware: Independent Flip,6168.5793,NA,10.17670000000000,10.01780000000000,9.65590000000000,9.79560000000000,9.9524,6168.2046,10.0306,0.3747,9.6559,0.2740,9.8963,0.6412,9.2551,0.0035,6168.2046,NA,NA,NA
ZoomTracks.exe,35460,0x253F08E0920,DXGI,0,512,1,Hardware: Independent Flip,6178.5777,NA,9.99840000000000,9.89040000000000,9.55900000000000,9.83640000000000,9.8444,6178.2352,9.9015,0.3425,9.5590,0.1397,10.0392,0.7450,9.2942,0.1402,6178.2352,NA,NA,NA
ZoomTracks.exe,35460,0x253F08E0920,DXGI,0,512,1,Hardware: Independent Flip,6188.2965,NA,9.71880000000000,11.25120000000000,9.86870000000000,11.25800000000000,11.3768,6188.1367,10.0285,0.1598,9.8687,0.2774,11.1404,1.6205,9.5199,-1.3497,6188.1367,NA,NA,NA
ZoomTracks.exe,35460,0x253F08E0920,DXGI,0,512,1,Hardware: Independent Flip,6198.3446,NA,10.04810000000000,9.29790000000000,9.82070000000000,9.98040000000000,10.6266,6198.1652,10.0001,0.1794,9.8207,1.3893,8.7705,0.4075,8.3630,0.7306,6198.1652,NA,23.3663,23.3663
ZoomTracks.exe,35460,0x253F08E0920,DXGI,0,512,1,Hardware: Independent Flip,6208.3670,NA,10.02240000000000,10.29950000000000,9.80090000000000,10.89400000000000,10.9037,6208.1653,10.0026,0.2017,9.8009,0.1597,10.9360,1.5452,9.3908,-0.2994,6208.1653,NA,NA,NA
ZoomTracks.exe,35460,0x253F08E0920,DXGI,0,512,1,Hardware: Independent Flip,6218.3243,NA,9.95730000000000,10.22960000000000,9.84540000000000,10.04500000000000,11.1760,6218.1679,10.0018,0.1564,9.8454,1.0931,9.1083,0.3392,8.7691,-0.2270,6218.1679,NA,NA,NA
ZoomTracks.exe,35460,0x253F08E0920,DXGI,0,512,1,Hardware: Independent Flip,6228.3959,NA,10.07160000000000,10.10490000000000,9.76520000000000,11.20120000000000,11.2093,6228.1697,9.9914,0.2262,9.7652,0.1996,11.2278,1.8777,9.3501,-0.1031,6228.1697,NA,NA,NA
ZoomTracks.exe,35460,0x253F08E0920,DXGI,0,512,1,Hardware: Independent Flip,6238.3177,NA,9.92180000000000,9.81060000000000,9.83480000000000,10.03340000000000,11.0981,6238.1611,9.9914,0.1566,9.8348,1.4360,8.7540,0.3952,8.3588,0.1808,6238.1611,NA,NA,NA
ZoomTracks.exe,35460,0x253F08E0920,DXGI,0,512,1,Hardware: Independent Flip,6248.3773,NA,10.05960000000000,9.02210000000000,9.76860000000000,10.03490000000000,10.0606,6248.1525,9.9934,0.2248,9.7686,0.1986,10.0611,0.6548,9.4063,0.9693,6248.1525,NA,NA,NA
ZoomTracks.exe,35460,0x253F08E0920,DXGI,0,512,1,Hardware: Independent Flip,6258.4540,NA,10.07670000000000,10.61030000000000,9.75690000000000,9.93610000000000,10.5942,6258.1459,10.0650,0.3081,9.7569,0.2663,9.9779,0.6040,9.3739,-0.6169,6258.1459,NA,NA,NA
ZoomTracks.exe,35460,0x253F08E0920,DXGI,0,512,1,Hardware: Independent Flip,6268.4372,NA,9.98320000000000,9.45160000000000,9.78380000000000,10.03630000000000,10.0626,6268.2109,10.0101,0.2263,9.7838,0.1792,10.0834,0.7442,9.3392,0.6134,6268.2109,NA,NA,NA
ZoomTracks.exe,35460,0x253F08E0920,DXGI,0,512,1,Hardware: Independent Flip,6278.5297,NA,10.09250000000000,10.06080000000000,9.69960000000000,10.00310000000000,10.0309,6278.2210,10.0083,0.3087,9.6996,0.2525,10.0593,0.7658,9.2935,-0.0507,6278.2210,NA,20.9492,20.9492
ZoomTracks.exe,35460,0x253F08E0920,DXGI,0,512,1,Hardware: Independent Flip,6288.6082,NA,10.07850000000000,11.07930000000000,9.67860000000000,11.02160000000000,11.0317,6288.2293,10.0575,0.3789,9.6786,0.3035,11.0970,1.8859,9.2111,-1.0710,6288.2293,NA,NA,NA
ZoomTracks.exe,35460,0x253F08E0920,DXGI,0,512,1,Hardware: Independent Flip,6298.5044,NA,9.89620000000000,9.38590000000000,9.74260000000000,9.92740000000000,10.5214,6298.2868,9.9602,0.2176,9.7426,1.3430,8.8020,0.5581,8.2439,0.6716,6298.2868,NA,22.4125,22.4125
ZoomTracks.exe,35460,0x253F08E0920,DXGI,0,512,1,Hardware: Independent Flip,6308.4909,NA,9.98650000000000,10.64520000000000,9.78850000000000,11.16720000000000,11.1801,6308.2470,10.0324,0.2439,9.7885,0.1848,11.2263,1.9071,9.3192,-0.6850,6308.2470,NA,NA,NA
ZoomTracks.exe,35460,0x253F08E0920,DXGI,0,512,1,Hardware: Independent Flip,6318.4996,NA,10.00870000000000,9.93120000000000,9.69990000000000,9.88340000000000,11.1026,6318.2794,9.9201,0.2202,9.6999,1.3787,8.7249,0.3323,8.3926,0.1012,6318.2794,NA,NA,NA
ZoomTracks.exe,35460,0x253F08E0920,DXGI,0,512,1,Hardware: Independent Flip,6328.4319,NA,9.93230000000000,10.01050000000000,9.73450000000000,11.16610000000000,11.1808,6328.1995,9.9669,0.2324,9.7345,0.1835,11.2150,1.8758,9.3392,-0.0904,6328.1995,NA,NA,NA
ZoomTracks.exe,35460,0x253F08E0920,DXGI,0,512,1,Hardware: Independent Flip,6338.3438,NA,9.91190000000000,9.94470000000000,9.78990000000000,9.96620000000000,11.2136,6338.1664,9.9673,0.1774,9.7899,1.4316,8.7120,0.2886,8.4234,0.0222,6338.1664,NA,NA,NA
ZoomTracks.exe,35460,0x253F08E0920,DXGI,0,512,1,Hardware: Independent Flip,6348.3528,NA,10.00900000000000,8.80910000000000,9.76800000000000,10.00680000000000,10.0137,6348.1337,9.9871,0.2191,9.7680,0.1763,10.0496,0.5862,9.4634,1.1582,6348.1337,NA,NA,NA
ZoomTracks.exe,35460,0x253F08E0920,DXGI,0,512,1,Hardware: Independent Flip,6358.3927,NA,10.03990000000000,10.70490000000000,9.80030000000000,10.00200000000000,10.6787,6358.1208,10.0722,0.2719,9.8003,0.2388,10.0351,0.6068,9.4283,-0.7178,6358.1208,NA,NA,NA
ZoomTracks.exe,35460,0x253F08E0920,DXGI,0,512,1,Hardware: Independent Flip,6368.4475,NA,10.05480000000000,9.39680000000000,9.76360000000000,9.99430000000000,10.0207,6368.1930,10.0181,0.2545,9.7636,0.2017,10.0471,0.6967,9.3504,0.6754,6368.1930,NA,NA,NA
ZoomTracks.exe,35460,0x253F08E0920,DXGI,0,512,1,Hardware: Independent Flip,6378.5458,NA,10.09830000000000,9.96820000000000,9.59410000000000,9.88300000000000,9.8906,6378.2111,9.9288,0.3347,9.5941,0.2307,9.9870,0.7125,9.2745,0.0499,6378.2111,NA,19.8333,19.8333
ZoomTracks.exe,35460,0x253F08E0920,DXGI,0,512,1,Hardware: Independent Flip,6388.2942,NA,9.74840000000000,11.16770000000000,9.86270000000000,11.30180000000000,11.3099,6388.1399,10.0170,0.1543,9.8627,0.2889,11.1672,1.6554,9.5118,-1.2389,6388.1399,NA,NA,NA
ZoomTracks.exe,35460,0x253F08E0920,DXGI,0,512,1,Hardware: Independent Flip,6398.3348,NA,10.04060000000000,9.32540000000000,9.79170000000000,9.99850000000000,10.5947,6398.1569,9.9696,0.1779,9.7917,1.4391,8.7373,0.5138,8.2235,0.6916,6398.1569,NA,NA,NA
ZoomTracks.exe,35460,0x253F08E0920,DXGI,0,512,1,Hardware: Independent Flip,6408.2718,NA,9.93700000000000,10.74480000000000,9.87710000000000,11.39420000000000,11.4025,6408.1265,10.0224,0.1453,9.8771,0.2068,11.3327,1.7746,9.5581,-0.7752,6408.1265,NA,NA,NA
ZoomTracks.exe,35460,0x253F08E0920,DXGI,0,512,1,Hardware: Independent Flip,6418.2880,NA,10.01620000000000,9.97950000000000,9.87750000000000,10.08830000000000,11.3658,6418.1489,10.0166,0.1391,9.8775,1.5171,8.7103,0.3488,8.3615,0.0429,6418.1489,NA,NA,NA
ZoomTracks.exe,35460,0x253F08E0920,DXGI,0,512,1,Hardware: Independent Flip,6428.4189,NA,10.13090000000000,9.93460000000000,9.76490000000000,11.16230000000000,11.1695,6428.1655,10.0183,0.2534,9.7649,0.2108,11.2049,1.8460,9.3589,0.0820,6428.1655,NA,NA,NA
ZoomTracks.exe,35460,0x253F08E0920,DXGI,0,512,1,Hardware: Independent Flip,6438.3412,NA,9.92230000000000,9.97090000000000,9.80760000000000,9.97780000000000,11.2181,6438.1838,9.9650,0.1574,9.8076,1.3974,8.7378,0.3470,8.3908,0.0474,6438.1838,NA,NA,NA
ZoomTracks.exe,35460,0x253F08E0920,DXGI,0,512,1,Hardware: Independent Flip,6448.3637,NA,10.02250000000000,8.89110000000000,9.78440000000000,10.06240000000000,10.0867,6448.1488,9.9993,0.2149,9.7844,0.1702,10.1071,0.7245,9.3826,1.0739,6448.1488,NA,NA,NA
ZoomTracks.exe,35460,0x253F08E0920,DXGI,0,512,1,Hardware: Independent Flip,6458.4704,NA,10.10670000000000,10.55170000000000,9.68340000000000,9.85840000000000,10.5317,6458.1481,10.0057,0.3223,9.6834,0.2780,9.9027,0.6021,9.3006,-0.5524,6458.1481,NA,NA,NA
ZoomTracks.exe,35460,0x253F08E0920,DXGI,0,512,1,Hardware: Independent Flip,6468.3734,NA,9.90300000000000,9.47390000000000,9.78490000000000,10.07800000000000,10.1026,6468.1538,10.0045,0.2196,9.7849,0.1750,10.1226,0.6729,9.4497,0.5318,6468.1538,NA,27.8782,27.8782
ZoomTracks.exe,35460,0x253F08E0920,DXGI,0,512,1,Hardware: Independent Flip,6478.4959,NA,10.12250000000000,10.00100000000000,9.65820000000000,9.85750000000000,9.9811,6478.1583,9.9958,0.3376,9.6582,0.2931,9.9020,0.6097,9.2923,0.0035,6478.1583,NA,NA,NA
ZoomTracks.exe,35460,0x253F08E0920,DXGI,0,512,1,Hardware: Independent Flip,6488.3820,NA,9.88610000000000,11.18090000000000,9.79050000000000,11.26670000000000,11.2759,6488.1541,10.0184,0.2279,9.7905,0.1993,11.2953,1.8418,9.4535,-1.1851,6488.1541,NA,26.0366,26.0366
ZoomTracks.exe,35460,0x253F08E0920,DXGI,0,512,1,Hardware: Independent Flip,6498.3305,NA,9.94850000000000,9.37530000000000,9.81760000000000,9.99220000000000,10.7027,6498.1725,9.9756,0.1580,9.8176,1.4762,8.6740,0.4679,8.2061,0.6431,6498.1725,NA,NA,NA
ZoomTracks.exe,35460,0x253F08E0920,DXGI,0,512,1,Hardware: Independent Flip,6508.3674,NA,10.03690000000000,10.62690000000000,9.79520000000000,11.28360000000000,11.2927,6508.1481,10.0145,0.2193,9.7952,0.1746,11.3283,1.8461,9.4822,-0.6513,6508.1481,NA,NA,NA
ZoomTracks.exe,35460,0x253F08E0920,DXGI,0,512,1,Hardware: Independent Flip,6518.3287,NA,9.96130000000000,9.96900000000000,9.81120000000000,9.98820000000000,11.3004,6518.1626,9.9773,0.1661,9.8112,1.4884,8.6659,0.2998,8.3661,0.0455,6518.1626,NA,NA,NA
ZoomTracks.exe,35460,0x253F08E0920,DXGI,0,512,1,Hardware: Independent Flip,6528.3414,NA,10.01270000000000,9.99900000000000,9.80300000000000,11.27100000000000,11.2867,6528.1399,10.0045,0.2015,9.8030,0.1770,11.2955,1.8064,9.4891,-0.0217,6528.1399,NA,NA,NA
ZoomTracks.exe,35460,0x253F08E0920,DXGI,0,512,1,Hardware: Independent Flip,6538.3894,NA,10.04800000000000,10.06580000000000,9.86140000000000,10.02670000000000,11.3045,6538.1444,10.1064,0.2450,9.8614,1.4680,8.8037,0.4298,8.3739,-0.0613,6538.1444,NA,NA,NA
ZoomTracks.exe,35460,0x253F08E0920,DXGI,0,512,1,Hardware: Independent Flip,6548.5737,NA,10.18430000000000,8.77420000000000,9.67710000000000,9.88210000000000,9.8944,6548.2508,10.0000,0.3229,9.6771,0.1653,10.0397,0.6899,9.3498,1.3322,6548.2508,NA,NA,NA
ZoomTracks.exe,35460,0x253F08E0920,DXGI,0,512,1,Hardware: Independent Flip,6558.6503,NA,10.07660000000000,10.60980000000000,9.60730000000000,9.78140000000000,10.4276,6558.2508,10.0068,0.3995,9.6073,0.2050,9.9759,0.7865,9.1894,-0.6098,6558.2508,NA,14.4598,14.4598
ZoomTracks.exe,35460,0x253F08E0920,DXGI,0,512,1,Hardware: Independent Flip,6568.6152,NA,9.96490000000000,9.42330000000000,9.54090000000000,9.85960000000000,9.8860,6568.2576,9.8985,0.3576,9.5409,0.1741,10.0431,0.8120,9.2311,0.5835,6568.2576,NA,NA,NA
ZoomTracks.exe,35460,0x253F08E0920,DXGI,0,512,1,Hardware: Independent Flip,6578.5207,NA,9.90550000000000,9.92590000000000,9.63240000000000,9.88490000000000,9.9064,6578.1561,9.9970,0.3646,9.6324,0.3187,9.9308,0.6709,9.2599,-0.0274,6578.1561,NA,NA,NA
ZoomTracks.exe,35460,0x253F08E0920,DXGI,0,512,1,Hardware: Independent Flip,6588.4637,NA,9.94300000000000,11.34160000000000,9.67780000000000,11.20070000000000,11.3050,6588.1531,9.9884,0.3106,9.6778,0.2525,11.2588,1.9335,9.3253,-1.3446,6588.1531,NA,NA,NA
ZoomTracks.exe,35460,0x253F08E0920,DXGI,0,512,1,Hardware: Independent Flip,6598.2843,NA,9.82060000000000,9.29510000000000,9.86910000000000,10.06790000000000,10.7795,6598.1415,10.0119,0.1428,9.8691,1.5229,8.6878,0.4093,8.2785,0.6933,6598.1415,NA,NA,NA
ZoomTracks.exe,35460,0x253F08E0920,DXGI,0,512,1,Hardware: Independent Flip,6608.3860,NA,10.10170000000000,10.55210000000000,9.73530000000000,11.21580000000000,11.2299,6608.1534,9.9679,0.2326,9.7353,0.1988,11.2496,1.7829,9.4667,-0.5402,6608.1534,NA,NA,NA
ZoomTracks.exe,35460,0x253F08E0920,DXGI,0,512,1,Hardware: Independent Flip,6618.2644,NA,9.87840000000000,9.99820000000000,9.87280000000000,10.03800000000000,11.3497,6618.1213,10.0159,0.1431,9.8728,1.4805,8.7006,0.3118,8.3888,-0.0303,6618.1213,NA,NA,NA
ZoomTracks.exe,35460,0x253F08E0920,DXGI,0,512,1,Hardware: Independent Flip,6628.3507,NA,10.08630000000000,9.95140000000000,9.78440000000000,11.20740000000000,11.2148,6628.1372,9.9979,0.2135,9.7844,0.1652,11.2557,1.7774,9.4783,0.0645,6628.1372,NA,NA,NA
ZoomTracks.exe,35460,0x253F08E0920,DXGI,0,512,1,Hardware: Independent Flip,6638.2770,NA,9.92630000000000,10.11070000000000,9.88000000000000,10.05450000000000,11.3992,6638.1351,10.0219,0.1419,9.8800,1.4230,8.7734,0.4082,8.3652,-0.1128,6638.1351,NA,NA,NA
ZoomTracks.exe,35460,0x253F08E0920,DXGI,0,512,1,Hardware: Independent Flip,6648.3765,NA,10.09950000000000,8.75080000000000,9.78060000000000,10.02890000000000,10.0505,6648.1570,10.0001,0.2195,9.7806,0.1745,10.0739,0.7046,9.3693,1.2711,6648.1570,NA,24.8070,24.8070
ZoomTracks.exe,35460,0x253F08E0920,DXGI,0,512,1,Hardware: Independent Flip,6658.4629,NA,10.08640000000000,10.59270000000000,9.68990000000000,9.89510000000000,10.5568,6658.1571,9.9957,0.3058,9.6899,0.2483,9.9526,0.6350,9.3176,-0.5926,6658.1571,NA,15.4015,15.4015
ZoomTracks.exe,35460,0x253F08E0920,DXGI,0,512,1,Hardware: Independent Flip,6668.4050,NA,9.94210000000000,9.43200000000000,9.74940000000000,10.02040000000000,10.0467,6668.1528,10.0016,0.2522,9.7494,0.2052,10.0674,0.7266,9.3408,0.5637,6668.1528,NA,NA,NA
ZoomTracks.exe,35460,0x253F08E0920,DXGI,0,512,1,Hardware: Independent Flip,6678.4516,NA,10.04660000000000,10.00220000000000,9.71610000000000,9.97210000000000,10.0023,6678.1544,10.0133,0.2972,9.7161,0.2710,9.9983,0.6975,9.3008,-0.0006,6678.1544,NA,NA,NA
ZoomTracks.exe,35460,0x253F08E0920,DXGI,0,512,1,Hardware: Independent Flip,6688.4768,NA,10.02520000000000,11.16860000000000,9.71550000000000,11.13560000000000,11.1457,6688.1677,10.0246,0.3091,9.7155,0.2560,11.1887,1.8878,9.3009,-1.1553,6688.1677,NA,NA,NA
ZoomTracks.exe,35460,0x253F08E0920,DXGI,0,512,1,Hardware: Independent Flip,6698.3228,NA,9.84600000000000,9.35870000000000,9.81420000000000,10.02710000000000,10.6584,6698.1923,9.9447,0.1305,9.8142,1.4201,8.7375,0.3199,8.4176,0.6659,6698.1923,NA,NA,NA
ZoomTracks.exe,35460,0x253F08E0920,DXGI,0,512,1,Hardware: Independent Flip,6708.3627,NA,10.03990000000000,10.68060000000000,9.77120000000000,11.29010000000000,11.2991,6708.1370,9.9969,0.2257,9.7712,0.2129,11.3029,1.8421,9.4608,-0.7359,6708.1370,NA,NA,NA
ZoomTracks.exe,35460,0x253F08E0920,DXGI,0,512,1,Hardware: Independent Flip,6718.2766,NA,9.91390000000000,9.99380000000000,9.88530000000000,10.10880000000000,11.3790,6718.1339,10.0280,0.1427,9.8853,1.5189,8.7326,0.3672,8.3654,0.0031,6718.1339,NA,NA,NA
ZoomTracks.exe,35460,0x253F08E0920,DXGI,0,512,1,Hardware: Independent Flip,6728.4393,NA,10.16270000000000,9.91350000000000,9.72600000000000,11.12190000000000,11.1298,6728.1619,10.0034,0.2774,9.7260,0.2235,11.1758,1.8308,9.3450,0.1145,6728.1619,NA,NA,NA
ZoomTracks.exe,35460,0x253F08E0920,DXGI,0,512,1,Hardware: Independent Flip,6738.3278,NA,9.88850000000000,10.10550000000000,9.85300000000000,10.07390000000000,11.3468,6738.1653,10.0155,0.1625,9.8530,1.3959,8.8405,0.4166,8.4239,-0.1021,6738.1653,NA,20.0473,20.0473
ZoomTracks.exe,35460,0x253F08E0920,DXGI,0,512,1,Hardware: Independent Flip,6748.4263,NA,10.09850000000000,8.73530000000000,9.71670000000000,9.96210000000000,9.9836,6748.1808,9.9622,0.2455,9.7167,0.2209,9.9867,0.6753,9.3114,1.2802,6748.1808,NA,NA,NA
ZoomTracks.exe,35460,0x253F08E0920,DXGI,0,512,1,Hardware: Independent Flip,6758.4383,NA,10.01200000000000,10.55260000000000,9.72600000000000,9.92600000000000,10.5242,6758.1430,10.0213,0.2953,9.7260,0.2454,9.9759,0.6463,9.3296,-0.5904,6758.1430,NA,NA,NA
ZoomTracks.exe,35460,0x253F08E0920,DXGI,0,512,1,Hardware: Independent Flip,6768.4084,NA,9.97010000000000,9.56570000000000,9.75580000000000,10.08920000000000,10.1198,6768.1643,9.9999,0.2441,9.7558,0.2000,10.1333,0.7578,9.3755,0.4556,6768.1643,NA,NA,NA
ZoomTracks.exe,35460,0x253F08E0920,DXGI,0,512,1,Hardware: Independent Flip,6778.5569,NA,10.14850000000000,9.92810000000000,9.58600000000000,9.87310000000000,9.8994,6778.1642,9.9787,0.3927,9.5860,0.3334,9.9324,0.7119,9.2205,0.0718,6778.1642,NA,NA,NA
ZoomTracks.exe,35460,0x253F08E0920,DXGI,0,512,1,Hardware: Independent Flip,6788.4567,NA,9.89980000000000,9.98470000000000,9.69600000000000,9.96120000000000,9.9843,6788.1429,10.0098,0.3138,9.6960,0.2871,9.9879,0.6913,9.2966,-0.0060,6788.1429,NA,NA,NA
ZoomTracks.exe,35460,0x253F08E0920,DXGI,0,512,1,Hardware: Independent Flip,6798.4623,NA,10.00560000000000,9.97990000000000,9.68750000000000,9.87320000000000,9.9586,6798.1527,9.9971,0.3096,9.6875,0.2652,9.9176,0.5976,9.3200,0.0299,6798.1527,NA,NA,NA
ZoomTracks.exe,35460,0x253F08E0920,DXGI,0,512,1,Hardware: Independent Flip,6808.4575,NA,9.99520000000000,11.22920000000000,9.69620000000000,11.18400000000000,11.1926,6808.1498,10.0039,0.3077,9.6962,0.1857,11.3060,1.9063,9.3997,-1.2321,6808.1498,NA,NA,NA
ZoomTracks.exe,35460,0x253F08E0920,DXGI,0,512,1,Hardware: Independent Flip,6818.3049,NA,9.84740000000000,9.39790000000000,9.82140000000000,10.03990000000000,10.7431,6818.1537,9.9726,0.1512,9.8214,1.4878,8.7033,0.3116,8.3917,0.6060,6818.1537,NA,NA,NA
ZoomTracks.exe,35460,0x253F08E0920,DXGI,0,512,1,Hardware: Independent Flip,6828.2661,NA,9.96120000000000,10.56120000000000,9.87110000000000,11.33570000000000,11.3431,6828.1263,10.0109,0.1398,9.8711,0.2185,11.2570,1.6942,9.5628,-0.5886,6828.1263,NA,24.9724,24.9724
ZoomTracks.exe,35460,0x253F08E0920,DXGI,0,512,1,Hardware: Independent Flip,6838.2882,NA,10.02210000000000,9.98790000000000,9.85630000000000,10.02900000000000,11.3089,6838.1372,10.0073,0.1510,9.8563,1.4646,8.7154,0.4230,8.2924,0.0230,6838.1372,NA,NA,NA
ZoomTracks.exe,35460,0x253F08E0920,DXGI,0,512,1,Hardware: Independent Flip,6848.3589,NA,10.07070000000000,8.82810000000000,9.78920000000000,10.05580000000000,10.0663,6848.1445,10.0036,0.2144,9.7892,0.1727,10.0975,0.7074,9.3901,1.1792,6848.1445,NA,19.8191,19.8191
ZoomTracks.exe,35460,0x253F08E0920,DXGI,0,512,1,Hardware: Independent Flip,6858.4327,NA,10.07380000000000,10.62510000000000,9.70300000000000,9.90020000000000,10.6176,6858.1481,9.9876,0.2846,9.7030,0.2666,9.9182,0.5962,9.3220,-0.6215,6858.1481,NA,NA,NA
ZoomTracks.exe,35460,0x253F08E0920,DXGI,0,512,1,Hardware: Independent Flip,6868.3661,NA,9.93340000000000,9.31860000000000,9.76680000000000,9.98280000000000,10.0028,6868.1357,9.9972,0.2304,9.7668,0.1972,10.0160,0.5762,9.4398,0.6690,6868.1357,NA,NA,NA
ZoomTracks.exe,35460,0x253F08E0920,DXGI,0,512,1,Hardware: Independent Flip,6878.4255,NA,10.05940000000000,10.07560000000000,9.75680000000000,9.99980000000000,10.0190,6878.1329,10.0494,0.2926,9.7568,0.2160,10.0764,0.7188,9.3576,-0.0784,6878.1329,NA,NA,NA
ZoomTracks.exe,35460,0x253F08E0920,DXGI,0,512,1,Hardware: Independent Flip,6888.4809,NA,10.05540000000000,11.19520000000000,9.67510000000000,11.14050000000000,11.1588,6888.1823,9.9737,0.2986,9.6751,0.2430,11.1961,1.8952,9.3009,-1.1458,6888.1823,NA,NA,NA
ZoomTracks.exe,35460,0x253F08E0920,DXGI,0,512,1,Hardware: Independent Flip,6898.2840,NA,9.80310000000000,9.34520000000000,9.90120000000000,10.06460000000000,10.7009,6898.1560,10.0292,0.1280,9.9012,1.4654,8.7272,0.4534,8.2738,0.6285,6898.1560,NA,NA,NA
ZoomTracks.exe,35460,0x253F08E0920,DXGI,0,512,1,Hardware: Independent Flip,6908.3923,NA,10.10830000000000,10.64040000000000,9.76290000000000,11.21740000000000,11.2330,6908.1852,9.9700,0.2071,9.7629,0.1634,11.2611,1.9045,9.3566,-0.6112,6908.1852,NA,26.0032,26.0032
ZoomTracks.exe,35460,0x253F08E0920,DXGI,0,512,1,Hardware: Independent Flip,6918.3148,NA,9.92250000000000,9.97440000000000,9.81560000000000,10.00550000000000,11.2849,6918.1552,9.9752,0.1596,9.8156,1.4545,8.7106,0.2932,8.4174,-0.0044,6918.1552,NA,NA,NA
ZoomTracks.exe,35460,0x253F08E0920,DXGI,0,512,1,Hardware: Independent Flip,6928.3509,NA,10.03610000000000,9.98870000000000,9.78810000000000,11.23070000000000,11.2375,6928.1304,10.0086,0.2205,9.7881,0.1899,11.2613,1.7673,9.4940,-0.0135,6928.1304,NA,26.9822,26.9822
ZoomTracks.exe,35460,0x253F08E0920,DXGI,0,512,1,Hardware: Independent Flip,6938.3134,NA,9.96250000000000,10.07620000000000,9.83690000000000,10.06830000000000,11.3512,6938.1390,10.0113,0.1744,9.8369,1.4426,8.8001,0.4058,8.3943,-0.0676,6938.1390,NA,NA,NA
ZoomTracks.exe,35460,0x253F08E0920,DXGI,0,512,1,Hardware: Independent Flip,6948.4095,NA,10.09610000000000,8.78910000000000,9.74190000000000,10.01960000000000,10.0442,6948.1503,10.0011,0.2592,9.7419,0.2314,10.0474,0.6986,9.3488,1.2222,6948.1503,NA,NA,NA
ZoomTracks.exe,35460,0x253F08E0920,DXGI,0,512,1,Hardware: Independent Flip,6958.4755,NA,10.06600000000000,10.56700000000000,9.67990000000000,9.88040000000000,10.5452,6958.1514,10.0040,0.3241,9.6799,0.2777,9.9268,0.6174,9.3094,-0.5659,6958.1514,NA,NA,NA
ZoomTracks.exe,35460,0x253F08E0920,DXGI,0,512,1,Hardware: Independent Flip,6968.3963,NA,9.92080000000000,9.43950000000000,9.75040000000000,10.03710000000000,10.0639,6968.1554,9.9913,0.2409,9.7504,0.2005,10.0775,0.7091,9.3684,0.5645,6968.1554,NA,NA,NA
ZoomTracks.exe,35460,0x253F08E0920,DXGI,0,512,1,Hardware: Independent Flip,6978.4588,NA,10.06250000000000,9.95030000000000,9.69040000000000,9.87170000000000,9.9517,6978.1467,10.0025,0.3121,9.6904,0.2867,9.8971,0.5854,9.3117,0.0410,6978.1467,NA,NA,NA
ZoomTracks.exe,35460,0x253F08E0920,DXGI,0,512,1,Hardware: Independent Flip,6988.4449,NA,9.98610000000000,11.20570000000000,9.69780000000000,11.16320000000000,11.1713,6988.1492,9.9935,0.2957,9.6978,0.1813,11.2776,1.9332,9.3444,-1.2032,6988.1492,NA,NA,NA
ZoomTracks.exe,35460,0x253F08E0920,DXGI,0,512,1,Hardware: Independent Flip,6998.2851,NA,9.84020000000000,9.45310000000000,9.88210000000000,10.07980000000000,10.7842,6998.1427,10.0245,0.1424,9.8821,1.4654,8.7568,0.3365,8.4203,0.5404,6998.1427,NA,29.4801,29.4801
ZoomTracks.exe,35460,0x253F08E0920,DXGI,0,512,1,Hardware: Independent Flip,7008.4079,NA,10.12280000000000,10.56830000000000,9.73350000000000,11.22000000000000,11.2297,7008.1672,9.9742,0.2407,9.7335,0.1977,11.2630,1.8997,9.3633,-0.5438,7008.1672,NA,NA,NA
ZoomTracks.exe,35460,0x253F08E0920,DXGI,0,512,1,Hardware: Independent Flip,7018.3108,NA,9.90290000000000,9.97890000000000,9.83720000000000,10.05410000000000,11.3057,7018.1414,10.0066,0.1694,9.8372,1.4865,8.7370,0.3393,8.3977,-0.0047,7018.1414,NA,NA,NA
ZoomTracks.exe,35460,0x253F08E0920,DXGI,0,512,1,Hardware: Independent Flip,7028.3889,NA,10.07810000000000,8.85670000000000,9.75070000000000,10.07590000000000,10.0843,7028.1480,9.9916,0.2409,9.7507,0.2169,10.0999,0.7545,9.3454,1.1499,7028.1480,NA,NA,NA
ZoomTracks.exe,35460,0x253F08E0920,DXGI,0,512,1,Hardware: Independent Flip,7038.2864,NA,9.89750000000000,10.55750000000000,9.85990000000000,10.06690000000000,10.7443,7038.1396,10.0067,0.1468,9.8599,0.3252,9.8885,0.4100,9.4785,-0.5659,7038.1396,NA,NA,NA
ZoomTracks.exe,35460,0x253F08E0920,DXGI,0,512,1,Hardware: Independent Flip,7048.3854,NA,10.09900000000000,9.38560000000000,9.73690000000000,10.02340000000000,10.0309,7048.1463,9.9760,0.2391,9.7369,0.2070,10.0555,0.6976,9.3579,0.6211,7048.1463,NA,NA,NA
ZoomTracks.exe,35460,0x253F08E0920,DXGI,0,512,1,Hardware: Independent Flip,7058.2577,NA,9.87230000000000,10.02410000000000,9.87340000000000,10.06360000000000,10.1827,7058.1223,10.0088,0.1354,9.8734,0.2865,9.9125,0.3694,9.5431,-0.0481,7058.1223,NA,NA,NA
ZoomTracks.exe,35460,0x253F08E0920,DXGI,0,512,1,Hardware: Independent Flip,7068.3662,NA,10.10850000000000,9.96920000000000,9.77550000000000,10.03530000000000,10.0434,7068.1311,10.0106,0.2351,9.7755,0.1902,10.0802,0.6159,9.4643,0.0396,7068.1311,NA,NA,NA
ZoomTracks.exe,35460,0x253F08E0920,DXGI,0,512,1,Hardware: Independent Flip,7078.4384,NA,10.07220000000000,9.98780000000000,9.69960000000000,9.88210000000000,9.9590,7078.1417,9.9963,0.2967,9.6996,0.2598,9.9190,0.6009,9.3181,0.0228,7078.1417,NA,NA,NA
ZoomTracks.exe,35460,0x253F08E0920,DXGI,0,512,1,Hardware: Independent Flip,7088.4552,NA,10.01680000000000,11.18840000000000,9.67910000000000,11.12220000000000,11.1306,7088.1380,9.9963,0.3172,9.6791,0.1825,11.2569,1.8461,9.4108,-1.1921,7088.1380,NA,27.9624,27.9624
ZoomTracks.exe,35460,0x253F08E0920,DXGI,0,512,1,Hardware: Independent Flip,7098.2835,NA,9.82830000000000,9.38290000000000,9.84810000000000,9.99660000000000,10.6852,7098.1343,9.9973,0.1492,9.8481,1.4431,8.7027,0.3038,8.3989,0.6134,7098.1343,NA,NA,NA
ZoomTracks.exe,35460,0x253F08E0920,DXGI,0,512,1,Hardware: Independent Flip,7108.3223,NA,10.03880000000000,10.68970000000000,9.82120000000000,11.32920000000000,11.3361,7108.1316,10.0119,0.1907,9.8212,0.1485,11.3714,1.8299,9.5415,-0.6924,7108.1316,NA,NA,NA
ZoomTracks.exe,35460,0x253F08E0920,DXGI,0,512,1,Hardware: Independent Flip,7118.2874,NA,9.96510000000000,10.00260000000000,9.88710000000000,10.03430000000000,11.3736,7118.1435,10.0310,0.1439,9.8871,1.5080,8.6702,0.2804,8.3898,0.0093,7118.1435,NA,NA,NA
ZoomTracks.exe,35460,0x253F08E0920,DXGI,0,512,1,Hardware: Independent Flip,7128.3716,NA,10.08420000000000,9.88280000000000,9.74780000000000,11.16430000000000,11.1722,7128.1745,9.9449,0.1971,9.7478,0.1472,11.2142,1.8246,9.3896,0.1482,7128.1745,NA,NA,NA
ZoomTracks.exe,35460,0x253F08E0920,DXGI,0,512,1,Hardware: Independent Flip,7138.2509,NA,9.87930000000000,10.12980000000000,9.90940000000000,10.14690000000000,11.4227,7138.1194,10.0409,0.1315,9.9094,1.4165,8.8619,0.3966,8.4653,-0.1849,7138.1194,NA,NA,NA
ZoomTracks.exe,35460,0x253F08E0920,DXGI,0,512,1,Hardware: Independent Flip,7148.4220,NA,10.17110000000000,8.74160000000000,9.69120000000000,9.98610000000000,9.9932,7148.1603,9.9529,0.2617,9.6912,0.2375,10.0103,0.6842,9.3261,1.2993,7148.1603,NA,NA,NA
ZoomTracks.exe,35460,0x253F08E0920,DXGI,0,512,1,Hardware: Independent Flip,7158.2489,NA,9.82690000000000,10.56390000000000,9.90820000000000,10.11570000000000,10.7302,7158.1132,10.0439,0.1357,9.9082,0.2949,9.9565,0.4131,9.5434,-0.6110,7158.1132,NA,NA,NA
ZoomTracks.exe,35460,0x253F08E0920,DXGI,0,512,1,Hardware: Independent Flip,7168.4080,NA,10.15910000000000,9.53610000000000,9.75890000000000,10.07910000000000,10.1072,7168.1571,10.0098,0.2509,9.7589,0.2075,10.1225,0.7637,9.3588,0.5078,7168.1571,NA,NA,NA
ZoomTracks.exe,35460,0x253F08E0920,DXGI,0,512,1,Hardware: Independent Flip,7178.5161,NA,10.10810000000000,9.97050000000000,9.64060000000000,9.94370000000000,9.9696,7178.1669,9.9898,0.3492,9.6406,0.3202,9.9727,0.7359,9.2368,0.0393,7178.1669,NA,28.8788,28.8788
ZoomTracks.exe,35460,0x253F08E0920,DXGI,0,512,1,Hardware: Independent Flip,7188.2866,NA,9.77050000000000,11.18780000000000,9.85300000000000,11.37470000000000,11.3869,7188.1567,9.9829,0.1299,9.8530,0.3031,11.2015,1.9284,9.2731,-1.1980,7188.1567,NA,NA,NA
ZoomTracks.exe,35460,0x253F08E0920,DXGI,0,512,1,Hardware: Independent Flip,7198.3021,NA,10.01550000000000,9.32390000000000,9.84930000000000,10.01850000000000,10.6953,7198.1396,10.0118,0.1625,9.8493,1.5217,8.6593,0.3116,8.3477,0.6590,7198.1396,NA,29.3982,29.3982
ZoomTracks.exe,35460,0x253F08E0920,DXGI,0,512,1,Hardware: Independent Flip,7208.3626,NA,10.06050000000000,10.66550000000000,9.78640000000000,11.29210000000000,11.3003,7208.1514,9.9976,0.2112,9.7864,0.1692,11.3341,1.9551,9.3790,-0.6537,7208.1514,NA,NA,NA
ZoomTracks.exe,35460,0x253F08E0920,DXGI,0,512,1,Hardware: Independent Flip,7218.3057,NA,9.94310000000000,10.04950000000000,9.84950000000000,10.07250000000000,11.4067,7218.1490,10.0062,0.1567,9.8495,1.5057,8.7235,0.3462,8.3773,-0.0519,7218.1490,NA,NA,NA
ZoomTracks.exe,35460,0x253F08E0920,DXGI,0,512,1,Hardware: Independent Flip,7228.4284,NA,10.12270000000000,9.87270000000000,9.74930000000000,11.15050000000000,11.1567,7228.1552,10.0225,0.2732,9.7493,0.2230,11.2007,1.8707,9.3300,0.1335,7228.1552,NA,NA,NA
ZoomTracks.exe,35460,0x253F08E0920,DXGI,0,512,1,Hardware: Independent Flip,7238.3564,NA,9.92800000000000,9.99650000000000,9.79420000000000,9.94450000000000,11.2252,7238.1777,9.9729,0.1787,9.7942,1.4012,8.7220,0.3056,8.4164,0.0260,7238.1777,NA,NA,NA
ZoomTracks.exe,35460,0x253F08E0920,DXGI,0,512,1,Hardware: Independent Flip,7248.3419,NA,9.98550000000000,8.81640000000000,9.78490000000000,10.04970000000000,10.0561,7248.1506,9.9762,0.1913,9.7849,0.1503,10.0907,0.6094,9.4813,1.1565,7248.1506,NA,NA,NA
ZoomTracks.exe,35460,0x253F08E0920,DXGI,0,512,1,Hardware: Independent Flip,7258.2616,NA,9.91970000000000,10.60170000000000,9.87080000000000,10.02340000000000,10.7381,7258.1268,10.0056,0.1348,9.8708,0.2648,9.8934,0.3207,9.5727,-0.6255,7258.1268,NA,NA,NA
ZoomTracks.exe,35460,0x253F08E0920,DXGI,0,512,1,Hardware: Independent Flip,7268.3273,NA,10.06570000000000,9.39530000000000,9.79890000000000,10.06150000000000,10.0677,7268.1324,9.9938,0.1949,9.7989,0.1526,10.1038,0.6253,9.4785,0.6103,7268.1324,NA,NA,NA
ZoomTracks.exe,35460,0x253F08E0920,DXGI,0,512,1,Hardware: Independent Flip,7278.2991,NA,9.97180000000000,10.10760000000000,9.88290000000000,10.07830000000000,10.2035,7278.1262,10.0558,0.1729,9.8829,0.2626,9.9886,0.4296,9.5590,-0.1138,7278.1262,NA,25.8978,25.8978
ZoomTracks.exe,35460,0x253F08E0920,DXGI,0,512,1,Hardware: Independent Flip,7288.4216,NA,10.12250000000000,11.18070000000000,9.77430000000000,11.25160000000000,11.2617,7288.1820,10.0139,0.2396,9.7743,0.1954,11.2958,1.9237,9.3721,-1.1249,7288.1820,NA,NA,NA
ZoomTracks.exe,35460,0x253F08E0920,DXGI,0,512,1,Hardware: Independent Flip,7298.3875,NA,9.96590000000000,9.28430000000000,9.76380000000000,9.91710000000000,10.5801,7298.1959,9.9554,0.1916,9.7638,1.4773,8.6314,0.2815,8.3499,0.7296,7298.1959,NA,NA,NA
ZoomTracks.exe,35460,0x253F08E0920,DXGI,0,512,1,Hardware: Independent Flip,7308.3488,NA,9.96130000000000,10.67750000000000,9.82260000000000,11.28820000000000,11.2963,7308.1513,10.0201,0.1975,9.8226,0.1533,11.3324,1.8689,9.4635,-0.7221,7308.1513,NA,NA,NA
ZoomTracks.exe,35460,0x253F08E0920,DXGI,0,512,1,Hardware: Independent Flip,7318.3211,NA,9.97230000000000,10.01310000000000,9.82900000000000,10.00760000000000,11.3371,7318.1714,9.9787,0.1497,9.8290,1.4656,8.6917,0.3028,8.3889,0.0070,7318.1714,NA,NA,NA
ZoomTracks.exe,35460,0x253F08E0920,DXGI,0,512,1,Hardware: Independent Flip,7328.3609,NA,10.03980000000000,8.84080000000000,9.81470000000000,10.11740000000000,10.1381,7328.1501,10.0255,0.2108,9.8147,0.1786,10.1496,0.6896,9.4600,1.1379,7328.1501,NA,NA,NA
ZoomTracks.exe,35460,0x253F08E0920,DXGI,0,512,1,Hardware: Independent Flip,7338.5462,NA,10.18530000000000,10.57910000000000,9.62410000000000,9.79360000000000,10.5319,7338.1756,9.9947,0.3706,9.6241,0.3027,9.8615,0.6130,9.2485,-0.5536,7338.1756,NA,NA,NA
ZoomTracks.exe,35460,0x253F08E0920,DXGI,0,512,1,Hardware: Independent Flip,7348.3862,NA,9.84000000000000,9.32010000000000,9.73700000000000,10.00360000000000,10.0120,7348.1703,9.9529,0.2159,9.7370,0.1695,10.0500,0.6067,9.4433,0.6746,7348.1703,NA,NA,NA
ZoomTracks.exe,35460,0x253F08E0920,DXGI,0,512,1,Hardware: Independent Flip,7358.4292,NA,10.04300000000000,9.98970000000000,9.69990000000000,9.85800000000000,9.9587,7358.1232,10.0059,0.3060,9.6999,0.2666,9.8974,0.5548,9.3426,-0.0368,7358.1232,NA,28.7555,28.7555
ZoomTracks.exe,35460,0x253F08E0920,DXGI,0,512,1,Hardware: Independent Flip,7368.3306,NA,9.90140000000000,9.94480000000000,9.81880000000000,9.99350000000000,10.0021,7368.1291,10.0203,0.2015,9.8188,0.1581,10.0369,0.5392,9.4977,0.0611,7368.1291,NA,NA,NA
ZoomTracks.exe,35460,0x253F08E0920,DXGI,0,512,1,Hardware: Independent Flip,7378.4763,NA,10.14570000000000,10.08940000000000,9.66620000000000,9.92270000000000,9.9458,7378.1494,9.9931,0.3269,9.6662,0.1747,10.0749,0.7390,9.3359,-0.0691,7378.1494,NA,29.8333,29.8333
ZoomTracks.exe,35460,0x253F08E0920,DXGI,0,512,1,Hardware: Independent Flip,7388.4390,NA,9.96270000000000,10.02440000000000,9.71520000000000,9.98470000000000,10.0075,7388.1425,10.0117,0.2965,9.7152,0.2565,10.0247,0.6765,9.3482,-0.0313,7388.1425,NA,NA,NA
ZoomTracks.exe,35460,0x253F08E0920,DXGI,0,512,1,Hardware: Independent Flip,7398.4731,NA,10.03410000000000,9.99060000000000,9.68060000000000,9.94030000000000,9.9640,7398.1542,9.9995,0.3189,9.6806,0.2695,9.9897,0.6877,9.3020,0.0211,7398.1542,NA,NA,NA
ZoomTracks.exe,35460,0x253F08E0920,DXGI,0,512,1,Hardware: Independent Flip,7408.4584,NA,9.98530000000000,9.99130000000000,9.69990000000000,9.95160000000000,9.9700,7408.1537,10.0046,0.3047,9.6999,0.2597,9.9966,0.6690,9.3276,0.0082,7408.1537,NA,NA,NA
ZoomTracks.exe,35460,0x253F08E0920,DXGI,0,512,1,Hardware: Independent Flip,7418.4660,NA,10.00760000000000,10.06030000000000,9.70890000000000,9.98710000000000,10.0227,7418.1583,10.0166,0.3077,9.7089,0.2517,10.0431,0.7140,9.3291,-0.0557,7418.1583,NA,NA,NA
ZoomTracks.exe,35460,0x253F08E0920,DXGI,0,512,1,Hardware: Independent Flip,7428.5233,NA,10.05730000000000,9.92430000000000,9.63690000000000,9.86540000000000,9.8897,7428.1749,9.9853,0.3484,9.6369,0.2782,9.9356,0.6512,9.2844,0.0923,7428.1749,NA,NA,NA
ZoomTracks.exe,35460,0x253F08E0920,DXGI,0,512,1,Hardware: Independent Flip,7438.4556,NA,9.93230000000000,9.97540000000000,9.70820000000000,9.91300000000000,9.9328,7438.1602,10.0036,0.2954,9.7082,0.2285,9.9799,0.6258,9.3541,0.0099,7438.1602,NA,NA,NA
ZoomTracks.exe,35460,0x253F08E0920,DXGI,0,512,1,Hardware: Independent Flip,7448.4287,NA,9.97310000000000,10.05160000000000,9.71750000000000,9.98970000000000,10.0113,7448.1638,9.9824,0.2649,9.7175,0.2048,10.0498,0.6898,9.3600,-0.0480,7448.1638,NA,21.8351,21.8351
ZoomTracks.exe,35460,0x253F08E0920,DXGI,0,512,1,Hardware: Independent Flip,7458.4641,NA,10.03540000000000,9.91960000000000,9.66710000000000,9.87670000000000,9.8955,7458.1462,9.9850,0.3179,9.6671,0.2722,9.9224,0.5958,9.3266,0.0628,7458.1462,NA,NA,NA
ZoomTracks.exe,35460,0x253F08E0920,DXGI,0,512,1,Hardware: Independent Flip,7468.3969,NA,9.93280000000000,10.01820000000000,9.71980000000000,9.96170000000000,9.9809,7468.1312,9.9855,0.2657,9.7198,0.2096,10.0178,0.6480,9.3698,-0.0332,7468.1312,NA,NA,NA
ZoomTracks.exe,35460,0x253F08E0920,DXGI,0,512,1,Hardware: Independent Flip,7478.4292,NA,10.03230000000000,10.15320000000000,9.81160000000000,10.00460000000000,10.1018,7478.1167,10.1241,0.3125,9.8116,0.2419,10.0752,0.6776,9.3976,-0.1677,7478.1167,NA,NA,NA
ZoomTracks.exe,35460,0x253F08E0920,DXGI,0,512,1,Hardware: Independent Flip,7488.5886,NA,10.15940000000000,9.91000000000000,9.64170000000000,9.83850000000000,9.8524,7488.2408,9.9895,0.3478,9.6417,0.1930,9.9933,0.7595,9.2338,0.2141,7488.2408,NA,NA,NA
ZoomTracks.exe,35460,0x253F08E0920,DXGI,0,512,1,Hardware: Independent Flip,7498.5944,NA,10.00580000000000,10.01780000000000,9.66960000000000,9.85300000000000,9.8644,7498.2303,10.0337,0.3641,9.6696,0.1968,10.0203,0.7072,9.3131,-0.0283,7498.2303,NA,NA,NA
ZoomTracks.exe,35460,0x253F08E0920,DXGI,0,512,1,Hardware: Independent Flip,7508.6272,NA,10.03280000000000,10.02940000000000,9.64320000000000,9.76950000000000,9.8610,7508.2640,10.0064,0.3632,9.6432,0.1834,9.9493,0.7736,9.1757,0.0043,7508.2640,NA,NA,NA
ZoomTracks.exe,35460,0x253F08E0920,DXGI,0,512,1,Hardware: Independent Flip,7518.5650,NA,9.93780000000000,9.96340000000000,9.66320000000000,9.86650000000000,9.8866,7518.2704,9.9578,0.2946,9.6632,0.1263,10.0348,0.7772,9.2576,0.0430,7518.2704,NA,NA,NA
ZoomTracks.exe,35460,0x253F08E0920,DXGI,0,512,1,Hardware: Independent Flip,7528.6103,NA,10.04530000000000,10.01540000000000,9.54170000000000,9.75970000000000,9.8567,7528.2282,9.9238,0.3821,9.5417,0.2033,9.9385,0.6819,9.2566,-0.0576,7528.2282,NA,12.8585,12.8585
ZoomTracks.exe,35460,0x253F08E0920,DXGI,0,512,1,Hardware: Independent Flip,7538.3952,NA,9.78490000000000,9.98280000000000,9.78980000000000,10.02800000000000,10.0546,7538.1520,10.0330,0.2432,9.7898,0.2180,10.0532,0.7189,9.3343,-0.0590,7538.1520,NA,NA,NA
ZoomTracks.exe,35460,0x253F08E0920,DXGI,0,512,1,Hardware: Independent Flip,7548.4960,NA,10.10080000000000,9.95240000000000,9.65230000000000,9.88530000000000,9.9062,7548.1850,9.9633,0.3110,9.6523,0.2382,9.9581,0.6704,9.2877,0.0806,7548.1850,NA,16.7954,16.7954
ZoomTracks.exe,35460,0x253F08E0920,DXGI,0,512,1,Hardware: Independent Flip,7558.4394,NA,9.94340000000000,9.96850000000000,9.69660000000000,9.90950000000000,9.9313,7558.1483,9.9877,0.2911,9.6966,0.2330,9.9676,0.6190,9.3486,-0.0052,7558.1483,NA,NA,NA
ZoomTracks.exe,35460,0x253F08E0920,DXGI,0,512,1,Hardware: Independent Flip,7568.4083,NA,9.96890000000000,10.07040000000000,9.71600000000000,9.94410000000000,10.0328,7568.1360,9.9883,0.2723,9.7160,0.2129,10.0035,0.6329,9.3706,-0.0827,7568.1360,NA,NA,NA
ZoomTracks.exe,35460,0x253F08E0920,DXGI,0,512,1,Hardware: Independent Flip,7578.2487,NA,9.84040000000000,9.96240000000000,9.87570000000000,10.14510000000000,10.1548,7578.1243,10.0001,0.1244,9.8757,0.2281,10.0414,0.5247,9.5167,0.0259,7578.1243,NA,NA,NA
ZoomTracks.exe,35460,0x253F08E0920,DXGI,0,512,1,Hardware: Independent Flip,7588.4343,NA,10.18560000000000,9.98420000000000,9.71220000000000,9.93130000000000,9.9534,7588.1244,10.0221,0.3099,9.7122,0.2694,9.9718,0.6645,9.3073,0.0159,7588.1244,NA,NA,NA
ZoomTracks.exe,35460,0x253F08E0920,DXGI,0,512,1,Hardware: Independent Flip,7598.4073,NA,9.97300000000000,10.04500000000000,9.71990000000000,10.01720000000000,10.0254,7598.1465,9.9807,0.2608,9.7199,0.2191,10.0589,0.7097,9.3492,-0.0229,7598.1465,NA,NA,NA
ZoomTracks.exe,35460,0x253F08E0920,DXGI,0,512,1,Hardware: Independent Flip,7608.2738,NA,9.86650000000000,9.99800000000000,9.87610000000000,10.13320000000000,10.1569,7608.1272,10.0227,0.1466,9.8761,0.2973,9.9825,0.4348,9.5477,-0.0173,7608.1272,NA,NA,NA
ZoomTracks.exe,35460,0x253F08E0920,DXGI,0,512,1,Hardware: Independent Flip,7618.4594,NA,10.18560000000000,9.96750000000000,9.69520000000000,9.91520000000000,9.9388,7618.1499,10.0047,0.3095,9.6952,0.2571,9.9676,0.6627,9.3049,0.0552,7618.1499,NA,NA,NA
ZoomTracks.exe,35460,0x253F08E0920,DXGI,0,512,1,Hardware: Independent Flip,7628.4264,NA,9.96700000000000,10.03280000000000,9.71650000000000,9.98230000000000,10.0046,7628.1546,9.9883,0.2718,9.7165,0.2200,10.0341,0.6869,9.3472,-0.0281,7628.1546,NA,16.8323,16.8323
ZoomTracks.exe,35460,0x253F08E0920,DXGI,0,512,1,Hardware: Independent Flip,7638.4693,NA,10.04290000000000,9.95250000000000,9.70330000000000,9.89640000000000,9.9142,7638.1429,10.0297,0.3264,9.7033,0.2658,9.9570,0.6181,9.3389,0.0358,7638.1429,NA,NA,NA
ZoomTracks.exe,35460,0x253F08E0920,DXGI,0,512,1,Hardware: Independent Flip,7648.4217,NA,9.95240000000000,10.02170000000000,9.72420000000000,9.96100000000000,9.9835,7648.1726,9.9733,0.2491,9.7242,0.1931,10.0170,0.6557,9.3613,0.0080,7648.1726,NA,NA,NA
ZoomTracks.exe,35460,0x253F08E0920,DXGI,0,512,1,Hardware: Independent Flip,7658.4260,NA,10.00430000000000,9.93000000000000,9.68650000000000,9.89040000000000,9.9092,7658.1459,9.9666,0.2801,9.6865,0.2368,9.9337,0.5999,9.3338,0.0433,7658.1459,NA,NA,NA
ZoomTracks.exe,35460,0x253F08E0920,DXGI,0,512,1,Hardware: Independent Flip,7668.3707,NA,9.94470000000000,10.03640000000000,9.74990000000000,9.99180000000000,10.0009,7668.1125,10.0081,0.2582,9.7499,0.2039,10.0461,0.6342,9.4119,-0.0698,7668.1125,NA,NA,NA
ZoomTracks.exe,35460,0x253F08E0920,DXGI,0,512,1,Hardware: Independent Flip,7678.4234,NA,10.05270000000000,10.10140000000000,9.69570000000000,9.91490000000000,10.0496,7678.1206,9.9985,0.3028,9.6957,0.2419,9.9758,0.6148,9.3610,-0.0933,7678.1206,NA,NA,NA
ZoomTracks.exe,35460,0x253F08E0920,DXGI,0,512,1,Hardware: Independent Flip,7688.2420,NA,9.81860000000000,9.99030000000000,9.92100000000000,10.19980000000000,10.2213,7688.1191,10.0439,0.1229,9.9210,0.2192,10.1035,0.5507,9.5528,0.0082,7688.1191,NA,NA,NA
ZoomTracks.exe,35460,0x253F08E0920,DXGI,0,512,1,Hardware: Independent Flip,7698.4846,NA,10.24260000000000,9.94180000000000,9.65600000000000,9.89500000000000,9.9205,7698.1630,9.9776,0.3216,9.6560,0.2788,9.9378,0.6498,9.2880,0.1021,7698.1630,NA,NA,NA
ZoomTracks.exe,35460,0x253F08E0920,DXGI,0,512,1,Hardware: Independent Flip,7708.4408,NA,9.95620000000000,10.10620000000000,9.74310000000000,10.04490000000000,10.0705,7708.1406,10.0433,0.3002,9.7431,0.2390,10.1061,0.7315,9.3746,-0.1286,7708.1406,NA,10.8938,10.8938
ZoomTracks.exe,35460,0x253F08E0920,DXGI,0,512,1,Hardware: Independent Flip,7718.5297,NA,10.08890000000000,10.02890000000000,9.62950000000000,9.84780000000000,10.0105,7718.1839,9.9753,0.3458,9.6295,0.3018,9.8918,0.6433,9.2485,0.0144,7718.1839,NA,NA,NA
ZoomTracks.exe,35460,0x253F08E0920,DXGI,0,512,1,Hardware: Independent Flip,7728.4180,NA,9.88830000000000,9.89120000000000,9.74250000000000,9.99280000000000,10.0134,7728.1592,10.0013,0.2588,9.7425,0.2183,10.0333,0.7011,9.3322,0.0841,7728.1592,NA,NA,NA
ZoomTracks.exe,35460,0x253F08E0920,DXGI,0,512,1,Hardware: Independent Flip,7738.4731,NA,10.05510000000000,10.03870000000000,9.67240000000000,9.97200000000000,9.9970,7738.1605,9.9850,0.3126,9.6724,0.2503,10.0343,0.7083,9.3260,-0.0374,7738.1605,NA,27.8676,27.8676
ZoomTracks.exe,35460,0x253F08E0920,DXGI,0,512,1,Hardware: Independent Flip,7748.4876,NA,10.01450000000000,9.93650000000000,9.66280000000000,9.89960000000000,9.9190,7748.1455,10.0049,0.3421,9.6628,0.2996,9.9421,0.6459,9.2962,0.0485,7748.1455,NA,NA,NA
ZoomTracks.exe,35460,0x253F08E0920,DXGI,0,512,1,Hardware: Independent Flip,7758.4424,NA,9.95480000000000,10.00870000000000,9.69850000000000,9.96000000000000,9.9729,7758.1504,9.9905,0.2920,9.6985,0.2368,10.0152,0.6729,9.3423,-0.0038,7758.1504,NA,NA,NA
ZoomTracks.exe,35460,0x253F08E0920,DXGI,0,512,1,Hardware: Independent Flip,7768.4491,NA,10.00670000000000,10.02190000000000,9.69870000000000,9.97130000000000,9.9881,7768.1409,10.0069,0.3082,9.6987,0.2615,10.0180,0.6912,9.3268,-0.0314,7768.1409,NA,NA,NA
ZoomTracks.exe,35460,0x253F08E0920,DXGI,0,512,1,Hardware: Independent Flip,7778.4767,NA,10.02760000000000,9.97220000000000,9.66360000000000,9.92600000000000,9.9327,7778.1478,9.9925,0.3289,9.6636,0.2726,9.9823,0.6411,9.3412,0.0347,7778.1478,NA,NA,NA
ZoomTracks.exe,35460,0x253F08E0920,DXGI,0,512,1,Hardware: Independent Flip,7788.2644,NA,9.78770000000000,10.05180000000000,9.88430000000000,10.17620000000000,10.1968,7788.1403,10.0084,0.1241,9.8843,0.2624,10.0379,0.4950,9.5429,-0.0593,7788.1403,NA,NA,NA
ZoomTracks.exe,35460,0x253F08E0920,DXGI,0,512,1,Hardware: Independent Flip,7798.4958,NA,10.23140000000000,9.94370000000000,9.64340000000000,9.90070000000000,9.9091,7798.1487,9.9905,0.3471,9.6434,0.2919,9.9559,0.6516,9.3043,0.0647,7798.1487,NA,NA,NA
ZoomTracks.exe,35460,0x253F08E0920,DXGI,0,512,1,Hardware: Independent Flip,7808.4440,NA,9.94820000000000,10.01040000000000,9.72530000000000,9.95170000000000,9.9713,7808.1392,10.0301,0.3048,9.7253,0.2573,9.9992,0.6870,9.3122,-0.0199,7808.1392,NA,22.7742,22.7742
ZoomTracks.exe,35460,0x253F08E0920,DXGI,0,512,1,Hardware: Independent Flip,7818.4523,NA,10.00830000000000,10.01090000000000,9.70210000000000,9.95280000000000,9.9739,7818.1693,9.9851,0.2830,9.7021,0.2264,10.0094,0.6649,9.3445,0.0192,7818.1693,NA,27.8413,27.8413
ZoomTracks.exe,35460,0x253F08E0920,DXGI,0,512,1,Hardware: Independent Flip,7828.4639,NA,10.01160000000000,9.99060000000000,9.68850000000000,9.92940000000000,9.9529,7828.1544,9.9980,0.3095,9.6885,0.2507,9.9882,0.6537,9.3345,-0.0055,7828.1544,NA,NA,NA
ZoomTracks.exe,35460,0x253F08E0920,DXGI,0,512,1,Hardware: Independent Flip,7838.4582,NA,9.99430000000000,9.98530000000000,9.69740000000000,9.92240000000000,9.9439,7838.1524,10.0032,0.3058,9.6974,0.2409,9.9873,0.6507,9.3366,0.0127,7838.1524,NA,NA,NA
ZoomTracks.exe,35460,0x253F08E0920,DXGI,0,512,1,Hardware: Independent Flip,7848.4607,NA,10.00250000000000,10.04370000000000,9.68010000000000,9.96420000000000,9.9851,7848.1556,9.9852,0.3051,9.6801,0.2250,10.0443,0.7022,9.3421,-0.0405,7848.1556,NA,NA,NA
ZoomTracks.exe,35460,0x253F08E0920,DXGI,0,512,1,Hardware: Independent Flip,7858.4743,NA,10.01360000000000,10.07360000000000,9.66700000000000,9.97590000000000,10.0451,7858.1408,10.0005,0.3335,9.6670,0.2841,10.0253,0.7075,9.3178,-0.0884,7858.1408,NA,NA,NA
ZoomTracks.exe,35460,0x253F08E0920,DXGI,0,512,1,Hardware: Independent Flip,7868.2991,NA,9.82480000000000,9.87890000000000,9.82550000000000,10.07080000000000,10.0992,7868.1413,9.9833,0.1578,9.8255,0.3089,9.9197,0.4273,9.4924,0.1216,7868.1413,NA,NA,NA
ZoomTracks.exe,35460,0x253F08E0920,DXGI,0,512,1,Hardware: Independent Flip,7878.4321,NA,10.13300000000000,9.99080000000000,9.69930000000000,9.93640000000000,9.9570,7878.1246,10.0068,0.3075,9.6993,0.2453,9.9986,0.6423,9.3563,-0.0075,7878.1246,NA,NA,NA
ZoomTracks.exe,35460,0x253F08E0920,DXGI,0,512,1,Hardware: Independent Flip,7888.4400,NA,10.00790000000000,10.07920000000000,9.71190000000000,9.90270000000000,10.0283,7888.1314,10.0205,0.3086,9.7119,0.2371,9.9742,0.6182,9.3560,-0.0724,7888.1314,NA,20.8738,20.8738
ZoomTracks.exe,35460,0x253F08E0920,DXGI,0,512,1,Hardware: Independent Flip,7898.3876,NA,9.94760000000000,9.93400000000000,9.73320000000000,10.00490000000000,10.0147,7898.1519,9.9689,0.2357,9.7332,0.1908,10.0498,0.6806,9.3692,0.0865,7898.1519,NA,NA,NA
ZoomTracks.exe,35460,0x253F08E0920,DXGI,0,512,1,Hardware: Independent Flip,7908.4384,NA,10.05080000000000,10.00720000000000,9.71250000000000,9.88660000000000,9.9711,7908.1208,10.0301,0.3176,9.7125,0.2717,9.9325,0.5921,9.3404,-0.0383,7908.1208,NA,24.8144,24.8144
ZoomTracks.exe,35460,0x253F08E0920,DXGI,0,512,1,Hardware: Independent Flip,7918.4611,NA,10.02270000000000,10.04160000000000,9.68090000000000,9.96500000000000,9.9900,7918.1509,9.9911,0.3102,9.6809,0.1741,10.1011,0.7135,9.3876,-0.0115,7918.1509,NA,NA,NA
ZoomTracks.exe,35460,0x253F08E0920,DXGI,0,512,1,Hardware: Independent Flip,7928.4729,NA,10.01180000000000,10.01880000000000,9.67950000000000,9.97190000000000,9.9970,7928.1420,10.0104,0.3309,9.6795,0.2841,10.0187,0.7516,9.2671,-0.0277,7928.1420,NA,NA,NA
ZoomTracks.exe,35460,0x253F08E0920,DXGI,0,512,1,Hardware: Independent Flip,7938.4906,NA,10.01770000000000,10.00040000000000,9.71390000000000,9.95520000000000,9.9797,7938.1524,10.0521,0.3382,9.7139,0.2924,10.0010,0.6818,9.3192,0.0100,7938.1524,NA,NA,NA
ZoomTracks.exe,35460,0x253F08E0920,DXGI,0,512,1,Hardware: Independent Flip,7948.5169,NA,10.02630000000000,10.01020000000000,9.65180000000000,9.93350000000000,9.9636,7948.2045,9.9642,0.3124,9.6518,0.2413,10.0046,0.7234,9.2812,0.0419,7948.2045,NA,NA,NA
ZoomTracks.exe,35460,0x253F08E0920,DXGI,0,512,1,Hardware: Independent Flip,7958.5024,NA,9.98550000000000,9.90410000000000,9.63870000000000,9.86270000000000,9.8822,7958.1687,9.9724,0.3337,9.6387,0.2817,9.9147,0.6417,9.2730,0.0601,7958.1687,NA,NA,NA
ZoomTracks.exe,35460,0x253F08E0920,DXGI,0,512,1,Hardware: Independent Flip,7968.4249,NA,9.92250000000000,10.07970000000000,9.74230000000000,10.01870000000000,10.0394,7968.1411,10.0261,0.2838,9.7423,0.2240,10.0785,0.7234,9.3551,-0.1073,7968.1411,NA,NA,NA
ZoomTracks.exe,35460,0x253F08E0920,DXGI,0,512,1,Hardware: Independent Flip,7978.4927,NA,10.06780000000000,10.04160000000000,9.72480000000000,9.91580000000000,10.0132,7978.1672,10.0503,0.3255,9.7248,0.2764,9.9649,0.6503,9.3146,-0.0155,7978.1672,NA,NA,NA
ZoomTracks.exe,35460,0x253F08E0920,DXGI,0,512,1,Hardware: Independent Flip,7988.4610,NA,9.96830000000000,9.95150000000000,9.78740000000000,9.98060000000000,9.9964,7988.2175,10.0309,0.2435,9.7874,0.1910,10.0331,0.6803,9.3528,0.0988,7988.2175,NA,29.8370,29.8370
ZoomTracks.exe,35460,0x253F08E0920,DXGI,0,512,1,Hardware: Independent Flip,7998.6063,NA,10.14530000000000,10.00740000000000,9.59350000000000,9.83430000000000,9.8585,7998.2484,9.9514,0.3579,9.5935,0.1932,9.9990,0.9219,9.0771,0.0235,7998.2484,NA,22.8330,22.8330
ZoomTracks.exe,35460,0x253F08E0920,DXGI,0,512,1,Hardware: Independent Flip,8008.5296,NA,9.92330000000000,9.89510000000000,9.59990000000000,9.81390000000000,9.8303,8008.1998,9.9297,0.3298,9.5999,0.2408,9.9029,0.6334,9.2695,0.0563,8008.1998,NA,NA,NA
ZoomTracks.exe,35460,0x253F08E0920,DXGI,0,512,1,Hardware: Independent Flip,8018.4808,NA,9.95120000000000,10.00400000000000,9.65880000000000,9.86460000000000,9.8831,8018.1295,10.0101,0.3513,9.6588,0.2140,10.0019,0.6074,9.3945,-0.0743,8018.1295,NA,NA,NA
ZoomTracks.exe,35460,0x253F08E0920,DXGI,0,512,1,Hardware: Independent Flip,8028.4149,NA,9.93410000000000,10.08720000000000,9.75520000000000,10.01330000000000,10.0362,8028.1396,10.0305,0.2753,9.7552,0.2058,10.0828,0.6977,9.3851,-0.0771,8028.1396,NA,NA,NA
ZoomTracks.exe,35460,0x253F08E0920,DXGI,0,512,1,Hardware: Independent Flip,8038.4896,NA,10.07470000000000,9.95080000000000,9.66830000000000,9.89220000000000,9.9123,8038.1701,9.9878,0.3195,9.6683,0.2581,9.9536,0.6582,9.2954,0.0797,8038.1701,NA,NA,NA
ZoomTracks.exe,35460,0x253F08E0920,DXGI,0,512,1,Hardware: Independent Flip,8048.4434,NA,9.95380000000000,10.08560000000000,9.75070000000000,10.02120000000000,10.0441,8048.1579,10.0362,0.2855,9.7507,0.2239,10.0828,0.7236,9.3592,-0.0978,8048.1579,NA,NA,NA
ZoomTracks.exe,35460,0x253F08E0920,DXGI,0,512,1,Hardware: Independent Flip,8058.5141,NA,10.07070000000000,9.94320000000000,9.64920000000000,9.82850000000000,9.9166,8058.1941,9.9692,0.3200,9.6492,0.2705,9.8780,0.6095,9.2685,0.0930,8058.1941,NA,21.7676,21.7676
ZoomTracks.exe,35460,0x253F08E0920,DXGI,0,512,1,Hardware: Independent Flip,8068.3828,NA,9.86870000000000,9.99370000000000,9.75620000000000,10.00760000000000,10.0416,8068.1633,9.9757,0.2195,9.7562,0.1793,10.0478,0.5869,9.4609,-0.0245,8068.1633,NA,NA,NA
ZoomTracks.exe,35460,0x253F08E0920,DXGI,0,512,1,Hardware: Independent Flip,8078.4549,NA,10.07210000000000,10.03440000000000,9.69290000000000,9.91530000000000,10.0039,8078.1390,10.0088,0.3159,9.6929,0.2514,9.9798,0.6540,9.3258,-0.0587,8078.1390,NA,NA,NA
ZoomTracks.exe,35460,0x253F08E0920,DXGI,0,512,1,Hardware: Independent Flip,8088.4959,NA,10.04100000000000,9.94990000000000,9.64450000000000,9.89140000000000,9.9128,8088.1478,9.9926,0.3481,9.6445,0.2224,10.0171,0.6826,9.3345,0.0589,8088.1478,NA,NA,NA
ZoomTracks.exe,35460,0x253F08E0920,DXGI,0,512,1,Hardware: Independent Flip,8098.4378,NA,9.94190000000000,10.00120000000000,9.70200000000000,9.94630000000000,9.9721,8098.1404,9.9994,0.2974,9.7020,0.2469,9.9968,0.6512,9.3456,-0.0086,8098.1404,NA,NA,NA
ZoomTracks.exe,35460,0x253F08E0920,DXGI,0,512,1,Hardware: Independent Flip,8108.4380,NA,10.00020000000000,9.95690000000000,9.69110000000000,9.90760000000000,9.9288,8108.1398,9.9893,0.2982,9.6911,0.2443,9.9615,0.6332,9.3283,0.0425,8108.1398,NA,NA,NA
ZoomTracks.exe,35460,0x253F08E0920,DXGI,0,512,1,Hardware: Independent Flip,8118.3934,NA,9.95540000000000,10.03390000000000,9.76350000000000,9.98450000000000,10.0073,8118.1291,10.0278,0.2643,9.7635,0.2165,10.0323,0.6570,9.3753,-0.0446,8118.1291,NA,NA,NA
ZoomTracks.exe,35460,0x253F08E0920,DXGI,0,512,1,Hardware: Independent Flip,8128.4622,NA,10.06880000000000,10.00310000000000,9.69440000000000,9.92260000000000,9.9416,8128.1569,9.9997,0.3053,9.6944,0.2210,10.0069,0.6515,9.3554,0.0247,8128.1569,NA,NA,NA
ZoomTracks.exe,35460,0x253F08E0920,DXGI,0,512,1,Hardware: Independent Flip,8138.4404,NA,9.97820000000000,10.03660000000000,9.73910000000000,9.97950000000000,10.0000,8138.1566,10.0229,0.2838,9.7391,0.2282,10.0351,0.6543,9.3808,-0.0369,8138.1566,NA,NA,NA
ZoomTracks.exe,35460,0x253F08E0920,DXGI,0,512,1,Hardware: Independent Flip,8148.4806,NA,10.04020000000000,10.00240000000000,9.68740000000000,9.87320000000000,9.9622,8148.1795,9.9885,0.3011,9.6874,0.2404,9.9339,0.6242,9.3097,0.0205,8148.1795,NA,NA,NA
ZoomTracks.exe,35460,0x253F08E0920,DXGI,0,512,1,Hardware: Independent Flip,8158.4804,NA,9.99980000000000,10.00200000000000,9.66650000000000,9.93270000000000,9.9644,8158.1680,9.9789,0.3124,9.6665,0.1858,10.0593,0.7504,9.3089,-0.0135,8158.1680,NA,29.8403,29.8403
ZoomTracks.exe,35460,0x253F08E0920,DXGI,0,512,1,Hardware: Independent Flip,8168.4888,NA,10.00840000000000,10.02680000000000,9.67920000000000,9.87040000000000,9.9828,8168.1469,10.0211,0.3419,9.6792,0.2662,9.9461,0.6470,9.2991,-0.0479,8168.1469,NA,NA,NA
ZoomTracks.exe,35460,0x253F08E0920,DXGI,0,512,1,Hardware: Independent Flip,8178.4045,NA,9.91570000000000,9.95220000000000,9.74100000000000,9.99900000000000,10.0193,8178.1680,9.9775,0.2365,9.7410,0.1912,10.0443,0.6900,9.3543,0.0689,8178.1680,NA,NA,NA
ZoomTracks.exe,35460,0x253F08E0920,DXGI,0,512,1,Hardware: Independent Flip,8188.4651,NA,10.06060000000000,10.21180000000000,9.67420000000000,10.07270000000000,10.1705,8188.1455,9.9938,0.3196,9.6742,0.2580,10.1343,0.8114,9.3229,-0.2343,8188.1455,NA,NA,NA
ZoomTracks.exe,35460,0x253F08E0920,DXGI,0,512,1,Hardware: Independent Flip,8198.2805,NA,9.81540000000000,9.86020000000000,9.89710000000000,10.09240000000000,10.2153,8198.1393,10.0383,0.1412,9.8971,0.3985,9.8351,0.6850,9.1501,0.1336,8198.1393,NA,NA,NA
ZoomTracks.exe,35460,0x253F08E0920,DXGI,0,512,1,Hardware: Independent Flip,8208.4206,NA,10.14010000000000,9.90230000000000,9.72810000000000,9.95150000000000,9.9775,8208.1776,9.9711,0.2430,9.7281,0.1953,9.9992,0.6589,9.3403,0.1360,8208.1776,NA,NA,NA
ZoomTracks.exe,35460,0x253F08E0920,DXGI,0,512,1,Hardware: Independent Flip,8218.4396,NA,10.01900000000000,10.02980000000000,9.67520000000000,9.85750000000000,9.9883,8218.1487,9.9661,0.2909,9.6752,0.2234,9.9250,0.5712,9.3538,-0.0587,8218.1487,NA,NA,NA
ZoomTracks.exe,35460,0x253F08E0920,DXGI,0,512,1,Hardware: Independent Flip,8228.3262,NA,9.88660000000000,10.06370000000000,9.84580000000000,10.14130000000000,10.1654,8228.1148,10.0572,0.2114,9.8458,0.1823,10.1704,0.6423,9.5281,-0.0976,8228.1148,NA,NA,NA
ZoomTracks.exe,35460,0x253F08E0920,DXGI,0,512,1,Hardware: Independent Flip,8238.5081,NA,10.18190000000000,9.95870000000000,9.65670000000000,9.82680000000000,9.9422,8238.1720,9.9928,0.3361,9.6567,0.2955,9.8674,0.5981,9.2693,0.0985,8238.1720,NA,NA,NA
ZoomTracks.exe,35460,0x253F08E0920,DXGI,0,512,1,Hardware: Independent Flip,8248.3805,NA,9.87240000000000,9.94630000000000,9.77000000000000,9.99370000000000,10.0161,8248.1648,9.9857,0.2157,9.7700,0.1701,10.0393,0.6940,9.3453,0.0465,8248.1648,NA,22.7850,22.7850
ZoomTracks.exe,35460,0x253F08E0920,DXGI,0,512,1,Hardware: Independent Flip,8258.4178,NA,10.03730000000000,10.03390000000000,9.74490000000000,9.92500000000000,10.0127,8258.1505,10.0122,0.2673,9.7449,0.2237,9.9686,0.6101,9.3585,-0.0482,8258.1505,NA,NA,NA
ZoomTracks.exe,35460,0x253F08E0920,DXGI,0,512,1,Hardware: Independent Flip,8268.4678,NA,10.05000000000000,10.04680000000000,9.68160000000000,9.98590000000000,10.0095,8268.1627,9.9867,0.3051,9.6816,0.1801,10.1109,0.7221,9.3888,-0.0346,8268.1627,NA,NA,NA
ZoomTracks.exe,35460,0x253F08E0920,DXGI,0,512,1,Hardware: Independent Flip,8278.5188,NA,10.05100000000000,9.95200000000000,9.62910000000000,9.82200000000000,9.9105,8278.1494,9.9985,0.3694,9.6291,0.3043,9.8871,0.5970,9.2901,0.0347,8278.1494,NA,27.8104,27.8104
ZoomTracks.exe,35460,0x253F08E0920,DXGI,0,512,1,Hardware: Independent Flip,8288.4453,NA,9.92650000000000,9.98820000000000,9.72050000000000,9.95110000000000,9.9722,8288.1479,10.0179,0.2974,9.7205,0.1929,10.0556,0.7181,9.3375,0.0103,8288.1479,NA,NA,NA
ZoomTracks.exe,35460,0x253F08E0920,DXGI,0,512,1,Hardware: Independent Flip,8298.4622,NA,10.01690000000000,10.01970000000000,9.73180000000000,9.95700000000000,9.9750,8298.1658,10.0282,0.2964,9.7318,0.2306,10.0228,0.6747,9.3481,-0.0018,8298.1658,NA,NA,NA
ZoomTracks.exe,35460,0x253F08E0920,DXGI,0,512,1,Hardware: Independent Flip,8308.5698,NA,10.10760000000000,9.92800000000000,9.61870000000000,9.78600000000000,9.7954,8308.1940,9.9945,0.3758,9.6187,0.2252,9.9366,0.8464,9.0902,0.1002,8308.1940,NA,NA,NA
ZoomTracks.exe,35460,0x253F08E0920,DXGI,0,512,1,Hardware: Independent Flip,8318.5337,NA,9.96390000000000,10.13040000000000,9.68630000000000,9.93650000000000,9.9619,8318.1885,10.0315,0.3452,9.6863,0.1673,10.1144,0.8113,9.3031,-0.1359,8318.1885,NA,NA,NA
ZoomTracks.exe,35460,0x253F08E0920,DXGI,0,512,1,Hardware: Independent Flip,8328.5720,NA,10.03830000000000,9.98430000000000,9.63850000000000,9.88430000000000,9.9079,8328.2200,9.9905,0.3520,9.6385,0.2502,9.9861,0.7933,9.1928,0.0472,8328.2200,NA,12.8772,12.8772
ZoomTracks.exe,35460,0x253F08E0920,DXGI,0,512,1,Hardware: Independent Flip,8338.5211,NA,9.94910000000000,9.94670000000000,9.70590000000000,9.89690000000000,9.9055,8338.2105,10.0165,0.3106,9.7059,0.2458,9.9617,0.6665,9.2952,0.0438,8338.2105,NA,NA,NA
ZoomTracks.exe,35460,0x253F08E0920,DXGI,0,512,1,Hardware: Independent Flip,8348.5882,NA,10.06710000000000,9.97280000000000,9.55280000000000,9.73160000000000,9.8112,8348.2270,9.9140,0.3612,9.5528,0.1910,9.9018,0.7733,9.1285,0.0437,8348.2270,NA,NA,NA
ZoomTracks.exe,35460,0x253F08E0920,DXGI,0,512,1,Hardware: Independent Flip,8358.4335,NA,9.84530000000000,9.97100000000000,9.69490000000000,9.91560000000000,9.9369,8358.1410,9.9874,0.2925,9.6949,0.1788,10.0293,0.6238,9.4055,-0.0570,8358.1410,NA,NA,NA
ZoomTracks.exe,35460,0x253F08E0920,DXGI,0,512,1,Hardware: Independent Flip,8368.3971,NA,9.96360000000000,10.05590000000000,9.72530000000000,9.93950000000000,10.0292,8368.1284,9.9940,0.2687,9.7253,0.2207,9.9875,0.6174,9.3701,-0.0685,8368.1284,NA,23.8042,23.8042
ZoomTracks.exe,35460,0x253F08E0920,DXGI,0,512,1,Hardware: Independent Flip,8378.2507,NA,9.85360000000000,9.99520000000000,9.87870000000000,10.16390000000000,10.1708,8378.1224,10.0070,0.1283,9.8787,0.2142,10.0780,0.5186,9.5594,-0.0012,8378.1224,NA,NA,NA
ZoomTracks.exe,35460,0x253F08E0920,DXGI,0,512,1,Hardware: Independent Flip,8388.4771,NA,10.22640000000000,10.07910000000000,9.71200000000000,10.00300000000000,10.0235,8388.1294,10.0597,0.3477,9.7120,0.2852,10.0655,0.7666,9.2989,-0.0721,8388.1294,NA,NA,NA
ZoomTracks.exe,35460,0x253F08E0920,DXGI,0,512,1,Hardware: Independent Flip,8398.5441,NA,10.06700000000000,9.92830000000000,9.61580000000000,9.86210000000000,9.8848,8398.1891,9.9708,0.3550,9.6158,0.2910,9.9261,0.7077,9.2184,0.1314,8398.1891,NA,NA,NA
ZoomTracks.exe,35460,0x253F08E0920,DXGI,0,512,1,Hardware: Independent Flip,8408.4455,NA,9.90140000000000,9.94370000000000,9.69300000000000,9.90420000000000,9.9271,8408.1599,9.9786,0.2856,9.6930,0.2463,9.9435,0.6105,9.3330,0.0271,8408.1599,NA,NA,NA
ZoomTracks.exe,35460,0x253F08E0920,DXGI,0,512,1,Hardware: Independent Flip,8418.4137,NA,9.96820000000000,11.76600000000000,9.71040000000000,11.71710000000000,11.7249,8418.1385,9.9856,0.2752,9.7104,0.2112,11.7811,2.4247,9.3564,-1.7874,8418.1385,NA,NA,NA
ZoomTracks.exe,35460,0x253F08E0920,DXGI,0,512,1,Hardware: Independent Flip,8428.2997,NA,9.88600000000000,8.29700000000000,9.82080000000000,10.12910000000000,10.1359,8428.1241,9.9964,0.1756,9.8208,2.0067,8.2980,0.4177,7.8803,1.6886,8428.1241,NA,NA,NA
ZoomTracks.exe,35460,0x253F08E0920,DXGI,0,512,1,Hardware: Independent Flip,8438.2570,NA,9.95730000000000,12.68480000000000,9.91010000000000,12.85200000000000,12.8634,8438.1205,10.0466,0.1365,9.9101,0.3083,12.6802,3.1866,9.4936,-2.6884,8438.1205,NA,28.5068,28.5068
ZoomTracks.exe,35460,0x253F08E0920,DXGI,0,512,1,Hardware: Independent Flip,8448.3007,NA,10.04370000000000,9.01810000000000,9.87070000000000,10.07760000000000,11.8378,8448.1671,10.0043,0.1336,9.8707,2.9419,7.2693,0.3507,6.9186,1.0285,8448.1671,NA,NA,NA
ZoomTracks.exe,35460,0x253F08E0920,DXGI,0,512,1,Hardware: Independent Flip,8458.4198,NA,10.11910000000000,10.86490000000000,9.74150000000000,12.57590000000000,12.5836,8458.1714,9.9899,0.2484,9.7415,0.2069,12.6174,3.2741,9.3433,-0.8606,8458.1714,NA,22.4042,22.4042
ZoomTracks.exe,35460,0x253F08E0920,DXGI,0,512,1,Hardware: Independent Flip,8468.3106,NA,9.89080000000000,10.39990000000000,9.84070000000000,10.01950000000000,13.0927,8468.1613,9.9900,0.1493,9.8407,2.8344,7.3344,0.3631,6.9713,-0.4100,8468.1613,NA,NA,NA
ZoomTracks.exe,35460,0x253F08E0920,DXGI,0,512,1,Hardware: Independent Flip,8478.4250,NA,10.11440000000000,9.63880000000000,9.73460000000000,12.60950000000000,12.6171,8478.1513,10.0083,0.2737,9.7346,0.1788,12.7044,3.2985,9.4059,0.3512,8478.1513,NA,NA,NA
ZoomTracks.exe,35460,0x253F08E0920,DXGI,0,512,1,Hardware: Independent Flip,8488.3188,NA,9.89380000000000,10.35480000000000,9.82960000000000,10.00410000000000,13.0781,8488.1596,9.9888,0.1592,9.8296,2.8749,7.2884,0.2937,6.9947,-0.3465,8488.1596,NA,NA,NA
ZoomTracks.exe,35460,0x253F08E0920,DXGI,0,512,1,Hardware: Independent Flip,8498.3771,NA,10.05830000000000,9.63700000000000,9.77610000000000,12.64930000000000,12.6568,8498.1484,10.0048,0.2287,9.7761,0.1745,12.7035,3.3283,9.3752,0.3518,8498.1484,NA,NA,NA
ZoomTracks.exe,35460,0x253F08E0920,DXGI,0,512,1,Hardware: Independent Flip,8508.2807,NA,9.90360000000000,10.35700000000000,9.87910000000000,10.05420000000000,13.1102,8508.1532,10.0066,0.1275,9.8791,2.8732,7.3085,0.3020,7.0065,-0.3522,8508.1532,NA,NA,NA
ZoomTracks.exe,35460,0x253F08E0920,DXGI,0,512,1,Hardware: Independent Flip,8518.3773,NA,10.09660000000000,7.08580000000000,9.78100000000000,10.01160000000000,10.0994,8518.1598,9.9985,0.2175,9.7810,0.1751,10.0540,0.6993,9.3547,2.9208,8518.1598,NA,NA,NA
ZoomTracks.exe,35460,0x253F08E0920,DXGI,0,512,1,Hardware: Independent Flip,8528.3022,NA,9.92490000000000,12.90930000000000,9.81960000000000,10.02750000000000,13.0838,8528.1583,9.9635,0.1439,9.8196,0.2306,9.9408,0.6477,9.2931,-2.9108,8528.1583,NA,26.7774,26.7774
ZoomTracks.exe,35460,0x253F08E0920,DXGI,0,512,1,Hardware: Independent Flip,8538.2720,NA,9.96980000000000,9.68680000000000,9.88660000000000,12.79180000000000,12.8008,8538.1218,10.0368,0.1502,9.8866,0.2079,12.7341,3.1613,9.5728,0.2767,8538.1218,NA,26.4557,26.4557
ZoomTracks.exe,35460,0x253F08E0920,DXGI,0,512,1,Hardware: Independent Flip,8548.3441,NA,10.07210000000000,8.80130000000000,9.82320000000000,10.02300000000000,11.5300,8548.1586,10.0087,0.1855,9.8232,2.9052,7.3033,0.3272,6.9761,1.2355,8548.1586,NA,NA,NA
ZoomTracks.exe,35460,0x253F08E0920,DXGI,0,512,1,Hardware: Independent Flip,8558.4158,NA,10.07170000000000,11.18890000000000,9.74230000000000,12.63840000000000,12.6472,8558.1673,9.9908,0.2485,9.7423,0.1998,12.6871,3.3544,9.3327,-1.1802,8558.1673,NA,NA,NA
ZoomTracks.exe,35460,0x253F08E0920,DXGI,0,512,1,Hardware: Independent Flip,8568.2985,NA,9.88270000000000,9.20470000000000,9.86350000000000,10.07020000000000,11.9692,8568.1581,10.0039,0.1404,9.8635,2.8961,7.3145,0.3369,6.9776,0.7861,8568.1581,NA,NA,NA
ZoomTracks.exe,35460,0x253F08E0920,DXGI,0,512,1,Hardware: Independent Flip,8578.4282,NA,10.12970000000000,10.73410000000000,9.72900000000000,12.56550000000000,12.5736,8578.1620,9.9952,0.2662,9.7290,0.2067,12.6250,3.2698,9.3552,-0.7302,8578.1620,NA,NA,NA
ZoomTracks.exe,35460,0x253F08E0920,DXGI,0,512,1,Hardware: Independent Flip,8588.3243,NA,9.89610000000000,10.16970000000000,9.81680000000000,9.98420000000000,12.8472,8588.1572,9.9839,0.1671,9.8168,2.8365,7.3148,0.2818,7.0330,-0.1745,8588.1572,NA,NA,NA
ZoomTracks.exe,35460,0x253F08E0920,DXGI,0,512,1,Hardware: Independent Flip,8598.3493,NA,10.02500000000000,9.80320000000000,9.78020000000000,12.61770000000000,12.6254,8598.1411,9.9884,0.2082,9.7802,0.1674,12.6585,3.1896,9.4689,0.1807,8598.1411,NA,NA,NA
ZoomTracks.exe,35460,0x253F08E0920,DXGI,0,512,1,Hardware: Independent Flip,8608.2937,NA,9.94440000000000,10.43710000000000,9.82330000000000,10.04070000000000,13.1181,8608.1295,9.9875,0.1642,9.8233,2.8375,7.3674,0.3495,7.0179,-0.4487,8608.1295,NA,NA,NA
ZoomTracks.exe,35460,0x253F08E0920,DXGI,0,512,1,Hardware: Independent Flip,8618.3489,NA,10.05520000000000,8.71350000000000,9.78940000000000,11.77020000000000,11.7764,8618.1170,10.0213,0.2319,9.7894,0.2174,11.7847,2.2902,9.4945,1.2740,8618.1170,NA,NA,NA
ZoomTracks.exe,35460,0x253F08E0920,DXGI,0,512,1,Hardware: Independent Flip,8628.3041,NA,9.95520000000000,11.12180000000000,9.82600000000000,10.03610000000000,12.9430,8628.1383,9.9918,0.1658,9.8260,1.9808,8.2211,0.3693,7.8518,-1.1005,8628.1383,NA,27.6415,27.6415
ZoomTracks.exe,35460,0x253F08E0920,DXGI,0,512,1,Hardware: Independent Flip,8638.3729,NA,10.06880000000000,9.83070000000000,9.79320000000000,12.69330000000000,12.7049,8638.1301,10.0360,0.2428,9.7932,0.2101,12.7260,3.2984,9.4276,0.1611,8638.1301,NA,25.4294,25.4294
ZoomTracks.exe,35460,0x253F08E0920,DXGI,0,512,1,Hardware: Independent Flip,8648.3150,NA,9.94210000000000,8.99460000000000,9.84380000000000,10.04630000000000,11.7574,8648.1661,9.9927,0.1489,9.8438,2.9001,7.2951,0.3640,6.9311,1.0414,8648.1661,NA,NA,NA
ZoomTracks.exe,35460,0x253F08E0920,DXGI,0,512,1,Hardware: Independent Flip,8658.4298,NA,10.11480000000000,10.96280000000000,9.76290000000000,12.59770000000000,12.6054,8658.1588,10.0339,0.2710,9.7629,0.2025,12.6662,3.2937,9.3725,-0.9701,8658.1588,NA,NA,NA
ZoomTracks.exe,35460,0x253F08E0920,DXGI,0,512,1,Hardware: Independent Flip,8668.4110,NA,9.98120000000000,9.45890000000000,9.74050000000000,9.92880000000000,12.0831,8668.1927,9.9588,0.2183,9.7405,2.8348,7.3123,0.3092,7.0031,0.5750,8668.1927,NA,NA,NA
ZoomTracks.exe,35460,0x253F08E0920,DXGI,0,512,1,Hardware: Independent Flip,8678.3803,NA,9.96930000000000,10.49550000000000,9.76260000000000,12.60220000000000,12.6093,8678.1515,9.9914,0.2288,9.7626,0.1883,12.6427,3.2840,9.3587,-0.5367,8678.1515,NA,NA,NA
ZoomTracks.exe,35460,0x253F08E0920,DXGI,0,512,1,Hardware: Independent Flip,8688.2831,NA,9.90280000000000,10.25550000000000,9.88270000000000,10.04710000000000,12.9620,8688.1429,10.0229,0.1402,9.8827,2.8396,7.3477,0.3643,6.9834,-0.2641,8688.1429,NA,NA,NA
ZoomTracks.exe,35460,0x253F08E0920,DXGI,0,512,1,Hardware: Independent Flip,8698.3726,NA,10.08950000000000,9.74930000000000,9.87260000000000,12.61260000000000,12.6218,8698.1658,10.0794,0.2068,9.8726,0.1644,12.6550,3.1822,9.4728,0.2736,8698.1658,NA,25.3621,25.3621
ZoomTracks.exe,35460,0x253F08E0920,DXGI,0,512,1,Hardware: Independent Flip,8708.4029,NA,10.03030000000000,10.42020000000000,9.76570000000000,9.94770000000000,13.0117,8708.2452,9.9234,0.1577,9.7657,2.7400,7.3654,0.3866,6.9788,-0.3408,8708.2452,NA,22.8244,22.8244
ZoomTracks.exe,35460,0x253F08E0920,DXGI,0,512,1,Hardware: Independent Flip,8718.3966,NA,9.99370000000000,7.03030000000000,9.76950000000000,10.02380000000000,10.0483,8718.1686,9.9975,0.2280,9.7695,0.1820,10.0698,0.6693,9.4005,2.8931,8718.1686,NA,NA,NA
ZoomTracks.exe,35460,0x253F08E0920,DXGI,0,512,1,Hardware: Independent Flip,8728.4608,NA,10.06420000000000,12.64520000000000,9.69000000000000,9.91080000000000,12.6293,8728.1661,9.9847,0.2947,9.6900,0.2543,9.9512,0.6408,9.3104,-2.6477,8728.1661,NA,NA,NA
ZoomTracks.exe,35460,0x253F08E0920,DXGI,0,512,1,Hardware: Independent Flip,8738.4158,NA,9.95500000000000,10.17850000000000,9.74730000000000,12.84430000000000,12.8528,8738.1508,10.0123,0.2650,9.7473,0.2208,12.8885,3.5534,9.3351,-0.1938,8738.1508,NA,NA,NA
ZoomTracks.exe,35460,0x253F08E0920,DXGI,0,512,1,Hardware: Independent Flip,8748.3365,NA,9.92070000000000,8.30520000000000,9.78670000000000,10.01880000000000,11.2373,8748.1631,9.9601,0.1734,9.7867,3.0970,7.0952,0.3498,6.7454,1.7071,8748.1631,NA,NA,NA
ZoomTracks.exe,35460,0x253F08E0920,DXGI,0,512,1,Hardware: Independent Flip,8758.2581,NA,9.92160000000000,11.63040000000000,9.90970000000000,12.92880000000000,12.9461,8758.1232,10.0446,0.1349,9.9097,0.2321,12.8316,3.2923,9.5393,-1.6703,8758.1232,NA,NA,NA
ZoomTracks.exe,35460,0x253F08E0920,DXGI,0,512,1,Hardware: Independent Flip,8768.3087,NA,10.05060000000000,9.27800000000000,9.83360000000000,10.06450000000000,12.1735,8768.1678,9.9745,0.1409,9.8336,3.0191,7.1863,0.3384,6.8479,0.7666,8768.1678,NA,NA,NA
ZoomTracks.exe,35460,0x253F08E0920,DXGI,0,512,1,Hardware: Independent Flip,8778.4075,NA,10.09880000000000,10.69010000000000,9.77580000000000,12.75660000000000,12.7648,8778.1423,10.0410,0.2652,9.7758,0.2309,12.7909,3.3865,9.4044,-0.7156,8778.1423,NA,NA,NA
ZoomTracks.exe,35460,0x253F08E0920,DXGI,0,512,1,Hardware: Independent Flip,8788.3506,NA,9.94310000000000,10.18230000000000,9.78870000000000,9.94950000000000,13.0040,8788.1833,9.9560,0.1673,9.7887,2.9808,7.1360,0.3435,6.7925,-0.1413,8788.1833,NA,NA,NA
ZoomTracks.exe,35460,0x253F08E0920,DXGI,0,512,1,Hardware: Independent Flip,8798.3459,NA,9.99530000000000,9.88360000000000,9.81190000000000,12.88400000000000,12.8923,8798.1393,10.0185,0.2066,9.8119,0.1608,12.9298,3.4456,9.4842,0.0724,8798.1393,NA,26.5948,26.5948
ZoomTracks.exe,35460,0x253F08E0920,DXGI,0,512,1,Hardware: Independent Flip,8808.3176,NA,9.97170000000000,10.14650000000000,9.83380000000000,10.02020000000000,13.0671,8808.1578,9.9936,0.1598,9.8338,3.0721,7.1079,0.3093,6.7986,-0.1280,8808.1578,NA,NA,NA
ZoomTracks.exe,35460,0x253F08E0920,DXGI,0,512,1,Hardware: Independent Flip,8818.3791,NA,10.06150000000000,8.71540000000000,9.75940000000000,11.71260000000000,11.7210,8818.1514,9.9871,0.2277,9.7594,0.1864,11.7539,2.3103,9.4436,1.2782,8818.1514,NA,25.4824,25.4824
ZoomTracks.exe,35460,0x253F08E0920,DXGI,0,512,1,Hardware: Independent Flip,8828.2600,NA,9.88090000000000,11.26620000000000,9.88540000000000,10.05730000000000,13.1063,8828.1385,10.0069,0.1215,9.8854,1.9532,8.2256,0.3554,7.8702,-1.2791,8828.1385,NA,NA,NA
ZoomTracks.exe,35460,0x253F08E0920,DXGI,0,512,1,Hardware: Independent Flip,8838.3592,NA,10.09920000000000,9.85380000000000,9.80290000000000,12.85220000000000,12.8609,8838.1454,10.0167,0.2138,9.8029,0.1719,12.8941,3.4353,9.4588,0.1531,8838.1454,NA,NA,NA
ZoomTracks.exe,35460,0x253F08E0920,DXGI,0,512,1,Hardware: Independent Flip,8848.3430,NA,9.98380000000000,9.24190000000000,9.78580000000000,10.02690000000000,12.1190,8848.1621,9.9667,0.1809,9.7858,3.0493,7.1585,0.3209,6.8376,0.7748,8848.1621,NA,NA,NA
ZoomTracks.exe,35460,0x253F08E0920,DXGI,0,512,1,Hardware: Independent Flip,8858.2751,NA,9.93210000000000,10.86870000000000,9.86000000000000,13.04860000000000,13.0556,8858.1288,10.0063,0.1463,9.8600,0.2411,12.9538,3.4104,9.5434,-0.9020,8858.1288,NA,NA,NA
ZoomTracks.exe,35460,0x253F08E0920,DXGI,0,512,1,Hardware: Independent Flip,8868.2761,NA,10.00100000000000,9.46430000000000,9.87180000000000,10.07440000000000,12.5189,8868.1351,10.0128,0.1410,9.8718,3.1886,7.0268,0.3563,6.6705,0.5420,8868.1351,NA,NA,NA
ZoomTracks.exe,35460,0x253F08E0920,DXGI,0,512,1,Hardware: Independent Flip,8878.3769,NA,10.10080000000000,10.42510000000000,9.78340000000000,12.83530000000000,12.8432,8878.1479,10.0124,0.2290,9.7834,0.2026,12.8617,3.4097,9.4520,-0.4123,8878.1479,NA,25.5681,25.5681
ZoomTracks.exe,35460,0x253F08E0920,DXGI,0,512,1,Hardware: Independent Flip,8888.2996,NA,9.92270000000000,10.20950000000000,9.84480000000000,10.04540000000000,13.1300,8888.1603,9.9841,0.1393,9.8448,3.0519,7.1328,0.3203,6.8125,-0.1971,8888.1603,NA,25.8150,25.8150
ZoomTracks.exe,35460,0x253F08E0920,DXGI,0,512,1,Hardware: Independent Flip,8898.3859,NA,10.08630000000000,9.81930000000000,9.78500000000000,12.85360000000000,12.8630,8898.1444,10.0265,0.2415,9.7850,0.2006,12.8945,3.5249,9.3696,0.1648,8898.1444,NA,NA,NA
ZoomTracks.exe,35460,0x253F08E0920,DXGI,0,512,1,Hardware: Independent Flip,8908.3389,NA,9.95300000000000,10.11420000000000,9.81460000000000,9.98110000000000,13.0242,8908.1709,9.9826,0.1680,9.8146,3.0686,7.0805,0.2943,6.7862,-0.0877,8908.1709,NA,NA,NA
ZoomTracks.exe,35460,0x253F08E0920,DXGI,0,512,1,Hardware: Independent Flip,8918.3617,NA,10.02280000000000,8.73170000000000,9.79150000000000,11.72610000000000,11.7331,8918.1535,9.9997,0.2082,9.7915,0.1665,11.7678,2.3000,9.4678,1.2509,8918.1535,NA,NA,NA
ZoomTracks.exe,35460,0x253F08E0920,DXGI,0,512,1,Hardware: Independent Flip,8928.3072,NA,9.94550000000000,11.31740000000000,9.85040000000000,10.09770000000000,13.1050,8928.1532,10.0044,0.1540,9.8504,1.9346,8.3171,0.4370,7.8801,-1.3177,8928.1532,NA,NA,NA
ZoomTracks.exe,35460,0x253F08E0920,DXGI,0,512,1,Hardware: Independent Flip,8938.4512,NA,10.14400000000000,9.81430000000000,9.68310000000000,12.76080000000000,12.7753,8938.1576,9.9767,0.2936,9.6831,0.2473,12.8071,3.5006,9.3065,0.1901,8938.1576,NA,NA,NA
ZoomTracks.exe,35460,0x253F08E0920,DXGI,0,512,1,Hardware: Independent Flip,8948.2904,NA,9.83920000000000,9.00850000000000,9.89240000000000,10.09720000000000,11.9446,8948.1343,10.0485,0.1561,9.8924,3.0777,7.1756,0.3562,6.8194,0.9682,8948.1343,NA,23.6256,23.6256
ZoomTracks.exe,35460,0x253F08E0920,DXGI,0,512,1,Hardware: Independent Flip,8958.4348,NA,10.14440000000000,10.97060000000000,9.73370000000000,12.74150000000000,12.7708,8958.1828,9.9857,0.2520,9.7337,0.2048,12.7887,3.4573,9.3314,-0.9221,8958.1828,NA,NA,NA
ZoomTracks.exe,35460,0x253F08E0920,DXGI,0,512,1,Hardware: Independent Flip,8968.3657,NA,9.93090000000000,9.40480000000000,9.76480000000000,9.96140000000000,12.2447,8968.1685,9.9620,0.1972,9.7648,3.0078,7.1508,0.4485,6.7023,0.5809,8968.1685,NA,NA,NA
ZoomTracks.exe,35460,0x253F08E0920,DXGI,0,512,1,Hardware: Independent Flip,8978.3584,NA,9.99270000000000,10.60570000000000,9.76420000000000,12.84900000000000,12.8577,8978.1305,9.9921,0.2279,9.7642,0.1966,12.8803,3.3857,9.4946,-0.6437,8978.1305,NA,NA,NA
ZoomTracks.exe,35460,0x253F08E0920,DXGI,0,512,1,Hardware: Independent Flip,8988.2760,NA,9.91760000000000,10.19820000000000,9.87350000000000,10.04250000000000,13.1383,8988.1226,10.0269,0.1534,9.8735,3.0848,7.1111,0.3073,6.8038,-0.2061,8988.1226,NA,24.7877,24.7877
ZoomTracks.exe,35460,0x253F08E0920,DXGI,0,512,1,Hardware: Independent Flip,8998.3606,NA,10.08460000000000,9.77700000000000,9.80630000000000,12.82320000000000,12.8307,8998.1495,10.0174,0.2111,9.8063,0.1690,12.8653,3.4699,9.3954,0.2499,8998.1495,NA,NA,NA
ZoomTracks.exe,35460,0x253F08E0920,DXGI,0,512,1,Hardware: Independent Flip,9008.3343,NA,9.97370000000000,10.21940000000000,9.82910000000000,10.02130000000000,13.0764,9008.1669,9.9965,0.1674,9.8291,3.0169,7.1718,0.3243,6.8475,-0.2020,9008.1669,NA,NA,NA
ZoomTracks.exe,35460,0x253F08E0920,DXGI,0,512,1,Hardware: Independent Flip,9018.4060,NA,10.07170000000000,6.99890000000000,9.75110000000000,9.98210000000000,10.0036,9018.1634,9.9937,0.2426,9.7511,0.1922,10.0325,0.6694,9.3631,2.9976,9018.1634,NA,NA,NA
ZoomTracks.exe,35460,0x253F08E0920,DXGI,0,512,1,Hardware: Independent Flip,9028.4496,NA,10.04360000000000,13.01620000000000,9.72290000000000,9.91420000000000,12.9762,9028.1571,10.0154,0.2925,9.7229,0.2310,9.9757,0.6239,9.3518,-3.0225,9028.1571,NA,NA,NA
ZoomTracks.exe,35460,0x253F08E0920,DXGI,0,512,1,Hardware: Independent Flip,9038.4058,NA,9.95620000000000,7.00210000000000,9.74810000000000,10.00170000000000,10.0221,9038.1725,9.9814,0.2333,9.7481,0.1913,10.0437,0.6785,9.3652,3.0133,9038.1725,NA,NA,NA
ZoomTracks.exe,35460,0x253F08E0920,DXGI,0,512,1,Hardware: Independent Flip,9048.4647,NA,10.05890000000000,11.33840000000000,9.67990000000000,9.86540000000000,11.3016,9048.1539,9.9907,0.3108,9.6799,0.2536,9.9226,0.5760,9.3466,-1.3570,9048.1539,NA,27.1639,27.1639
ZoomTracks.exe,35460,0x253F08E0920,DXGI,0,512,1,Hardware: Independent Flip,9058.3716,NA,9.90690000000000,8.75860000000000,9.84960000000000,10.11940000000000,10.1533,9058.1446,10.0766,0.2270,9.8496,0.1855,10.1609,0.7578,9.4031,1.2321,9058.1446,NA,NA,NA
ZoomTracks.exe,35460,0x253F08E0920,DXGI,0,512,1,Hardware: Independent Flip,9068.5550,NA,10.18340000000000,10.40070000000000,9.58460000000000,9.78620000000000,10.3706,9068.2212,9.9184,0.3338,9.5846,0.2698,9.8502,0.6025,9.2477,-0.3241,9068.2212,NA,21.3158,21.3158
ZoomTracks.exe,35460,0x253F08E0920,DXGI,0,512,1,Hardware: Independent Flip,9078.3534,NA,9.79840000000000,9.81800000000000,9.78070000000000,10.02640000000000,10.3902,9078.1396,9.9945,0.2138,9.7807,0.2016,10.0386,0.5644,9.4742,0.1004,9078.1396,NA,NA,NA
ZoomTracks.exe,35460,0x253F08E0920,DXGI,0,512,1,Hardware: Independent Flip,9088.2904,NA,9.93700000000000,9.70800000000000,9.86170000000000,10.13990000000000,10.1612,9088.1341,10.0180,0.1563,9.8617,0.2457,10.0505,0.5149,9.5356,0.2865,9088.1341,NA,NA,NA
ZoomTracks.exe,35460,0x253F08E0920,DXGI,0,512,1,Hardware: Independent Flip,9098.4886,NA,10.19820000000000,10.23770000000000,9.64140000000000,9.89200000000000,10.2007,9098.1521,9.9779,0.3365,9.6414,0.2782,9.9503,0.6499,9.3004,-0.2197,9098.1521,NA,NA,NA
ZoomTracks.exe,35460,0x253F08E0920,DXGI,0,512,1,Hardware: Independent Flip,9108.3926,NA,9.90400000000000,9.74090000000000,9.76470000000000,10.03060000000000,10.0376,9108.1300,10.0273,0.2626,9.7647,0.2506,10.0426,0.6702,9.3724,0.2370,9108.1300,NA,NA,NA
ZoomTracks.exe,35460,0x253F08E0920,DXGI,0,512,1,Hardware: Independent Flip,9118.2801,NA,9.88750000000000,10.02060000000000,9.86240000000000,10.16250000000000,10.1707,9118.1573,9.9852,0.1228,9.8624,0.2659,10.0194,0.4654,9.5540,0.0067,9118.1573,NA,NA,NA
ZoomTracks.exe,35460,0x253F08E0920,DXGI,0,512,1,Hardware: Independent Flip,9128.2941,NA,10.01400000000000,9.94430000000000,9.83430000000000,10.07890000000000,10.1010,9128.1425,9.9859,0.1516,9.8343,0.3001,9.9304,0.3975,9.5329,0.0409,9128.1425,NA,NA,NA
ZoomTracks.exe,35460,0x253F08E0920,DXGI,0,512,1,Hardware: Independent Flip,9138.4506,NA,10.15650000000000,10.07480000000000,9.70410000000000,10.01040000000000,10.0193,9138.1284,10.0263,0.3222,9.7041,0.2446,10.0880,0.7312,9.3568,-0.0889,9138.1284,NA,14.8506,14.8506
ZoomTracks.exe,35460,0x253F08E0920,DXGI,0,512,1,Hardware: Independent Flip,9148.4881,NA,10.03750000000000,9.98280000000000,9.66110000000000,9.84770000000000,9.9646,9148.1547,9.9945,0.3334,9.6611,0.3063,9.8748,0.5689,9.3059,0.0435,9148.1547,NA,NA,NA
ZoomTracks.exe,35460,0x253F08E0920,DXGI,0,512,1,Hardware: Independent Flip,9158.3781,NA,9.89000000000000,10.03460000000000,9.77340000000000,10.10190000000000,10.1092,9158.1492,10.0023,0.2289,9.7734,0.1866,10.1442,0.6978,9.4464,-0.0401,9158.1492,NA,NA,NA
ZoomTracks.exe,35460,0x253F08E0920,DXGI,0,512,1,Hardware: Independent Flip,9168.2966,NA,9.91850000000000,10.02430000000000,9.83360000000000,10.03070000000000,10.2150,9168.1515,9.9787,0.1451,9.8336,0.3285,9.8473,0.4616,9.3857,-0.0220,9168.1515,NA,NA,NA
ZoomTracks.exe,35460,0x253F08E0920,DXGI,0,512,1,Hardware: Independent Flip,9178.3599,NA,10.06330000000000,9.93980000000000,9.77530000000000,10.08410000000000,10.0915,9178.1302,10.0050,0.2297,9.7753,0.1971,10.1167,0.6687,9.4480,0.0389,9178.1302,NA,22.8413,22.8413
ZoomTracks.exe,35460,0x253F08E0920,DXGI,0,512,1,Hardware: Independent Flip,9188.2850,NA,9.92510000000000,10.09370000000000,9.86000000000000,10.08430000000000,10.2601,9188.1352,10.0098,0.1498,9.8600,0.3088,9.9253,0.4272,9.4981,-0.0887,9188.1352,NA,NA,NA
ZoomTracks.exe,35460,0x253F08E0920,DXGI,0,512,1,Hardware: Independent Flip,9198.4101,NA,10.12510000000000,9.98030000000000,9.75720000000000,10.09290000000000,10.1153,9198.1450,10.0223,0.2651,9.7572,0.2243,10.1337,0.7704,9.3633,0.0295,9198.1450,NA,NA,NA
ZoomTracks.exe,35460,0x253F08E0920,DXGI,0,512,1,Hardware: Independent Flip,9208.5519,NA,10.14180000000000,10.00940000000000,9.62850000000000,9.82950000000000,9.9829,9208.1673,10.0131,0.3846,9.6285,0.3357,9.8784,0.6727,9.2057,0.0129,9208.1673,NA,NA,NA
ZoomTracks.exe,35460,0x253F08E0920,DXGI,0,512,1,Hardware: Independent Flip,9218.4176,NA,9.86570000000000,9.90790000000000,9.75460000000000,10.00510000000000,10.0251,9218.1804,9.9918,0.2372,9.7546,0.2010,10.0413,0.7019,9.3394,0.1052,9218.1804,NA,NA,NA
ZoomTracks.exe,35460,0x253F08E0920,DXGI,0,512,1,Hardware: Independent Flip,9228.4822,NA,10.06460000000000,9.99330000000000,9.67360000000000,9.93470000000000,9.9538,9228.1722,9.9836,0.3100,9.6736,0.2505,9.9942,0.7060,9.2882,-0.0015,9228.1722,NA,22.8044,22.8044
ZoomTracks.exe,35460,0x253F08E0920,DXGI,0,512,1,Hardware: Independent Flip,9238.4732,NA,9.99100000000000,10.05350000000000,9.68830000000000,9.99430000000000,10.0163,9238.1558,10.0057,0.3174,9.6883,0.2611,10.0506,0.7252,9.3254,-0.0699,9238.1558,NA,20.8839,20.8839
ZoomTracks.exe,35460,0x253F08E0920,DXGI,0,512,1,Hardware: Independent Flip,9248.5317,NA,10.05850000000000,9.95980000000000,9.61010000000000,9.87840000000000,9.9176,9248.1615,9.9803,0.3702,9.6101,0.3060,9.9426,0.7032,9.2394,0.0459,9248.1615,NA,NA,NA
ZoomTracks.exe,35460,0x253F08E0920,DXGI,0,512,1,Hardware: Independent Flip,9258.4755,NA,9.94380000000000,10.07310000000000,9.69110000000000,9.99460000000000,10.0469,9258.1418,10.0248,0.3337,9.6911,0.2683,10.0600,0.7560,9.3040,-0.0928,9258.1418,NA,NA,NA
ZoomTracks.exe,35460,0x253F08E0920,DXGI,0,512,1,Hardware: Independent Flip,9268.3125,NA,9.83700000000000,9.89560000000000,9.83880000000000,10.02220000000000,10.1055,9268.1666,9.9847,0.1459,9.8388,0.3035,9.8646,0.6583,9.2063,0.1292,9268.1666,NA,NA,NA
ZoomTracks.exe,35460,0x253F08E0920,DXGI,0,512,1,Hardware: Independent Flip,9278.4538,NA,10.14130000000000,10.19670000000000,9.66900000000000,10.15330000000000,10.1609,9278.1513,9.9715,0.3025,9.6690,0.1834,10.2724,0.9018,9.3706,-0.2120,9278.1513,NA,NA,NA
ZoomTracks.exe,35460,0x253F08E0920,DXGI,0,512,1,Hardware: Independent Flip,9288.2869,NA,9.83310000000000,9.89570000000000,9.86640000000000,10.06590000000000,10.2235,9288.1228,10.0305,0.1641,9.8664,0.4843,9.7457,0.3480,9.3977,0.0758,9288.1228,NA,NA,NA
ZoomTracks.exe,35460,0x253F08E0920,DXGI,0,512,1,Hardware: Independent Flip,9298.3937,NA,10.10680000000000,10.95480000000000,9.74440000000000,11.06220000000000,11.0715,9298.1533,9.9848,0.2404,9.7444,0.1995,11.1031,1.7253,9.3778,-0.9243,9298.1533,NA,NA,NA
ZoomTracks.exe,35460,0x253F08E0920,DXGI,0,512,1,Hardware: Independent Flip,9308.3123,NA,9.91860000000000,9.24140000000000,9.86210000000000,10.10260000000000,10.3943,9308.1381,10.0363,0.1742,9.8621,1.3178,8.9590,0.3968,8.5622,0.7434,9308.1381,NA,NA,NA
ZoomTracks.exe,35460,0x253F08E0920,DXGI,0,512,1,Hardware: Independent Flip,9318.3086,NA,9.99630000000000,10.70980000000000,9.87340000000000,11.10120000000000,11.1078,9318.1744,10.0076,0.1342,9.8734,0.2405,10.9949,1.7056,9.2893,-0.6735,9318.1744,NA,NA,NA
ZoomTracks.exe,35460,0x253F08E0920,DXGI,0,512,1,Hardware: Independent Flip,9328.3282,NA,10.01960000000000,10.05500000000000,9.82070000000000,10.00610000000000,11.1432,9328.1820,9.9669,0.1462,9.8207,1.2278,8.9245,0.3045,8.6200,-0.0474,9328.1820,NA,20.8782,20.8782
ZoomTracks.exe,35460,0x253F08E0920,DXGI,0,512,1,Hardware: Independent Flip,9338.3591,NA,10.03090000000000,9.93650000000000,9.77800000000000,11.03710000000000,11.0488,9338.1489,9.9882,0.2102,9.7780,0.1854,11.0619,1.5835,9.4784,0.0304,9338.1489,NA,NA,NA
ZoomTracks.exe,35460,0x253F08E0920,DXGI,0,512,1,Hardware: Independent Flip,9348.3043,NA,9.94520000000000,10.38570000000000,9.84410000000000,10.01500000000000,11.4893,9348.1371,10.0113,0.1672,9.8441,1.2591,8.9231,0.3014,8.6217,-0.3975,9348.1371,NA,22.1864,22.1864
ZoomTracks.exe,35460,0x253F08E0920,DXGI,0,512,1,Hardware: Independent Flip,9358.3628,NA,10.05850000000000,9.56340000000000,9.77970000000000,10.98760000000000,10.9942,9358.1484,9.9941,0.2144,9.7797,0.1709,11.0311,1.5895,9.4416,0.4479,9358.1484,NA,NA,NA
ZoomTracks.exe,35460,0x253F08E0920,DXGI,0,512,1,Hardware: Independent Flip,9368.3006,NA,9.93780000000000,10.17210000000000,9.83890000000000,9.99550000000000,11.2285,9368.1425,9.9970,0.1581,9.8389,1.2079,8.9457,0.3136,8.6321,-0.1780,9368.1425,NA,NA,NA
ZoomTracks.exe,35460,0x253F08E0920,DXGI,0,512,1,Hardware: Independent Flip,9378.3394,NA,10.03880000000000,8.99470000000000,9.80020000000000,10.17790000000000,10.1844,9378.1395,10.0001,0.1999,9.8002,0.1566,10.2212,0.7146,9.5066,1.0023,9378.1395,NA,NA,NA
ZoomTracks.exe,35460,0x253F08E0920,DXGI,0,512,1,Hardware: Independent Flip,9388.2825,NA,9.94310000000000,10.76400000000000,9.86700000000000,10.08190000000000,11.0053,9388.1396,10.0099,0.1429,9.8670,0.3777,9.8471,0.4144,9.4327,-0.7639,9388.1396,NA,NA,NA
ZoomTracks.exe,35460,0x253F08E0920,DXGI,0,512,1,Hardware: Independent Flip,9398.4141,NA,10.13160000000000,10.11940000000000,9.71560000000000,10.98240000000000,10.9931,9398.1495,9.9802,0.2646,9.7156,0.2149,11.0321,1.6558,9.3763,-0.1095,9398.1495,NA,NA,NA
ZoomTracks.exe,35460,0x253F08E0920,DXGI,0,512,1,Hardware: Independent Flip,9408.2670,NA,9.85290000000000,9.07260000000000,9.90260000000000,10.18930000000000,10.2128,9408.1297,10.0399,0.1373,9.9026,1.2668,9.0598,0.4478,8.6120,0.9076,9408.1297,NA,21.8494,21.8494
ZoomTracks.exe,35460,0x253F08E0920,DXGI,0,512,1,Hardware: Independent Flip,9418.5018,NA,10.23480000000000,10.90530000000000,9.65160000000000,10.87560000000000,10.8833,9418.1696,9.9838,0.3322,9.6516,0.2867,10.9211,1.6697,9.2514,-0.8654,9418.1696,NA,NA,NA
ZoomTracks.exe,35460,0x253F08E0920,DXGI,0,512,1,Hardware: Independent Flip,9428.3169,NA,9.81510000000000,9.57300000000000,9.84370000000000,10.04820000000000,10.6412,9428.1534,10.0072,0.1635,9.8437,1.2240,8.9877,0.3957,8.5920,0.4108,9428.1534,NA,29.3465,29.3465
ZoomTracks.exe,35460,0x253F08E0920,DXGI,0,512,1,Hardware: Independent Flip,9438.4066,NA,10.08970000000000,10.56980000000000,9.76060000000000,11.11170000000000,11.1213,9438.1606,10.0066,0.2460,9.7606,0.2045,11.1532,1.7976,9.3556,-0.5626,9438.1606,NA,NA,NA
ZoomTracks.exe,35460,0x253F08E0920,DXGI,0,512,1,Hardware: Independent Flip,9448.3331,NA,9.92650000000000,10.10490000000000,9.80490000000000,10.01250000000000,11.2997,9448.1672,9.9708,0.1659,9.8049,1.3511,8.8273,0.3244,8.5029,-0.0983,9448.1672,NA,NA,NA
ZoomTracks.exe,35460,0x253F08E0920,DXGI,0,512,1,Hardware: Independent Flip,9458.3855,NA,10.05240000000000,9.62920000000000,9.76680000000000,10.86960000000000,10.8765,9458.1380,10.0143,0.2475,9.7668,0.2076,10.9095,1.5368,9.3727,0.3416,9458.1380,NA,NA,NA
ZoomTracks.exe,35460,0x253F08E0920,DXGI,0,512,1,Hardware: Independent Flip,9468.2709,NA,9.88540000000000,10.64350000000000,9.90700000000000,10.13320000000000,11.6346,9468.1523,10.0256,0.1186,9.9070,1.1028,9.1490,0.4378,8.7112,-0.6292,9468.1523,NA,NA,NA
ZoomTracks.exe,35460,0x253F08E0920,DXGI,0,512,1,Hardware: Independent Flip,9478.4483,NA,10.17740000000000,9.46160000000000,9.69940000000000,10.91110000000000,10.9188,9478.1779,9.9698,0.2704,9.6994,0.2262,10.9553,1.6422,9.3131,0.5640,9478.1779,NA,NA,NA
ZoomTracks.exe,35460,0x253F08E0920,DXGI,0,512,1,Hardware: Independent Flip,9488.3116,NA,9.86330000000000,10.03090000000000,9.88100000000000,10.08050000000000,11.0864,9488.1477,10.0449,0.1639,9.8810,1.2117,9.0327,0.4203,8.6124,-0.0611,9488.1477,NA,NA,NA
ZoomTracks.exe,35460,0x253F08E0920,DXGI,0,512,1,Hardware: Independent Flip,9498.4426,NA,10.13100000000000,9.94010000000000,9.70480000000000,10.88730000000000,10.8955,9498.1926,9.9548,0.2500,9.7048,0.1995,10.9378,1.5829,9.3549,0.1048,9498.1926,NA,NA,NA
ZoomTracks.exe,35460,0x253F08E0920,DXGI,0,512,1,Hardware: Independent Flip,9508.2974,NA,9.85480000000000,9.78060000000000,9.84890000000000,10.07870000000000,10.8213,9508.1474,9.9989,0.1500,9.8489,1.1825,9.0462,0.4264,8.6198,0.1742,9508.1474,NA,NA,NA
ZoomTracks.exe,35460,0x253F08E0920,DXGI,0,512,1,Hardware: Independent Flip,9518.4195,NA,10.12210000000000,9.30470000000000,9.71170000000000,9.99690000000000,10.0039,9518.1463,9.9849,0.2732,9.7117,0.2298,10.0403,0.6790,9.3613,0.6942,9518.1463,NA,28.8209,28.8209
ZoomTracks.exe,35460,0x253F08E0920,DXGI,0,512,1,Hardware: Independent Flip,9528.2697,NA,9.85020000000000,10.78260000000000,9.87030000000000,10.09680000000000,10.9363,9528.1312,10.0088,0.1385,9.8703,0.2852,9.9501,0.4088,9.5413,-0.7977,9528.1312,NA,NA,NA
ZoomTracks.exe,35460,0x253F08E0920,DXGI,0,512,1,Hardware: Independent Flip,9538.4078,NA,10.13810000000000,9.22130000000000,9.73290000000000,9.99370000000000,10.0195,9538.1400,10.0007,0.2678,9.7329,0.2265,10.0350,0.6797,9.3553,0.7875,9538.1400,NA,28.8156,28.8156
ZoomTracks.exe,35460,0x253F08E0920,DXGI,0,512,1,Hardware: Independent Flip,9548.2564,NA,9.84860000000000,10.04060000000000,9.88750000000000,10.09370000000000,10.2115,9548.1407,10.0032,0.1157,9.8875,0.2608,9.9486,0.6338,9.3148,-0.0399,9548.1407,NA,NA,NA
ZoomTracks.exe,35460,0x253F08E0920,DXGI,0,512,1,Hardware: Independent Flip,9558.4028,NA,10.14640000000000,11.22680000000000,9.74750000000000,10.90930000000000,11.2919,9558.1439,10.0064,0.2589,9.7475,0.2062,10.9620,1.5887,9.3733,-1.2236,9558.1439,NA,NA,NA
ZoomTracks.exe,35460,0x253F08E0920,DXGI,0,512,1,Hardware: Independent Flip,9568.2685,NA,9.86570000000000,8.77640000000000,9.88320000000000,10.17700000000000,10.2026,9568.1503,10.0014,0.1182,9.8832,1.1618,9.1334,0.5062,8.6272,1.2300,9568.1503,NA,NA,NA
ZoomTracks.exe,35460,0x253F08E0920,DXGI,0,512,1,Hardware: Independent Flip,9578.2806,NA,10.01210000000000,11.71590000000000,9.88190000000000,11.87770000000000,11.9064,9578.1517,10.0108,0.1289,9.8819,0.2938,11.7128,2.4089,9.3039,-1.7145,9578.1517,NA,NA,NA
ZoomTracks.exe,35460,0x253F08E0920,DXGI,0,512,1,Hardware: Independent Flip,9588.3112,NA,10.03060000000000,9.08810000000000,9.83410000000000,10.03240000000000,10.9639,9588.1625,9.9828,0.1487,9.8341,1.9958,8.1853,0.3516,7.8337,0.9227,9588.1625,NA,NA,NA
ZoomTracks.exe,35460,0x253F08E0920,DXGI,0,512,1,Hardware: Independent Flip,9598.3866,NA,10.07540000000000,9.16020000000000,9.76950000000000,10.02640000000000,10.0487,9598.1453,10.0108,0.2413,9.7695,0.1983,10.0694,0.6861,9.3833,0.8226,9598.1453,NA,25.8114,25.8114
ZoomTracks.exe,35460,0x253F08E0920,DXGI,0,512,1,Hardware: Independent Flip,9608.4676,NA,10.08100000000000,12.19480000000000,9.67320000000000,9.91400000000000,12.1625,9608.1561,9.9847,0.3115,9.6732,0.2569,9.9686,0.6465,9.3221,-2.1840,9608.1561,NA,NA,NA
ZoomTracks.exe,35460,0x253F08E0920,DXGI,0,512,1,Hardware: Independent Flip,9618.4171,NA,9.94950000000000,7.80520000000000,9.71050000000000,9.92920000000000,10.0182,9618.1408,9.9868,0.2763,9.7105,0.2408,9.9647,0.6383,9.3264,2.1795,9618.1408,NA,28.8213,28.8213
ZoomTracks.exe,35460,0x253F08E0920,DXGI,0,512,1,Hardware: Independent Flip,9628.3579,NA,9.94080000000000,10.65010000000000,9.81320000000000,10.00620000000000,10.7275,9628.1276,10.0435,0.2303,9.8132,0.2187,10.0178,0.5389,9.4789,-0.6633,9628.1276,NA,NA,NA
ZoomTracks.exe,35460,0x253F08E0920,DXGI,0,512,1,Hardware: Independent Flip,9638.4064,NA,10.04850000000000,9.51890000000000,9.76240000000000,9.93380000000000,10.1979,9638.1711,9.9977,0.2353,9.7624,0.1930,9.9761,0.6286,9.3475,0.5246,9638.1711,NA,NA,NA
ZoomTracks.exe,35460,0x253F08E0920,DXGI,0,512,1,Hardware: Independent Flip,9648.3852,NA,9.97880000000000,9.82440000000000,9.75270000000000,10.02340000000000,10.0435,9648.1688,9.9691,0.2164,9.7527,0.1714,10.0684,0.6744,9.3940,0.1733,9648.1688,NA,NA,NA
ZoomTracks.exe,35460,0x253F08E0920,DXGI,0,512,1,Hardware: Independent Flip,9658.4686,NA,10.08340000000000,10.35670000000000,9.68190000000000,9.89520000000000,10.3168,9658.1379,10.0126,0.3307,9.6819,0.2707,9.9552,0.6399,9.3153,-0.3876,9658.1379,NA,NA,NA
ZoomTracks.exe,35460,0x253F08E0920,DXGI,0,512,1,Hardware: Independent Flip,9668.3892,NA,9.92060000000000,9.67280000000000,9.78380000000000,10.04700000000000,10.0690,9668.1505,10.0225,0.2387,9.7838,0.2133,10.0724,0.7914,9.2810,0.3398,9668.1505,NA,NA,NA
ZoomTracks.exe,35460,0x253F08E0920,DXGI,0,512,1,Hardware: Independent Flip,9678.4745,NA,10.08530000000000,9.99570000000000,9.67460000000000,9.95850000000000,9.9794,9678.1730,9.9761,0.3015,9.6746,0.2632,9.9968,0.7020,9.2948,0.0268,9678.1730,NA,NA,NA
ZoomTracks.exe,35460,0x253F08E0920,DXGI,0,512,1,Hardware: Independent Flip,9688.4900,NA,10.01550000000000,9.98710000000000,9.67380000000000,9.92620000000000,9.9510,9688.1491,10.0147,0.3409,9.6738,0.2839,9.9832,0.6846,9.2986,-0.0110,9688.1491,NA,NA,NA
ZoomTracks.exe,35460,0x253F08E0920,DXGI,0,512,1,Hardware: Independent Flip,9698.4620,NA,9.97200000000000,10.00190000000000,9.69730000000000,9.95930000000000,9.9809,9698.1638,9.9955,0.2982,9.6973,0.2524,10.0051,0.6756,9.3295,0.0128,9698.1638,NA,22.8297,22.8297
ZoomTracks.exe,35460,0x253F08E0920,DXGI,0,512,1,Hardware: Independent Flip,9708.4822,NA,10.02020000000000,10.05790000000000,9.67870000000000,9.99330000000000,10.0186,9708.1593,10.0016,0.3229,9.6787,0.2620,10.0542,0.7508,9.3034,-0.0624,9708.1593,NA,NA,NA
ZoomTracks.exe,35460,0x253F08E0920,DXGI,0,512,1,Hardware: Independent Flip,9718.5211,NA,10.03890000000000,9.96840000000000,9.61320000000000,9.83780000000000,9.9481,9718.1609,9.9734,0.3602,9.6132,0.3146,9.8834,0.6009,9.2825,0.0332,9718.1609,NA,NA,NA
ZoomTracks.exe,35460,0x253F08E0920,DXGI,0,512,1,Hardware: Independent Flip,9728.3925,NA,9.87140000000000,9.86700000000000,9.79870000000000,9.93080000000000,9.9437,9728.1343,10.0569,0.2582,9.7987,0.2246,9.9644,0.5373,9.4271,0.1064,9728.1343,NA,28.7433,28.7433
ZoomTracks.exe,35460,0x253F08E0920,DXGI,0,512,1,Hardware: Independent Flip,9738.4662,NA,10.07370000000000,10.08140000000000,9.66030000000000,9.92940000000000,9.9514,9738.1912,9.9353,0.2750,9.6603,0.1321,10.0723,0.7576,9.3147,-0.0245,9738.1912,NA,NA,NA
ZoomTracks.exe,35460,0x253F08E0920,DXGI,0,512,1,Hardware: Independent Flip,9748.4694,NA,10.00320000000000,10.02740000000000,9.69270000000000,9.95320000000000,9.9756,9748.1265,10.0356,0.3429,9.6927,0.2691,10.0270,0.6960,9.3310,-0.0921,9748.1265,NA,NA,NA
ZoomTracks.exe,35460,0x253F08E0920,DXGI,0,512,1,Hardware: Independent Flip,9758.4877,NA,10.01830000000000,9.94550000000000,9.66930000000000,9.88310000000000,9.9028,9758.1621,9.9949,0.3256,9.6693,0.2605,9.9482,0.6699,9.2783,0.0901,9758.1621,NA,NA,NA
ZoomTracks.exe,35460,0x253F08E0920,DXGI,0,512,1,Hardware: Independent Flip,9768.4307,NA,9.94300000000000,10.04930000000000,9.71880000000000,9.98060000000000,10.0091,9768.1570,9.9925,0.2737,9.7188,0.2138,10.0405,0.6720,9.3685,-0.0544,9768.1570,NA,NA,NA
ZoomTracks.exe,35460,0x253F08E0920,DXGI,0,512,1,Hardware: Independent Flip,9778.2654,NA,9.83470000000000,9.97460000000000,9.92190000000000,10.12860000000000,10.1490,9778.1495,10.0378,0.1159,9.9219,0.2618,9.9827,0.6598,9.3229,0.0179,9778.1495,NA,NA,NA
ZoomTracks.exe,35460,0x253F08E0920,DXGI,0,512,1,Hardware: Independent Flip,9788.4560,NA,10.19060000000000,10.01200000000000,9.68230000000000,9.94450000000000,9.9704,9788.1873,9.9510,0.2687,9.6823,0.2067,10.0065,0.6760,9.3305,0.0258,9788.1873,NA,19.8261,19.8261
ZoomTracks.exe,35460,0x253F08E0920,DXGI,0,512,1,Hardware: Independent Flip,9798.2700,NA,9.81400000000000,10.01220000000000,9.88390000000000,10.14900000000000,10.1686,9798.1383,10.0156,0.1317,9.8839,0.2622,10.0185,0.6698,9.3487,-0.0612,9798.1383,NA,NA,NA
ZoomTracks.exe,35460,0x253F08E0920,DXGI,0,512,1,Hardware: Independent Flip,9808.4791,NA,10.20910000000000,9.97230000000000,9.67880000000000,9.91110000000000,9.9318,9808.1539,10.0040,0.3252,9.6788,0.2651,9.9712,0.6665,9.3047,0.0433,9808.1539,NA,NA,NA
ZoomTracks.exe,35460,0x253F08E0920,DXGI,0,512,1,Hardware: Independent Flip,9818.4468,NA,9.96770000000000,10.43910000000000,9.66980000000000,10.39570000000000,10.4032,9818.1579,9.9587,0.2889,9.6698,0.2323,10.4523,1.1324,9.3199,-0.4351,9818.1579,NA,NA,NA
ZoomTracks.exe,35460,0x253F08E0920,DXGI,0,512,1,Hardware: Independent Flip,9828.2566,NA,9.80980000000000,9.55620000000000,9.86770000000000,10.14270000000000,10.1496,9828.1166,10.0077,0.1400,9.8677,0.7259,9.5568,0.4433,9.1135,0.4025,9828.1166,NA,NA,NA
ZoomTracks.exe,35460,0x253F08E0920,DXGI,0,512,1,Hardware: Independent Flip,9838.2681,NA,10.01150000000000,10.42390000000000,9.85230000000000,10.55390000000000,10.5620,9838.1243,9.9961,0.1438,9.8523,0.2750,10.4227,0.8846,9.5381,-0.4162,9838.1243,NA,NA,NA
ZoomTracks.exe,35460,0x253F08E0920,DXGI,0,512,1,Hardware: Independent Flip,9848.2850,NA,10.01690000000000,10.03920000000000,9.87730000000000,10.08720000000000,10.5843,9848.1204,10.0419,0.1646,9.8773,0.7016,9.5502,0.4223,9.1279,-0.0431,9848.1204,NA,NA,NA
ZoomTracks.exe,35460,0x253F08E0920,DXGI,0,512,1,Hardware: Independent Flip,9858.4157,NA,10.13070000000000,9.94740000000000,9.79010000000000,10.39130000000000,10.4010,9858.1623,10.0435,0.2534,9.7901,0.2099,10.4348,1.0591,9.3757,0.0945,9858.1623,NA,NA,NA
ZoomTracks.exe,35460,0x253F08E0920,DXGI,0,512,1,Hardware: Independent Flip,9868.4029,NA,9.98720000000000,10.28610000000000,9.79760000000000,10.00620000000000,10.6999,9868.2058,9.9947,0.1971,9.7976,0.6012,9.6021,0.3502,9.2519,-0.2426,9868.2058,NA,NA,NA
ZoomTracks.exe,35460,0x253F08E0920,DXGI,0,512,1,Hardware: Independent Flip,9878.4622,NA,10.05930000000000,9.77720000000000,9.79040000000000,10.40550000000000,10.4178,9878.2005,10.0521,0.2617,9.7904,0.2086,10.4586,1.1147,9.3439,0.2175,9878.2005,NA,NA,NA
ZoomTracks.exe,35460,0x253F08E0920,DXGI,0,512,1,Hardware: Independent Flip,9888.4736,NA,10.01140000000000,10.01340000000000,9.77820000000000,9.92580000000000,10.4198,9888.2526,9.9992,0.2210,9.7782,0.6151,9.5317,0.3416,9.1901,0.0387,9888.2526,NA,26.3006,26.3006
ZoomTracks.exe,35460,0x253F08E0920,DXGI,0,512,1,Hardware: Independent Flip,9898.5885,NA,10.11490000000000,9.60660000000000,9.64660000000000,9.87820000000000,9.9115,9898.2518,9.9833,0.3367,9.6466,0.1476,10.0673,0.8087,9.2586,0.3926,9898.2518,NA,NA,NA
ZoomTracks.exe,35460,0x253F08E0920,DXGI,0,512,1,Hardware: Independent Flip,9908.6541,NA,10.06560000000000,10.26590000000000,9.55020000000000,9.74400000000000,10.1118,9908.2351,9.9692,0.4190,9.5502,0.2316,9.9314,0.7185,9.2129,-0.2826,9908.2351,NA,23.1397,23.1397
ZoomTracks.exe,35460,0x253F08E0920,DXGI,0,512,1,Hardware: Independent Flip,9918.4494,NA,9.79530000000000,10.07250000000000,9.78260000000000,10.37810000000000,10.3890,9918.2043,10.0277,0.2451,9.7826,0.1938,10.4294,1.1436,9.2858,-0.1033,9918.2043,NA,NA,NA
ZoomTracks.exe,35460,0x253F08E0920,DXGI,0,512,1,Hardware: Independent Flip,9928.4394,NA,9.99000000000000,9.59660000000000,9.72520000000000,9.97320000000000,9.9956,9928.2320,9.9326,0.2074,9.7252,0.5955,9.5851,0.3814,9.2037,0.4311,9928.2320,NA,NA,NA
ZoomTracks.exe,35460,0x253F08E0920,DXGI,0,512,1,Hardware: Independent Flip,9938.4905,NA,10.05110000000000,10.45550000000000,9.68570000000000,10.39210000000000,10.4000,9938.1646,10.0116,0.3259,9.6857,0.2480,10.4700,1.1595,9.3105,-0.5229,9938.1646,NA,NA,NA
ZoomTracks.exe,35460,0x253F08E0920,DXGI,0,512,1,Hardware: Independent Flip,9948.3431,NA,9.85260000000000,9.76280000000000,9.79880000000000,10.04560000000000,10.3102,9948.1762,9.9657,0.1669,9.7988,0.7064,9.5061,0.4213,9.0848,0.2488,9948.1762,NA,NA,NA
ZoomTracks.exe,35460,0x253F08E0920,DXGI,0,512,1,Hardware: Independent Flip,9958.4006,NA,10.05750000000000,10.25860000000000,9.77220000000000,10.50050000000000,10.5113,9958.1419,10.0309,0.2587,9.7722,0.2468,10.5124,1.2294,9.2830,-0.2929,9958.1419,NA,NA,NA
ZoomTracks.exe,35460,0x253F08E0920,DXGI,0,512,1,Hardware: Independent Flip,9968.3460,NA,9.94540000000000,10.07120000000000,9.83530000000000,10.02530000000000,10.6371,9968.1728,10.0085,0.1732,9.8353,0.7283,9.4702,0.3418,9.1284,-0.0403,9968.1728,NA,22.3295,22.3295
ZoomTracks.exe,35460,0x253F08E0920,DXGI,0,512,1,Hardware: Independent Flip,9978.4220,NA,10.07600000000000,9.81030000000000,9.74290000000000,10.36290000000000,10.3714,9978.1813,9.9836,0.2407,9.7429,0.1900,10.4136,1.0672,9.3464,0.1982,9978.1813,NA,27.1805,27.1805
ZoomTracks.exe,35460,0x253F08E0920,DXGI,0,512,1,Hardware: Independent Flip,9988.3258,NA,9.90380000000000,10.23160000000000,9.81820000000000,10.02110000000000,10.6992,9988.1649,9.9791,0.1609,9.8182,0.6200,9.5620,0.3924,9.1696,-0.2480,9988.1649,NA,NA,NA
ZoomTracks.exe,35460,0x253F08E0920,DXGI,0,512,1,Hardware: Independent Flip,9998.3893,NA,10.06350000000000,9.44730000000000,9.77670000000000,10.06320000000000,10.0830,9998.1440,10.0220,0.2453,9.7767,0.2029,10.1056,0.7284,9.3772,0.5318,9998.1440,NA,NA,NA
ZoomTracks.exe,35460,0x253F08E0920,DXGI,0,512,1,Hardware: Independent Flip,10008.5100,NA,10.12070000000000,10.44400000000000,9.64650000000000,9.89380000000000,10.4063,10008.1660,9.9905,0.3440,9.6465,0.2865,9.9513,0.6959,9.2554,-0.4220,10008.1660,NA,NA,NA
ZoomTracks.exe,35460,0x253F08E0920,DXGI,0,512,1,Hardware: Independent Flip,10018.2903,NA,9.78030000000000,9.51620000000000,9.85780000000000,10.05120000000000,10.1422,10018.1565,9.9916,0.1338,9.8578,0.2473,9.9377,0.6066,9.3311,0.4743,10018.1565,NA,NA,NA
ZoomTracks.exe,35460,0x253F08E0920,DXGI,0,512,1,Hardware: Independent Flip,10028.4522,NA,10.16190000000000,10.17760000000000,9.70190000000000,10.15040000000000,10.1579,10028.1481,10.0060,0.3041,9.7019,0.1934,10.2611,0.9126,9.3485,-0.1860,10028.1481,NA,NA,NA
ZoomTracks.exe,35460,0x253F08E0920,DXGI,0,512,1,Hardware: Independent Flip,10038.3204,NA,9.86820000000000,10.14070000000000,9.83780000000000,10.02030000000000,10.4304,10038.1541,10.0041,0.1663,9.8378,0.4485,9.7381,0.4029,9.3352,-0.1347,10038.1541,NA,NA,NA
ZoomTracks.exe,35460,0x253F08E0920,DXGI,0,512,1,Hardware: Independent Flip,10048.3853,NA,10.06490000000000,9.80770000000000,9.73390000000000,10.15540000000000,10.1732,10048.1582,9.9610,0.2271,9.7339,0.1825,10.2000,0.8869,9.3131,0.1964,10048.1582,NA,NA,NA
ZoomTracks.exe,35460,0x253F08E0920,DXGI,0,512,1,Hardware: Independent Flip,10058.2697,NA,9.88440000000000,10.01320000000000,9.89830000000000,10.06140000000000,10.3020,10058.1192,10.0488,0.1505,9.8983,0.4215,9.7904,0.3336,9.4568,-0.0522,10058.1192,NA,NA,NA
ZoomTracks.exe,35460,0x253F08E0920,DXGI,0,512,1,Hardware: Independent Flip,10068.3770,NA,10.10730000000000,9.87470000000000,9.78400000000000,10.04550000000000,10.0694,10068.1680,9.9930,0.2090,9.7840,0.1631,10.0914,0.7085,9.3829,0.1741,10068.1680,NA,21.8279,21.8279
ZoomTracks.exe,35460,0x253F08E0920,DXGI,0,512,1,Hardware: Independent Flip,10078.4629,NA,10.08590000000000,10.07090000000000,9.68380000000000,9.93210000000000,10.0544,10078.1610,9.9857,0.3019,9.6838,0.2615,9.9725,0.6596,9.3129,-0.0779,10078.1610,NA,NA,NA
ZoomTracks.exe,35460,0x253F08E0920,DXGI,0,512,1,Hardware: Independent Flip,10088.4220,NA,9.95910000000000,9.96260000000000,9.76380000000000,10.03520000000000,10.0579,10088.1467,10.0391,0.2753,9.7638,0.2483,10.0622,0.7120,9.3502,0.0231,10088.1467,NA,26.8699,26.8699
ZoomTracks.exe,35460,0x253F08E0920,DXGI,0,512,1,Hardware: Independent Flip,10098.5244,NA,10.10240000000000,10.01430000000000,9.69420000000000,9.94290000000000,9.9698,10098.1858,10.0328,0.3386,9.6942,0.2714,10.0101,0.7108,9.2993,0.0248,10098.1858,NA,NA,NA
ZoomTracks.exe,35460,0x253F08E0920,DXGI,0,512,1,Hardware: Independent Flip,10108.6316,NA,10.10720000000000,10.02690000000000,9.59950000000000,9.86190000000000,9.8895,10108.2186,10.0125,0.4130,9.5995,0.2487,10.0262,0.7300,9.2962,0.0059,10108.2186,NA,NA,NA
ZoomTracks.exe,35460,0x253F08E0920,DXGI,0,512,1,Hardware: Independent Flip,10118.5604,NA,9.92880000000000,9.98980000000000,9.71110000000000,9.85690000000000,9.9505,10118.2311,10.0404,0.3293,9.7111,0.2624,9.9238,0.7147,9.2091,0.0227,10118.2311,NA,NA,NA
ZoomTracks.exe,35460,0x253F08E0920,DXGI,0,512,1,Hardware: Independent Flip,10128.5897,NA,10.02930000000000,9.96870000000000,9.60740000000000,9.86590000000000,9.8899,10128.2715,9.9256,0.3182,9.6074,0.1458,10.0383,0.8172,9.2211,0.0717,10128.2715,NA,NA,NA
ZoomTracks.exe,35460,0x253F08E0920,DXGI,0,512,1,Hardware: Independent Flip,10138.5406,NA,9.95090000000000,9.96910000000000,9.62590000000000,9.88710000000000,9.9081,10138.1971,9.9694,0.3435,9.6259,0.2585,9.9721,0.7898,9.1823,-0.0435,10138.1971,NA,NA,NA
ZoomTracks.exe,35460,0x253F08E0920,DXGI,0,512,1,Hardware: Independent Flip,10148.4872,NA,9.94660000000000,10.05230000000000,9.64330000000000,10.00710000000000,10.0138,10148.1665,9.9640,0.3207,9.6433,0.2612,10.0666,0.7875,9.2791,-0.0829,10148.1665,NA,NA,NA
ZoomTracks.exe,35460,0x253F08E0920,DXGI,0,512,1,Hardware: Independent Flip,10158.2927,NA,9.80550000000000,10.05330000000000,9.88480000000000,10.12620000000000,10.2616,10158.1305,10.0470,0.1622,9.8848,0.3638,9.9246,0.4577,9.4669,-0.0893,10158.1305,NA,22.9224,22.9224
ZoomTracks.exe,35460,0x253F08E0920,DXGI,0,512,1,Hardware: Independent Flip,10168.4451,NA,10.15240000000000,9.88540000000000,9.70380000000000,9.97350000000000,9.9946,10168.1775,9.9714,0.2676,9.7038,0.2414,9.9997,0.6747,9.3250,0.1616,10168.1775,NA,26.8234,26.8234
ZoomTracks.exe,35460,0x253F08E0920,DXGI,0,512,1,Hardware: Independent Flip,10178.4799,NA,10.03480000000000,10.02240000000000,9.68390000000000,9.96030000000000,9.9822,10178.1489,10.0149,0.3310,9.6839,0.2697,10.0216,0.7070,9.3146,-0.0510,10178.1489,NA,NA,NA
ZoomTracks.exe,35460,0x253F08E0920,DXGI,0,512,1,Hardware: Independent Flip,10188.5047,NA,10.02480000000000,10.00570000000000,9.64900000000000,9.95150000000000,9.9631,10188.1638,9.9899,0.3409,9.6490,0.2764,10.0160,0.7694,9.2466,0.0092,10188.1638,NA,NA,NA
ZoomTracks.exe,35460,0x253F08E0920,DXGI,0,512,1,Hardware: Independent Flip,10198.2819,NA,9.77720000000000,9.97070000000000,9.86500000000000,10.13560000000000,10.1566,10198.1537,9.9932,0.1282,9.8650,0.3025,9.9613,0.4803,9.4810,0.0192,10198.1537,NA,NA,NA
ZoomTracks.exe,35460,0x253F08E0920,DXGI,0,512,1,Hardware: Independent Flip,10208.4550,NA,10.17310000000000,10.02000000000000,9.70520000000000,9.97750000000000,10.0035,10208.1469,10.0133,0.3081,9.7052,0.2706,10.0150,0.6921,9.3229,-0.0268,10208.1469,NA,NA,NA
ZoomTracks.exe,35460,0x253F08E0920,DXGI,0,512,1,Hardware: Independent Flip,10218.2886,NA,9.83360000000000,9.97530000000000,9.85140000000000,10.03700000000000,10.1452,10218.1602,9.9798,0.1284,9.8514,0.2723,9.8931,0.6100,9.2831,0.0380,10218.1602,NA,NA,NA
ZoomTracks.exe,35460,0x253F08E0920,DXGI,0,512,1,Hardware: Independent Flip,10228.3662,NA,10.07760000000000,10.06340000000000,9.80140000000000,10.10610000000000,10.1310,10228.1400,10.0276,0.2262,9.8014,0.1856,10.1467,0.7496,9.3971,-0.0836,10228.1400,NA,NA,NA
ZoomTracks.exe,35460,0x253F08E0920,DXGI,0,512,1,Hardware: Independent Flip,10238.5196,NA,10.15340000000000,10.00240000000000,9.63780000000000,9.85000000000000,9.9800,10238.1676,9.9898,0.3520,9.6378,0.3047,9.8973,0.6490,9.2483,0.0252,10238.1676,NA,NA,NA
ZoomTracks.exe,35460,0x253F08E0920,DXGI,0,512,1,Hardware: Independent Flip,10248.4141,NA,9.89450000000000,9.91760000000000,9.70790000000000,9.99670000000000,10.0031,10248.1574,9.9646,0.2567,9.7079,0.2122,10.0412,0.6675,9.3737,0.0722,10248.1574,NA,NA,NA
ZoomTracks.exe,35460,0x253F08E0920,DXGI,0,512,1,Hardware: Independent Flip,10258.2731,NA,9.85900000000000,10.05730000000000,9.88970000000000,10.18050000000000,10.2014,10258.1220,10.0408,0.1511,9.8897,0.2888,10.0428,0.4985,9.5443,-0.0927,10258.1220,NA,NA,NA
ZoomTracks.exe,35460,0x253F08E0920,DXGI,0,512,1,Hardware: Independent Flip,10268.4972,NA,10.22410000000000,9.97480000000000,9.63560000000000,9.94300000000000,9.9521,10268.1628,9.9700,0.3344,9.6356,0.2908,9.9866,0.6936,9.2930,0.0660,10268.1628,NA,27.8396,27.8396
ZoomTracks.exe,35460,0x253F08E0920,DXGI,0,512,1,Hardware: Independent Flip,10278.2888,NA,9.79160000000000,9.99780000000000,9.86070000000000,10.13070000000000,10.1583,10278.1328,10.0167,0.1560,9.8607,0.3074,9.9793,0.4807,9.4986,-0.0278,10278.1328,NA,NA,NA
ZoomTracks.exe,35460,0x253F08E0920,DXGI,0,512,1,Hardware: Independent Flip,10288.4911,NA,10.20230000000000,10.07120000000000,9.65020000000000,9.99730000000000,10.0272,10288.1495,9.9918,0.3416,9.6502,0.2700,10.0689,0.7601,9.3088,-0.0545,10288.1495,NA,25.9043,25.9043
ZoomTracks.exe,35460,0x253F08E0920,DXGI,0,512,1,Hardware: Independent Flip,10298.2989,NA,9.80780000000000,10.01290000000000,9.86790000000000,10.08960000000000,10.2323,10298.1413,10.0255,0.1576,9.8679,0.3471,9.9001,0.6483,9.2518,-0.0211,10298.1413,NA,NA,NA
ZoomTracks.exe,35460,0x253F08E0920,DXGI,0,512,1,Hardware: Independent Flip,10308.4236,NA,10.12470000000000,9.88770000000000,9.73510000000000,9.97690000000000,9.9953,10308.1668,9.9919,0.2568,9.7351,0.2217,10.0120,0.8249,9.1871,0.1378,10308.1668,NA,NA,NA
ZoomTracks.exe,35460,0x253F08E0920,DXGI,0,512,1,Hardware: Independent Flip,10318.4546,NA,10.03100000000000,10.02770000000000,9.72430000000000,9.90230000000000,9.9920,10318.1587,10.0202,0.2959,9.7243,0.2418,9.9564,0.6160,9.3404,-0.0358,10318.1587,NA,NA,NA
ZoomTracks.exe,35460,0x253F08E0920,DXGI,0,512,1,Hardware: Independent Flip,10328.4621,NA,10.00750000000000,9.96630000000000,9.69170000000000,9.93000000000000,9.9508,10328.1789,9.9749,0.2832,9.6917,0.1780,10.0352,0.7139,9.3213,0.0539,10328.1789,NA,NA,NA
ZoomTracks.exe,35460,0x253F08E0920,DXGI,0,512,1,Hardware: Independent Flip,10338.4513,NA,9.98920000000000,9.97770000000000,9.72040000000000,9.91870000000000,9.9393,10338.1538,10.0179,0.2975,9.7204,0.2383,9.9779,0.6583,9.3196,-0.0028,10338.1538,NA,11.2868,11.2868
ZoomTracks.exe,35460,0x253F08E0920,DXGI,0,512,1,Hardware: Independent Flip,10348.4284,NA,9.97710000000000,10.02670000000000,9.72180000000000,9.96890000000000,9.9889,10348.1717,9.9785,0.2567,9.7218,0.1983,10.0273,0.6534,9.3739,-0.0088,10348.1717,NA,NA,NA
ZoomTracks.exe,35460,0x253F08E0920,DXGI,0,512,1,Hardware: Independent Flip,10358.4476,NA,10.01920000000000,9.99570000000000,9.69050000000000,9.93770000000000,9.9654,10358.1502,9.9879,0.2974,9.6905,0.2471,9.9880,0.6677,9.3203,-0.0172,10358.1502,NA,NA,NA
ZoomTracks.exe,35460,0x253F08E0920,DXGI,0,512,1,Hardware: Independent Flip,10368.4206,NA,9.97300000000000,10.00790000000000,9.71770000000000,9.99280000000000,10.0003,10368.1381,10.0002,0.2825,9.7177,0.2472,10.0281,0.6771,9.3510,-0.0200,10368.1381,NA,NA,NA
ZoomTracks.exe,35460,0x253F08E0920,DXGI,0,512,1,Hardware: Independent Flip,10378.2917,NA,9.87110000000000,10.08710000000000,9.89420000000000,10.13210000000000,10.2163,10378.1383,10.0476,0.1534,9.8942,0.2751,10.0104,0.4477,9.5627,-0.0869,10378.1383,NA,NA,NA
ZoomTracks.exe,35460,0x253F08E0920,DXGI,0,512,1,Hardware: Independent Flip,10388.5785,NA,10.28680000000000,9.94900000000000,9.59220000000000,9.85330000000000,9.8785,10388.1859,9.9848,0.3926,9.5922,0.2379,10.0080,0.7008,9.3072,0.0986,10388.1859,NA,NA,NA
ZoomTracks.exe,35460,0x253F08E0920,DXGI,0,512,1,Hardware: Independent Flip,10398.5399,NA,9.96140000000000,9.95600000000000,9.63580000000000,9.85110000000000,9.8731,10398.1707,10.0050,0.3692,9.6358,0.2611,9.9592,0.6576,9.3016,0.0288,10398.1707,NA,NA,NA
ZoomTracks.exe,35460,0x253F08E0920,DXGI,0,512,1,Hardware: Independent Flip,10408.4585,NA,9.91860000000000,10.04640000000000,9.72370000000000,9.91560000000000,10.0009,10408.1757,10.0065,0.2828,9.7237,0.2153,9.9831,0.6273,9.3558,-0.0414,10408.1757,NA,NA,NA
ZoomTracks.exe,35460,0x253F08E0920,DXGI,0,512,1,Hardware: Independent Flip,10418.4988,NA,10.04030000000000,9.95890000000000,9.69430000000000,9.89670000000000,9.9195,10418.1822,10.0109,0.3166,9.6943,0.1919,10.0214,0.7340,9.2874,0.0476,10418.1822,NA,NA,NA
ZoomTracks.exe,35460,0x253F08E0920,DXGI,0,512,1,Hardware: Independent Flip,10428.4459,NA,9.94710000000000,10.00720000000000,9.72610000000000,9.96060000000000,9.9796,10428.1931,9.9789,0.2528,9.7261,0.2024,10.0110,0.6549,9.3561,0.0037,10428.1931,NA,NA,NA
ZoomTracks.exe,35460,0x253F08E0920,DXGI,0,512,1,Hardware: Independent Flip,10438.4655,NA,10.01960000000000,9.97490000000000,9.69750000000000,9.91290000000000,9.9349,10438.1720,9.9910,0.2935,9.6975,0.2345,9.9719,0.6439,9.3280,0.0040,10438.1720,NA,NA,NA
ZoomTracks.exe,35460,0x253F08E0920,DXGI,0,512,1,Hardware: Independent Flip,10448.4422,NA,9.97670000000000,10.04340000000000,9.69990000000000,9.97840000000000,10.0016,10448.1630,9.9791,0.2792,9.6999,0.2154,10.0422,0.6916,9.3506,-0.0524,10448.1630,NA,21.8298,21.8298
ZoomTracks.exe,35460,0x253F08E0920,DXGI,0,512,1,Hardware: Independent Flip,10458.4598,NA,10.01760000000000,9.98490000000000,9.68310000000000,9.87980000000000,9.9689,10458.1421,10.0008,0.3177,9.6831,0.2785,9.9190,0.6043,9.3147,-0.0058,10458.1421,NA,NA,NA
ZoomTracks.exe,35460,0x253F08E0920,DXGI,0,512,1,Hardware: Independent Flip,10468.4524,NA,9.99260000000000,9.98560000000000,9.69900000000000,9.95350000000000,9.9619,10468.1429,10.0085,0.3095,9.6990,0.1967,10.0663,0.7378,9.3285,0.0152,10468.1429,NA,24.8166,24.8166
ZoomTracks.exe,35460,0x253F08E0920,DXGI,0,512,1,Hardware: Independent Flip,10478.4443,NA,9.99190000000000,10.01840000000000,9.68450000000000,9.89740000000000,9.9884,10478.1514,9.9774,0.2929,9.6845,0.2545,9.9358,0.6325,9.3033,-0.0099,10478.1514,NA,NA,NA
ZoomTracks.exe,35460,0x253F08E0920,DXGI,0,512,1,Hardware: Independent Flip,10488.3554,NA,9.91110000000000,10.01900000000000,9.82420000000000,10.07220000000000,10.0963,10488.1288,10.0508,0.2266,9.8242,0.2129,10.0859,0.5883,9.4976,-0.0416,10488.1288,NA,NA,NA
ZoomTracks.exe,35460,0x253F08E0920,DXGI,0,512,1,Hardware: Independent Flip,10498.4943,NA,10.13890000000000,10.01710000000000,9.68500000000000,9.88710000000000,9.9745,10498.1796,9.9997,0.3147,9.6850,0.2480,9.9538,0.6497,9.3041,0.0337,10498.1796,NA,NA,NA
ZoomTracks.exe,35460,0x253F08E0920,DXGI,0,512,1,Hardware: Independent Flip,10508.5061,NA,10.01180000000000,9.98110000000000,9.64380000000000,9.91750000000000,9.9438,10508.1793,9.9706,0.3268,9.6438,0.2021,10.0422,0.7512,9.2910,0.0186,10508.1793,NA,NA,NA
ZoomTracks.exe,35460,0x253F08E0920,DXGI,0,512,1,Hardware: Independent Flip,10518.2735,NA,9.76740000000000,10.02670000000000,9.89540000000000,10.17060000000000,10.2031,10518.1499,10.0190,0.1236,9.8954,0.2737,10.0205,0.7017,9.3188,-0.0561,10518.1499,NA,NA,NA
ZoomTracks.exe,35460,0x253F08E0920,DXGI,0,512,1,Hardware: Independent Flip,10528.5227,NA,10.24920000000000,9.96280000000000,9.64700000000000,9.89650000000000,9.9167,10528.1689,10.0008,0.3538,9.6470,0.2752,9.9751,0.7145,9.2606,0.0562,10528.1689,NA,15.8445,15.8445
ZoomTracks.exe,35460,0x253F08E0920,DXGI,0,512,1,Hardware: Independent Flip,10538.4770,NA,9.95430000000000,9.97510000000000,9.66270000000000,9.91430000000000,9.9375,10538.1697,9.9700,0.3073,9.6627,0.2495,9.9721,0.6878,9.2843,0.0257,10538.1697,NA,NA,NA
ZoomTracks.exe,35460,0x253F08E0920,DXGI,0,512,1,Hardware: Independent Flip,10548.4547,NA,9.97770000000000,10.05580000000000,9.70940000000000,9.99350000000000,10.0156,10548.1397,10.0244,0.3150,9.7094,0.2516,10.0569,0.7082,9.3487,-0.0858,10548.1397,NA,NA,NA
ZoomTracks.exe,35460,0x253F08E0920,DXGI,0,512,1,Hardware: Independent Flip,10558.5134,NA,10.05870000000000,9.98190000000000,9.68160000000000,9.91520000000000,9.9388,10558.1641,10.0309,0.3493,9.6816,0.2841,9.9804,0.6901,9.2903,0.0425,10558.1641,NA,NA,NA
ZoomTracks.exe,35460,0x253F08E0920,DXGI,0,512,1,Hardware: Independent Flip,10568.4914,NA,9.97800000000000,9.97010000000000,9.63890000000000,9.92340000000000,9.9309,10568.1950,9.9353,0.2964,9.6389,0.2336,9.9862,0.6826,9.3036,0.0608,10568.1950,NA,NA,NA
ZoomTracks.exe,35460,0x253F08E0920,DXGI,0,512,1,Hardware: Independent Flip,10578.4736,NA,9.98220000000000,10.07530000000000,9.66560000000000,9.92130000000000,10.0240,10578.1303,10.0089,0.3433,9.6656,0.2845,9.9801,0.6469,9.3332,-0.1400,10578.1303,NA,NA,NA
ZoomTracks.exe,35460,0x253F08E0920,DXGI,0,512,1,Hardware: Independent Flip,10588.2827,NA,9.80910000000000,9.98860000000000,9.89870000000000,10.18000000000000,10.2035,10588.1392,10.0422,0.1435,9.8987,0.2557,10.0678,0.5965,9.4713,0.0203,10588.1392,NA,NA,NA
ZoomTracks.exe,35460,0x253F08E0920,DXGI,0,512,1,Hardware: Independent Flip,10598.5153,NA,10.23260000000000,10.01390000000000,9.67450000000000,9.96220000000000,9.9848,10598.1814,10.0084,0.3339,9.6745,0.2813,10.0148,0.7383,9.2765,0.0283,10598.1814,NA,NA,NA
ZoomTracks.exe,35460,0x253F08E0920,DXGI,0,512,1,Hardware: Independent Flip,10608.5319,NA,10.01660000000000,10.18870000000000,9.70690000000000,10.12310000000000,10.1569,10608.1898,10.0490,0.3421,9.7069,0.2877,10.1775,0.8785,9.2990,-0.1803,10608.1898,NA,NA,NA
ZoomTracks.exe,35460,0x253F08E0920,DXGI,0,512,1,Hardware: Independent Flip,10618.4985,NA,9.96660000000000,9.88590000000000,9.76960000000000,9.91170000000000,10.0762,10618.2388,10.0293,0.2597,9.7696,0.4162,9.7552,0.6081,9.1471,0.1631,10618.2388,NA,NA,NA
ZoomTracks.exe,35460,0x253F08E0920,DXGI,0,512,1,Hardware: Independent Flip,10628.6550,NA,10.15650000000000,10.24470000000000,9.96050000000000,10.06490000000000,10.1644,10628.2681,10.3474,0.3869,9.9605,0.1421,10.3097,0.9673,9.3424,-0.2154,10628.2681,NA,NA,NA
ZoomTracks.exe,35460,0x253F08E0920,DXGI,0,512,1,Hardware: Independent Flip,10639.0107,NA,10.35570000000000,9.90770000000000,9.25890000000000,9.40510000000000,9.7164,10638.6155,9.6541,0.3952,9.2589,0.1044,9.6959,0.8456,8.8503,0.4397,10638.6155,NA,29.1197,29.1197
ZoomTracks.exe,35460,0x253F08E0920,DXGI,0,512,1,Hardware: Independent Flip,10648.6417,NA,9.63100000000000,9.85010000000000,9.62560000000000,9.90820000000000,9.9355,10648.2696,9.9977,0.3721,9.6256,0.1462,10.1341,0.8521,9.2820,-0.1960,10648.2696,NA,NA,NA
ZoomTracks.exe,35460,0x253F08E0920,DXGI,0,512,1,Hardware: Independent Flip,10658.7540,NA,10.11230000000000,10.08010000000000,9.51990000000000,9.64650000000000,9.9033,10658.2673,10.0066,0.4867,9.5199,0.2826,9.8506,0.6182,9.2324,-0.0824,10658.2673,NA,27.9716,27.9716
ZoomTracks.exe,35460,0x253F08E0920,DXGI,0,512,1,Hardware: Independent Flip,10668.6780,NA,9.92400000000000,9.90850000000000,9.56720000000000,9.85870000000000,9.8878,10668.2739,9.9713,0.4041,9.5672,0.1266,10.1362,0.8235,9.3127,0.0981,10668.2739,NA,NA,NA
ZoomTracks.exe,35460,0x253F08E0920,DXGI,0,512,1,Hardware: Independent Flip,10678.6045,NA,9.92650000000000,9.91590000000000,9.58500000000000,9.72310000000000,9.8772,10678.2452,9.9443,0.3593,9.5850,0.2915,9.7909,0.5810,9.2099,0.0554,10678.2452,NA,NA,NA
ZoomTracks.exe,35460,0x253F08E0920,DXGI,0,512,1,Hardware: Independent Flip,10688.4944,NA,9.88990000000000,10.00240000000000,9.71340000000000,9.96620000000000,9.9897,10688.1895,10.0183,0.3049,9.7134,0.1381,10.1330,0.7929,9.3401,-0.0581,10688.1895,NA,NA,NA
ZoomTracks.exe,35460,0x253F08E0920,DXGI,0,512,1,Hardware: Independent Flip,10698.5146,NA,10.02020000000000,10.24020000000000,9.90480000000000,10.04150000000000,10.2097,10698.2078,10.2116,0.3068,9.9048,0.2528,10.0955,0.7446,9.3509,-0.2219,10698.2078,NA,NA,NA
ZoomTracks.exe,35460,0x253F08E0920,DXGI,0,512,1,Hardware: Independent Flip,10708.7842,NA,10.26960000000000,9.84030000000000,9.41680000000000,9.76980000000000,9.7804,10708.4194,9.7816,0.3648,9.4168,0.1367,9.9979,0.9423,9.0556,0.3713,10708.4194,NA,12.9457,12.9457
ZoomTracks.exe,35460,0x253F08E0920,DXGI,0,512,1,Hardware: Independent Flip,10718.4127,NA,9.62850000000000,9.93960000000000,9.77300000000000,10.07330000000000,10.0915,10718.2010,9.9847,0.2117,9.7730,0.3530,9.9320,0.5532,9.3788,-0.1580,10718.2010,NA,NA,NA
ZoomTracks.exe,35460,0x253F08E0920,DXGI,0,512,1,Hardware: Independent Flip,10728.5393,NA,10.12660000000000,9.96460000000000,9.61180000000000,9.84430000000000,9.9295,10728.1857,9.9654,0.3536,9.6118,0.3003,9.8976,0.6411,9.2565,0.0201,10728.1857,NA,NA,NA
ZoomTracks.exe,35460,0x253F08E0920,DXGI,0,512,1,Hardware: Independent Flip,10738.5107,NA,9.97140000000000,9.94860000000000,9.61900000000000,9.88280000000000,9.9067,10738.1511,9.9786,0.3596,9.6190,0.2325,10.0099,0.6535,9.3564,0.0168,10738.1511,NA,NA,NA
ZoomTracks.exe,35460,0x253F08E0920,DXGI,0,512,1,Hardware: Independent Flip,10748.4249,NA,9.91420000000000,10.12130000000000,9.78190000000000,10.08650000000000,10.1138,10748.1297,10.0771,0.2952,9.7819,0.2638,10.1179,0.7368,9.3811,-0.1427,10748.1297,NA,NA,NA
ZoomTracks.exe,35460,0x253F08E0920,DXGI,0,512,1,Hardware: Independent Flip,10758.5778,NA,10.15290000000000,9.87710000000000,9.56050000000000,9.75920000000000,9.8380,10758.2068,9.9315,0.3710,9.5605,0.3046,9.8256,0.6169,9.2087,0.2000,10758.2068,NA,NA,NA
ZoomTracks.exe,35460,0x253F08E0920,DXGI,0,512,1,Hardware: Independent Flip,10768.3819,NA,9.80410000000000,9.99020000000000,9.75720000000000,10.00090000000000,10.0241,10768.1383,10.0008,0.2436,9.7572,0.1987,10.0458,0.6046,9.4412,-0.0587,10768.1383,NA,NA,NA
ZoomTracks.exe,35460,0x253F08E0920,DXGI,0,512,1,Hardware: Independent Flip,10778.4367,NA,10.05480000000000,10.08410000000000,9.73510000000000,9.93060000000000,10.0534,10778.1391,10.0327,0.2976,9.7351,0.2437,9.9845,0.6327,9.3518,-0.0833,10778.1391,NA,NA,NA
ZoomTracks.exe,35460,0x253F08E0920,DXGI,0,512,1,Hardware: Independent Flip,10788.4202,NA,9.98350000000000,9.97560000000000,9.74110000000000,10.02320000000000,10.0455,10788.1718,9.9895,0.2484,9.7411,0.1955,10.0761,0.7104,9.3657,0.0571,10788.1718,NA,NA,NA
ZoomTracks.exe,35460,0x253F08E0920,DXGI,0,512,1,Hardware: Independent Flip,10798.4970,NA,10.07680000000000,9.96860000000000,9.66460000000000,9.91370000000000,9.9373,10798.1613,10.0003,0.3357,9.6646,0.2821,9.9673,0.6654,9.3019,0.0209,10798.1613,NA,NA,NA
ZoomTracks.exe,35460,0x253F08E0920,DXGI,0,512,1,Hardware: Independent Flip,10808.4670,NA,9.97000000000000,10.01690000000000,9.66350000000000,9.97600000000000,9.9842,10808.1616,9.9689,0.3054,9.6635,0.2491,10.0323,0.7145,9.3178,-0.0166,10808.1616,NA,NA,NA
ZoomTracks.exe,35460,0x253F08E0920,DXGI,0,512,1,Hardware: Independent Flip,10818.2724,NA,9.80540000000000,9.99510000000000,9.86470000000000,10.09130000000000,10.1739,10818.1305,10.0066,0.1419,9.8647,0.3125,9.9207,0.4027,9.5180,-0.0262,10818.1305,NA,25.8209,25.8209
ZoomTracks.exe,35460,0x253F08E0920,DXGI,0,512,1,Hardware: Independent Flip,10828.4756,NA,10.20320000000000,9.96400000000000,9.66070000000000,9.92470000000000,9.9347,10828.1371,9.9992,0.3385,9.6607,0.2266,10.0366,0.6635,9.3731,0.0426,10828.1371,NA,NA,NA
ZoomTracks.exe,35460,0x253F08E0920,DXGI,0,512,1,Hardware: Independent Flip,10838.4404,NA,9.96480000000000,10.02210000000000,9.74820000000000,9.90810000000000,9.9920,10838.1363,10.0523,0.3041,9.7482,0.2640,9.9482,0.6169,9.3313,-0.0229,10838.1363,NA,NA,NA
ZoomTracks.exe,35460,0x253F08E0920,DXGI,0,512,1,Hardware: Independent Flip,10848.4637,NA,10.02330000000000,9.96510000000000,9.68390000000000,9.91140000000000,9.9338,10848.1886,9.9590,0.2751,9.6839,0.1599,10.0266,0.6979,9.3287,0.0872,10848.1886,NA,29.7762,29.7762
ZoomTracks.exe,35460,0x253F08E0920,DXGI,0,512,1,Hardware: Independent Flip,10858.4367,NA,9.97300000000000,9.99010000000000,9.69610000000000,9.92670000000000,9.9509,10858.1476,9.9852,0.2891,9.6961,0.2275,9.9883,0.6207,9.3676,-0.0311,10858.1476,NA,NA,NA
ZoomTracks.exe,35460,0x253F08E0920,DXGI,0,512,1,Hardware: Independent Flip,10868.4146,NA,9.97790000000000,10.00150000000000,9.72630000000000,9.95280000000000,9.9745,10868.1328,10.0081,0.2818,9.7263,0.2306,10.0040,0.6361,9.3679,-0.0163,10868.1328,NA,NA,NA
ZoomTracks.exe,35460,0x253F08E0920,DXGI,0,512,1,Hardware: Independent Flip,10878.4186,NA,10.00400000000000,9.98720000000000,9.70910000000000,9.93740000000000,9.9577,10878.1409,9.9868,0.2777,9.7091,0.2265,9.9886,0.6215,9.3671,0.0209,10878.1409,NA,NA,NA
ZoomTracks.exe,35460,0x253F08E0920,DXGI,0,512,1,Hardware: Independent Flip,10888.4034,NA,9.98480000000000,10.04790000000000,9.74080000000000,10.01200000000000,10.0208,10888.1277,10.0165,0.2757,9.7408,0.2283,10.0594,0.6649,9.3945,-0.0611,10888.1277,NA,20.8116,20.8116
ZoomTracks.exe,35460,0x253F08E0920,DXGI,0,512,1,Hardware: Independent Flip,10898.4655,NA,10.06210000000000,9.99780000000000,9.66930000000000,9.86340000000000,9.9565,10898.1442,9.9906,0.3213,9.6693,0.2712,9.9135,0.5977,9.3158,0.0187,10898.1442,NA,17.8306,17.8306
ZoomTracks.exe,35460,0x253F08E0920,DXGI,0,512,1,Hardware: Independent Flip,10908.2728,NA,9.80730000000000,9.94090000000000,9.84640000000000,10.08240000000000,10.0901,10908.1348,9.9844,0.1380,9.8464,0.1941,10.0263,0.4601,9.5662,0.0497,10908.1348,NA,NA,NA
ZoomTracks.exe,35460,0x253F08E0920,DXGI,0,512,1,Hardware: Independent Flip,10918.3894,NA,10.11660000000000,10.05680000000000,9.73750000000000,9.96570000000000,10.0303,10918.1192,10.0077,0.2702,9.7375,0.2360,9.9999,0.6148,9.3851,-0.0724,10918.1192,NA,NA,NA
ZoomTracks.exe,35460,0x253F08E0920,DXGI,0,512,1,Hardware: Independent Flip,10928.2834,NA,9.89400000000000,9.95690000000000,9.84000000000000,10.08500000000000,10.0932,10928.1269,9.9965,0.1565,9.8400,0.2282,10.0133,0.4744,9.5389,0.0508,10928.1269,NA,NA,NA
ZoomTracks.exe,35460,0x253F08E0920,DXGI,0,512,1,Hardware: Independent Flip,10938.3969,NA,10.11350000000000,9.99510000000000,9.72340000000000,9.95700000000000,9.9748,10938.1234,9.9969,0.2735,9.7234,0.2450,9.9855,0.6250,9.3605,0.0014,10938.1234,NA,NA,NA
ZoomTracks.exe,35460,0x253F08E0920,DXGI,0,512,1,Hardware: Independent Flip,10948.3974,NA,10.00050000000000,10.03260000000000,9.75110000000000,9.92820000000000,10.0069,10948.1203,10.0282,0.2771,9.7511,0.2336,9.9717,0.5957,9.3760,-0.0357,10948.1203,NA,NA,NA
ZoomTracks.exe,35460,0x253F08E0920,DXGI,0,512,1,Hardware: Independent Flip,10958.4341,NA,10.03670000000000,9.96260000000000,9.68330000000000,9.91180000000000,9.9328,10958.1485,9.9689,0.2856,9.6833,0.1771,10.0203,0.6778,9.3425,0.0656,10958.1485,NA,NA,NA
ZoomTracks.exe,35460,0x253F08E0920,DXGI,0,512,1,Hardware: Independent Flip,10968.4214,NA,9.98730000000000,10.03050000000000,9.69890000000000,9.96890000000000,9.9760,10968.1174,10.0029,0.3040,9.6989,0.2285,10.0444,0.7201,9.3243,-0.0616,10968.1174,NA,NA,NA
ZoomTracks.exe,35460,0x253F08E0920,DXGI,0,512,1,Hardware: Independent Flip,10978.2594,NA,9.83800000000000,9.98820000000000,9.87500000000000,10.04640000000000,10.1262,10978.1203,10.0141,0.1391,9.8750,0.2700,9.9155,0.3595,9.5560,0.0147,10978.1203,NA,NA,NA
ZoomTracks.exe,35460,0x253F08E0920,DXGI,0,512,1,Hardware: Independent Flip,10988.4147,NA,10.15530000000000,9.98320000000000,9.70740000000000,9.93140000000000,9.9541,10988.1344,9.9877,0.2803,9.7074,0.1714,10.0403,0.5943,9.4460,0.0309,10988.1344,NA,NA,NA
ZoomTracks.exe,35460,0x253F08E0920,DXGI,0,512,1,Hardware: Independent Flip,10998.3964,NA,9.98170000000000,10.06520000000000,9.73190000000000,9.95360000000000,10.0376,10998.1221,10.0062,0.2743,9.7319,0.2240,10.0039,0.6252,9.3787,-0.0775,10998.1221,NA,26.8369,26.8369
ZoomTracks.exe,35460,0x253F08E0920,DXGI,0,512,1,Hardware: Independent Flip,11008.2851,NA,9.88870000000000,9.99600000000000,9.86640000000000,10.11570000000000,10.1449,11008.1283,10.0232,0.1568,9.8664,0.2217,10.0508,0.4867,9.5641,0.0102,11008.1283,NA,23.8063,23.8063
ZoomTracks.exe,35460,0x253F08E0920,DXGI,0,512,1,Hardware: Independent Flip,11018.4585,NA,10.17340000000000,9.98150000000000,9.66830000000000,9.94440000000000,9.9530,11018.1515,9.9753,0.3070,9.6683,0.2493,10.0021,0.6959,9.3062,0.0417,11018.1515,NA,NA,NA
ZoomTracks.exe,35460,0x253F08E0920,DXGI,0,512,1,Hardware: Independent Flip,11028.2665,NA,9.80800000000000,9.96310000000000,9.85500000000000,10.10140000000000,10.1081,11028.1268,9.9947,0.1397,9.8550,0.2761,9.9650,0.3951,9.5699,0.0122,11028.1268,NA,NA,NA
ZoomTracks.exe,35460,0x253F08E0920,DXGI,0,512,1,Hardware: Independent Flip,11038.2551,NA,9.98860000000000,10.08880000000000,9.88530000000000,10.19970000000000,10.2083,11038.1215,10.0189,0.1336,9.8853,0.2464,10.0869,0.4889,9.5980,-0.0941,11038.1215,NA,NA,NA
ZoomTracks.exe,35460,0x253F08E0920,DXGI,0,512,1,Hardware: Independent Flip,11048.2941,NA,10.03900000000000,9.91650000000000,9.84080000000000,10.01210000000000,10.0858,11048.1404,9.9945,0.1537,9.8408,0.3144,9.8514,0.4993,9.3521,0.1024,11048.1404,NA,NA,NA
ZoomTracks.exe,35460,0x253F08E0920,DXGI,0,512,1,Hardware: Independent Flip,11058.4065,NA,10.11240000000000,10.04170000000000,9.71800000000000,10.00830000000000,10.0151,11058.1349,9.9896,0.2716,9.7180,0.1713,10.1086,0.7356,9.3730,-0.0472,11058.1349,NA,NA,NA
ZoomTracks.exe,35460,0x253F08E0920,DXGI,0,512,1,Hardware: Independent Flip,11068.2526,NA,9.84610000000000,10.07020000000000,9.90570000000000,10.09470000000000,10.2392,11068.1245,10.0338,0.1281,9.9057,0.2903,9.9325,0.3898,9.5427,-0.0806,11068.1245,NA,NA,NA
ZoomTracks.exe,35460,0x253F08E0920,DXGI,0,512,1,Hardware: Independent Flip,11078.3944,NA,10.14180000000000,9.89830000000000,9.73250000000000,9.96760000000000,9.9957,11078.1583,9.9686,0.2361,9.7325,0.1890,10.0147,0.6502,9.3645,0.1355,11078.1583,NA,19.8060,19.8060
ZoomTracks.exe,35460,0x253F08E0920,DXGI,0,512,1,Hardware: Independent Flip,11088.4181,NA,10.02370000000000,10.06120000000000,9.71900000000000,9.89430000000000,10.0332,11088.1269,10.0102,0.2912,9.7190,0.2351,9.9504,0.5851,9.3653,-0.0926,11088.1269,NA,NA,NA
ZoomTracks.exe,35460,0x253F08E0920,DXGI,0,512,1,Hardware: Independent Flip,11098.3572,NA,9.93910000000000,9.97360000000000,9.80660000000000,10.04450000000000,10.0677,11098.1371,10.0267,0.2201,9.8066,0.1753,10.0893,0.6071,9.4822,0.0366,11098.1371,NA,NA,NA
ZoomTracks.exe,35460,0x253F08E0920,DXGI,0,512,1,Hardware: Independent Flip,11108.4559,NA,10.09870000000000,9.95710000000000,9.67130000000000,9.90410000000000,9.9261,11108.1638,9.9634,0.2921,9.6713,0.2379,9.9583,0.5892,9.3691,0.0696,11108.1638,NA,NA,NA
ZoomTracks.exe,35460,0x253F08E0920,DXGI,0,512,1,Hardware: Independent Flip,11118.4202,NA,9.96430000000000,10.05500000000000,9.70560000000000,10.00740000000000,10.0168,11118.1272,9.9986,0.2930,9.7056,0.2328,10.0676,0.6897,9.3779,-0.0916,11118.1272,NA,NA,NA
ZoomTracks.exe,35460,0x253F08E0920,DXGI,0,512,1,Hardware: Independent Flip,11128.4450,NA,10.02480000000000,10.00990000000000,9.71270000000000,9.98000000000000,10.0019,11128.1258,10.0319,0.3192,9.7127,0.3018,9.9974,0.6484,9.3490,-0.0113,11128.1258,NA,NA,NA
ZoomTracks.exe,35460,0x253F08E0920,DXGI,0,512,1,Hardware: Independent Flip,11138.4929,NA,10.04790000000000,9.94470000000000,9.62220000000000,9.89010000000000,9.8987,11138.1577,9.9574,0.3352,9.6222,0.2673,9.9580,0.7332,9.2248,0.0872,11138.1577,NA,NA,NA
ZoomTracks.exe,35460,0x253F08E0920,DXGI,0,512,1,Hardware: Independent Flip,11148.3926,NA,9.89970000000000,10.01310000000000,9.72820000000000,9.92010000000000,10.0121,11148.1151,10.0057,0.2775,9.7282,0.2679,9.9297,0.5369,9.3928,-0.0557,11148.1151,NA,NA,NA
ZoomTracks.exe,35460,0x253F08E0920,DXGI,0,512,1,Hardware: Independent Flip,11158.3434,NA,9.95080000000000,10.01990000000000,9.79680000000000,10.07420000000000,10.0812,11158.1208,10.0194,0.2226,9.7968,0.1919,10.1049,0.5950,9.5099,-0.0142,11158.1208,NA,NA,NA
ZoomTracks.exe,35460,0x253F08E0920,DXGI,0,512,1,Hardware: Independent Flip,11168.2890,NA,9.94560000000000,9.95850000000000,9.82620000000000,10.01180000000000,10.0941,11168.1402,9.9750,0.1488,9.8262,0.2774,9.8832,0.3647,9.5185,0.0609,11168.1402,NA,NA,NA
ZoomTracks.exe,35460,0x253F08E0920,DXGI,0,512,1,Hardware: Independent Flip,11178.3901,NA,10.10110000000000,10.16420000000000,9.73880000000000,10.14900000000000,10.1572,11178.1152,10.0137,0.2749,9.7388,0.1856,10.2383,0.8777,9.3606,-0.1892,11178.1152,NA,25.9115,25.9115
ZoomTracks.exe,35460,0x253F08E0920,DXGI,0,512,1,Hardware: Independent Flip,11188.2906,NA,9.90050000000000,9.88970000000000,9.88520000000000,10.04560000000000,10.1464,11188.1289,10.0469,0.1617,9.8852,0.4102,9.7971,0.3496,9.4475,0.1240,11188.1289,NA,NA,NA
ZoomTracks.exe,35460,0x253F08E0920,DXGI,0,512,1,Hardware: Independent Flip,11198.3832,NA,10.09260000000000,9.96280000000000,9.77010000000000,9.99590000000000,10.0166,11198.1758,9.9775,0.2074,9.7701,0.1604,10.0429,0.5556,9.4873,0.0841,11198.1758,NA,29.8050,29.8050
ZoomTracks.exe,35460,0x253F08E0920,DXGI,0,512,1,Hardware: Independent Flip,11208.4319,NA,10.04870000000000,10.18240000000000,9.73000000000000,9.89750000000000,10.1503,11208.1533,10.0086,0.2786,9.7300,0.2258,9.9503,0.6141,9.3362,-0.2049,11208.1533,NA,NA,NA
ZoomTracks.exe,35460,0x253F08E0920,DXGI,0,512,1,Hardware: Independent Flip,11218.3745,NA,9.94260000000000,9.84690000000000,9.75930000000000,10.03330000000000,10.0546,11218.1619,9.9719,0.2126,9.7593,0.1675,10.0784,0.7127,9.3657,0.1617,11218.1619,NA,NA,NA
ZoomTracks.exe,35460,0x253F08E0920,DXGI,0,512,1,Hardware: Independent Flip,11228.4577,NA,10.08320000000000,9.98060000000000,9.66670000000000,9.82640000000000,9.9520,11228.1338,9.9906,0.3239,9.6667,0.2740,9.8763,0.5470,9.3293,-0.0087,11228.1338,NA,NA,NA
ZoomTracks.exe,35460,0x253F08E0920,DXGI,0,512,1,Hardware: Independent Flip,11238.3310,NA,9.87330000000000,9.97200000000000,9.79420000000000,10.04340000000000,10.0507,11238.1244,10.0008,0.2066,9.7942,0.1597,10.0903,0.5521,9.5382,0.0186,11238.1244,NA,NA,NA
ZoomTracks.exe,35460,0x253F08E0920,DXGI,0,512,1,Hardware: Independent Flip,11248.4093,NA,10.07830000000000,9.97090000000000,9.70530000000000,9.92330000000000,9.9433,11248.1252,9.9894,0.2841,9.7053,0.2492,9.9582,0.6038,9.3544,0.0299,11248.1252,NA,NA,NA
ZoomTracks.exe,35460,0x253F08E0920,DXGI,0,512,1,Hardware: Independent Flip,11258.3781,NA,9.96880000000000,10.07700000000000,9.75270000000000,10.03030000000000,10.0515,11258.1146,10.0162,0.2635,9.7527,0.2180,10.0758,0.6791,9.3967,-0.0876,11258.1146,NA,NA,NA
ZoomTracks.exe,35460,0x253F08E0920,DXGI,0,512,1,Hardware: Independent Flip,11268.4579,NA,10.07980000000000,9.99810000000000,9.68800000000000,9.94270000000000,9.9698,11268.1308,10.0151,0.3271,9.6880,0.2776,9.9922,0.6879,9.3043,0.0181,11268.1308,NA,13.8051,13.8051
ZoomTracks.exe,35460,0x253F08E0920,DXGI,0,512,1,Hardware: Independent Flip,11278.4553,NA,9.99740000000000,9.97490000000000,9.65340000000000,9.93960000000000,9.9473,11278.1459,9.9628,0.3094,9.6534,0.2547,9.9943,0.6933,9.3010,0.0402,11278.1459,NA,NA,NA
ZoomTracks.exe,35460,0x253F08E0920,DXGI,0,512,1,Hardware: Independent Flip,11288.2272,NA,9.77190000000000,9.99350000000000,9.89240000000000,10.06330000000000,10.1689,11288.1087,10.0109,0.1185,9.8924,0.2862,9.8956,0.3565,9.5391,-0.0307,11288.1087,NA,NA,NA
ZoomTracks.exe,35460,0x253F08E0920,DXGI,0,512,1,Hardware: Independent Flip,11298.3323,NA,10.10510000000000,10.00230000000000,9.79310000000000,10.05930000000000,10.0661,11298.1196,10.0058,0.2127,9.7931,0.1709,10.1011,0.5799,9.5212,0.0086,11298.1196,NA,NA,NA
ZoomTracks.exe,35460,0x253F08E0920,DXGI,0,512,1,Hardware: Independent Flip,11308.2664,NA,9.93410000000000,10.01590000000000,9.86340000000000,10.05730000000000,10.1479,11308.1254,10.0044,0.1410,9.8634,0.2662,9.9321,0.3604,9.5717,-0.0101,11308.1254,NA,NA,NA
ZoomTracks.exe,35460,0x253F08E0920,DXGI,0,512,1,Hardware: Independent Flip,11318.3479,NA,10.08150000000000,9.98340000000000,9.78500000000000,10.03780000000000,10.0498,11318.1298,10.0031,0.2181,9.7850,0.1939,10.0620,0.6119,9.4501,0.0210,11318.1298,NA,NA,NA
ZoomTracks.exe,35460,0x253F08E0920,DXGI,0,512,1,Hardware: Independent Flip,11328.3989,NA,10.05100000000000,9.98730000000000,9.73560000000000,9.89020000000000,9.9861,11328.1329,10.0016,0.2660,9.7356,0.2528,9.9034,0.5448,9.3586,0.0158,11328.1329,NA,NA,NA
ZoomTracks.exe,35460,0x253F08E0920,DXGI,0,512,1,Hardware: Independent Flip,11338.3333,NA,9.93440000000000,10.00860000000000,9.79480000000000,10.03690000000000,10.0603,11338.1345,9.9936,0.1988,9.7948,0.1546,10.0811,0.6752,9.4059,-0.0070,11338.1345,NA,NA,NA
ZoomTracks.exe,35460,0x253F08E0920,DXGI,0,512,1,Hardware: Independent Flip,11348.4005,NA,10.06720000000000,10.07830000000000,9.75180000000000,9.96190000000000,10.0714,11348.1281,10.0242,0.2724,9.7518,0.2421,9.9922,0.6433,9.3489,-0.0847,11348.1281,NA,NA,NA
ZoomTracks.exe,35460,0x253F08E0920,DXGI,0,512,1,Hardware: Independent Flip,11358.3894,NA,9.98890000000000,9.94380000000000,9.74330000000000,10.01830000000000,10.0263,11358.1523,9.9804,0.2371,9.7433,0.2101,10.0453,0.6986,9.3467,0.0804,11358.1523,NA,NA,NA
ZoomTracks.exe,35460,0x253F08E0920,DXGI,0,512,1,Hardware: Independent Flip,11368.2652,NA,9.87580000000000,9.95370000000000,9.85960000000000,10.08420000000000,10.1042,11368.1327,9.9921,0.1325,9.8596,0.2750,9.9417,0.4094,9.5323,0.0267,11368.1327,NA,NA,NA
ZoomTracks.exe,35460,0x253F08E0920,DXGI,0,512,1,Hardware: Independent Flip,11378.3961,NA,10.13090000000000,10.03010000000000,9.73880000000000,9.99460000000000,10.0034,11378.1248,10.0101,0.2713,9.7388,0.2246,10.0413,0.6598,9.3815,-0.0380,11378.1248,NA,15.7890,15.7890
ZoomTracks.exe,35460,0x253F08E0920,DXGI,0,512,1,Hardware: Independent Flip,11388.4064,NA,10.01030000000000,9.99500000000000,9.70760000000000,9.98130000000000,9.9881,11388.1349,9.9791,0.2715,9.7076,0.2558,9.9970,0.6639,9.3331,0.0151,11388.1349,NA,NA,NA
ZoomTracks.exe,35460,0x253F08E0920,DXGI,0,512,1,Hardware: Independent Flip,11398.2512,NA,9.84480000000000,9.99950000000000,9.88330000000000,10.13540000000000,10.1428,11398.1140,10.0205,0.1372,9.8833,0.2737,9.9989,0.4450,9.5539,-0.0204,11398.1140,NA,NA,NA
ZoomTracks.exe,35460,0x253F08E0920,DXGI,0,512,1,Hardware: Independent Flip,11408.4283,NA,10.17710000000000,10.16790000000000,9.70460000000000,10.06680000000000,10.1336,11408.1345,9.9984,0.2938,9.7046,0.2521,10.1085,0.7620,9.3465,-0.1474,11408.1345,NA,NA,NA
ZoomTracks.exe,35460,0x253F08E0920,DXGI,0,512,1,Hardware: Independent Flip,11418.2826,NA,9.85430000000000,9.82700000000000,9.84380000000000,10.00670000000000,10.1063,11418.1329,9.9935,0.1497,9.8438,0.3622,9.7942,0.3478,9.4464,0.1714,11418.1329,NA,NA,NA
ZoomTracks.exe,35460,0x253F08E0920,DXGI,0,512,1,Hardware: Independent Flip,11428.3305,NA,10.04790000000000,10.03610000000000,9.80540000000000,10.07040000000000,10.0945,11428.1264,10.0095,0.2041,9.8054,0.1629,10.1116,0.5756,9.5360,-0.0426,11428.1264,NA,NA,NA
ZoomTracks.exe,35460,0x253F08E0920,DXGI,0,512,1,Hardware: Independent Flip,11438.4574,NA,10.12690000000000,10.08650000000000,9.67360000000000,9.85290000000000,10.0541,11438.1359,9.9951,0.3215,9.6736,0.2650,9.9094,0.5940,9.3154,-0.0770,11438.1359,NA,NA,NA
ZoomTracks.exe,35460,0x253F08E0920,DXGI,0,512,1,Hardware: Independent Flip,11448.3389,NA,9.88150000000000,9.95870000000000,9.79840000000000,10.12400000000000,10.1313,11448.1310,10.0063,0.2079,9.7984,0.1793,10.1526,0.6699,9.4827,0.0364,11448.1310,NA,NA,NA
ZoomTracks.exe,35460,0x253F08E0920,DXGI,0,512,1,Hardware: Independent Flip,11458.2895,NA,9.95060000000000,9.97960000000000,9.84450000000000,10.03430000000000,10.1603,11458.1373,9.9967,0.1522,9.8445,0.3256,9.8609,0.3668,9.4941,0.0267,11458.1373,NA,28.8553,28.8553
ZoomTracks.exe,35460,0x253F08E0920,DXGI,0,512,1,Hardware: Independent Flip,11468.3500,NA,10.06050000000000,9.94520000000000,9.77690000000000,10.02300000000000,10.0450,11468.1340,9.9929,0.2160,9.7769,0.1898,10.0492,0.5631,9.4861,0.0515,11468.1340,NA,21.7742,21.7742
ZoomTracks.exe,35460,0x253F08E0920,DXGI,0,512,1,Hardware: Independent Flip,11478.4018,NA,10.05180000000000,10.04720000000000,9.72020000000000,9.91660000000000,10.0404,11478.1269,9.9951,0.2749,9.7202,0.2461,9.9454,0.5356,9.4098,-0.0543,11478.1269,NA,NA,NA
ZoomTracks.exe,35460,0x253F08E0920,DXGI,0,512,1,Hardware: Independent Flip,11488.3425,NA,9.94070000000000,9.94890000000000,9.77340000000000,10.04210000000000,10.0486,11488.1220,9.9939,0.2205,9.7734,0.1964,10.0662,0.5774,9.4888,0.0462,11488.1220,NA,NA,NA
ZoomTracks.exe,35460,0x253F08E0920,DXGI,0,512,1,Hardware: Independent Flip,11498.2360,NA,9.89350000000000,10.01620000000000,9.89080000000000,10.08510000000000,10.1713,11498.1159,10.0109,0.1201,9.8908,0.2687,9.9365,0.3920,9.5445,-0.0223,11498.1159,NA,NA,NA
ZoomTracks.exe,35460,0x253F08E0920,DXGI,0,512,1,Hardware: Independent Flip,11508.4163,NA,10.18030000000000,9.96810000000000,9.71260000000000,9.93840000000000,9.9591,11508.1268,10.0021,0.2895,9.7126,0.1943,10.0336,0.6881,9.3455,0.0428,11508.1268,NA,NA,NA
ZoomTracks.exe,35460,0x253F08E0920,DXGI,0,512,1,Hardware: Independent Flip,11518.4043,NA,9.98800000000000,10.01800000000000,9.73180000000000,9.96640000000000,9.9891,11518.1289,10.0072,0.2754,9.7318,0.2258,10.0160,0.6509,9.3651,-0.0159,11518.1289,NA,NA,NA
ZoomTracks.exe,35460,0x253F08E0920,DXGI,0,512,1,Hardware: Independent Flip,11528.4216,NA,10.01730000000000,10.00100000000000,9.71680000000000,9.94300000000000,9.9728,11528.1361,10.0023,0.2855,9.7168,0.2346,9.9939,0.6519,9.3420,0.0062,11528.1361,NA,NA,NA
ZoomTracks.exe,35460,0x253F08E0920,DXGI,0,512,1,Hardware: Independent Flip,11538.4235,NA,10.00190000000000,10.11640000000000,9.77590000000000,10.05800000000000,10.0873,11538.1384,10.0610,0.2851,9.7759,0.2262,10.1169,0.7258,9.3911,-0.1141,11538.1384,NA,NA,NA
ZoomTracks.exe,35460,0x253F08E0920,DXGI,0,512,1,Hardware: Independent Flip,11548.5465,NA,10.12300000000000,9.93550000000000,9.64600000000000,9.87690000000000,9.8998,11548.1994,9.9931,0.3471,9.6460,0.2821,9.9419,0.6843,9.2576,0.1255,11548.1994,NA,14.8435,14.8435
ZoomTracks.exe,35460,0x253F08E0920,DXGI,0,512,1,Hardware: Independent Flip,11558.4815,NA,9.93500000000000,10.37390000000000,10.19100000000000,10.26270000000000,10.3387,11558.1925,10.4800,0.2890,10.1910,0.2309,10.3208,0.6559,9.6649,-0.3808,11558.1925,NA,11.2092,11.2092
ZoomTracks.exe,35460,0x253F08E0920,DXGI,0,512,1,Hardware: Independent Flip,11568.9738,NA,10.49230000000000,9.67670000000000,9.21690000000000,9.40900000000000,9.5231,11568.6725,9.5182,0.3013,9.2169,0.0717,9.6386,0.7973,8.8413,0.8033,11568.6725,NA,NA,NA
ZoomTracks.exe,35460,0x253F08E0920,DXGI,0,512,1,Hardware: Independent Flip,11578.4371,NA,9.46330000000000,9.90990000000000,9.69920000000000,9.94540000000000,9.9697,11578.1907,9.9456,0.2464,9.6992,0.1921,9.9997,0.6606,9.3391,-0.3917,11578.1907,NA,NA,NA
ZoomTracks.exe,35460,0x253F08E0920,DXGI,0,512,1,Hardware: Independent Flip,11588.4369,NA,9.99980000000000,10.37950000000000,9.67810000000000,9.89580000000000,10.3494,11588.1363,9.9787,0.3006,9.6781,0.2462,9.9502,0.6237,9.3265,-0.4339,11588.1363,NA,NA,NA
ZoomTracks.exe,35460,0x253F08E0920,DXGI,0,512,1,Hardware: Independent Flip,11598.3767,NA,9.93980000000000,9.60250000000000,9.75490000000000,9.99140000000000,10.0121,11598.1150,10.0166,0.2617,9.7549,0.2177,10.0354,0.7318,9.3036,0.3762,11598.1150,NA,NA,NA
ZoomTracks.exe,35460,0x253F08E0920,DXGI,0,512,1,Hardware: Independent Flip,11608.4183,NA,10.04160000000000,10.14090000000000,9.70850000000000,9.89250000000000,10.1114,11608.1316,9.9952,0.2867,9.7085,0.2365,9.9427,0.5743,9.3684,-0.1243,11608.1316,NA,NA,NA
ZoomTracks.exe,35460,0x253F08E0920,DXGI,0,512,1,Hardware: Independent Flip,11618.3564,NA,9.93810000000000,9.94180000000000,9.76010000000000,9.95240000000000,10.1151,11618.1268,9.9897,0.2296,9.7601,0.1840,9.9980,0.5230,9.4750,0.0534,11618.1268,NA,NA,NA
ZoomTracks.exe,35460,0x253F08E0920,DXGI,0,512,1,Hardware: Independent Flip,11628.2455,NA,9.88910000000000,9.91560000000000,9.89510000000000,10.12290000000000,10.1416,11628.1165,10.0241,0.1290,9.8951,0.1923,10.0596,0.4783,9.5813,0.0741,11628.1165,NA,NA,NA
ZoomTracks.exe,35460,0x253F08E0920,DXGI,0,512,1,Hardware: Independent Flip,11638.4143,NA,10.16880000000000,10.10830000000000,9.72180000000000,9.93110000000000,10.0811,11638.1406,9.9955,0.2737,9.7218,0.2278,9.9770,0.6328,9.3442,-0.0842,11638.1406,NA,15.8596,15.8596
ZoomTracks.exe,35460,0x253F08E0920,DXGI,0,512,1,Hardware: Independent Flip,11648.2683,NA,9.85400000000000,9.95130000000000,9.85800000000000,10.17150000000000,10.1784,11648.1361,9.9902,0.1322,9.8580,0.2093,10.0944,0.5396,9.5548,0.0442,11648.1361,NA,NA,NA
ZoomTracks.exe,35460,0x253F08E0920,DXGI,0,512,1,Hardware: Independent Flip,11658.2889,NA,10.02060000000000,10.02290000000000,9.85950000000000,10.15930000000000,10.1807,11658.1263,10.0221,0.1626,9.8595,0.3135,10.0084,0.4629,9.5455,-0.0327,11658.1263,NA,NA,NA
ZoomTracks.exe,35460,0x253F08E0920,DXGI,0,512,1,Hardware: Independent Flip,11668.4987,NA,10.20980000000000,9.94660000000000,9.63700000000000,9.91050000000000,9.9175,11668.1484,9.9873,0.3503,9.6370,0.2998,9.9610,0.6639,9.2971,0.0755,11668.1484,NA,28.8179,28.8179
ZoomTracks.exe,35460,0x253F08E0920,DXGI,0,512,1,Hardware: Independent Flip,11678.2918,NA,9.79310000000000,9.98290000000000,9.83940000000000,10.08310000000000,10.1073,11678.1357,9.9955,0.1561,9.8394,0.2735,9.9657,0.4176,9.5481,0.0044,11678.1357,NA,NA,NA
ZoomTracks.exe,35460,0x253F08E0920,DXGI,0,512,1,Hardware: Independent Flip,11688.3989,NA,10.10710000000000,10.00080000000000,9.73320000000000,9.97260000000000,10.0010,11688.1312,10.0009,0.2677,9.7332,0.2437,9.9966,0.6358,9.3608,-0.0053,11688.1312,NA,NA,NA
ZoomTracks.exe,35460,0x253F08E0920,DXGI,0,512,1,Hardware: Independent Flip,11698.4128,NA,10.01390000000000,10.16420000000000,9.88030000000000,10.13710000000000,10.1513,11698.1321,10.1610,0.2807,9.8803,0.2394,10.1784,0.7297,9.4487,-0.1633,11698.1321,NA,NA,NA
ZoomTracks.exe,35460,0x253F08E0920,DXGI,0,512,1,Hardware: Independent Flip,11708.7263,NA,10.31350000000000,9.89510000000000,9.45870000000000,9.70650000000000,9.7329,11708.2931,9.8919,0.4332,9.4587,0.2568,9.8829,0.8021,9.0808,0.2659,11708.2931,NA,NA,NA
ZoomTracks.exe,35460,0x253F08E0920,DXGI,0,512,1,Hardware: Independent Flip,11718.4951,NA,9.76880000000000,10.04790000000000,9.73300000000000,9.98670000000000,10.0120,11718.1850,10.0431,0.3101,9.7330,0.2478,10.0490,0.7626,9.2864,-0.1560,11718.1850,NA,NA,NA
ZoomTracks.exe,35460,0x253F08E0920,DXGI,0,512,1,Hardware: Independent Flip,11728.6520,NA,10.15690000000000,10.05970000000000,9.62530000000000,9.76470000000000,9.9148,11728.2281,10.0492,0.4239,9.6253,0.2537,9.9349,0.6247,9.3102,-0.0166,11728.2281,NA,NA,NA
ZoomTracks.exe,35460,0x253F08E0920,DXGI,0,512,1,Hardware: Independent Flip,11738.6176,NA,9.96560000000000,9.92080000000000,9.63810000000000,9.85330000000000,9.8700,11738.2773,9.9784,0.3403,9.6381,0.1394,10.0542,0.8904,9.1638,0.1284,11738.2773,NA,18.8872,18.8872
ZoomTracks.exe,35460,0x253F08E0920,DXGI,0,512,1,Hardware: Independent Flip,11748.6924,NA,10.07480000000000,10.09660000000000,9.58380000000000,9.75420000000000,9.8918,11748.2557,10.0205,0.4367,9.5838,0.2152,9.9757,0.8322,9.1435,-0.1182,11748.2557,NA,NA,NA
ZoomTracks.exe,35460,0x253F08E0920,DXGI,0,512,1,Hardware: Independent Flip,11758.6714,NA,9.97900000000000,9.89230000000000,9.52110000000000,9.78000000000000,9.8051,11758.2762,9.9163,0.3952,9.5211,0.1704,10.0048,0.8917,9.1131,0.1282,11758.2762,NA,16.8814,16.8814
ZoomTracks.exe,35460,0x253F08E0920,DXGI,0,512,1,Hardware: Independent Flip,11768.5124,NA,9.84100000000000,9.96640000000000,9.63940000000000,9.92100000000000,9.9305,11768.1925,9.9593,0.3199,9.6394,0.2589,9.9820,0.6977,9.2843,-0.0501,11768.1925,NA,NA,NA
ZoomTracks.exe,35460,0x253F08E0920,DXGI,0,512,1,Hardware: Independent Flip,11778.4784,NA,9.96600000000000,10.05430000000000,9.66390000000000,9.93550000000000,10.0188,11778.1518,9.9905,0.3266,9.6639,0.2816,9.9805,0.7270,9.2535,-0.0950,11778.1518,NA,NA,NA
ZoomTracks.exe,35460,0x253F08E0920,DXGI,0,512,1,Hardware: Independent Flip,11788.3006,NA,9.82220000000000,9.90300000000000,9.84170000000000,10.07860000000000,10.0996,11788.1423,10.0000,0.1583,9.8417,0.2716,9.9653,0.4745,9.4908,0.0875,11788.1423,NA,NA,NA
ZoomTracks.exe,35460,0x253F08E0920,DXGI,0,512,1,Hardware: Independent Flip,11798.4276,NA,10.12700000000000,10.00020000000000,9.69210000000000,9.94810000000000,9.9728,11798.1423,9.9774,0.2853,9.6921,0.2369,9.9965,0.6647,9.3318,-0.0002,11798.1423,NA,NA,NA
ZoomTracks.exe,35460,0x253F08E0920,DXGI,0,512,1,Hardware: Independent Flip,11808.4013,NA,9.97370000000000,10.05490000000000,9.77240000000000,9.96430000000000,10.0540,11808.1197,10.0540,0.2816,9.7724,0.2560,9.9899,0.6125,9.3774,-0.0775,11808.1197,NA,NA,NA
ZoomTracks.exe,35460,0x253F08E0920,DXGI,0,512,1,Hardware: Independent Flip,11818.4859,NA,10.08460000000000,9.94140000000000,9.65060000000000,9.90190000000000,9.9108,11818.1737,9.9628,0.3122,9.6506,0.1919,10.0222,0.7178,9.3044,0.1126,11818.1737,NA,NA,NA
ZoomTracks.exe,35460,0x253F08E0920,DXGI,0,512,1,Hardware: Independent Flip,11828.4036,NA,9.91770000000000,10.01810000000000,9.72490000000000,9.98990000000000,10.0112,11828.1365,9.9920,0.2671,9.7249,0.2513,10.0057,0.6608,9.3449,-0.0553,11828.1365,NA,27.7932,27.7932
ZoomTracks.exe,35460,0x253F08E0920,DXGI,0,512,1,Hardware: Independent Flip,11838.4219,NA,10.01830000000000,9.97730000000000,9.70840000000000,9.94430000000000,9.9702,11838.1285,10.0018,0.2934,9.7084,0.2650,9.9727,0.6471,9.3256,0.0147,11838.1285,NA,NA,NA
ZoomTracks.exe,35460,0x253F08E0920,DXGI,0,512,1,Hardware: Independent Flip,11848.3917,NA,9.96980000000000,9.97070000000000,9.73650000000000,9.95160000000000,9.9711,11848.1303,9.9979,0.2614,9.7365,0.2359,9.9771,0.6187,9.3584,0.0311,11848.1303,NA,NA,NA
ZoomTracks.exe,35460,0x253F08E0920,DXGI,0,512,1,Hardware: Independent Flip,11858.3773,NA,9.98560000000000,10.09020000000000,9.77060000000000,10.04250000000000,10.0757,11858.1282,10.0197,0.2491,9.7706,0.2151,10.0765,0.6351,9.4414,-0.0923,11858.1282,NA,20.8544,20.8544
ZoomTracks.exe,35460,0x253F08E0920,DXGI,0,512,1,Hardware: Independent Flip,11868.4737,NA,10.09640000000000,9.97790000000000,9.66350000000000,9.94960000000000,9.9572,11868.1479,9.9893,0.3258,9.6635,0.2719,10.0035,0.7046,9.2989,0.0418,11868.1479,NA,NA,NA
ZoomTracks.exe,35460,0x253F08E0920,DXGI,0,512,1,Hardware: Independent Flip,11878.2902,NA,9.81650000000000,9.90890000000000,9.82730000000000,10.03130000000000,10.0496,11878.1372,9.9803,0.1530,9.8273,0.2861,9.8982,0.3472,9.5510,0.0804,11878.1372,NA,NA,NA
ZoomTracks.exe,35460,0x253F08E0920,DXGI,0,512,1,Hardware: Independent Flip,11888.3664,NA,10.07620000000000,10.05500000000000,9.75750000000000,10.00670000000000,10.0284,11888.1175,10.0064,0.2489,9.7575,0.2040,10.0516,0.6525,9.3991,-0.0747,11888.1175,NA,NA,NA
ZoomTracks.exe,35460,0x253F08E0920,DXGI,0,512,1,Hardware: Independent Flip,11898.4199,NA,10.05350000000000,10.07840000000000,9.70520000000000,9.92850000000000,10.0533,11898.1239,10.0012,0.2960,9.7052,0.2492,9.9753,0.6180,9.3573,-0.0720,11898.1239,NA,NA,NA
ZoomTracks.exe,35460,0x253F08E0920,DXGI,0,512,1,Hardware: Independent Flip,11908.2593,NA,9.83940000000000,9.88590000000000,9.86820000000000,10.08000000000000,10.0998,11908.1251,10.0024,0.1342,9.8682,0.2233,9.9909,0.4723,9.5186,0.1153,11908.1251,NA,NA,NA
ZoomTracks.exe,35460,0x253F08E0920,DXGI,0,512,1,Hardware: Independent Flip,11918.3661,NA,10.10680000000000,10.09220000000000,9.77770000000000,10.06020000000000,10.0852,11918.1275,10.0163,0.2386,9.7777,0.2118,10.0870,0.6395,9.4475,-0.0898,11918.1275,NA,NA,NA
ZoomTracks.exe,35460,0x253F08E0920,DXGI,0,512,1,Hardware: Independent Flip,11928.4818,NA,10.11570000000000,9.92770000000000,9.65200000000000,9.82150000000000,9.8972,11928.1438,9.9900,0.3380,9.6520,0.2825,9.8770,0.5914,9.2856,0.0886,11928.1438,NA,NA,NA
ZoomTracks.exe,35460,0x253F08E0920,DXGI,0,512,1,Hardware: Independent Flip,11938.4071,NA,9.92530000000000,9.99880000000000,9.72570000000000,9.96230000000000,9.9707,11938.1338,9.9990,0.2733,9.7257,0.1695,10.0661,0.7073,9.3588,-0.0088,11938.1338,NA,29.7454,29.7454
ZoomTracks.exe,35460,0x253F08E0920,DXGI,0,512,1,Hardware: Independent Flip,11948.4049,NA,9.99780000000000,10.09180000000000,9.73990000000000,9.92460000000000,10.0647,11948.1328,10.0120,0.2721,9.7399,0.2366,9.9601,0.5967,9.3634,-0.0928,11948.1328,NA,NA,NA
ZoomTracks.exe,35460,0x253F08E0920,DXGI,0,512,1,Hardware: Independent Flip,11958.3709,NA,9.96600000000000,10.01380000000000,9.75490000000000,10.08640000000000,10.1125,11958.1448,9.9810,0.2261,9.7549,0.1847,10.1278,0.7368,9.3910,-0.0018,11958.1448,NA,21.8638,21.8638
ZoomTracks.exe,35460,0x253F08E0920,DXGI,0,512,1,Hardware: Independent Flip,11968.4920,NA,10.12110000000000,10.00360000000000,9.63750000000000,9.88350000000000,9.9950,11968.1258,10.0037,0.3662,9.6375,0.3315,9.9182,0.6583,9.2599,-0.0226,11968.1258,NA,NA,NA
ZoomTracks.exe,35460,0x253F08E0920,DXGI,0,512,1,Hardware: Independent Flip,11978.4087,NA,9.91670000000000,9.86790000000000,9.70790000000000,9.92150000000000,9.9462,11978.1295,9.9871,0.2792,9.7079,0.2460,9.9547,0.5538,9.4009,0.1358,11978.1295,NA,NA,NA
ZoomTracks.exe,35460,0x253F08E0920,DXGI,0,512,1,Hardware: Independent Flip,11988.3618,NA,9.95310000000000,11.19010000000000,9.77590000000000,11.09680000000000,11.1832,11988.1166,10.0211,0.2452,9.7759,0.2136,11.1284,1.7215,9.4069,-1.2030,11988.1166,NA,NA,NA
ZoomTracks.exe,35460,0x253F08E0920,DXGI,0,512,1,Hardware: Independent Flip,11998.2848,NA,9.92300000000000,9.43570000000000,9.84640000000000,10.02560000000000,10.6959,11998.1377,9.9935,0.1471,9.8464,1.3209,8.8518,0.3997,8.4521,0.5854,11998.1377,NA,NA,NA
ZoomTracks.exe,35460,0x253F08E0920,DXGI,0,512,1,Hardware: Independent Flip,12008.3398,NA,10.05500000000000,10.56110000000000,9.78590000000000,11.19520000000000,11.2020,12008.1312,9.9945,0.2086,9.7859,0.1792,11.2246,1.7248,9.4998,-0.5676,12008.1312,NA,NA,NA
ZoomTracks.exe,35460,0x253F08E0920,DXGI,0,512,1,Hardware: Independent Flip,12018.2557,NA,9.91590000000000,10.03230000000000,9.86880000000000,10.06540000000000,11.3184,12018.1257,9.9988,0.1300,9.8688,1.4093,8.7861,0.2766,8.5095,-0.0378,12018.1257,NA,NA,NA
ZoomTracks.exe,35460,0x253F08E0920,DXGI,0,512,1,Hardware: Independent Flip,12028.2507,NA,9.99500000000000,9.95690000000000,9.87990000000000,11.27320000000000,11.2803,12028.1245,10.0061,0.1262,9.8799,0.1966,11.2028,1.6526,9.5502,0.0419,12028.1245,NA,NA,NA
ZoomTracks.exe,35460,0x253F08E0920,DXGI,0,512,1,Hardware: Independent Flip,12038.2559,NA,10.00520000000000,10.00190000000000,9.87720000000000,10.07640000000000,11.2770,12038.1306,10.0025,0.1253,9.8772,1.3933,8.8084,0.3506,8.4578,0.0042,12038.1306,NA,26.9247,26.9247
ZoomTracks.exe,35460,0x253F08E0920,DXGI,0,512,1,Hardware: Independent Flip,12048.3444,NA,10.08850000000000,9.96570000000000,9.78030000000000,11.14510000000000,11.1542,12048.1331,9.9916,0.2113,9.7803,0.1992,11.1572,1.6721,9.4851,0.0368,12048.1331,NA,NA,NA
ZoomTracks.exe,35460,0x253F08E0920,DXGI,0,512,1,Hardware: Independent Flip,12058.2686,NA,9.92420000000000,10.02190000000000,9.89580000000000,10.06780000000000,11.2519,12058.1247,10.0397,0.1439,9.8958,1.3648,8.8469,0.3645,8.4824,-0.0303,12058.1247,NA,NA,NA
ZoomTracks.exe,35460,0x253F08E0920,DXGI,0,512,1,Hardware: Independent Flip,12068.3833,NA,10.11470000000000,8.86910000000000,9.75270000000000,9.98360000000000,10.0063,12068.1644,9.9716,0.2189,9.7527,0.1720,10.0305,0.5963,9.4342,1.1706,12068.1644,NA,NA,NA
ZoomTracks.exe,35460,0x253F08E0920,DXGI,0,512,1,Hardware: Independent Flip,12078.3969,NA,10.01360000000000,10.50850000000000,9.73200000000000,9.89570000000000,10.5012,12078.1360,9.9929,0.2609,9.7320,0.2309,9.9257,0.4876,9.4381,-0.5369,12078.1360,NA,NA,NA
ZoomTracks.exe,35460,0x253F08E0920,DXGI,0,512,1,Hardware: Independent Flip,12088.3358,NA,9.93890000000000,10.66010000000000,9.80120000000000,11.20680000000000,11.2224,12088.1289,10.0081,0.2069,9.8012,0.1637,11.2500,1.7667,9.4833,-0.6672,12088.1289,NA,NA,NA
ZoomTracks.exe,35460,0x253F08E0920,DXGI,0,512,1,Hardware: Independent Flip,12098.2916,NA,9.95580000000000,9.47370000000000,9.83150000000000,10.06130000000000,10.7403,12098.1370,9.9861,0.1546,9.8315,1.4056,8.8103,0.3107,8.4996,0.5344,12098.1370,NA,NA,NA
ZoomTracks.exe,35460,0x253F08E0920,DXGI,0,512,1,Hardware: Independent Flip,12108.3922,NA,10.10060000000000,10.50040000000000,9.73050000000000,11.13360000000000,11.1401,12108.1231,9.9996,0.2691,9.7305,0.2298,11.1729,1.8211,9.3518,-0.5143,12108.1231,NA,NA,NA
ZoomTracks.exe,35460,0x253F08E0920,DXGI,0,512,1,Hardware: Independent Flip,12118.2696,NA,9.87740000000000,10.00820000000000,9.87000000000000,10.03190000000000,11.2709,12118.1227,10.0169,0.1469,9.8700,1.4031,8.7757,0.3172,8.4585,-0.0086,12118.1227,NA,22.9166,22.9166
ZoomTracks.exe,35460,0x253F08E0920,DXGI,0,512,1,Hardware: Independent Flip,12128.3437,NA,10.07410000000000,10.01170000000000,9.77180000000000,11.19360000000000,11.2085,12128.1396,9.9759,0.2041,9.7718,0.1619,11.2358,1.7311,9.5047,0.0052,12128.1396,NA,NA,NA
ZoomTracks.exe,35460,0x253F08E0920,DXGI,0,512,1,Hardware: Independent Flip,12138.2484,NA,9.90470000000000,10.01090000000000,9.87850000000000,10.05080000000000,11.3147,12138.1155,10.0114,0.1329,9.8785,1.4218,8.7619,0.3108,8.4511,-0.0350,12138.1155,NA,NA,NA
ZoomTracks.exe,35460,0x253F08E0920,DXGI,0,512,1,Hardware: Independent Flip,12148.3443,NA,10.09590000000000,8.84450000000000,9.79120000000000,10.05710000000000,10.0633,12148.1269,10.0086,0.2174,9.7912,0.1723,10.1022,0.5934,9.5088,1.1669,12148.1269,NA,24.8202,24.8202
ZoomTracks.exe,35460,0x253F08E0920,DXGI,0,512,1,Hardware: Independent Flip,12158.2626,NA,9.91830000000000,10.61640000000000,9.88470000000000,10.10240000000000,10.7614,12158.1355,10.0118,0.1271,9.8847,0.2659,9.9636,0.4249,9.5387,-0.6078,12158.1355,NA,NA,NA
ZoomTracks.exe,35460,0x253F08E0920,DXGI,0,512,1,Hardware: Independent Flip,12168.2989,NA,10.03630000000000,9.36050000000000,9.83840000000000,10.06480000000000,10.0856,12168.1473,9.9900,0.1516,9.8384,0.2177,9.9987,0.4546,9.5441,0.6513,12168.1473,NA,NA,NA
ZoomTracks.exe,35460,0x253F08E0920,DXGI,0,512,1,Hardware: Independent Flip,12178.4120,NA,10.11310000000000,9.99490000000000,9.73550000000000,9.94700000000000,9.9674,12178.1373,10.0102,0.2747,9.7355,0.2264,9.9953,0.6233,9.3720,-0.0049,12178.1373,NA,NA,NA
ZoomTracks.exe,35460,0x253F08E0920,DXGI,0,512,1,Hardware: Independent Flip,12188.4081,NA,9.99610000000000,10.01740000000000,9.71600000000000,9.98090000000000,9.9887,12188.1475,9.9766,0.2606,9.7160,0.2115,10.0300,0.6779,9.3521,-0.0072,12188.1475,NA,NA,NA
ZoomTracks.exe,35460,0x253F08E0920,DXGI,0,512,1,Hardware: Independent Flip,12198.2582,NA,9.85010000000000,10.01350000000000,9.86500000000000,10.14440000000000,10.1521,12198.1241,9.9991,0.1341,9.8650,0.2649,10.0136,0.4351,9.5785,-0.0369,12198.1241,NA,NA,NA
ZoomTracks.exe,35460,0x253F08E0920,DXGI,0,512,1,Hardware: Independent Flip,12208.2740,NA,10.01580000000000,10.02340000000000,9.90660000000000,10.13680000000000,10.1597,12208.1232,10.0574,0.1508,9.9066,0.2794,10.0082,0.4637,9.5445,-0.0243,12208.1232,NA,NA,NA
ZoomTracks.exe,35460,0x253F08E0920,DXGI,0,512,1,Hardware: Independent Flip,12218.4703,NA,10.19630000000000,9.96650000000000,9.68010000000000,9.90680000000000,9.9299,12218.1806,9.9698,0.2897,9.6801,0.2302,9.9663,0.6490,9.3173,0.0909,12218.1806,NA,25.7762,25.7762
ZoomTracks.exe,35460,0x253F08E0920,DXGI,0,512,1,Hardware: Independent Flip,12228.4080,NA,9.93770000000000,9.95930000000000,9.71480000000000,9.93220000000000,9.9515,12228.1504,9.9724,0.2576,9.7148,0.2267,9.9631,0.5987,9.3644,0.0105,12228.1504,NA,23.7464,23.7464
ZoomTracks.exe,35460,0x253F08E0920,DXGI,0,512,1,Hardware: Independent Flip,12238.3880,NA,9.98000000000000,10.01170000000000,9.74130000000000,9.96300000000000,9.9832,12238.1228,10.0065,0.2652,9.7413,0.2174,10.0108,0.6225,9.3883,-0.0393,12238.1228,NA,NA,NA
ZoomTracks.exe,35460,0x253F08E0920,DXGI,0,512,1,Hardware: Independent Flip,12248.3843,NA,9.99630000000000,10.08090000000000,9.74290000000000,10.04240000000000,10.0678,12248.1293,9.9979,0.2550,9.7429,0.2217,10.0757,0.7087,9.3670,-0.0744,12248.1293,NA,NA,NA
ZoomTracks.exe,35460,0x253F08E0920,DXGI,0,512,1,Hardware: Independent Flip,12258.4609,NA,10.07660000000000,9.91710000000000,9.64760000000000,9.90030000000000,9.9083,12258.1272,9.9813,0.3337,9.6476,0.2995,9.9345,0.6405,9.2940,0.0808,12258.1272,NA,NA,NA
ZoomTracks.exe,35460,0x253F08E0920,DXGI,0,512,1,Hardware: Independent Flip,12268.3776,NA,9.91670000000000,10.04130000000000,9.74870000000000,10.02460000000000,10.0329,12268.1085,10.0178,0.2691,9.7487,0.2527,10.0410,0.6761,9.3649,-0.0600,12268.1085,NA,NA,NA
ZoomTracks.exe,35460,0x253F08E0920,DXGI,0,512,1,Hardware: Independent Flip,12278.2687,NA,9.89110000000000,10.00590000000000,9.85440000000000,10.04280000000000,10.1477,12278.1263,9.9968,0.1424,9.8544,0.2759,9.9093,0.3522,9.5571,0.0119,12278.1263,NA,NA,NA
ZoomTracks.exe,35460,0x253F08E0920,DXGI,0,512,1,Hardware: Independent Flip,12288.2481,NA,9.97940000000000,9.99260000000000,9.89070000000000,10.13860000000000,10.1609,12288.1231,10.0157,0.1250,9.8907,0.1884,10.0752,0.4984,9.5768,0.0042,12288.1231,NA,NA,NA
ZoomTracks.exe,35460,0x253F08E0920,DXGI,0,512,1,Hardware: Independent Flip,12298.4155,NA,10.16740000000000,10.00940000000000,9.70910000000000,9.91000000000000,10.0029,12298.1388,9.9858,0.2767,9.7091,0.2479,9.9388,0.6072,9.3316,0.0063,12298.1388,NA,25.8041,25.8041
ZoomTracks.exe,35460,0x253F08E0920,DXGI,0,512,1,Hardware: Independent Flip,12308.2647,NA,9.84920000000000,9.96110000000000,9.85110000000000,10.10440000000000,10.1148,12308.1246,9.9912,0.1401,9.8511,0.2009,10.0436,0.5601,9.4835,0.0247,12308.1246,NA,NA,NA
ZoomTracks.exe,35460,0x253F08E0920,DXGI,0,512,1,Hardware: Independent Flip,12318.3805,NA,10.11580000000000,10.03190000000000,9.75700000000000,10.02370000000000,10.0309,12318.1158,10.0217,0.2647,9.7570,0.2533,10.0351,0.6665,9.3686,-0.0407,12318.1158,NA,NA,NA
ZoomTracks.exe,35460,0x253F08E0920,DXGI,0,512,1,Hardware: Independent Flip,12328.2757,NA,9.89520000000000,10.00300000000000,9.85810000000000,10.13080000000000,10.1387,12328.1375,9.9963,0.1382,9.8581,0.2667,10.0023,0.4329,9.5694,0.0187,12328.1375,NA,29.8066,29.8066
ZoomTracks.exe,35460,0x253F08E0920,DXGI,0,512,1,Hardware: Independent Flip,12338.2718,NA,9.99610000000000,9.96870000000000,9.88000000000000,10.09360000000000,10.1113,12338.1338,10.0180,0.1380,9.8800,0.2727,9.9589,0.4109,9.5480,0.0276,12338.1338,NA,NA,NA
ZoomTracks.exe,35460,0x253F08E0920,DXGI,0,512,1,Hardware: Independent Flip,12348.4144,NA,10.14260000000000,10.02130000000000,9.74460000000000,9.96900000000000,9.9900,12348.1518,10.0072,0.2626,9.7446,0.2136,10.0180,0.6516,9.3664,-0.0033,12348.1518,NA,NA,NA
ZoomTracks.exe,35460,0x253F08E0920,DXGI,0,512,1,Hardware: Independent Flip,12358.4335,NA,10.01910000000000,10.06750000000000,9.75870000000000,9.95110000000000,10.0384,12358.1590,10.0332,0.2745,9.7587,0.2244,10.0012,0.6292,9.3720,-0.0603,12358.1590,NA,NA,NA
ZoomTracks.exe,35460,0x253F08E0920,DXGI,0,512,1,Hardware: Independent Flip,12368.5062,NA,10.07270000000000,9.98950000000000,9.68370000000000,9.92850000000000,9.9552,12368.1922,9.9977,0.3140,9.6837,0.1924,10.0501,0.7354,9.3147,0.0437,12368.1922,NA,NA,NA
ZoomTracks.exe,35460,0x253F08E0920,DXGI,0,512,1,Hardware: Independent Flip,12378.4889,NA,9.98270000000000,9.99100000000000,9.72250000000000,9.94040000000000,9.9635,12378.1899,10.0215,0.2990,9.7225,0.2448,9.9946,0.6682,9.3264,0.0067,12378.1899,NA,NA,NA
ZoomTracks.exe,35460,0x253F08E0920,DXGI,0,512,1,Hardware: Independent Flip,12388.4893,NA,10.00040000000000,10.02360000000000,9.70620000000000,9.96200000000000,9.9867,12388.2114,9.9841,0.2779,9.7062,0.2179,10.0220,0.7144,9.3076,-0.0021,12388.2114,NA,24.8894,24.8894
ZoomTracks.exe,35460,0x253F08E0920,DXGI,0,512,1,Hardware: Independent Flip,12398.5120,NA,10.02270000000000,10.03980000000000,9.67870000000000,9.99440000000000,10.0038,12398.1955,9.9952,0.3165,9.6787,0.2558,10.0551,0.7556,9.2995,-0.0557,12398.1955,NA,NA,NA
ZoomTracks.exe,35460,0x253F08E0920,DXGI,0,512,1,Hardware: Independent Flip,12408.5519,NA,10.03990000000000,9.91350000000000,9.58810000000000,9.85470000000000,9.8774,12408.1907,9.9493,0.3612,9.5881,0.3157,9.9002,2.9644,6.9358,0.0817,12408.1907,NA,NA,NA
ZoomTracks.exe,35460,0x253F08E0920,DXGI,0,512,1,Hardware: Independent Flip,12418.4592,NA,9.90730000000000,10.05720000000000,9.68610000000000,10.01930000000000,10.0273,12418.1400,10.0053,0.3192,9.6861,0.2666,10.0719,0.7485,9.3234,-0.1079,12418.1400,NA,NA,NA
ZoomTracks.exe,35460,0x253F08E0920,DXGI,0,512,1,Hardware: Independent Flip,12428.2922,NA,9.83300000000000,9.91660000000000,9.83340000000000,9.99390000000000,10.1109,12428.1453,9.9803,0.1469,9.8334,0.3332,9.8076,0.3158,9.4918,0.0887,12428.1453,NA,NA,NA
ZoomTracks.exe,35460,0x253F08E0920,DXGI,0,512,1,Hardware: Independent Flip,12438.3278,NA,10.03560000000000,10.03270000000000,9.80790000000000,10.10020000000000,10.1080,12438.1256,10.0101,0.2022,9.8079,0.1605,10.1419,0.6140,9.5279,-0.0524,12438.1256,NA,NA,NA
ZoomTracks.exe,35460,0x253F08E0920,DXGI,0,512,1,Hardware: Independent Flip,12448.4430,NA,10.11520000000000,10.07010000000000,9.68120000000000,9.87060000000000,10.0629,12448.1357,9.9885,0.3073,9.6812,0.2923,9.8856,0.5410,9.3446,-0.0600,12448.1357,NA,NA,NA
ZoomTracks.exe,35460,0x253F08E0920,DXGI,0,512,1,Hardware: Independent Flip,12458.3533,NA,9.91030000000000,9.88290000000000,9.77350000000000,10.01280000000000,10.0355,12458.1242,10.0026,0.2291,9.7735,0.1894,10.0525,0.6610,9.3915,0.1056,12458.1242,NA,20.7619,20.7619
ZoomTracks.exe,35460,0x253F08E0920,DXGI,0,512,1,Hardware: Independent Flip,12468.4122,NA,10.05890000000000,10.13710000000000,9.74030000000000,9.91960000000000,10.1137,12468.1268,10.0257,0.2854,9.7403,0.2393,9.9657,0.5418,9.4239,-0.1345,12468.1268,NA,NA,NA
ZoomTracks.exe,35460,0x253F08E0920,DXGI,0,512,1,Hardware: Independent Flip,12478.3799,NA,9.96770000000000,9.86860000000000,9.77260000000000,9.99640000000000,10.0146,12478.1525,10.0000,0.2274,9.7726,0.1793,10.0445,0.6995,9.3450,0.1571,12478.1525,NA,NA,NA
ZoomTracks.exe,35460,0x253F08E0920,DXGI,0,512,1,Hardware: Independent Flip,12488.4217,NA,10.04180000000000,9.98610000000000,9.70920000000000,9.93840000000000,9.9589,12488.1525,9.9784,0.2692,9.7092,0.2238,9.9838,0.5862,9.3976,0.0139,12488.1525,NA,NA,NA
ZoomTracks.exe,35460,0x253F08E0920,DXGI,0,512,1,Hardware: Independent Flip,12498.4079,NA,9.98620000000000,10.05610000000000,9.71840000000000,9.93540000000000,10.0288,12498.1309,9.9954,0.2770,9.7184,0.2292,9.9832,0.6385,9.3447,-0.0777,12498.1309,NA,NA,NA
ZoomTracks.exe,35460,0x253F08E0920,DXGI,0,512,1,Hardware: Independent Flip,12508.2570,NA,9.84910000000000,9.93660000000000,9.85860000000000,10.10880000000000,10.1163,12508.1263,9.9893,0.1307,9.8586,0.2170,10.0225,0.4767,9.5458,0.0588,12508.1263,NA,NA,NA
ZoomTracks.exe,35460,0x253F08E0920,DXGI,0,512,1,Hardware: Independent Flip,12518.2239,NA,9.96690000000000,10.07160000000000,9.90500000000000,10.21280000000000,10.2210,12518.1156,10.0133,0.1083,9.9050,0.2502,10.0709,0.4877,9.5832,-0.0823,12518.1156,NA,NA,NA
ZoomTracks.exe,35460,0x253F08E0920,DXGI,0,512,1,Hardware: Independent Flip,12528.2860,NA,10.06210000000000,9.93960000000000,9.83400000000000,10.09220000000000,10.0985,12528.1289,9.9911,0.1571,9.8340,0.3078,9.9415,0.4119,9.5296,0.0737,12528.1289,NA,NA,NA
ZoomTracks.exe,35460,0x253F08E0920,DXGI,0,512,1,Hardware: Independent Flip,12538.2579,NA,9.97190000000000,10.04000000000000,9.86760000000000,10.15770000000000,10.1666,12538.1200,10.0055,0.1379,9.8676,0.2582,10.0374,0.4628,9.5746,-0.0489,12538.1200,NA,NA,NA
ZoomTracks.exe,35460,0x253F08E0920,DXGI,0,512,1,Hardware: Independent Flip,12548.2414,NA,9.98350000000000,10.03160000000000,9.89960000000000,10.10910000000000,10.2147,12548.1255,10.0155,0.1159,9.8996,0.2901,9.9349,0.4096,9.5253,-0.0261,12548.1255,NA,NA,NA
ZoomTracks.exe,35460,0x253F08E0920,DXGI,0,512,1,Hardware: Independent Flip,12558.3801,NA,10.13870000000000,9.98300000000000,9.75710000000000,10.05160000000000,10.0590,12558.1410,9.9962,0.2391,9.7571,0.2095,10.0812,0.7160,9.3652,0.0325,12558.1410,NA,22.7992,22.7992
ZoomTracks.exe,35460,0x253F08E0920,DXGI,0,512,1,Hardware: Independent Flip,12568.2836,NA,9.90350000000000,9.98780000000000,9.84270000000000,10.01720000000000,10.1433,12568.1372,9.9891,0.1464,9.8427,0.2945,9.8691,0.3438,9.5253,0.0084,12568.1372,NA,20.8263,20.8263
ZoomTracks.exe,35460,0x253F08E0920,DXGI,0,512,1,Hardware: Independent Flip,12578.3255,NA,10.04190000000000,10.11480000000000,9.83260000000000,10.20920000000000,10.2162,12578.1263,10.0318,0.1992,9.8326,0.1745,10.2339,0.7065,9.5274,-0.1257,12578.1263,NA,NA,NA
ZoomTracks.exe,35460,0x253F08E0920,DXGI,0,512,1,Hardware: Independent Flip,12588.3139,NA,9.98840000000000,9.87290000000000,9.81660000000000,9.97500000000000,10.1007,12588.1581,9.9724,0.1558,9.8166,0.3766,9.7542,0.3132,9.4410,0.1589,12588.1581,NA,NA,NA
ZoomTracks.exe,35460,0x253F08E0920,DXGI,0,512,1,Hardware: Independent Flip,12598.3348,NA,10.02090000000000,9.98570000000000,9.79060000000000,10.05770000000000,10.0655,12598.1305,9.9949,0.2043,9.7906,0.1584,10.1036,0.6271,9.4765,-0.0133,12598.1305,NA,NA,NA
ZoomTracks.exe,35460,0x253F08E0920,DXGI,0,512,1,Hardware: Independent Flip,12608.2496,NA,9.91480000000000,10.17930000000000,9.88070000000000,10.07770000000000,10.3300,12608.1254,10.0049,0.1242,9.8807,0.2671,9.9348,0.3942,9.5406,-0.1844,12608.1254,NA,NA,NA
ZoomTracks.exe,35460,0x253F08E0920,DXGI,0,512,0,Hardware: Independent Flip,12618.3823,NA,10.13270000000000,NA,9.74710000000000,10.06950000000000,NA,12618.1303,9.9991,0.2520,9.7471,0.1970,10.1245,0.8596,9.2649,NA,NA,NA,NA,NA
ZoomTracks.exe,35460,0x253F08E0920,DXGI,0,512,1,Hardware: Independent Flip,12628.2693,NA,9.88700000000000,19.85450000000000,9.84240000000000,10.00900000000000,10.1648,12628.1294,9.9823,0.1399,9.8424,0.3224,9.8265,0.2948,9.5317,0.1495,12628.1294,NA,21.8202,21.8202
ZoomTracks.exe,35460,0x253F08E0920,DXGI,0,512,1,Hardware: Independent Flip,12638.3047,NA,10.03540000000000,10.02580000000000,9.82390000000000,10.14800000000000,10.1552,12638.1117,10.0169,0.1930,9.8239,0.1666,10.1744,0.6318,9.5426,-0.0435,12638.1117,NA,NA,NA
ZoomTracks.exe,35460,0x253F08E0920,DXGI,0,512,1,Hardware: Independent Flip,12648.2622,NA,9.95750000000000,9.97850000000000,9.86940000000000,10.07110000000000,10.1762,12648.1286,10.0030,0.1336,9.8694,0.3241,9.8806,0.3607,9.5199,0.0384,12648.1286,NA,NA,NA
ZoomTracks.exe,35460,0x253F08E0920,DXGI,0,512,1,Hardware: Independent Flip,12658.3609,NA,10.09870000000000,9.97020000000000,9.75960000000000,10.04030000000000,10.0477,12658.1316,9.9889,0.2293,9.7596,0.2017,10.0679,0.5885,9.4794,0.0328,12658.1316,NA,NA,NA
ZoomTracks.exe,35460,0x253F08E0920,DXGI,0,512,1,Hardware: Independent Flip,12668.2539,NA,9.89300000000000,10.12320000000000,9.87280000000000,10.12960000000000,10.2779,12668.1205,10.0062,0.1334,9.8728,0.2807,9.9823,0.4542,9.5281,-0.1343,12668.1205,NA,22.9309,22.9309
ZoomTracks.exe,35460,0x253F08E0920,DXGI,0,512,1,Hardware: Independent Flip,12678.2933,NA,10.03940000000000,9.84470000000000,9.83170000000000,10.07680000000000,10.0832,12678.1267,9.9983,0.1666,9.8317,0.2568,9.9866,0.4707,9.5159,0.1615,12678.1267,NA,NA,NA
ZoomTracks.exe,35460,0x253F08E0920,DXGI,0,512,1,Hardware: Independent Flip,12688.2592,NA,9.96590000000000,10.09840000000000,9.93770000000000,10.12770000000000,10.2157,12688.1250,10.0719,0.1342,9.9377,0.2451,10.0168,0.4255,9.5913,-0.1001,12688.1250,NA,NA,NA
ZoomTracks.exe,35460,0x253F08E0920,DXGI,0,512,1,Hardware: Independent Flip,12698.5088,NA,10.24960000000000,10.12720000000000,9.70530000000000,9.95490000000000,10.0933,12698.1969,10.0172,0.3119,9.7053,0.1900,10.0768,0.7925,9.2843,-0.0553,12698.1969,NA,NA,NA
ZoomTracks.exe,35460,0x253F08E0920,DXGI,0,512,1,Hardware: Independent Flip,12708.6727,NA,10.16390000000000,9.85340000000000,9.50900000000000,9.75620000000000,9.7828,12708.2141,9.9676,0.4586,9.5090,0.2496,9.9652,0.7515,9.2137,0.1638,12708.2141,NA,NA,NA
ZoomTracks.exe,35460,0x253F08E0920,DXGI,0,512,1,Hardware: Independent Flip,12718.4903,NA,9.81760000000000,10.11250000000000,9.73690000000000,10.04880000000000,10.0777,12718.1817,10.0455,0.3086,9.7369,0.2472,10.1102,0.7635,9.3467,-0.1449,12718.1817,NA,NA,NA
ZoomTracks.exe,35460,0x253F08E0920,DXGI,0,512,1,Hardware: Independent Flip,12728.6118,NA,10.12150000000000,9.81230000000000,9.58290000000000,9.75270000000000,9.7685,12728.2272,9.9675,0.3846,9.5829,0.3119,9.8254,0.7032,9.1222,0.2332,12728.2272,NA,NA,NA
ZoomTracks.exe,35460,0x253F08E0920,DXGI,0,512,1,Hardware: Independent Flip,12738.5363,NA,9.92450000000000,10.15540000000000,9.66510000000000,9.98840000000000,9.9994,12738.1947,10.0067,0.3416,9.6651,0.1698,10.1602,0.9052,9.2550,-0.1879,12738.1947,NA,16.9149,16.9149
ZoomTracks.exe,35460,0x253F08E0920,DXGI,0,512,1,Hardware: Independent Flip,12748.5713,NA,10.03500000000000,9.98640000000000,9.57260000000000,9.73590000000000,9.9508,12748.2014,9.9425,0.3699,9.5726,0.3233,9.7825,0.5949,9.1876,0.0203,12748.2014,NA,NA,NA
ZoomTracks.exe,35460,0x253F08E0920,DXGI,0,512,1,Hardware: Independent Flip,12758.3548,NA,9.78350000000000,9.93460000000000,9.77070000000000,10.09390000000000,10.1019,12758.1439,9.9816,0.2109,9.7707,0.1633,10.1415,0.7657,9.3758,0.0079,12758.1439,NA,NA,NA
ZoomTracks.exe,35460,0x253F08E0920,DXGI,0,512,1,Hardware: Independent Flip,12768.2722,NA,9.91740000000000,10.15400000000000,9.85580000000000,10.03270000000000,10.3385,12768.1255,10.0025,0.1467,9.8558,0.3232,9.8562,0.3339,9.5223,-0.1724,12768.1255,NA,NA,NA
ZoomTracks.exe,35460,0x253F08E0920,DXGI,0,512,1,Hardware: Independent Flip,12778.3509,NA,10.07870000000000,9.82550000000000,9.77380000000000,10.07820000000000,10.0853,12778.1280,9.9967,0.2229,9.7738,0.1769,10.1242,0.6605,9.4637,0.1770,12778.1280,NA,NA,NA
ZoomTracks.exe,35460,0x253F08E0920,DXGI,0,512,1,Hardware: Independent Flip,12788.2456,NA,9.89470000000000,10.03220000000000,9.88430000000000,10.04670000000000,10.2228,12788.1247,10.0052,0.1209,9.8843,0.3044,9.8632,0.3087,9.5545,-0.0355,12788.1247,NA,NA,NA
ZoomTracks.exe,35460,0x253F08E0920,DXGI,0,512,1,Hardware: Independent Flip,12798.3319,NA,10.08630000000000,9.96540000000000,9.80350000000000,10.09480000000000,10.1019,12798.1299,10.0055,0.2020,9.8035,0.1624,10.1344,0.6013,9.5331,0.0398,12798.1299,NA,NA,NA
ZoomTracks.exe,35460,0x253F08E0920,DXGI,0,512,1,Hardware: Independent Flip,12808.2701,NA,9.93820000000000,9.97710000000000,9.85660000000000,10.06010000000000,10.1408,12808.1354,9.9913,0.1347,9.8566,0.2913,9.9035,0.3479,9.5556,0.0284,12808.1354,NA,NA,NA
ZoomTracks.exe,35460,0x253F08E0920,DXGI,0,512,1,Hardware: Independent Flip,12818.3394,NA,10.06930000000000,10.03830000000000,9.78770000000000,10.10190000000000,10.1098,12818.1267,10.0004,0.2127,9.7877,0.2035,10.1111,0.6180,9.4931,-0.0470,12818.1267,NA,NA,NA
ZoomTracks.exe,35460,0x253F08E0920,DXGI,0,512,1,Hardware: Independent Flip,12828.2514,NA,9.91200000000000,9.94860000000000,9.87510000000000,10.06590000000000,10.1464,12828.1271,9.9994,0.1243,9.8751,0.3142,9.8760,0.3273,9.5487,0.0518,12828.1271,NA,NA,NA
ZoomTracks.exe,35460,0x253F08E0920,DXGI,0,512,1,Hardware: Independent Flip,12838.3464,NA,10.09500000000000,10.10370000000000,9.81690000000000,10.14650000000000,10.1551,12838.1265,10.0368,0.2199,9.8169,0.1908,10.1756,0.7177,9.4579,-0.1043,12838.1265,NA,29.9052,29.9052
ZoomTracks.exe,35460,0x253F08E0920,DXGI,0,512,1,Hardware: Independent Flip,12848.3113,NA,9.96490000000000,9.95980000000000,9.81080000000000,10.01930000000000,10.1500,12848.1633,9.9588,0.1480,9.8108,0.3296,9.8377,0.3648,9.4729,0.0770,12848.1633,NA,NA,NA
ZoomTracks.exe,35460,0x253F08E0920,DXGI,0,512,1,Hardware: Independent Flip,12858.2543,NA,9.94300000000000,10.00110000000000,9.86950000000000,10.20030000000000,10.2081,12858.1221,10.0017,0.1322,9.8695,0.2085,10.1240,0.5317,9.5923,-0.0423,12858.1221,NA,26.8519,26.8519
ZoomTracks.exe,35460,0x253F08E0920,DXGI,0,512,1,Hardware: Independent Flip,12868.2716,NA,10.01730000000000,10.10450000000000,9.87400000000000,10.09330000000000,10.2953,12868.1238,10.0218,0.1478,9.8740,0.3308,9.9103,0.3704,9.5399,-0.1028,12868.1238,NA,NA,NA
ZoomTracks.exe,35460,0x253F08E0920,DXGI,0,512,1,Hardware: Independent Flip,12878.4011,NA,10.12950000000000,9.87590000000000,9.72250000000000,10.03480000000000,10.0417,12878.1456,9.9780,0.2555,9.7225,0.2193,10.0710,0.7462,9.3248,0.1459,12878.1456,NA,NA,NA
ZoomTracks.exe,35460,0x253F08E0920,DXGI,0,512,1,Hardware: Independent Flip,12888.2586,NA,9.85750000000000,10.00750000000000,9.85970000000000,10.03850000000000,10.1917,12888.1236,9.9947,0.1350,9.8597,0.3123,9.8612,0.3099,9.5513,-0.0295,12888.1236,NA,NA,NA
ZoomTracks.exe,35460,0x253F08E0920,DXGI,0,512,1,Hardware: Independent Flip,12898.3098,NA,10.05120000000000,9.95890000000000,9.81810000000000,10.09100000000000,10.0994,12898.1183,10.0096,0.1915,9.8181,0.1788,10.1037,0.5761,9.5276,0.0358,12898.1183,NA,NA,NA
ZoomTracks.exe,35460,0x253F08E0920,DXGI,0,512,1,Hardware: Independent Flip,12908.4164,NA,10.10660000000000,9.99820000000000,9.70550000000000,9.90980000000000,9.9910,12908.1279,9.9940,0.2885,9.7055,0.2729,9.9254,0.5559,9.3695,0.0114,12908.1279,NA,21.7866,21.7866
ZoomTracks.exe,35460,0x253F08E0920,DXGI,0,512,1,Hardware: Independent Flip,12918.3650,NA,9.94860000000000,10.09950000000000,9.75990000000000,10.13350000000000,10.1419,12918.1219,10.0030,0.2431,9.7599,0.2043,10.1723,0.7923,9.3800,-0.1055,12918.1219,NA,NA,NA
ZoomTracks.exe,35460,0x253F08E0920,DXGI,0,512,1,Hardware: Independent Flip,12928.2696,NA,9.90460000000000,9.95690000000000,9.85790000000000,10.12520000000000,10.1942,12928.1249,10.0026,0.1447,9.8579,0.3736,9.8963,0.4144,9.4819,0.0461,12928.1249,NA,26.8385,26.8385
ZoomTracks.exe,35460,0x253F08E0920,DXGI,0,512,1,Hardware: Independent Flip,12938.2679,NA,9.99830000000000,10.07720000000000,9.86550000000000,10.26640000000000,10.2731,12938.1275,10.0059,0.1404,9.8655,0.2673,10.1395,0.6152,9.5243,-0.0746,12938.1275,NA,NA,NA
ZoomTracks.exe,35460,0x253F08E0920,DXGI,0,512,1,Hardware: Independent Flip,12948.2853,NA,10.01740000000000,9.95750000000000,9.85040000000000,10.06360000000000,10.2132,12948.1334,10.0023,0.1519,9.8504,0.4009,9.8146,0.3586,9.4560,0.0484,12948.1334,NA,NA,NA
ZoomTracks.exe,35460,0x253F08E0920,DXGI,0,512,1,Hardware: Independent Flip,12958.2798,NA,9.99450000000000,9.96550000000000,9.85990000000000,10.17700000000000,10.1842,12958.1357,10.0040,0.1441,9.8599,0.2132,10.1079,0.5560,9.5519,0.0368,12958.1357,NA,NA,NA
ZoomTracks.exe,35460,0x253F08E0920,DXGI,0,512,1,Hardware: Independent Flip,12968.2954,NA,10.01560000000000,10.04100000000000,9.82960000000000,9.99630000000000,10.2096,12968.1397,9.9853,0.1557,9.8296,0.3171,9.8349,0.3125,9.5224,-0.0370,12968.1397,NA,NA,NA
ZoomTracks.exe,35460,0x253F08E0920,DXGI,0,512,1,Hardware: Independent Flip,12978.3361,NA,10.04070000000000,9.93220000000000,9.79770000000000,10.09410000000000,10.1011,12978.1250,10.0088,0.2111,9.7977,0.1667,10.1385,0.6174,9.5211,0.0531,12978.1250,NA,NA,NA
ZoomTracks.exe,35460,0x253F08E0920,DXGI,0,512,1,Hardware: Independent Flip,12988.4631,NA,10.12700000000000,10.03950000000000,9.65650000000000,9.82620000000000,10.0136,12988.1338,9.9858,0.3293,9.6565,0.2964,9.8591,0.5644,9.2947,-0.0307,12988.1338,NA,NA,NA
ZoomTracks.exe,35460,0x253F08E0920,DXGI,0,512,1,Hardware: Independent Flip,12998.3323,NA,9.86920000000000,9.99620000000000,9.77860000000000,10.13250000000000,10.1406,12998.1196,9.9913,0.2127,9.7786,0.1697,10.1755,0.7096,9.4659,-0.0104,12998.1196,NA,NA,NA
ZoomTracks.exe,35460,0x253F08E0920,DXGI,0,512,1,Hardware: Independent Flip,13008.2502,NA,9.91790000000000,9.99880000000000,9.87990000000000,10.08910000000000,10.2215,13008.1109,10.0192,0.1393,9.8799,0.3539,9.8745,0.3569,9.5176,-0.0075,13008.1109,NA,20.8815,20.8815
ZoomTracks.exe,35460,0x253F08E0920,DXGI,0,512,1,Hardware: Independent Flip,13018.3736,NA,10.12340000000000,9.90620000000000,9.74960000000000,9.98400000000000,10.0043,13018.1301,9.9931,0.2435,9.7496,0.2092,10.0183,0.5974,9.4209,0.1130,13018.1301,NA,NA,NA
ZoomTracks.exe,35460,0x253F08E0920,DXGI,0,512,1,Hardware: Independent Flip,13028.4150,NA,10.04140000000000,10.14200000000000,9.73270000000000,9.95590000000000,10.1049,13028.1232,10.0245,0.2918,9.7327,0.2344,10.0133,0.7042,9.3091,-0.1489,13028.1232,NA,24.9172,24.9172
ZoomTracks.exe,35460,0x253F08E0920,DXGI,0,512,1,Hardware: Independent Flip,13038.3136,NA,9.89860000000000,9.92610000000000,9.82060000000000,10.12380000000000,10.1324,13038.1477,9.9865,0.1659,9.8206,0.2232,10.0665,0.5386,9.5279,0.0984,13038.1477,NA,NA,NA
ZoomTracks.exe,35460,0x253F08E0920,DXGI,0,512,1,Hardware: Independent Flip,13048.2918,NA,9.97820000000000,9.95300000000000,9.83220000000000,10.09860000000000,10.1072,13048.1342,9.9898,0.1576,9.8322,0.3032,9.9530,0.4143,9.5387,0.0335,13048.1342,NA,NA,NA
ZoomTracks.exe,35460,0x253F08E0920,DXGI,0,512,1,Hardware: Independent Flip,13058.4055,NA,10.11370000000000,10.05210000000000,9.71190000000000,9.97940000000000,10.0456,13058.1240,9.9934,0.2815,9.7119,0.2664,9.9945,0.6784,9.3161,-0.0623,13058.1240,NA,NA,NA
ZoomTracks.exe,35460,0x253F08E0920,DXGI,0,512,1,Hardware: Independent Flip,13068.2581,NA,9.85260000000000,9.96130000000000,9.86900000000000,10.14670000000000,10.1543,13068.1174,10.0097,0.1407,9.8690,0.2675,10.0199,0.4763,9.5436,0.0321,13068.1174,NA,NA,NA
ZoomTracks.exe,35460,0x253F08E0920,DXGI,0,512,1,Hardware: Independent Flip,13078.3023,NA,10.04420000000000,10.01580000000000,9.85610000000000,10.11850000000000,10.1259,13078.1271,10.0313,0.1752,9.8561,0.2777,10.0160,0.4661,9.5499,-0.0061,13078.1271,NA,NA,NA
ZoomTracks.exe,35460,0x253F08E0920,DXGI,0,512,1,Hardware: Independent Flip,13088.3023,NA,10.00000000000000,10.01840000000000,9.85510000000000,10.12010000000000,10.1443,13088.1584,9.9990,0.1439,9.8551,0.2624,10.0016,0.4507,9.5509,0.0129,13088.1584,NA,25.8400,25.8400
ZoomTracks.exe,35460,0x253F08E0920,DXGI,0,512,1,Hardware: Independent Flip,13098.4545,NA,10.15220000000000,9.95700000000000,9.67680000000000,9.94140000000000,9.9491,13098.1574,9.9739,0.2971,9.6768,0.2650,9.9735,0.6626,9.3109,0.0420,13098.1574,NA,20.7434,20.7434
ZoomTracks.exe,35460,0x253F08E0920,DXGI,0,512,1,Hardware: Independent Flip,13108.4328,NA,9.97830000000000,9.92880000000000,9.67780000000000,9.82710000000000,9.8996,13108.1313,9.9793,0.3015,9.6778,0.2646,9.8640,0.4952,9.3688,0.0451,13108.1313,NA,NA,NA
ZoomTracks.exe,35460,0x253F08E0920,DXGI,0,512,1,Hardware: Independent Flip,13118.3581,NA,9.92530000000000,10.16230000000000,9.76360000000000,10.12870000000000,10.1366,13118.1106,10.0111,0.2475,9.7636,0.1493,10.2269,0.8275,9.3994,-0.1830,13118.1106,NA,NA,NA
ZoomTracks.exe,35460,0x253F08E0920,DXGI,0,512,1,Hardware: Independent Flip,13128.2633,NA,9.90520000000000,9.89580000000000,9.88110000000000,10.04940000000000,10.1272,13128.1217,10.0227,0.1416,9.8811,0.3651,9.8259,0.3298,9.4961,0.1153,13128.1217,NA,NA,NA
ZoomTracks.exe,35460,0x253F08E0920,DXGI,0,512,1,Hardware: Independent Flip,13138.3442,NA,10.08090000000000,10.02830000000000,9.78890000000000,10.05450000000000,10.0746,13138.1444,9.9887,0.1998,9.7889,0.1683,10.0860,0.6336,9.4524,-0.0056,13138.1444,NA,NA,NA
ZoomTracks.exe,35460,0x253F08E0920,DXGI,0,512,1,Hardware: Independent Flip,13148.4457,NA,10.10150000000000,10.27640000000000,9.66860000000000,10.02300000000000,10.2495,13148.1331,9.9812,0.3126,9.6686,0.2656,10.0700,0.7402,9.3298,-0.2877,13148.1331,NA,NA,NA
ZoomTracks.exe,35460,0x253F08E0920,DXGI,0,512,1,Hardware: Independent Flip,13158.2540,NA,9.80830000000000,9.67240000000000,9.86400000000000,10.09510000000000,10.1136,13158.1143,10.0037,0.1397,9.8640,0.3544,9.8804,0.4295,9.4509,0.3088,13158.1143,NA,NA,NA
ZoomTracks.exe,35460,0x253F08E0920,DXGI,0,512,1,Hardware: Independent Flip,13168.3927,NA,10.13870000000000,10.14070000000000,9.72740000000000,10.01280000000000,10.1156,13168.1180,10.0021,0.2747,9.7274,0.2311,10.0564,0.6831,9.3733,-0.1370,13168.1180,NA,21.8556,21.8556
ZoomTracks.exe,35460,0x253F08E0920,DXGI,0,512,1,Hardware: Independent Flip,13178.2463,NA,9.85360000000000,10.07340000000000,9.88110000000000,10.09490000000000,10.3354,13178.1201,10.0073,0.1262,9.8811,0.2854,9.9357,0.4493,9.4864,-0.0713,13178.1201,NA,NA,NA
ZoomTracks.exe,35460,0x253F08E0920,DXGI,0,512,1,Hardware: Independent Flip,13188.2540,NA,10.00770000000000,9.92400000000000,9.86470000000000,10.24480000000000,10.2517,13188.1274,9.9913,0.1266,9.8647,0.2138,10.1576,0.6833,9.4743,0.0833,13188.1274,NA,NA,NA
ZoomTracks.exe,35460,0x253F08E0920,DXGI,0,512,1,Hardware: Independent Flip,13198.2545,NA,10.00050000000000,9.98900000000000,9.86100000000000,10.07230000000000,10.2402,13198.1187,9.9968,0.1358,9.8610,0.3801,9.8280,0.3491,9.4789,0.0023,13198.1187,NA,NA,NA
ZoomTracks.exe,35460,0x253F08E0920,DXGI,0,512,1,Hardware: Independent Flip,13208.2484,NA,9.99390000000000,10.06510000000000,9.89500000000000,10.30300000000000,10.3114,13208.1155,10.0279,0.1329,9.8950,0.2113,10.2246,0.7229,9.5017,-0.0683,13208.1155,NA,NA,NA
ZoomTracks.exe,35460,0x253F08E0920,DXGI,0,512,1,Hardware: Independent Flip,13218.2960,NA,10.04760000000000,9.97990000000000,9.83460000000000,10.01010000000000,10.2437,13218.1434,9.9872,0.1526,9.8346,0.4080,9.7547,0.3406,9.4141,0.0480,13218.1434,NA,NA,NA
ZoomTracks.exe,35460,0x253F08E0920,DXGI,0,512,1,Hardware: Independent Flip,13228.3340,NA,10.03800000000000,9.99130000000000,9.77820000000000,10.19030000000000,10.1970,13228.1306,9.9816,0.2034,9.7782,0.1755,10.2182,0.7066,9.5116,-0.0041,13228.1306,NA,NA,NA
ZoomTracks.exe,35460,0x253F08E0920,DXGI,0,512,1,Hardware: Independent Flip,13238.2456,NA,9.91160000000000,10.05190000000000,9.88670000000000,10.10160000000000,10.3373,13238.1122,10.0201,0.1334,9.8867,0.4121,9.8229,0.3634,9.4595,-0.0703,13238.1122,NA,NA,NA
ZoomTracks.exe,35460,0x253F08E0920,DXGI,0,512,1,Hardware: Independent Flip,13248.3722,NA,10.12660000000000,9.95740000000000,9.74930000000000,10.15720000000000,10.1681,13248.1323,9.9892,0.2399,9.7493,0.2149,10.1822,0.7637,9.4185,0.0627,13248.1323,NA,NA,NA
ZoomTracks.exe,35460,0x253F08E0920,DXGI,0,512,1,Hardware: Independent Flip,13258.2290,NA,9.85680000000000,9.98030000000000,9.90290000000000,10.09680000000000,10.2916,13258.1215,10.0104,0.1075,9.9029,0.4079,9.7964,0.3422,9.4542,0.0089,13258.1215,NA,NA,NA
ZoomTracks.exe,35460,0x253F08E0920,DXGI,0,512,1,Hardware: Independent Flip,13268.3592,NA,10.13020000000000,9.92960000000000,9.76760000000000,10.08380000000000,10.0910,13268.1319,9.9949,0.2273,9.7676,0.1939,10.1172,0.6318,9.4854,0.0808,13268.1319,NA,NA,NA
ZoomTracks.exe,35460,0x253F08E0920,DXGI,0,512,1,Hardware: Independent Flip,13278.2708,NA,9.91160000000000,10.09680000000000,9.84790000000000,10.06620000000000,10.2762,13278.1268,9.9919,0.1440,9.8479,0.3162,9.8940,0.3540,9.5400,-0.1019,13278.1268,NA,28.9591,28.9591
ZoomTracks.exe,35460,0x253F08E0920,DXGI,0,512,1,Hardware: Independent Flip,13288.2494,NA,9.97860000000000,9.97030000000000,9.87610000000000,10.26140000000000,10.2679,13288.1187,10.0068,0.1307,9.8761,0.2183,10.1738,0.8451,9.3287,0.0216,13288.1187,NA,NA,NA
ZoomTracks.exe,35460,0x253F08E0920,DXGI,0,512,1,Hardware: Independent Flip,13298.2797,NA,10.03030000000000,9.97660000000000,9.86940000000000,10.06070000000000,10.2142,13298.1255,10.0236,0.1542,9.8694,0.3853,9.8296,0.3554,9.4742,0.0302,13298.1255,NA,NA,NA
ZoomTracks.exe,35460,0x253F08E0920,DXGI,0,512,1,Hardware: Independent Flip,13308.3823,NA,10.10260000000000,10.06340000000000,9.74920000000000,10.16770000000000,10.1750,13308.1491,9.9824,0.2332,9.7492,0.1913,10.2096,0.7715,9.4381,-0.0398,13308.1491,NA,NA,NA
ZoomTracks.exe,35460,0x253F08E0920,DXGI,0,512,1,Hardware: Independent Flip,13318.2822,NA,9.89990000000000,10.04490000000000,9.84470000000000,10.11430000000000,10.3200,13318.1315,9.9954,0.1507,9.8447,0.4185,9.8465,0.4153,9.4312,-0.0625,13318.1315,NA,NA,NA
ZoomTracks.exe,35460,0x253F08E0920,DXGI,0,512,1,Hardware: Independent Flip,13328.2465,NA,9.96430000000000,9.95970000000000,9.90550000000000,10.30730000000000,10.3154,13328.1269,10.0251,0.1196,9.9055,0.2696,10.1573,0.7177,9.4396,0.0357,13328.1269,NA,NA,NA
ZoomTracks.exe,35460,0x253F08E0920,DXGI,0,512,1,Hardware: Independent Flip,13338.2949,NA,10.04840000000000,9.92240000000000,9.83180000000000,10.01410000000000,10.1894,13338.1520,9.9747,0.1429,9.8318,0.4018,9.7552,0.2715,9.4837,0.1027,13338.1520,NA,NA,NA
ZoomTracks.exe,35460,0x253F08E0920,DXGI,0,512,1,Hardware: Independent Flip,13348.3538,NA,10.05890000000000,9.93960000000000,9.79960000000000,10.04790000000000,10.0701,13348.1267,10.0267,0.2271,9.7996,0.1823,10.0927,0.6518,9.4409,0.0351,13348.1267,NA,NA,NA
ZoomTracks.exe,35460,0x253F08E0920,DXGI,0,512,1,Hardware: Independent Flip,13358.4520,NA,10.09820000000000,10.08690000000000,9.68100000000000,9.88000000000000,10.0588,13358.1534,9.9796,0.2986,9.6810,0.2483,9.9303,0.5999,9.3304,-0.0602,13358.1534,NA,NA,NA
ZoomTracks.exe,35460,0x253F08E0920,DXGI,0,512,1,Hardware: Independent Flip,13368.3580,NA,9.90600000000000,9.89960000000000,9.76180000000000,10.04570000000000,10.0524,13368.1330,9.9868,0.2250,9.7618,0.1990,10.0717,0.6175,9.4542,0.0800,13368.1330,NA,NA,NA
ZoomTracks.exe,35460,0x253F08E0920,DXGI,0,512,1,Hardware: Independent Flip,13378.2563,NA,9.89830000000000,10.12050000000000,9.88290000000000,10.11730000000000,10.2746,13378.1198,10.0194,0.1365,9.8829,0.2839,9.9699,0.3887,9.5812,-0.1337,13378.1198,NA,NA,NA
ZoomTracks.exe,35460,0x253F08E0920,DXGI,0,512,1,Hardware: Independent Flip,13388.2745,NA,10.01820000000000,10.99780000000000,9.85310000000000,11.24790000000000,11.2542,13388.1392,9.9884,0.1353,9.8531,0.2344,11.1488,1.6302,9.5186,-0.9784,13388.1392,NA,NA,NA
ZoomTracks.exe,35460,0x253F08E0920,DXGI,0,512,1,Hardware: Independent Flip,13398.2624,NA,9.98790000000000,9.34970000000000,9.85320000000000,10.02320000000000,10.6160,13398.1276,9.9880,0.1348,9.8532,1.3948,8.7632,0.2474,8.5158,0.6387,13398.1276,NA,NA,NA
ZoomTracks.exe,35460,0x253F08E0920,DXGI,0,512,1,Hardware: Independent Flip,13408.3278,NA,10.06540000000000,10.62750000000000,9.79020000000000,11.16240000000000,11.1781,13408.1156,10.0024,0.2122,9.7902,0.1700,11.2046,1.7270,9.4776,-0.6395,13408.1156,NA,NA,NA
ZoomTracks.exe,35460,0x253F08E0920,DXGI,0,512,1,Hardware: Independent Flip,13418.2464,NA,9.91860000000000,10.04090000000000,9.89160000000000,10.04200000000000,11.3004,13418.1180,10.0200,0.1284,9.8916,1.3722,8.7982,0.3050,8.4932,-0.0385,13418.1180,NA,NA,NA
ZoomTracks.exe,35460,0x253F08E0920,DXGI,0,512,1,Hardware: Independent Flip,13428.3319,NA,10.08550000000000,8.92340000000000,9.78390000000000,10.12670000000000,10.1383,13428.1380,9.9778,0.1939,9.7839,0.1504,10.1702,0.6529,9.5173,1.0966,13428.1380,NA,NA,NA
ZoomTracks.exe,35460,0x253F08E0920,DXGI,0,512,1,Hardware: Independent Flip,13438.4684,NA,10.13650000000000,10.51870000000000,9.64960000000000,9.83350000000000,10.5205,13438.1158,10.0022,0.3526,9.6496,0.3428,9.8433,0.5776,9.2657,-0.5409,13438.1158,NA,NA,NA
ZoomTracks.exe,35460,0x253F08E0920,DXGI,0,512,1,Hardware: Independent Flip,13448.3330,NA,9.86460000000000,9.40260000000000,9.79270000000000,10.05170000000000,10.0585,13448.1180,10.0077,0.2150,9.7927,0.1839,10.0828,0.5724,9.5104,0.5996,13448.1180,NA,NA,NA
ZoomTracks.exe,35460,0x253F08E0920,DXGI,0,512,1,Hardware: Independent Flip,13458.2672,NA,9.93420000000000,10.08970000000000,9.84860000000000,10.07970000000000,10.2140,13458.1257,9.9901,0.1415,9.8486,0.2590,9.9622,0.3996,9.5626,-0.0820,13458.1257,NA,NA,NA
ZoomTracks.exe,35460,0x253F08E0920,DXGI,0,512,1,Hardware: Independent Flip,13468.2402,NA,9.97300000000000,9.92900000000000,9.89780000000000,10.16360000000000,10.1700,13468.1158,10.0222,0.1244,9.8978,0.2311,10.0569,0.5470,9.5099,0.0611,13468.1158,NA,NA,NA
ZoomTracks.exe,35460,0x253F08E0920,DXGI,0,512,1,Hardware: Independent Flip,13478.2767,NA,10.03650000000000,10.12430000000000,9.84780000000000,10.22780000000000,10.2578,13478.1380,9.9865,0.1387,9.8478,0.2658,10.1007,0.5666,9.5341,-0.1021,13478.1380,NA,NA,NA
ZoomTracks.exe,35460,0x253F08E0920,DXGI,0,512,1,Hardware: Independent Flip,13488.2421,NA,9.96540000000000,10.99220000000000,9.87910000000000,11.27740000000000,11.2846,13488.1245,9.9967,0.1176,9.8791,0.3800,11.0150,1.5048,9.5102,-1.0057,13488.1245,NA,NA,NA
ZoomTracks.exe,35460,0x253F08E0920,DXGI,0,512,1,Hardware: Independent Flip,13498.2700,NA,10.02790000000000,9.32620000000000,9.86150000000000,10.07170000000000,10.5829,13498.1212,10.0103,0.1488,9.8615,1.3983,8.8222,0.3610,8.4612,0.6705,13498.1212,NA,NA,NA
ZoomTracks.exe,35460,0x253F08E0920,DXGI,0,512,1,Hardware: Independent Flip,13508.3690,NA,10.09900000000000,10.69080000000000,9.74500000000000,11.16650000000000,11.1747,13508.1315,9.9825,0.2375,9.7450,0.2102,11.1938,1.7434,9.4504,-0.6805,13508.1315,NA,NA,NA
ZoomTracks.exe,35460,0x253F08E0920,DXGI,0,512,1,Hardware: Independent Flip,13518.2440,NA,9.87500000000000,9.96750000000000,9.88880000000000,10.05260000000000,11.2672,13518.1140,10.0188,0.1300,9.8888,1.4215,8.7611,0.2557,8.5054,0.0150,13518.1140,NA,NA,NA
ZoomTracks.exe,35460,0x253F08E0920,DXGI,0,512,1,Hardware: Independent Flip,13528.3380,NA,10.09400000000000,9.99110000000000,9.86220000000000,11.15400000000000,11.1643,13528.1328,10.0674,0.2052,9.8622,0.1638,11.1954,1.6537,9.5417,0.0277,13528.1328,NA,NA,NA
ZoomTracks.exe,35460,0x253F08E0920,DXGI,0,512,1,Hardware: Independent Flip,13538.3802,NA,10.04220000000000,10.07640000000000,9.81190000000000,9.98810000000000,11.1985,13538.2002,9.9919,0.1800,9.8119,1.2918,8.8763,0.3870,8.4893,-0.0090,13538.2002,NA,NA,NA
ZoomTracks.exe,35460,0x253F08E0920,DXGI,0,512,1,Hardware: Independent Flip,13548.4268,NA,10.04660000000000,8.89670000000000,9.78050000000000,10.02320000000000,10.0486,13548.1921,10.0152,0.2347,9.7805,0.1762,10.0817,0.6889,9.3928,1.0952,13548.1921,NA,NA,NA
ZoomTracks.exe,35460,0x253F08E0920,DXGI,0,512,1,Hardware: Independent Flip,13558.5103,NA,10.08350000000000,10.48110000000000,9.67550000000000,9.84670000000000,10.4462,13558.2073,9.9785,0.3030,9.6755,0.2427,9.9070,0.6277,9.2793,-0.4659,13558.2073,NA,NA,NA
ZoomTracks.exe,35460,0x253F08E0920,DXGI,0,512,1,Hardware: Independent Flip,13568.4125,NA,9.90220000000000,9.55820000000000,9.78750000000000,10.07450000000000,10.1022,13568.1858,10.0142,0.2267,9.7875,0.1712,10.1300,0.6512,9.4788,0.4203,13568.1858,NA,NA,NA
ZoomTracks.exe,35460,0x253F08E0920,DXGI,0,512,1,Hardware: Independent Flip,13578.5512,NA,10.13870000000000,9.96800000000000,9.58180000000000,9.78390000000000,9.9315,13578.2000,9.9330,0.3512,9.5818,0.2870,9.8481,0.7150,9.1331,0.0462,13578.2000,NA,NA,NA
ZoomTracks.exe,35460,0x253F08E0920,DXGI,0,512,1,Hardware: Independent Flip,13588.3691,NA,9.81790000000000,9.96130000000000,9.85720000000000,10.05110000000000,10.0749,13588.1330,10.0933,0.2361,9.8572,0.2021,10.0851,0.7349,9.3502,-0.0283,13588.1330,NA,NA,NA
ZoomTracks.exe,35460,0x253F08E0920,DXGI,0,512,1,Hardware: Independent Flip,13598.4723,NA,10.10320000000000,10.03800000000000,9.64320000000000,9.86430000000000,10.0097,13598.2263,9.8892,0.2460,9.6432,0.1939,9.9164,0.6153,9.3011,0.0553,13598.2263,NA,NA,NA
ZoomTracks.exe,35460,0x253F08E0920,DXGI,0,512,1,Hardware: Independent Flip,13608.2647,NA,9.79240000000000,9.88870000000000,9.85230000000000,10.09830000000000,10.1060,13608.1155,10.0015,0.1492,9.8523,0.2211,10.0264,0.4594,9.5670,0.0005,13608.1155,NA,NA,NA
ZoomTracks.exe,35460,0x253F08E0920,DXGI,0,512,1,Hardware: Independent Flip,13618.3963,NA,10.13160000000000,10.00960000000000,9.72120000000000,9.91770000000000,9.9840,13618.1170,10.0005,0.2793,9.7212,0.2460,9.9510,0.5810,9.3700,-0.0081,13618.1170,NA,NA,NA
ZoomTracks.exe,35460,0x253F08E0920,DXGI,0,512,1,Hardware: Independent Flip,13628.2444,NA,9.84810000000000,10.01650000000000,9.88950000000000,10.14330000000000,10.1524,13628.1175,10.0164,0.1269,9.8895,0.1965,10.0737,0.5113,9.5624,-0.0160,13628.1175,NA,NA,NA
ZoomTracks.exe,35460,0x253F08E0920,DXGI,0,512,1,Hardware: Independent Flip,13638.3977,NA,10.15330000000000,9.99370000000000,9.72570000000000,9.89620000000000,9.9928,13638.1339,9.9895,0.2638,9.7257,0.2538,9.9062,0.6031,9.3031,0.0227,13638.1339,NA,NA,NA
ZoomTracks.exe,35460,0x253F08E0920,DXGI,0,512,1,Hardware: Independent Flip,13648.3993,NA,10.00160000000000,9.98040000000000,9.71120000000000,9.94390000000000,9.9716,13648.1234,9.9871,0.2759,9.7112,0.1705,10.0493,0.7022,9.3471,0.0091,13648.1234,NA,NA,NA
ZoomTracks.exe,35460,0x253F08E0920,DXGI,0,512,1,Hardware: Independent Flip,13658.3523,NA,9.95300000000000,10.03490000000000,9.77240000000000,9.97310000000000,10.0535,13658.1105,10.0142,0.2418,9.7724,0.2327,9.9822,0.5983,9.3839,-0.0478,13658.1105,NA,NA,NA
ZoomTracks.exe,35460,0x253F08E0920,DXGI,0,512,1,Hardware: Independent Flip,13668.4053,NA,10.05300000000000,9.98880000000000,9.71270000000000,9.98090000000000,9.9893,13668.1247,9.9933,0.2806,9.7127,0.2007,10.0608,0.6094,9.4514,0.0254,13668.1247,NA,NA,NA
ZoomTracks.exe,35460,0x253F08E0920,DXGI,0,512,1,Hardware: Independent Flip,13678.4014,NA,9.99610000000000,10.00130000000000,9.71150000000000,9.98700000000000,9.9945,13678.1180,9.9949,0.2834,9.7115,0.2682,10.0022,0.6607,9.3415,-0.0080,13678.1180,NA,NA,NA
ZoomTracks.exe,35460,0x253F08E0920,DXGI,0,512,1,Hardware: Independent Flip,13688.4027,NA,10.00130000000000,10.02000000000000,9.73600000000000,9.98910000000000,10.0132,13688.1129,10.0258,0.2898,9.7360,0.2755,10.0034,0.6554,9.3480,-0.0251,13688.1129,NA,NA,NA
ZoomTracks.exe,35460,0x253F08E0920,DXGI,0,512,1,Hardware: Independent Flip,13698.4232,NA,10.02050000000000,10.12160000000000,9.83720000000000,10.09050000000000,10.1143,13698.1387,10.1217,0.2845,9.8372,0.2531,10.1219,0.7426,9.3793,-0.0958,13698.1387,NA,NA,NA
ZoomTracks.exe,35460,0x253F08E0920,DXGI,0,512,1,Hardware: Independent Flip,13708.6417,NA,10.21850000000000,9.88410000000000,9.59080000000000,9.76680000000000,9.7799,13708.2604,9.9721,0.3813,9.5908,0.2533,9.8948,0.6426,9.2522,0.2376,13708.2604,NA,NA,NA
ZoomTracks.exe,35460,0x253F08E0920,DXGI,0,512,1,Hardware: Independent Flip,13718.6135,NA,9.97180000000000,10.03640000000000,9.56090000000000,9.81530000000000,9.8445,13718.2325,9.9419,0.3810,9.5609,0.1760,10.0203,0.8207,9.1996,-0.0643,13718.2325,NA,NA,NA
ZoomTracks.exe,35460,0x253F08E0920,DXGI,0,512,1,Hardware: Independent Flip,13728.4830,NA,9.86950000000000,10.01540000000000,9.67080000000000,9.84620000000000,9.9904,13728.1744,9.9794,0.3086,9.6708,0.2544,9.9004,0.5849,9.3155,-0.0735,13728.1744,NA,NA,NA
ZoomTracks.exe,35460,0x253F08E0920,DXGI,0,512,1,Hardware: Independent Flip,13738.3793,NA,9.89630000000000,9.98720000000000,9.77020000000000,10.05780000000000,10.0813,13738.1538,9.9957,0.2255,9.7702,0.1754,10.1079,0.7336,9.3743,-0.0078,13738.1538,NA,NA,NA
ZoomTracks.exe,35460,0x253F08E0920,DXGI,0,512,1,Hardware: Independent Flip,13748.4906,NA,10.11130000000000,10.02780000000000,9.67670000000000,9.86210000000000,9.9978,13748.1495,10.0178,0.3411,9.6767,0.2876,9.9156,0.6045,9.3111,-0.0321,13748.1495,NA,NA,NA
ZoomTracks.exe,35460,0x253F08E0920,DXGI,0,512,1,Hardware: Independent Flip,13758.4002,NA,9.90960000000000,9.95030000000000,9.73620000000000,10.00850000000000,10.0385,13758.1673,9.9691,0.2329,9.7362,0.1854,10.0560,0.7032,9.3528,0.0675,13758.1673,NA,NA,NA
ZoomTracks.exe,35460,0x253F08E0920,DXGI,0,512,1,Hardware: Independent Flip,13768.2729,NA,9.87270000000000,9.96120000000000,9.85160000000000,10.02210000000000,10.1270,13768.1364,9.9881,0.1365,9.8516,0.2723,9.8863,0.5522,9.3341,0.0079,13768.1364,NA,22.7851,22.7851
ZoomTracks.exe,35460,0x253F08E0920,DXGI,0,512,1,Hardware: Independent Flip,13778.3374,NA,10.06450000000000,9.97540000000000,9.78270000000000,10.01170000000000,10.0379,13778.1245,9.9956,0.2129,9.7827,0.1705,10.0541,0.5440,9.5101,0.0127,13778.1245,NA,NA,NA
ZoomTracks.exe,35460,0x253F08E0920,DXGI,0,512,1,Hardware: Independent Flip,13788.3822,NA,10.04480000000000,10.01350000000000,9.74680000000000,9.92270000000000,10.0066,13788.1201,10.0089,0.2621,9.7468,0.2290,9.9558,0.6210,9.3348,-0.0179,13788.1201,NA,NA,NA
ZoomTracks.exe,35460,0x253F08E0920,DXGI,0,512,1,Hardware: Independent Flip,13798.3958,NA,10.01360000000000,12.64490000000000,9.72930000000000,12.62870000000000,12.6379,13798.1290,9.9961,0.2668,9.7293,0.1759,12.7196,3.2776,9.4420,-2.6360,13798.1290,NA,NA,NA
ZoomTracks.exe,35460,0x253F08E0920,DXGI,0,512,1,Hardware: Independent Flip,13808.2664,NA,9.87060000000000,7.42780000000000,9.91500000000000,10.11490000000000,10.1951,13808.1251,10.0563,0.1413,9.9150,2.8994,7.3568,0.3982,6.9586,2.5683,13808.1251,NA,22.8412,22.8412
ZoomTracks.exe,35460,0x253F08E0920,DXGI,0,512,1,Hardware: Independent Flip,13818.4894,NA,10.22300000000000,11.60630000000000,9.67460000000000,11.56790000000000,11.5784,13818.1814,9.9826,0.3080,9.6746,0.1999,11.6760,2.3645,9.3115,-1.5500,13818.1814,NA,NA,NA
ZoomTracks.exe,35460,0x253F08E0920,DXGI,0,512,1,Hardware: Independent Flip,13828.3387,NA,9.84930000000000,10.60000000000000,9.88350000000000,10.11120000000000,12.3291,13828.1640,10.0582,0.1747,9.8835,1.8933,8.3926,0.4874,7.9052,-0.6174,13828.1640,NA,NA,NA
ZoomTracks.exe,35460,0x253F08E0920,DXGI,0,512,1,Hardware: Independent Flip,13838.5172,NA,10.17850000000000,10.46940000000000,9.69480000000000,12.61010000000000,12.6200,13838.2222,9.9898,0.2950,9.6948,0.2277,12.6774,3.4086,9.2688,-0.4112,13838.2222,NA,NA,NA
ZoomTracks.exe,35460,0x253F08E0920,DXGI,0,512,1,Hardware: Independent Flip,13848.4186,NA,9.90140000000000,9.43900000000000,9.71310000000000,9.88600000000000,12.1576,13848.2120,9.9197,0.2066,9.7131,2.9153,7.1773,0.2664,6.9109,0.5508,13848.2120,NA,NA,NA
ZoomTracks.exe,35460,0x253F08E0920,DXGI,0,512,1,Hardware: Independent Flip,13858.3498,NA,9.93120000000000,10.50340000000000,9.78340000000000,12.72250000000000,12.7298,13858.1317,10.0015,0.2181,9.7834,0.1729,12.7677,3.3159,9.4518,-0.5837,13858.1317,NA,NA,NA
ZoomTracks.exe,35460,0x253F08E0920,DXGI,0,512,1,Hardware: Independent Flip,13868.3005,NA,9.95070000000000,10.05970000000000,9.83210000000000,10.02900000000000,12.8388,13868.1332,9.9994,0.1673,9.8321,2.9391,7.2572,0.3473,6.9099,-0.0582,13868.1332,NA,NA,NA
ZoomTracks.exe,35460,0x253F08E0920,DXGI,0,512,1,Hardware: Independent Flip,13878.3386,NA,10.03810000000000,9.96420000000000,9.78720000000000,12.75740000000000,12.7649,13878.1326,9.9932,0.2060,9.7872,0.1969,12.7665,3.2809,9.4856,0.0352,13878.1326,NA,23.4926,23.4926
ZoomTracks.exe,35460,0x253F08E0920,DXGI,0,512,1,Hardware: Independent Flip,13888.2624,NA,9.92380000000000,10.25060000000000,9.86600000000000,10.03870000000000,13.0917,13888.1258,10.0026,0.1366,9.8660,2.9702,7.2051,0.3177,6.8874,-0.2574,13888.1258,NA,NA,NA
ZoomTracks.exe,35460,0x253F08E0920,DXGI,0,512,1,Hardware: Independent Flip,13898.3441,NA,10.08170000000000,9.76390000000000,9.78740000000000,12.76660000000000,12.7739,13898.1284,10.0031,0.2157,9.7874,0.1727,12.8096,3.3381,9.4715,0.2387,13898.1284,NA,NA,NA
ZoomTracks.exe,35460,0x253F08E0920,DXGI,0,512,1,Hardware: Independent Flip,13908.2671,NA,9.92300000000000,10.10320000000000,9.84860000000000,10.00590000000000,12.9541,13908.1315,9.9842,0.1356,9.8486,2.9792,7.1623,0.2960,6.8663,-0.1001,13908.1315,NA,NA,NA
ZoomTracks.exe,35460,0x253F08E0920,DXGI,0,512,1,Hardware: Independent Flip,13918.3130,NA,10.04590000000000,8.81800000000000,9.80990000000000,11.71970000000000,11.7262,13918.1157,10.0072,0.1973,9.8099,0.1573,11.7597,2.2217,9.5380,1.1662,13918.1157,NA,NA,NA
ZoomTracks.exe,35460,0x253F08E0920,DXGI,0,512,1,Hardware: Independent Flip,13928.2719,NA,9.95890000000000,11.09190000000000,9.86330000000000,10.11920000000000,12.8592,13928.1229,10.0123,0.1490,9.8633,1.9098,8.3584,0.4045,7.9539,-1.0847,13928.1229,NA,NA,NA
ZoomTracks.exe,35460,0x253F08E0920,DXGI,0,512,1,Hardware: Independent Flip,13938.4507,NA,10.17880000000000,9.16920000000000,9.67190000000000,11.84310000000000,11.8496,13938.1352,9.9874,0.3155,9.6719,0.2559,11.9027,2.5710,9.3317,0.8431,13938.1352,NA,NA,NA
ZoomTracks.exe,35460,0x253F08E0920,DXGI,0,512,1,Hardware: Independent Flip,13948.2820,NA,9.83130000000000,9.68160000000000,9.83430000000000,10.01200000000000,11.6999,13948.1226,9.9937,0.1594,9.8343,2.1712,8.0002,0.3102,7.6900,0.3058,13948.1226,NA,NA,NA
ZoomTracks.exe,35460,0x253F08E0920,DXGI,0,512,1,Hardware: Independent Flip,13958.3385,NA,10.05650000000000,11.19190000000000,9.79880000000000,12.82770000000000,12.8353,13958.1163,10.0210,0.2222,9.7988,0.1777,12.8722,3.4202,9.4520,-1.1982,13958.1163,NA,NA,NA
ZoomTracks.exe,35460,0x253F08E0920,DXGI,0,512,1,Hardware: Independent Flip,13968.2643,NA,9.92580000000000,8.57030000000000,9.85860000000000,10.03890000000000,11.4798,13968.1373,9.9856,0.1270,9.8586,3.0289,7.1370,0.2635,6.8735,1.4507,13968.1373,NA,NA,NA
ZoomTracks.exe,35460,0x253F08E0920,DXGI,0,512,1,Hardware: Independent Flip,13978.3451,NA,10.08080000000000,11.35000000000000,9.78100000000000,12.73420000000000,12.7490,13978.1229,10.0032,0.2222,9.7810,0.1803,12.7761,3.2719,9.5042,-1.3644,13978.1229,NA,NA,NA
ZoomTracks.exe,35460,0x253F08E0920,DXGI,0,512,1,Hardware: Independent Flip,13988.2616,NA,9.91650000000000,10.01060000000000,9.87630000000000,10.08180000000000,12.8431,13988.1261,10.0118,0.1355,9.8763,2.9532,7.2641,0.3074,6.9567,-0.0074,13988.1261,NA,NA,NA
ZoomTracks.exe,35460,0x253F08E0920,DXGI,0,512,1,Hardware: Independent Flip,13998.3556,NA,10.09400000000000,7.26490000000000,9.77400000000000,9.93810000000000,10.0140,13998.1379,9.9917,0.2177,9.7740,0.2055,9.9503,0.4546,9.4957,2.7469,13998.1379,NA,NA,NA
ZoomTracks.exe,35460,0x253F08E0920,DXGI,0,512,1,Hardware: Independent Flip,14008.3981,NA,10.04250000000000,12.99720000000000,9.73970000000000,9.90480000000000,12.9687,14008.1296,10.0082,0.2685,9.7397,0.1641,10.0092,0.6205,9.3887,-3.0055,14008.1296,NA,27.7530,27.7530
ZoomTracks.exe,35460,0x253F08E0920,DXGI,0,512,1,Hardware: Independent Flip,14018.3463,NA,9.94820000000000,7.06590000000000,9.78340000000000,10.02050000000000,10.0864,14018.1378,9.9919,0.2085,9.7834,0.1651,10.0639,0.6181,9.4458,2.9423,14018.1378,NA,NA,NA
ZoomTracks.exe,35460,0x253F08E0920,DXGI,0,512,1,Hardware: Independent Flip,14028.2747,NA,9.92840000000000,11.47170000000000,9.85040000000000,10.01820000000000,11.6297,14028.1297,9.9954,0.1450,9.8504,0.2371,9.9261,0.3672,9.5589,-1.4798,14028.1297,NA,NA,NA
ZoomTracks.exe,35460,0x253F08E0920,DXGI,0,512,1,Hardware: Independent Flip,14038.3381,NA,10.06340000000000,8.56200000000000,9.80150000000000,10.12080000000000,10.1283,14038.1251,10.0145,0.2130,9.8015,0.1678,10.1660,0.6510,9.5150,1.4334,14038.1251,NA,NA,NA
ZoomTracks.exe,35460,0x253F08E0920,DXGI,0,512,1,Hardware: Independent Flip,14048.3325,NA,9.99440000000000,10.50770000000000,9.80490000000000,9.97240000000000,10.6416,14048.1396,9.9978,0.1929,9.8049,0.3193,9.8460,0.3593,9.4867,-0.4932,14048.1396,NA,25.3458,25.3458
ZoomTracks.exe,35460,0x253F08E0920,DXGI,0,512,1,Hardware: Independent Flip,14058.3487,NA,10.01620000000000,9.73260000000000,9.76950000000000,9.95880000000000,10.3580,14058.1374,9.9808,0.2113,9.7695,0.1675,10.0026,0.5550,9.4476,0.2652,14058.1374,NA,NA,NA
ZoomTracks.exe,35460,0x253F08E0920,DXGI,0,512,1,Hardware: Independent Flip,14068.3501,NA,10.00140000000000,9.69510000000000,9.78080000000000,10.03320000000000,10.0517,14068.1182,10.0127,0.2319,9.7808,0.1893,10.0758,0.6111,9.4647,0.2857,14068.1182,NA,NA,NA
ZoomTracks.exe,35460,0x253F08E0920,DXGI,0,512,1,Hardware: Independent Flip,14078.4290,NA,10.07890000000000,10.29900000000000,9.68720000000000,9.89850000000000,10.2718,14078.1309,9.9853,0.2981,9.6872,0.2524,9.9442,0.5936,9.3506,-0.2863,14078.1309,NA,NA,NA
ZoomTracks.exe,35460,0x253F08E0920,DXGI,0,512,1,Hardware: Independent Flip,14088.2571,NA,9.82810000000000,9.70130000000000,9.86230000000000,10.12430000000000,10.1450,14088.1162,10.0032,0.1409,9.8623,0.2113,10.0539,0.5131,9.5408,0.2840,14088.1162,NA,NA,NA
ZoomTracks.exe,35460,0x253F08E0920,DXGI,0,512,1,Hardware: Independent Flip,14098.4286,NA,10.17150000000000,10.06160000000000,9.71560000000000,10.00810000000000,10.0351,14098.1194,10.0248,0.3092,9.7156,0.2620,10.0553,0.6995,9.3558,-0.0584,14098.1194,NA,25.8555,25.8555
ZoomTracks.exe,35460,0x253F08E0920,DXGI,0,512,1,Hardware: Independent Flip,14108.4729,NA,10.04430000000000,9.92720000000000,9.65290000000000,9.89590000000000,9.9180,14108.1442,9.9816,0.3287,9.6529,0.2925,9.9321,0.6484,9.2837,0.0976,14108.1442,NA,NA,NA
ZoomTracks.exe,35460,0x253F08E0920,DXGI,0,512,1,Hardware: Independent Flip,14118.3981,NA,9.92520000000000,10.03610000000000,9.72030000000000,10.02090000000000,10.0289,14118.1258,9.9926,0.2723,9.7203,0.2430,10.0502,0.6689,9.3813,-0.0545,14118.1258,NA,NA,NA
ZoomTracks.exe,35460,0x253F08E0920,DXGI,0,512,1,Hardware: Independent Flip,14128.2491,NA,9.85100000000000,9.97680000000000,9.89020000000000,10.14590000000000,10.1547,14128.1184,10.0209,0.1307,9.8902,0.3006,9.9760,0.4563,9.5197,0.0158,14128.1184,NA,NA,NA
ZoomTracks.exe,35460,0x253F08E0920,DXGI,0,512,1,Hardware: Independent Flip,14138.4106,NA,10.16150000000000,9.98060000000000,9.71490000000000,9.96570000000000,9.9738,14138.1393,9.9862,0.2713,9.7149,0.2557,9.9813,0.6406,9.3407,0.0403,14138.1393,NA,NA,NA
ZoomTracks.exe,35460,0x253F08E0920,DXGI,0,512,1,Hardware: Independent Flip,14148.3912,NA,9.98060000000000,10.03380000000000,9.74080000000000,9.91580000000000,10.0270,14148.1255,10.0065,0.2657,9.7408,0.2508,9.9307,0.5959,9.3348,-0.0476,14148.1255,NA,NA,NA
ZoomTracks.exe,35460,0x253F08E0920,DXGI,0,512,1,Hardware: Independent Flip,14158.3560,NA,9.96480000000000,10.00660000000000,9.75470000000000,10.05770000000000,10.0688,14158.1320,9.9787,0.2240,9.7547,0.1750,10.1067,0.6420,9.4647,-0.0001,14158.1320,NA,20.8159,20.8159
ZoomTracks.exe,35460,0x253F08E0920,DXGI,0,512,1,Hardware: Independent Flip,14168.4334,NA,10.07740000000000,9.99140000000000,9.68660000000000,9.88930000000000,9.9828,14168.1107,10.0093,0.3227,9.6866,0.3030,9.9090,0.6096,9.2994,-0.0127,14168.1107,NA,NA,NA
ZoomTracks.exe,35460,0x253F08E0920,DXGI,0,512,1,Hardware: Independent Flip,14178.4419,NA,10.00850000000000,9.97320000000000,9.68450000000000,9.92130000000000,9.9475,14178.1200,10.0064,0.3219,9.6845,0.2027,10.0405,0.6347,9.4058,0.0361,14178.1200,NA,NA,NA
ZoomTracks.exe,35460,0x253F08E0920,DXGI,0,512,1,Hardware: Independent Flip,14188.3963,NA,9.95440000000000,10.11910000000000,9.81000000000000,10.02280000000000,10.1122,14188.1264,10.0799,0.2699,9.8100,0.2368,10.0559,0.6898,9.3661,-0.1127,14188.1264,NA,NA,NA
ZoomTracks.exe,35460,0x253F08E0920,DXGI,0,512,1,Hardware: Independent Flip,14198.4712,NA,10.07490000000000,9.89610000000000,9.74070000000000,9.85930000000000,9.9334,14198.2063,10.0056,0.2649,9.7407,0.2128,9.9114,0.6890,9.2224,0.1838,14198.2063,NA,26.8009,26.8009
ZoomTracks.exe,35460,0x253F08E0920,DXGI,0,512,1,Hardware: Independent Flip,14208.5801,NA,10.10890000000000,10.16120000000000,9.66980000000000,9.95410000000000,9.9857,14208.2119,10.0380,0.3682,9.6698,0.1186,10.2037,0.8908,9.3129,-0.1556,14208.2119,NA,NA,NA
ZoomTracks.exe,35460,0x253F08E0920,DXGI,0,512,1,Hardware: Independent Flip,14218.6092,NA,10.02910000000000,10.19240000000000,9.62950000000000,9.94310000000000,10.1490,14218.2499,9.9888,0.3593,9.6295,0.2843,10.0181,0.7845,9.2336,-0.1544,14218.2499,NA,11.1600,11.1600
ZoomTracks.exe,35460,0x253F08E0920,DXGI,0,512,1,Hardware: Independent Flip,14228.5968,NA,9.98760000000000,10.76110000000000,9.63790000000000,10.91300000000000,10.9225,14228.2387,9.9960,0.3581,9.6379,0.3136,10.9575,1.7534,9.2041,-0.7723,14228.2387,NA,NA,NA
ZoomTracks.exe,35460,0x253F08E0920,DXGI,0,512,1,Hardware: Independent Flip,14238.4445,NA,9.84770000000000,9.33460000000000,9.72610000000000,9.93630000000000,10.4094,14238.2347,9.9359,0.2098,9.7261,1.2751,8.8710,0.5220,8.3490,0.6614,14238.2347,NA,NA,NA
ZoomTracks.exe,35460,0x253F08E0920,DXGI,0,512,1,Hardware: Independent Flip,14248.4388,NA,9.99430000000000,9.54270000000000,9.69650000000000,9.93210000000000,9.9578,14248.1706,9.9647,0.2682,9.6965,0.2102,9.9901,0.6489,9.3412,0.3932,14248.1706,NA,NA,NA
ZoomTracks.exe,35460,0x253F08E0920,DXGI,0,512,1,Hardware: Independent Flip,14258.4257,NA,9.98690000000000,10.51120000000000,9.69450000000000,9.92620000000000,10.4821,14258.1353,9.9849,0.2904,9.6945,0.2356,9.9810,0.6395,9.3415,-0.5465,14258.1353,NA,NA,NA
ZoomTracks.exe,35460,0x253F08E0920,DXGI,0,512,1,Hardware: Independent Flip,14268.4109,NA,9.98520000000000,9.48250000000000,9.74530000000000,9.95850000000000,9.9794,14268.1202,10.0360,0.2907,9.7453,0.2317,10.0175,0.6447,9.3728,0.5024,14268.1202,NA,25.7498,25.7498
ZoomTracks.exe,35460,0x253F08E0920,DXGI,0,512,1,Hardware: Independent Flip,14278.4170,NA,10.00610000000000,10.05100000000000,9.72630000000000,10.01500000000000,10.0243,14278.1562,9.9871,0.2608,9.7263,0.2132,10.0626,0.7380,9.3246,-0.0150,14278.1562,NA,NA,NA
ZoomTracks.exe,35460,0x253F08E0920,DXGI,0,512,1,Hardware: Independent Flip,14288.4485,NA,10.03150000000000,11.06780000000000,9.68230000000000,11.05390000000000,11.0606,14288.1433,9.9875,0.3052,9.6823,0.2887,11.0704,1.7727,9.2977,-1.0807,14288.1433,NA,NA,NA
ZoomTracks.exe,35460,0x253F08E0920,DXGI,0,512,1,Hardware: Independent Flip,14298.2690,NA,9.82050000000000,9.40780000000000,9.90620000000000,10.10680000000000,10.6479,14298.1308,10.0444,0.1382,9.9062,1.3716,8.8734,0.3204,8.5530,0.5797,14298.1308,NA,NA,NA
ZoomTracks.exe,35460,0x253F08E0920,DXGI,0,512,1,Hardware: Independent Flip,14308.4230,NA,10.15400000000000,10.27790000000000,9.70850000000000,10.76400000000000,10.7718,14308.1752,9.9563,0.2478,9.7085,0.2006,10.8112,1.4573,9.3539,-0.2335,14308.1752,NA,NA,NA
ZoomTracks.exe,35460,0x253F08E0920,DXGI,0,512,1,Hardware: Independent Flip,14318.2835,NA,9.86050000000000,10.11180000000000,9.86100000000000,10.04070000000000,11.0231,14318.1315,10.0130,0.1520,9.8610,1.0555,9.1372,0.3395,8.7977,-0.1555,14318.1315,NA,NA,NA
ZoomTracks.exe,35460,0x253F08E0920,DXGI,0,512,1,Hardware: Independent Flip,14328.3707,NA,10.08720000000000,9.10310000000000,9.78980000000000,10.01950000000000,10.0390,14328.1445,10.0160,0.2262,9.7898,0.1797,10.0660,0.7352,9.3308,0.9099,14328.1445,NA,20.8093,20.8093
ZoomTracks.exe,35460,0x253F08E0920,DXGI,0,512,1,Hardware: Independent Flip,14338.4376,NA,10.06690000000000,11.71380000000000,9.68950000000000,11.19420000000000,11.6859,14338.1605,9.9666,0.2771,9.6895,0.2297,11.2416,1.9135,9.3281,-1.6978,14338.1605,NA,NA,NA
ZoomTracks.exe,35460,0x253F08E0920,DXGI,0,512,1,Hardware: Independent Flip,14348.2738,NA,9.83620000000000,8.32470000000000,9.86450000000000,10.16420000000000,10.1744,14348.1271,10.0112,0.1467,9.8645,1.5047,8.8062,0.4812,8.3250,1.6419,14348.1271,NA,NA,NA
ZoomTracks.exe,35460,0x253F08E0920,DXGI,0,512,1,Hardware: Independent Flip,14358.4769,NA,10.20310000000000,11.21440000000000,9.65710000000000,11.17750000000000,11.1857,14358.1383,9.9957,0.3386,9.6571,0.2997,11.2164,1.9144,9.3020,-1.2032,14358.1383,NA,30.0371,30.0371
ZoomTracks.exe,35460,0x253F08E0920,DXGI,0,512,1,Hardware: Independent Flip,14368.2876,NA,9.81070000000000,9.98120000000000,9.84480000000000,10.05040000000000,11.3562,14368.1340,9.9984,0.1536,9.8448,1.5204,8.6836,0.2961,8.3875,0.0145,14368.1340,NA,NA,NA
ZoomTracks.exe,35460,0x253F08E0920,DXGI,0,512,1,Hardware: Independent Flip,14378.3713,NA,10.08370000000000,9.95500000000000,9.76550000000000,11.22080000000000,11.2275,14378.1324,10.0044,0.2389,9.7655,0.2056,11.2541,1.8240,9.4301,0.0434,14378.1324,NA,NA,NA
ZoomTracks.exe,35460,0x253F08E0920,DXGI,0,512,1,Hardware: Independent Flip,14388.2834,NA,9.91210000000000,10.61620000000000,9.85190000000000,10.01330000000000,11.9316,14388.1368,9.9985,0.1466,9.8519,1.4553,8.7046,0.3200,8.3846,-0.6118,14388.1368,NA,NA,NA
ZoomTracks.exe,35460,0x253F08E0920,DXGI,0,512,1,Hardware: Independent Flip,14398.3393,NA,10.05590000000000,9.40900000000000,9.78100000000000,11.27440000000000,11.2847,14398.1353,9.9850,0.2040,9.7810,0.1614,11.3170,1.8072,9.5098,0.5895,14398.1353,NA,NA,NA
ZoomTracks.exe,35460,0x253F08E0920,DXGI,0,512,1,Hardware: Independent Flip,14408.2762,NA,9.93690000000000,10.32740000000000,9.87700000000000,10.06170000000000,11.6752,14408.1203,10.0329,0.1559,9.8770,1.4934,8.7242,0.3719,8.3523,-0.3424,14408.1203,NA,22.3421,22.3421
ZoomTracks.exe,35460,0x253F08E0920,DXGI,0,512,1,Hardware: Independent Flip,14418.3865,NA,10.11030000000000,9.68550000000000,9.74040000000000,11.24300000000000,11.2504,14418.1532,9.9737,0.2333,9.7404,0.1847,11.2916,1.9198,9.3718,0.3474,14418.1532,NA,NA,NA
ZoomTracks.exe,35460,0x253F08E0920,DXGI,0,512,1,Hardware: Independent Flip,14428.2511,NA,9.86460000000000,9.82990000000000,9.87990000000000,10.07350000000000,11.2157,14428.1269,10.0041,0.1242,9.8799,1.5026,8.6951,0.2805,8.4146,0.1438,14428.1269,NA,NA,NA
ZoomTracks.exe,35460,0x253F08E0920,DXGI,0,512,1,Hardware: Independent Flip,14438.3480,NA,10.09690000000000,10.22160000000000,9.78110000000000,11.33270000000000,11.3404,14438.1310,9.9981,0.2170,9.7811,0.1936,11.3561,1.8739,9.4822,-0.2175,14438.1310,NA,26.0804,26.0804
ZoomTracks.exe,35460,0x253F08E0920,DXGI,0,512,1,Hardware: Independent Flip,14448.2719,NA,9.92390000000000,9.72700000000000,9.87450000000000,10.06990000000000,11.1435,14448.1291,10.0173,0.1428,9.8745,1.5516,8.6611,0.2891,8.3720,0.2711,14448.1291,NA,NA,NA
ZoomTracks.exe,35460,0x253F08E0920,DXGI,0,512,1,Hardware: Independent Flip,14458.3536,NA,10.08170000000000,10.25490000000000,9.77870000000000,11.30600000000000,11.3167,14458.1464,9.9859,0.2072,9.7787,0.1954,11.3178,1.8346,9.4832,-0.2376,14458.1464,NA,NA,NA
ZoomTracks.exe,35460,0x253F08E0920,DXGI,0,512,1,Hardware: Independent Flip,14468.2881,NA,9.93450000000000,10.02130000000000,9.83030000000000,10.05430000000000,11.4035,14468.1323,9.9861,0.1558,9.8303,1.5273,8.6828,0.3068,8.3760,-0.0354,14468.1323,NA,NA,NA
ZoomTracks.exe,35460,0x253F08E0920,DXGI,0,512,1,Hardware: Independent Flip,14478.2465,NA,9.95840000000000,9.93600000000000,9.88700000000000,11.37340000000000,11.3811,14478.1184,10.0151,0.1281,9.8870,0.2240,11.2775,1.6994,9.5781,0.0501,14478.1184,NA,NA,NA
ZoomTracks.exe,35460,0x253F08E0920,DXGI,0,512,1,Hardware: Independent Flip,14488.2816,NA,10.03510000000000,10.13090000000000,9.85210000000000,10.04320000000000,11.4769,14488.1335,10.0002,0.1481,9.8521,1.4864,8.7049,0.3473,8.3576,-0.1158,14488.1335,NA,NA,NA
ZoomTracks.exe,35460,0x253F08E0920,DXGI,0,512,1,Hardware: Independent Flip,14498.3584,NA,10.07680000000000,9.91440000000000,9.78260000000000,11.30600000000000,11.3145,14498.1337,10.0073,0.2247,9.7826,0.1911,11.3396,1.9096,9.4300,0.0858,14498.1337,NA,NA,NA
ZoomTracks.exe,35460,0x253F08E0920,DXGI,0,512,1,Hardware: Independent Flip,14508.2795,NA,9.92110000000000,10.00710000000000,9.84880000000000,10.01400000000000,11.4005,14508.1410,9.9873,0.1385,9.8488,1.5234,8.6291,0.2518,8.3773,0.0002,14508.1410,NA,21.0762,21.0762
ZoomTracks.exe,35460,0x253F08E0920,DXGI,0,512,1,Hardware: Independent Flip,14518.3182,NA,10.03870000000000,8.68840000000000,9.80030000000000,10.04120000000000,10.0502,14518.1283,9.9902,0.1899,9.8003,0.1652,10.0659,0.5475,9.5184,1.2989,14518.1283,NA,27.7762,27.7762
ZoomTracks.exe,35460,0x253F08E0920,DXGI,0,512,1,Hardware: Independent Flip,14528.3949,NA,10.07670000000000,11.30770000000000,9.72950000000000,9.95220000000000,11.2812,14528.1185,10.0059,0.2764,9.7295,0.2409,9.9877,0.6331,9.3546,-1.3175,14528.1185,NA,NA,NA
ZoomTracks.exe,35460,0x253F08E0920,DXGI,0,512,1,Hardware: Independent Flip,14538.2787,NA,9.88380000000000,9.98390000000000,9.84430000000000,11.37310000000000,11.3813,14538.1244,9.9986,0.1543,9.8443,0.2227,11.3047,1.7643,9.5404,0.0220,14538.1244,NA,NA,NA
ZoomTracks.exe,35460,0x253F08E0920,DXGI,0,512,1,Hardware: Independent Flip,14548.3285,NA,10.04980000000000,8.76110000000000,9.81080000000000,10.08310000000000,10.0926,14548.1230,10.0163,0.2055,9.8108,1.5288,8.7598,0.3690,8.3908,1.2375,14548.1230,NA,NA,NA
ZoomTracks.exe,35460,0x253F08E0920,DXGI,0,512,1,Hardware: Independent Flip,14558.2811,NA,9.95260000000000,11.28300000000000,9.84030000000000,11.41540000000000,11.4230,14558.1393,9.9821,0.1418,9.8403,0.2723,11.2849,1.7456,9.5393,-1.2667,14558.1393,NA,NA,NA
ZoomTracks.exe,35460,0x253F08E0920,DXGI,0,512,1,Hardware: Independent Flip,14568.2841,NA,10.00300000000000,9.25970000000000,9.83760000000000,10.05250000000000,10.6797,14568.1214,10.0003,0.1627,9.8376,1.5751,8.6401,0.2970,8.3431,0.7224,14568.1214,NA,NA,NA
ZoomTracks.exe,35460,0x253F08E0920,DXGI,0,512,1,Hardware: Independent Flip,14578.2584,NA,9.97430000000000,10.57650000000000,9.87180000000000,11.27450000000000,11.2819,14578.1217,10.0085,0.1367,9.8718,0.2149,11.1963,1.6142,9.5821,-0.5762,14578.1217,NA,23.9510,23.9510
ZoomTracks.exe,35460,0x253F08E0920,DXGI,0,512,1,Hardware: Independent Flip,14588.2701,NA,10.01170000000000,10.41450000000000,9.86090000000000,10.03710000000000,11.6847,14588.1302,10.0008,0.1399,9.8609,1.4027,8.7743,0.3298,8.4445,-0.4060,14588.1302,NA,NA,NA
ZoomTracks.exe,35460,0x253F08E0920,DXGI,0,512,1,Hardware: Independent Flip,14598.3328,NA,10.06270000000000,9.65450000000000,9.79110000000000,11.26890000000000,11.2765,14598.1310,9.9929,0.2018,9.7911,0.1762,11.2945,1.7967,9.4978,0.3463,14598.1310,NA,NA,NA
ZoomTracks.exe,35460,0x253F08E0920,DXGI,0,512,1,Hardware: Independent Flip,14608.2523,NA,9.91950000000000,10.44450000000000,9.89090000000000,10.05130000000000,11.8015,14608.1239,10.0193,0.1284,9.8909,1.4778,8.7019,0.3205,8.3814,-0.4516,14608.1239,NA,NA,NA
ZoomTracks.exe,35460,0x253F08E0920,DXGI,0,512,1,Hardware: Independent Flip,14618.3460,NA,10.09370000000000,9.65550000000000,9.79580000000000,11.35570000000000,11.3633,14618.1432,9.9986,0.2028,9.7958,0.1604,11.3981,1.8920,9.5061,0.3638,14618.1432,NA,NA,NA
ZoomTracks.exe,35460,0x253F08E0920,DXGI,0,512,1,Hardware: Independent Flip,14628.3029,NA,9.95690000000000,9.94140000000000,9.82090000000000,9.99900000000000,11.3478,14628.1418,9.9820,0.1611,9.8209,1.5599,8.6002,0.2614,8.3388,0.0572,14628.1418,NA,24.0425,24.0425
ZoomTracks.exe,35460,0x253F08E0920,DXGI,0,512,1,Hardware: Independent Flip,14638.3591,NA,10.05620000000000,9.98640000000000,9.77850000000000,11.26250000000000,11.2780,14638.1238,10.0138,0.2353,9.7785,0.1781,11.3197,1.8450,9.4747,-0.0044,14638.1238,NA,NA,NA
ZoomTracks.exe,35460,0x253F08E0920,DXGI,0,512,1,Hardware: Independent Flip,14648.2723,NA,9.91320000000000,9.88770000000000,9.84370000000000,10.03990000000000,11.2525,14648.1376,9.9784,0.1347,9.8437,1.4840,8.6906,0.3323,8.3583,0.1261,14648.1376,NA,NA,NA
ZoomTracks.exe,35460,0x253F08E0920,DXGI,0,512,1,Hardware: Independent Flip,14658.3228,NA,10.05050000000000,8.86720000000000,9.80130000000000,10.04550000000000,10.0692,14658.1160,10.0081,0.2068,9.8013,0.1962,10.0561,0.5615,9.4946,1.1112,14658.1160,NA,NA,NA
ZoomTracks.exe,35460,0x253F08E0920,DXGI,0,512,1,Hardware: Independent Flip,14668.3990,NA,10.07620000000000,11.22880000000000,9.74010000000000,9.96930000000000,11.2218,14668.1241,10.0150,0.2749,9.7401,0.2442,10.0000,0.5710,9.4290,-1.2207,14668.1241,NA,NA,NA
ZoomTracks.exe,35460,0x253F08E0920,DXGI,0,512,1,Hardware: Independent Flip,14678.4021,NA,10.00310000000000,9.98330000000000,9.75160000000000,11.19370000000000,11.2020,14678.1391,10.0146,0.2630,9.7516,0.2292,11.2275,1.8203,9.4072,0.0317,14678.1391,NA,NA,NA
ZoomTracks.exe,35460,0x253F08E0920,DXGI,0,512,1,Hardware: Independent Flip,14688.3050,NA,9.90290000000000,8.76900000000000,9.81730000000000,9.99280000000000,10.0681,14688.1537,9.9686,0.1513,9.8173,1.4421,8.7020,0.3182,8.3838,1.2456,14688.1537,NA,18.7805,18.7805
ZoomTracks.exe,35460,0x253F08E0920,DXGI,0,512,1,Hardware: Independent Flip,14698.3800,NA,10.07500000000000,11.22090000000000,9.74590000000000,11.20550000000000,11.2140,14698.1223,10.0036,0.2577,9.7459,0.1755,11.2877,1.8697,9.4180,-1.2523,14698.1223,NA,NA,NA
ZoomTracks.exe,35460,0x253F08E0920,DXGI,0,512,1,Hardware: Independent Flip,14708.2494,NA,9.86940000000000,9.43680000000000,9.88710000000000,10.09500000000000,10.7814,14708.1259,10.0106,0.1235,9.8871,1.4596,8.7589,0.3740,8.3849,0.5668,14708.1259,NA,NA,NA
ZoomTracks.exe,35460,0x253F08E0920,DXGI,0,512,1,Hardware: Independent Flip,14718.2641,NA,10.01470000000000,10.59370000000000,9.93170000000000,11.34690000000000,11.3604,14718.1365,10.0593,0.1276,9.9317,0.2079,11.2666,1.6964,9.5702,-0.5831,14718.1365,NA,NA,NA
ZoomTracks.exe,35460,0x253F08E0920,DXGI,0,512,1,Hardware: Independent Flip,14728.4112,NA,10.14710000000000,10.39640000000000,9.81710000000000,10.02350000000000,11.6097,14728.1958,10.0325,0.2154,9.8171,1.4152,8.8237,0.3706,8.4531,-0.3371,14728.1958,NA,NA,NA
ZoomTracks.exe,35460,0x253F08E0920,DXGI,0,512,1,Hardware: Independent Flip,14738.4940,NA,10.08280000000000,9.61200000000000,9.71980000000000,11.11990000000000,11.1389,14738.2283,9.9855,0.2657,9.7198,0.2064,11.1792,1.8799,9.2993,0.4205,14738.2283,NA,NA,NA
ZoomTracks.exe,35460,0x253F08E0920,DXGI,0,512,1,Hardware: Independent Flip,14748.4391,NA,9.94510000000000,10.40600000000000,9.73490000000000,9.90990000000000,11.5998,14748.2138,9.9602,0.2253,9.7349,1.4001,8.7351,0.3048,8.4303,-0.4205,14748.2138,NA,NA,NA
ZoomTracks.exe,35460,0x253F08E0920,DXGI,0,512,1,Hardware: Independent Flip,14758.4105,NA,9.97140000000000,9.50740000000000,9.72480000000000,11.12700000000000,11.1358,14758.1740,9.9613,0.2365,9.7248,0.1750,11.1885,1.8265,9.3620,0.4528,14758.1740,NA,20.9484,20.9484
ZoomTracks.exe,35460,0x253F08E0920,DXGI,0,512,1,Hardware: Independent Flip,14768.2922,NA,9.88170000000000,10.12130000000000,9.84260000000000,10.07330000000000,11.3754,14768.1353,9.9995,0.1569,9.8426,1.4022,8.8280,0.3242,8.5038,-0.1600,14768.1353,NA,NA,NA
ZoomTracks.exe,35460,0x253F08E0920,DXGI,0,512,1,Hardware: Independent Flip,14778.2785,NA,9.98630000000000,9.99710000000000,9.84640000000000,11.27810000000000,11.3862,14778.1348,9.9901,0.1437,9.8464,0.2307,11.1911,1.6398,9.5513,0.0024,14778.1348,NA,NA,NA
ZoomTracks.exe,35460,0x253F08E0920,DXGI,0,512,1,Hardware: Independent Flip,14788.3102,NA,10.03170000000000,9.67900000000000,9.81820000000000,10.05000000000000,11.0335,14788.1249,10.0035,0.1853,9.8182,1.4317,8.8036,0.4180,8.3856,0.3111,14788.1249,NA,26.7242,26.7242
ZoomTracks.exe,35460,0x253F08E0920,DXGI,0,512,1,Hardware: Independent Flip,14798.2667,NA,9.95650000000000,10.25470000000000,9.85580000000000,11.32440000000000,11.3317,14798.1284,9.9941,0.1383,9.8558,0.2318,11.2309,1.6716,9.5593,-0.2512,14798.1284,NA,NA,NA
ZoomTracks.exe,35460,0x253F08E0920,DXGI,0,512,1,Hardware: Independent Flip,14808.2564,NA,9.98970000000000,9.81020000000000,9.87540000000000,10.05190000000000,11.1522,14808.1225,10.0093,0.1339,9.8754,1.4686,8.7172,0.3300,8.3872,0.1839,14808.1225,NA,NA,NA
ZoomTracks.exe,35460,0x253F08E0920,DXGI,0,512,1,Hardware: Independent Flip,14818.3531,NA,10.09670000000000,10.22630000000000,9.77610000000000,11.27370000000000,11.2818,14818.1318,9.9974,0.2213,9.7761,0.1765,11.3185,1.8749,9.4436,-0.2170,14818.1318,NA,NA,NA
ZoomTracks.exe,35460,0x253F08E0920,DXGI,0,512,1,Hardware: Independent Flip,14828.2954,NA,9.94230000000000,10.00480000000000,9.81580000000000,10.02280000000000,11.3443,14828.1292,9.9820,0.1662,9.8158,1.4976,8.6914,0.2741,8.4173,-0.0074,14828.1292,NA,NA,NA
ZoomTracks.exe,35460,0x253F08E0920,DXGI,0,512,1,Hardware: Independent Flip,14838.3565,NA,10.06110000000000,9.93200000000000,9.76420000000000,11.20840000000000,11.2152,14838.1112,10.0095,0.2453,9.7642,0.2070,11.2467,1.7857,9.4610,0.0500,14838.1112,NA,NA,NA
ZoomTracks.exe,35460,0x253F08E0920,DXGI,0,512,1,Hardware: Independent Flip,14848.2773,NA,9.92080000000000,10.22470000000000,9.88370000000000,10.05440000000000,11.5191,14848.1207,10.0403,0.1566,9.8837,1.4442,8.7668,0.3408,8.4260,-0.2152,14848.1207,NA,NA,NA
ZoomTracks.exe,35460,0x253F08E0920,DXGI,0,512,1,Hardware: Independent Flip,14858.3774,NA,10.10010000000000,9.88140000000000,9.74570000000000,11.29280000000000,11.3004,14858.1610,9.9621,0.2164,9.7457,0.1707,11.3385,1.9774,9.3611,0.1589,14858.1610,NA,NA,NA
ZoomTracks.exe,35460,0x253F08E0920,DXGI,0,512,1,Hardware: Independent Flip,14868.2806,NA,9.90320000000000,9.97510000000000,9.84080000000000,10.06140000000000,11.3723,14868.1231,9.9983,0.1575,9.8408,1.5471,8.6718,0.3037,8.3681,-0.0130,14868.1231,NA,NA,NA
ZoomTracks.exe,35460,0x253F08E0920,DXGI,0,512,1,Hardware: Independent Flip,14878.2502,NA,9.96960000000000,10.00040000000000,9.87890000000000,11.39260000000000,11.4031,14878.1214,10.0077,0.1288,9.8789,0.2206,11.3008,1.7202,9.5806,-0.0021,14878.1214,NA,23.0682,23.0682
ZoomTracks.exe,35460,0x253F08E0920,DXGI,0,512,1,Hardware: Independent Flip,14888.2776,NA,10.02740000000000,9.98920000000000,9.84070000000000,10.08330000000000,11.3649,14888.1291,9.9892,0.1485,9.8407,1.5137,8.7181,0.3252,8.3929,0.0185,14888.1291,NA,NA,NA
ZoomTracks.exe,35460,0x253F08E0920,DXGI,0,512,1,Hardware: Independent Flip,14898.2456,NA,9.96800000000000,9.95830000000000,9.87810000000000,11.34710000000000,11.3552,14898.1183,10.0054,0.1273,9.8781,0.2426,11.2318,1.7089,9.5229,0.0309,14898.1183,NA,NA,NA
ZoomTracks.exe,35460,0x253F08E0920,DXGI,0,512,1,Hardware: Independent Flip,14908.2833,NA,10.03770000000000,10.02530000000000,9.85770000000000,10.05410000000000,11.3428,14908.1237,10.0173,0.1596,9.8577,1.4690,8.7447,0.3494,8.3953,-0.0199,14908.1237,NA,NA,NA
ZoomTracks.exe,35460,0x253F08E0920,DXGI,0,512,1,Hardware: Independent Flip,14918.3690,NA,10.08570000000000,9.99880000000000,9.74460000000000,11.24760000000000,11.2559,14918.1410,9.9726,0.2280,9.7446,0.1964,11.2792,1.8187,9.4605,0.0185,14918.1410,NA,NA,NA
ZoomTracks.exe,35460,0x253F08E0920,DXGI,0,512,1,Hardware: Independent Flip,14928.2519,NA,9.88290000000000,9.98910000000000,9.90490000000000,10.08890000000000,11.3621,14928.1136,10.0432,0.1383,9.9049,1.5030,8.7242,0.2915,8.4327,-0.0165,14928.1136,NA,NA,NA
ZoomTracks.exe,35460,0x253F08E0920,DXGI,0,512,1,Hardware: Independent Flip,14938.3891,NA,10.13720000000000,10.13670000000000,9.74410000000000,11.35380000000000,11.3616,14938.1568,9.9764,0.2323,9.7441,0.1840,11.4021,2.0300,9.3721,-0.0935,14938.1568,NA,NA,NA
ZoomTracks.exe,35460,0x253F08E0920,DXGI,0,512,1,Hardware: Independent Flip,14948.2989,NA,9.90980000000000,9.84570000000000,9.81570000000000,9.99600000000000,11.2975,14948.1332,9.9814,0.1657,9.8157,1.6097,8.5520,0.3097,8.2423,0.1307,14948.1332,NA,26.0156,26.0156
ZoomTracks.exe,35460,0x253F08E0920,DXGI,0,512,1,Hardware: Independent Flip,14958.3245,NA,10.02560000000000,10.04620000000000,9.83910000000000,11.31020000000000,11.3181,14958.1146,10.0490,0.2099,9.8391,0.1803,11.3398,1.8150,9.5248,-0.0648,14958.1146,NA,NA,NA
ZoomTracks.exe,35460,0x253F08E0920,DXGI,0,512,1,Hardware: Independent Flip,14968.3150,NA,9.99050000000000,10.11160000000000,9.90090000000000,10.01460000000000,11.4392,14968.1636,10.0523,0.1514,9.9009,1.4711,8.6949,0.2890,8.4059,-0.0626,14968.1636,NA,22.1400,22.1400
ZoomTracks.exe,35460,0x253F08E0920,DXGI,0,512,1,Hardware: Independent Flip,14978.4379,NA,10.12290000000000,9.87280000000000,9.67870000000000,11.18180000000000,11.1891,14978.2159,9.9007,0.2220,9.6787,0.1137,11.2901,1.8959,9.3942,0.1795,14978.2159,NA,NA,NA
ZoomTracks.exe,35460,0x253F08E0920,DXGI,0,512,1,Hardware: Independent Flip,14988.2724,NA,9.83450000000000,10.14090000000000,9.85840000000000,10.04910000000000,11.4955,14988.1166,10.0142,0.1558,9.8584,1.5031,8.7018,0.2934,8.4084,-0.2402,14988.1166,NA,NA,NA
ZoomTracks.exe,35460,0x253F08E0920,DXGI,0,512,1,Hardware: Independent Flip,14998.2568,NA,9.98440000000000,9.89370000000000,9.85620000000000,11.39690000000000,11.4048,14998.1308,9.9822,0.1260,9.8562,0.1907,11.3322,1.7598,9.5724,0.1205,14998.1308,NA,NA,NA
ZoomTracks.exe,35460,0x253F08E0920,DXGI,0,512,1,Hardware: Independent Flip,15008.2444,NA,9.98760000000000,9.96560000000000,9.89110000000000,10.08960000000000,11.3828,15008.1130,10.0225,0.1314,9.8911,1.5407,8.6803,0.3484,8.3319,0.0166,15008.1130,NA,NA,NA
ZoomTracks.exe,35460,0x253F08E0920,DXGI,0,512,1,Hardware: Independent Flip,15018.3478,NA,10.10340000000000,8.82900000000000,9.78280000000000,10.08510000000000,10.1084,15018.1355,9.9951,0.2123,9.7828,0.1985,10.0989,0.6202,9.4787,1.1935,15018.1355,NA,NA,NA
ZoomTracks.exe,35460,0x253F08E0920,DXGI,0,512,1,Hardware: Independent Flip,15028.4470,NA,10.09920000000000,11.12020000000000,9.67710000000000,9.84340000000000,11.1294,15028.1306,9.9935,0.3164,9.6771,0.3023,9.8575,0.5656,9.2919,-1.1251,15028.1306,NA,NA,NA
ZoomTracks.exe,35460,0x253F08E0920,DXGI,0,512,1,Hardware: Independent Flip,15038.3142,NA,9.86720000000000,9.99140000000000,9.82580000000000,11.24610000000000,11.2536,15038.1241,10.0159,0.1901,9.8258,0.1663,11.2699,1.7458,9.5241,0.0021,15038.1241,NA,NA,NA
ZoomTracks.exe,35460,0x253F08E0920,DXGI,0,512,1,Hardware: Independent Flip,15048.2918,NA,9.97760000000000,8.85870000000000,9.85240000000000,10.01370000000000,10.1347,15048.1400,10.0042,0.1518,9.8524,1.4203,8.7452,0.3147,8.4305,1.1572,15048.1400,NA,20.8067,20.8067
ZoomTracks.exe,35460,0x253F08E0920,DXGI,0,512,1,Hardware: Independent Flip,15058.3474,NA,10.05560000000000,11.21300000000000,9.78970000000000,11.28340000000000,11.2921,15058.1442,9.9929,0.2032,9.7897,0.1613,11.3253,1.8169,9.5084,-1.2088,15058.1442,NA,28.0438,28.0438
ZoomTracks.exe,35460,0x253F08E0920,DXGI,0,512,1,Hardware: Independent Flip,15068.2923,NA,9.94490000000000,9.39380000000000,9.84980000000000,10.04090000000000,10.7410,15068.1371,10.0050,0.1552,9.8498,1.4937,8.7024,0.2932,8.4092,0.5991,15068.1371,NA,NA,NA
ZoomTracks.exe,35460,0x253F08E0920,DXGI,0,512,1,Hardware: Independent Flip,15078.3795,NA,10.08720000000000,10.54400000000000,9.75090000000000,11.19090000000000,11.1978,15078.1421,9.9883,0.2374,9.7509,0.1911,11.2372,1.7898,9.4474,-0.5390,15078.1421,NA,NA,NA
ZoomTracks.exe,35460,0x253F08E0920,DXGI,0,512,1,Hardware: Independent Flip,15088.2682,NA,9.88870000000000,10.35610000000000,9.85960000000000,10.05320000000000,11.6652,15088.1304,9.9974,0.1378,9.8596,1.4400,8.7510,0.4108,8.3402,-0.3678,15088.1304,NA,NA,NA
ZoomTracks.exe,35460,0x253F08E0920,DXGI,0,512,1,Hardware: Independent Flip,15098.3355,NA,10.06730000000000,9.70760000000000,9.81180000000000,11.29770000000000,11.3055,15098.1278,10.0195,0.2077,9.8118,0.1936,11.3118,1.8143,9.4975,0.2898,15098.1278,NA,NA,NA
ZoomTracks.exe,35460,0x253F08E0920,DXGI,0,512,1,Hardware: Independent Flip,15108.3047,NA,9.96920000000000,10.43010000000000,9.83280000000000,10.06050000000000,11.7664,15108.1473,9.9902,0.1574,9.8328,1.4859,8.7320,0.3217,8.4103,-0.4106,15108.1473,NA,NA,NA
ZoomTracks.exe,35460,0x253F08E0920,DXGI,0,512,1,Hardware: Independent Flip,15118.2722,NA,9.96750000000000,8.36400000000000,9.87430000000000,10.14180000000000,10.1629,15118.1375,10.0090,0.1347,9.8743,0.2277,10.0488,0.4799,9.5689,1.6262,15118.1375,NA,NA,NA
ZoomTracks.exe,35460,0x253F08E0920,DXGI,0,512,1,Hardware: Independent Flip,15128.4627,NA,10.19050000000000,11.28830000000000,9.66460000000000,9.84450000000000,11.2607,15128.1465,9.9808,0.3162,9.6646,0.2675,9.8932,0.5807,9.3125,-1.2793,15128.1465,NA,21.1227,21.1227
ZoomTracks.exe,35460,0x253F08E0920,DXGI,0,512,1,Hardware: Independent Flip,15138.3537,NA,9.89100000000000,9.97120000000000,9.77360000000000,11.15740000000000,11.3409,15138.1273,10.0000,0.2264,9.7736,0.1799,11.2039,1.7492,9.4547,0.0096,15138.1273,NA,NA,NA
ZoomTracks.exe,35460,0x253F08E0920,DXGI,0,512,1,Hardware: Independent Flip,15148.2630,NA,9.90930000000000,8.64860000000000,9.84870000000000,10.06200000000000,10.0802,15148.1273,9.9844,0.1357,9.8487,1.3838,8.8139,0.4524,8.3615,1.3514,15148.1273,NA,NA,NA
ZoomTracks.exe,35460,0x253F08E0920,DXGI,0,512,1,Hardware: Independent Flip,15158.3700,NA,10.10700000000000,11.29870000000000,9.75260000000000,11.26380000000000,11.2719,15158.1117,10.0109,0.2583,9.7526,0.2133,11.3088,1.8968,9.4120,-1.3143,15158.1117,NA,24.0308,24.0308
ZoomTracks.exe,35460,0x253F08E0920,DXGI,0,512,1,Hardware: Independent Flip,15168.2600,NA,9.89000000000000,9.26660000000000,9.87160000000000,10.06050000000000,10.6485,15168.1226,10.0090,0.1374,9.8716,1.5112,8.6867,0.2730,8.4137,0.7443,15168.1226,NA,NA,NA
ZoomTracks.exe,35460,0x253F08E0920,DXGI,0,512,1,Hardware: Independent Flip,15178.3520,NA,10.09200000000000,9.47200000000000,9.77910000000000,10.00830000000000,10.0285,15178.1316,9.9995,0.2204,9.7791,0.1889,10.0398,0.5383,9.5015,0.5370,15178.1316,NA,NA,NA
ZoomTracks.exe,35460,0x253F08E0920,DXGI,0,512,1,Hardware: Independent Flip,15188.4009,NA,10.04890000000000,11.59010000000000,9.73350000000000,9.94170000000000,11.5697,15188.1311,10.0033,0.2698,9.7335,0.2292,9.9823,0.5960,9.3863,-1.5906,15188.1311,NA,NA,NA
ZoomTracks.exe,35460,0x253F08E0920,DXGI,0,512,1,Hardware: Independent Flip,15198.3871,NA,9.98620000000000,8.57160000000000,9.81030000000000,9.99990000000000,10.1551,15198.1344,10.0630,0.2527,9.8103,0.2082,10.0444,0.6399,9.4045,1.4317,15198.1344,NA,NA,NA
ZoomTracks.exe,35460,0x253F08E0920,DXGI,0,512,1,Hardware: Independent Flip,15208.5428,NA,10.15570000000000,10.38200000000000,9.68920000000000,9.84450000000000,10.3814,15208.1974,10.0346,0.3454,9.6892,0.1896,10.0003,0.7380,9.2623,-0.3190,15208.1974,NA,NA,NA
ZoomTracks.exe,35460,0x253F08E0920,DXGI,0,512,1,Hardware: Independent Flip,15218.5507,NA,10.00790000000000,10.00440000000000,9.68100000000000,9.83420000000000,10.3779,15218.2320,9.9997,0.3187,9.6810,0.1553,9.9976,0.7556,9.2420,0.0302,15218.2320,NA,NA,NA
ZoomTracks.exe,35460,0x253F08E0920,DXGI,0,512,1,Hardware: Independent Flip,15228.5721,NA,10.02140000000000,9.53110000000000,9.67380000000000,9.87300000000000,9.8876,15228.2317,10.0142,0.3404,9.6738,0.1532,10.0602,0.6810,9.3792,0.4686,15228.2317,NA,NA,NA
ZoomTracks.exe,35460,0x253F08E0920,DXGI,0,512,1,Hardware: Independent Flip,15238.6280,NA,10.05590000000000,10.21690000000000,9.54430000000000,9.73600000000000,10.0486,15238.2459,9.9264,0.3821,9.5443,0.1992,9.9189,0.7548,9.1641,-0.2027,15238.2459,NA,23.0733,23.0733
ZoomTracks.exe,35460,0x253F08E0920,DXGI,0,512,1,Hardware: Independent Flip,15248.4178,NA,9.78980000000000,9.75180000000000,9.73570000000000,9.98900000000000,10.0106,15248.1723,9.9812,0.2455,9.7357,0.1917,10.0428,0.7318,9.3110,0.1746,15248.1723,NA,NA,NA
ZoomTracks.exe,35460,0x253F08E0920,DXGI,0,512,1,Hardware: Independent Flip,15258.4593,NA,10.04150000000000,9.99410000000000,9.65690000000000,9.89640000000000,9.9632,15258.1535,9.9627,0.3058,9.6569,0.2533,9.9489,0.6304,9.3185,-0.0129,15258.1535,NA,24.8061,24.8061
ZoomTracks.exe,35460,0x253F08E0920,DXGI,0,512,1,Hardware: Independent Flip,15268.3887,NA,9.92940000000000,10.01710000000000,9.74880000000000,10.02760000000000,10.0509,15268.1162,10.0213,0.2725,9.7488,0.2395,10.0606,0.6887,9.3719,-0.0544,15268.1162,NA,NA,NA
ZoomTracks.exe,35460,0x253F08E0920,DXGI,0,512,1,Hardware: Independent Flip,15278.4464,NA,10.05770000000000,9.95970000000000,9.68010000000000,9.94500000000000,9.9529,15278.1375,9.9890,0.3089,9.6801,0.2788,9.9751,0.6496,9.3255,0.0616,15278.1375,NA,NA,NA
ZoomTracks.exe,35460,0x253F08E0920,DXGI,0,512,1,Hardware: Independent Flip,15288.2613,NA,9.81490000000000,9.97750000000000,9.87110000000000,10.09500000000000,10.1155,15288.1265,10.0059,0.1348,9.8711,0.2649,9.9649,0.4183,9.5466,0.0115,15288.1265,NA,NA,NA
ZoomTracks.exe,35460,0x253F08E0920,DXGI,0,512,1,Hardware: Independent Flip,15298.4045,NA,10.14320000000000,10.08490000000000,9.77960000000000,10.03140000000000,10.0572,15298.1324,10.0517,0.2721,9.7796,0.2239,10.0796,0.6786,9.4010,-0.0790,15298.1324,NA,NA,NA
ZoomTracks.exe,35460,0x253F08E0920,DXGI,0,512,1,Hardware: Independent Flip,15308.4953,NA,10.09080000000000,9.95530000000000,9.65870000000000,9.89670000000000,9.9217,15308.1841,9.9699,0.3112,9.6587,0.2518,9.9561,0.6464,9.3097,0.0964,15308.1841,NA,NA,NA
ZoomTracks.exe,35460,0x253F08E0920,DXGI,0,512,1,Hardware: Independent Flip,15318.4467,NA,9.95140000000000,9.97270000000000,9.68810000000000,9.92410000000000,9.9430,15318.1540,9.9808,0.2927,9.6881,0.2380,9.9788,0.6348,9.3440,-0.0028,15318.1540,NA,NA,NA
ZoomTracks.exe,35460,0x253F08E0920,DXGI,0,512,1,Hardware: Independent Flip,15328.4182,NA,9.97150000000000,10.07040000000000,9.70380000000000,9.92810000000000,10.0419,15328.1348,9.9872,0.2834,9.7038,0.2360,9.9755,0.6068,9.3687,-0.0896,15328.1348,NA,NA,NA
ZoomTracks.exe,35460,0x253F08E0920,DXGI,0,512,1,Hardware: Independent Flip,15338.3582,NA,9.94000000000000,9.91670000000000,9.76810000000000,9.99570000000000,10.0186,15338.1220,10.0043,0.2362,9.7681,0.2243,10.0076,0.5715,9.4361,0.0705,15338.1220,NA,27.7762,27.7762
ZoomTracks.exe,35460,0x253F08E0920,DXGI,0,512,1,Hardware: Independent Flip,15348.3838,NA,10.02560000000000,10.04920000000000,9.74120000000000,10.01690000000000,10.0422,15348.1263,9.9987,0.2575,9.7412,0.2276,10.0468,0.6753,9.3715,-0.0449,15348.1263,NA,20.8234,20.8234
ZoomTracks.exe,35460,0x253F08E0920,DXGI,0,512,1,Hardware: Independent Flip,15358.2437,NA,9.85990000000000,10.02400000000000,9.89960000000000,10.10220000000000,10.2063,15358.1250,10.0183,0.1187,9.8996,0.2757,9.9452,0.5896,9.3556,-0.0253,15358.1250,NA,NA,NA
ZoomTracks.exe,35460,0x253F08E0920,DXGI,0,512,1,Hardware: Independent Flip,15368.3963,NA,10.15260000000000,9.95680000000000,9.73280000000000,10.00230000000000,10.0105,15368.1433,9.9858,0.2530,9.7328,0.2026,10.0527,0.6664,9.3863,0.0615,15368.1433,NA,NA,NA
ZoomTracks.exe,35460,0x253F08E0920,DXGI,0,512,1,Hardware: Independent Flip,15378.4143,NA,10.01800000000000,9.95880000000000,9.71380000000000,9.93160000000000,9.9513,15378.1291,9.9990,0.2852,9.7138,0.2695,9.9473,0.6218,9.3255,0.0270,15378.1291,NA,NA,NA
ZoomTracks.exe,35460,0x253F08E0920,DXGI,0,512,1,Hardware: Independent Flip,15388.3933,NA,9.97900000000000,10.03630000000000,9.73570000000000,9.98580000000000,10.0086,15388.1281,10.0009,0.2652,9.7357,0.2178,10.0332,0.6569,9.3763,-0.0373,15388.1281,NA,NA,NA
ZoomTracks.exe,35460,0x253F08E0920,DXGI,0,512,1,Hardware: Independent Flip,15398.4088,NA,10.01550000000000,9.99430000000000,9.72610000000000,9.88320000000000,9.9874,15398.1290,10.0059,0.2798,9.7261,0.2501,9.9129,0.5673,9.3456,0.0066,15398.1290,NA,NA,NA
ZoomTracks.exe,35460,0x253F08E0920,DXGI,0,512,1,Hardware: Independent Flip,15408.3337,NA,9.92490000000000,10.01660000000000,9.81780000000000,10.05790000000000,10.0791,15408.1349,10.0166,0.1988,9.8178,0.1571,10.0996,0.5610,9.5386,-0.0107,15408.1349,NA,NA,NA
ZoomTracks.exe,35460,0x253F08E0920,DXGI,0,512,1,Hardware: Independent Flip,15418.4200,NA,10.08630000000000,10.05810000000000,9.71910000000000,9.94100000000000,10.0509,15418.1515,9.9876,0.2685,9.7191,0.2401,9.9694,0.6056,9.3638,-0.0415,15418.1515,NA,28.8779,28.8779
ZoomTracks.exe,35460,0x253F08E0920,DXGI,0,512,1,Hardware: Independent Flip,15428.2791,NA,9.85910000000000,9.96310000000000,9.86590000000000,10.13260000000000,10.1549,15428.1391,10.0059,0.1400,9.8659,0.2219,10.0507,0.5379,9.5128,0.0245,15428.1391,NA,NA,NA
ZoomTracks.exe,35460,0x253F08E0920,DXGI,0,512,1,Hardware: Independent Flip,15438.4411,NA,10.16200000000000,9.95930000000000,9.68110000000000,9.93210000000000,9.9522,15438.1450,9.9772,0.2961,9.6811,0.2667,9.9615,0.6371,9.3244,0.0466,15438.1450,NA,27.7820,27.7820
ZoomTracks.exe,35460,0x253F08E0920,DXGI,0,512,1,Hardware: Independent Flip,15448.4201,NA,9.97900000000000,10.01980000000000,9.70370000000000,9.98590000000000,9.9930,15448.1222,10.0016,0.2979,9.7037,0.2510,10.0328,0.6733,9.3595,-0.0426,15448.1222,NA,NA,NA
ZoomTracks.exe,35460,0x253F08E0920,DXGI,0,512,1,Hardware: Independent Flip,15458.2802,NA,9.86010000000000,9.96770000000000,9.84900000000000,10.01470000000000,10.1006,15458.1238,10.0054,0.1564,9.8490,0.2822,9.8889,0.3450,9.5439,0.0339,15458.1238,NA,NA,NA
ZoomTracks.exe,35460,0x253F08E0920,DXGI,0,512,1,Hardware: Independent Flip,15468.3375,NA,10.05730000000000,9.98830000000000,9.79510000000000,10.01060000000000,10.0316,15468.1292,10.0034,0.2083,9.7951,0.1657,10.0532,0.5777,9.4755,0.0171,15468.1292,NA,NA,NA
ZoomTracks.exe,35460,0x253F08E0920,DXGI,0,512,1,Hardware: Independent Flip,15478.3947,NA,10.05720000000000,10.07620000000000,9.74240000000000,9.94740000000000,10.0506,15478.1326,10.0045,0.2621,9.7424,0.2155,9.9940,0.6117,9.3823,-0.0728,15478.1326,NA,NA,NA
ZoomTracks.exe,35460,0x253F08E0920,DXGI,0,512,1,Hardware: Independent Flip,15488.3679,NA,9.97320000000000,9.92710000000000,9.74660000000000,9.98220000000000,10.0045,15488.1371,9.9774,0.2308,9.7466,0.2050,10.0080,0.5443,9.4637,0.0774,15488.1371,NA,NA,NA
ZoomTracks.exe,35460,0x253F08E0920,DXGI,0,512,1,Hardware: Independent Flip,15498.3788,NA,10.01090000000000,10.06570000000000,9.75610000000000,10.03000000000000,10.0593,15498.1145,10.0204,0.2643,9.7561,0.2356,10.0587,0.6135,9.4452,-0.0883,15498.1145,NA,NA,NA
ZoomTracks.exe,35460,0x253F08E0920,DXGI,0,512,1,Hardware: Independent Flip,15508.4665,NA,10.08770000000000,9.98390000000000,9.66070000000000,9.94770000000000,9.9555,15508.1349,9.9923,0.3316,9.6607,0.2739,10.0054,0.6997,9.3057,0.0365,15508.1349,NA,16.8057,16.8057
ZoomTracks.exe,35460,0x253F08E0920,DXGI,0,512,1,Hardware: Independent Flip,15518.2576,NA,9.79110000000000,9.97930000000000,9.87020000000000,10.13700000000000,10.1437,15518.1272,10.0006,0.1304,9.8702,0.2870,9.9804,0.4469,9.5335,0.0130,15518.1272,NA,NA,NA
ZoomTracks.exe,35460,0x253F08E0920,DXGI,0,512,1,Hardware: Independent Flip,15528.2751,NA,10.01750000000000,10.05570000000000,9.86940000000000,10.08170000000000,10.1819,15528.1278,10.0167,0.1473,9.8694,0.2668,9.9622,0.4017,9.5605,-0.0551,15528.1278,NA,NA,NA
ZoomTracks.exe,35460,0x253F08E0920,DXGI,0,512,1,Hardware: Independent Flip,15538.4017,NA,10.12660000000000,9.97930000000000,9.73670000000000,10.02700000000000,10.0346,15538.1445,9.9939,0.2572,9.7367,0.2123,10.0719,0.7166,9.3553,0.0374,15538.1445,NA,24.8246,24.8246
ZoomTracks.exe,35460,0x253F08E0920,DXGI,0,512,1,Hardware: Independent Flip,15548.4662,NA,10.06450000000000,9.93970000000000,9.65830000000000,9.88710000000000,9.9098,15548.1384,9.9861,0.3278,9.6583,0.2903,9.9246,0.6148,9.3098,0.0542,15548.1384,NA,NA,NA
ZoomTracks.exe,35460,0x253F08E0920,DXGI,0,512,1,Hardware: Independent Flip,15558.4032,NA,9.93700000000000,9.99650000000000,9.71890000000000,9.94750000000000,9.9693,15558.1245,9.9976,0.2787,9.7189,0.2288,9.9974,0.6250,9.3724,-0.0104,15558.1245,NA,NA,NA
ZoomTracks.exe,35460,0x253F08E0920,DXGI,0,512,1,Hardware: Independent Flip,15568.4047,NA,10.00150000000000,10.10400000000000,9.71870000000000,9.96810000000000,10.0718,15568.1221,10.0013,0.2826,9.7187,0.2286,10.0221,0.6435,9.3786,-0.1064,15568.1221,NA,NA,NA
ZoomTracks.exe,35460,0x253F08E0920,DXGI,0,512,1,Hardware: Independent Flip,15578.3847,NA,9.98000000000000,9.89160000000000,9.73810000000000,9.96380000000000,9.9834,15578.1234,9.9994,0.2613,9.7381,0.2494,9.9757,0.6479,9.3278,0.1097,15578.1234,NA,NA,NA
ZoomTracks.exe,35460,0x253F08E0920,DXGI,0,512,1,Hardware: Independent Flip,15588.3942,NA,10.00950000000000,10.06860000000000,9.73420000000000,10.03430000000000,10.0425,15588.1228,10.0056,0.2714,9.7342,0.2257,10.0800,0.7059,9.3741,-0.0692,15588.1228,NA,NA,NA
ZoomTracks.exe,35460,0x253F08E0920,DXGI,0,512,1,Hardware: Independent Flip,15598.2698,NA,9.87560000000000,10.11960000000000,9.87680000000000,10.16040000000000,10.2865,15598.1284,10.0182,0.1414,9.8768,0.3001,10.0017,0.4543,9.5474,-0.1140,15598.1284,NA,NA,NA
ZoomTracks.exe,35460,0x253F08E0920,DXGI,0,512,1,Hardware: Independent Flip,15608.3096,NA,10.03980000000000,9.80740000000000,9.81620000000000,10.03410000000000,10.0541,15608.1466,9.9792,0.1630,9.8162,0.2836,9.9135,0.4200,9.4935,0.2108,15608.1466,NA,19.7710,19.7710
ZoomTracks.exe,35460,0x253F08E0920,DXGI,0,512,1,Hardware: Independent Flip,15618.3920,NA,10.08240000000000,10.07600000000000,9.74530000000000,10.03910000000000,10.0477,15618.1258,10.0115,0.2662,9.7453,0.2179,10.0874,0.6851,9.4023,-0.0968,15618.1258,NA,NA,NA
ZoomTracks.exe,35460,0x253F08E0920,DXGI,0,512,1,Hardware: Independent Flip,15628.4477,NA,10.05570000000000,10.01550000000000,9.68410000000000,9.88820000000000,10.0075,15628.1373,9.9945,0.3104,9.6841,0.2938,9.9048,0.5916,9.3132,-0.0040,15628.1373,NA,NA,NA
ZoomTracks.exe,35460,0x253F08E0920,DXGI,0,512,1,Hardware: Independent Flip,15638.3845,NA,9.93680000000000,9.98460000000000,9.74930000000000,10.04520000000000,10.0553,15638.1318,10.0020,0.2527,9.7493,0.2041,10.0938,0.6996,9.3942,0.0099,15638.1318,NA,NA,NA
ZoomTracks.exe,35460,0x253F08E0920,DXGI,0,512,1,Hardware: Independent Flip,15648.4615,NA,10.07700000000000,10.08760000000000,9.68990000000000,9.90420000000000,10.0659,15648.1338,10.0176,0.3277,9.6899,0.2959,9.9360,0.6385,9.2975,-0.0856,15648.1338,NA,NA,NA
ZoomTracks.exe,35460,0x253F08E0920,DXGI,0,512,1,Hardware: Independent Flip,15658.3921,NA,9.93060000000000,9.85750000000000,9.73770000000000,9.96670000000000,9.9928,15658.1514,9.9784,0.2407,9.7377,0.2143,9.9931,0.6513,9.3418,0.1601,15658.1514,NA,NA,NA
ZoomTracks.exe,35460,0x253F08E0920,DXGI,0,512,1,Hardware: Independent Flip,15668.3921,NA,10.00000000000000,10.06580000000000,9.73780000000000,9.92780000000000,10.0586,15668.1298,10.0001,0.2623,9.7378,0.2290,9.9611,0.6069,9.3542,-0.0874,15668.1298,NA,NA,NA
ZoomTracks.exe,35460,0x253F08E0920,DXGI,0,512,1,Hardware: Independent Flip,15678.3470,NA,9.95490000000000,9.95920000000000,9.80630000000000,9.98060000000000,10.0629,15678.1299,10.0234,0.2171,9.8063,0.1900,10.0077,0.5239,9.4838,0.0409,15678.1299,NA,NA,NA
ZoomTracks.exe,35460,0x253F08E0920,DXGI,0,512,1,Hardware: Independent Flip,15688.3589,NA,10.01190000000000,10.02510000000000,9.81010000000000,10.05410000000000,10.0761,15688.1533,10.0157,0.2056,9.8101,0.1743,10.0854,0.7532,9.3322,-0.0017,15688.1533,NA,NA,NA
ZoomTracks.exe,35460,0x253F08E0920,DXGI,0,512,1,Hardware: Independent Flip,15698.4665,NA,10.10760000000000,10.00150000000000,9.67510000000000,9.87460000000000,9.9700,15698.1690,9.9726,0.2975,9.6751,0.2440,9.9281,0.6113,9.3168,0.0142,15698.1690,NA,12.8192,12.8192
ZoomTracks.exe,35460,0x253F08E0920,DXGI,0,512,1,Hardware: Independent Flip,15708.3695,NA,9.90300000000000,9.95830000000000,9.78370000000000,10.00490000000000,10.0253,15708.1416,10.0116,0.2279,9.7837,0.1995,10.0333,0.6488,9.3845,0.0143,15708.1416,NA,NA,NA
ZoomTracks.exe,35460,0x253F08E0920,DXGI,0,512,1,Hardware: Independent Flip,15718.4231,NA,10.05360000000000,9.99470000000000,9.70060000000000,9.94030000000000,9.9664,15718.1532,9.9705,0.2699,9.7006,0.2212,9.9890,0.6412,9.3478,0.0169,15718.1532,NA,NA,NA
ZoomTracks.exe,35460,0x253F08E0920,DXGI,0,512,1,Hardware: Independent Flip,15728.4190,NA,9.99590000000000,10.04150000000000,9.75810000000000,10.00340000000000,10.0120,15728.1237,10.0534,0.2953,9.7581,0.2397,10.0590,0.6688,9.3902,-0.0710,15728.1237,NA,NA,NA
ZoomTracks.exe,35460,0x253F08E0920,DXGI,0,512,1,Hardware: Independent Flip,15738.4642,NA,10.04520000000000,10.04440000000000,9.69580000000000,9.91130000000000,10.0112,15738.1771,9.9829,0.2871,9.6958,0.2453,9.9531,0.6167,9.3364,0.0090,15738.1771,NA,NA,NA
ZoomTracks.exe,35460,0x253F08E0920,DXGI,0,512,1,Hardware: Independent Flip,15748.4155,NA,9.95130000000000,9.88480000000000,9.71110000000000,9.92320000000000,9.9447,15748.1600,9.9666,0.2555,9.7111,0.2155,9.9632,0.5139,9.4493,0.0981,15748.1600,NA,NA,NA
ZoomTracks.exe,35460,0x253F08E0920,DXGI,0,512,1,Hardware: Independent Flip,15758.3894,NA,9.97390000000000,10.05720000000000,9.74330000000000,10.00190000000000,10.0280,15758.1266,10.0061,0.2628,9.7433,0.2121,10.0526,0.6648,9.3878,-0.0906,15758.1266,NA,NA,NA
ZoomTracks.exe,35460,0x253F08E0920,DXGI,0,512,1,Hardware: Independent Flip,15768.4170,NA,10.02760000000000,9.98190000000000,9.71080000000000,9.97230000000000,9.9823,15768.1327,9.9951,0.2843,9.7108,0.2586,9.9980,0.6406,9.3574,0.0242,15768.1327,NA,NA,NA
ZoomTracks.exe,35460,0x253F08E0920,DXGI,0,512,1,Hardware: Independent Flip,15778.4069,NA,9.98990000000000,9.96380000000000,9.71920000000000,9.93580000000000,9.9562,15778.1278,9.9983,0.2791,9.7192,0.2615,9.9534,0.6243,9.3291,0.0313,15778.1278,NA,NA,NA
ZoomTracks.exe,35460,0x253F08E0920,DXGI,0,512,1,Hardware: Independent Flip,15788.3902,NA,9.98330000000000,10.08420000000000,9.73300000000000,9.94490000000000,10.0571,15788.1261,9.9971,0.2641,9.7330,0.2166,9.9924,0.6145,9.3779,-0.0859,15788.1261,NA,NA,NA
ZoomTracks.exe,35460,0x253F08E0920,DXGI,0,512,1,Hardware: Independent Flip,15798.3470,NA,9.95680000000000,9.92980000000000,9.79220000000000,10.01110000000000,10.0301,15798.1232,10.0160,0.2238,9.7922,0.2119,10.0230,0.5821,9.4409,0.0673,15798.1232,NA,NA,NA
ZoomTracks.exe,35460,0x253F08E0920,DXGI,0,512,1,Hardware: Independent Flip,15808.4055,NA,10.05850000000000,9.98420000000000,9.71720000000000,9.93740000000000,9.9558,15808.1392,9.9835,0.2663,9.7172,0.2189,9.9848,0.6170,9.3678,0.0318,15808.1392,NA,21.7520,21.7520
ZoomTracks.exe,35460,0x253F08E0920,DXGI,0,512,1,Hardware: Independent Flip,15818.3874,NA,9.98190000000000,10.15150000000000,9.73650000000000,9.96170000000000,10.1254,15818.1227,10.0012,0.2647,9.7365,0.2202,10.0062,0.6151,9.3911,-0.1680,15818.1227,NA,27.9204,27.9204
ZoomTracks.exe,35460,0x253F08E0920,DXGI,0,512,1,Hardware: Independent Flip,15828.3615,NA,9.97410000000000,9.87670000000000,9.77930000000000,10.00700000000000,10.0280,15828.1239,10.0169,0.2376,9.7793,0.2252,10.0194,0.5252,9.4942,0.1245,15828.1239,NA,NA,NA
ZoomTracks.exe,35460,0x253F08E0920,DXGI,0,512,1,Hardware: Independent Flip,15838.4176,NA,10.05610000000000,12.74700000000000,9.73450000000000,12.71070000000000,12.7189,15838.1408,10.0113,0.2768,9.7345,0.2277,12.7598,3.3913,9.3685,-2.7301,15838.1408,NA,NA,NA
ZoomTracks.exe,35460,0x253F08E0920,DXGI,0,512,1,Hardware: Independent Flip,15848.3166,NA,9.89900000000000,7.24220000000000,9.82780000000000,9.98710000000000,10.0621,15848.1521,9.9923,0.1645,9.8278,2.9762,7.1754,0.2568,6.9186,2.7691,15848.1521,NA,NA,NA
ZoomTracks.exe,35460,0x253F08E0920,DXGI,0,512,1,Hardware: Independent Flip,15858.4087,NA,10.09210000000000,12.70660000000000,9.72930000000000,12.66740000000000,12.6766,15858.1444,9.9936,0.2643,9.7293,0.1593,12.7724,3.3969,9.3755,-2.7143,15858.1444,NA,NA,NA
ZoomTracks.exe,35460,0x253F08E0920,DXGI,0,512,1,Hardware: Independent Flip,15868.2833,NA,9.87460000000000,9.54150000000000,9.87720000000000,10.04860000000000,12.3435,15868.1380,10.0225,0.1453,9.8772,2.9381,7.2558,0.2718,6.9840,0.4521,15868.1380,NA,NA,NA
ZoomTracks.exe,35460,0x253F08E0920,DXGI,0,512,1,Hardware: Independent Flip,15878.3761,NA,10.09280000000000,10.49820000000000,9.74210000000000,12.73680000000000,12.7489,15878.1605,9.9577,0.2156,9.7421,0.1714,12.7810,3.3512,9.4298,-0.4757,15878.1605,NA,NA,NA
ZoomTracks.exe,35460,0x253F08E0920,DXGI,0,512,1,Hardware: Independent Flip,15888.2786,NA,9.90250000000000,10.28980000000000,9.88670000000000,10.07620000000000,13.1362,15888.1182,10.0471,0.1604,9.8867,2.9947,7.2419,0.2775,6.9644,-0.3321,15888.1182,NA,NA,NA
ZoomTracks.exe,35460,0x253F08E0920,DXGI,0,512,1,Hardware: Independent Flip,15898.3993,NA,10.12070000000000,9.69190000000000,9.74000000000000,12.69920000000000,12.7074,15898.1653,9.9740,0.2340,9.7400,0.1895,12.7437,3.3186,9.4251,0.3552,15898.1653,NA,20.4877,20.4877
ZoomTracks.exe,35460,0x253F08E0920,DXGI,0,512,1,Hardware: Independent Flip,15908.3112,NA,9.91190000000000,10.25020000000000,9.81820000000000,9.99660000000000,13.0457,15908.1393,9.9901,0.1719,9.8182,2.9592,7.2093,0.2702,6.9391,-0.2762,15908.1393,NA,NA,NA
ZoomTracks.exe,35460,0x253F08E0920,DXGI,0,512,1,Hardware: Independent Flip,15918.3518,NA,10.04060000000000,8.68860000000000,9.77060000000000,11.68490000000000,11.6937,15918.1294,9.9930,0.2224,9.7706,0.1784,11.7289,2.2675,9.4614,1.3015,15918.1294,NA,26.4453,26.4453
ZoomTracks.exe,35460,0x253F08E0920,DXGI,0,512,1,Hardware: Independent Flip,15928.2740,NA,9.92220000000000,11.44240000000000,9.86630000000000,10.14560000000000,13.2139,15928.1224,10.0179,0.1516,9.8663,1.9143,8.3829,0.3779,8.0050,-1.4494,15928.1224,NA,NA,NA
ZoomTracks.exe,35460,0x253F08E0920,DXGI,0,512,1,Hardware: Independent Flip,15938.3026,NA,10.02860000000000,9.57980000000000,9.83550000000000,12.75740000000000,12.7651,15938.1403,9.9978,0.1623,9.8355,0.2793,12.6404,3.3185,9.3219,0.4381,15938.1403,NA,NA,NA
ZoomTracks.exe,35460,0x253F08E0920,DXGI,0,512,1,Hardware: Independent Flip,15948.3033,NA,10.00070000000000,8.94210000000000,9.82630000000000,9.97840000000000,11.7065,15948.1381,9.9915,0.1652,9.8263,2.9219,7.2217,0.3162,6.9055,1.0557,15948.1381,NA,NA,NA
ZoomTracks.exe,35460,0x253F08E0920,DXGI,0,512,1,Hardware: Independent Flip,15958.3254,NA,10.02210000000000,11.08790000000000,9.83450000000000,12.76440000000000,12.7723,15958.1296,10.0303,0.1958,9.8345,0.1521,12.8081,3.3064,9.5017,-1.0964,15958.1296,NA,NA,NA
ZoomTracks.exe,35460,0x253F08E0920,DXGI,0,512,1,Hardware: Independent Flip,15968.3204,NA,9.99500000000000,9.32110000000000,9.81950000000000,10.03260000000000,12.0984,15968.1599,9.9800,0.1605,9.8195,2.9299,7.2632,0.3046,6.9586,0.7092,15968.1599,NA,NA,NA
ZoomTracks.exe,35460,0x253F08E0920,DXGI,0,512,1,Hardware: Independent Flip,15978.3892,NA,10.06880000000000,10.64950000000000,9.74430000000000,12.67220000000000,12.6791,15978.1399,9.9936,0.2493,9.7443,0.2131,12.7084,3.2666,9.4418,-0.6695,15978.1399,NA,NA,NA
ZoomTracks.exe,35460,0x253F08E0920,DXGI,0,512,1,Hardware: Independent Flip,15988.2982,NA,9.90900000000000,10.22770000000000,9.84450000000000,10.04110000000000,12.9978,15988.1335,10.0092,0.1647,9.8445,2.9279,7.2779,0.3551,6.9228,-0.2341,15988.1335,NA,NA,NA
ZoomTracks.exe,35460,0x253F08E0920,DXGI,0,512,1,Hardware: Independent Flip,15998.3892,NA,10.09100000000000,9.80060000000000,9.75110000000000,12.69740000000000,12.7074,15998.1427,9.9976,0.2465,9.7511,0.1966,12.7473,3.3605,9.3868,0.2086,15998.1427,NA,23.4840,23.4840
ZoomTracks.exe,35460,0x253F08E0920,DXGI,0,512,1,Hardware: Independent Flip,16008.2869,NA,9.89770000000000,10.26610000000000,9.85380000000000,10.02780000000000,13.0758,16008.1403,10.0004,0.1466,9.8538,2.9463,7.2281,0.2628,6.9653,-0.2685,16008.1403,NA,22.7744,22.7744
ZoomTracks.exe,35460,0x253F08E0920,DXGI,0,512,1,Hardware: Independent Flip,16018.3579,NA,10.07100000000000,7.03260000000000,9.77360000000000,10.03000000000000,10.0374,16018.1407,9.9908,0.2172,9.7736,0.1740,10.0732,0.6109,9.4623,2.9678,16018.1407,NA,NA,NA
ZoomTracks.exe,35460,0x253F08E0920,DXGI,0,512,1,Hardware: Independent Flip,16028.4019,NA,10.04400000000000,16.42850000000000,9.72500000000000,13.48310000000000,16.4219,16028.1315,9.9954,0.2704,9.7250,0.2564,13.4971,4.1547,9.3424,-6.4377,16028.1315,NA,NA,NA
ZoomTracks.exe,35460,0x253F08E0920,DXGI,0,512,1,Hardware: Independent Flip,16038.2762,NA,9.87430000000000,4.77020000000000,9.83800000000000,11.21950000000000,11.3178,16038.1269,9.9873,0.1493,9.8380,3.7581,7.6107,1.5379,6.0728,5.2252,16038.1269,NA,NA,NA
ZoomTracks.exe,35460,0x253F08E0920,DXGI,0,512,1,Hardware: Independent Flip,16048.2606,NA,9.98440000000000,8.76600000000000,9.86950000000000,10.07980000000000,10.0994,16048.1142,10.0159,0.1464,9.8695,1.3815,8.8447,0.3871,8.4576,1.2213,16048.1142,NA,NA,NA
ZoomTracks.exe,35460,0x253F08E0920,DXGI,0,512,1,Hardware: Independent Flip,16058.3889,NA,10.12830000000000,13.21180000000000,9.73470000000000,12.63310000000000,13.1829,16058.1301,9.9935,0.2588,9.7347,0.2103,12.6816,3.3010,9.3806,-3.1959,16058.1301,NA,NA,NA
ZoomTracks.exe,35460,0x253F08E0920,DXGI,0,512,1,Hardware: Independent Flip,16068.2769,NA,9.88800000000000,6.84010000000000,9.83800000000000,10.05430000000000,10.1350,16068.1236,9.9913,0.1533,9.8380,2.8984,7.3092,0.3712,6.9380,3.1534,16068.1236,NA,NA,NA
ZoomTracks.exe,35460,0x253F08E0920,DXGI,0,512,1,Hardware: Independent Flip,16078.2741,NA,9.99720000000000,12.61640000000000,9.85730000000000,12.74650000000000,12.7542,16078.1149,10.0165,0.1592,9.8573,0.2163,12.6894,3.1265,9.5629,-2.6251,16078.1149,NA,NA,NA
ZoomTracks.exe,35460,0x253F08E0920,DXGI,0,512,1,Hardware: Independent Flip,16088.2722,NA,9.99810000000000,7.36280000000000,9.87460000000000,10.04440000000000,10.1189,16088.1314,10.0154,0.1408,9.8746,2.8892,7.2960,0.3499,6.9461,2.6537,16088.1314,NA,NA,NA
ZoomTracks.exe,35460,0x253F08E0920,DXGI,0,512,1,Hardware: Independent Flip,16098.4040,NA,10.13180000000000,12.72890000000000,9.74300000000000,12.70690000000000,12.7160,16098.1468,10.0002,0.2572,9.7430,0.1698,12.7943,3.4384,9.3559,-2.7135,16098.1468,NA,NA,NA
ZoomTracks.exe,35460,0x253F08E0920,DXGI,0,512,1,Hardware: Independent Flip,16108.3281,NA,9.92410000000000,9.03160000000000,9.80030000000000,10.00010000000000,11.8235,16108.1470,9.9814,0.1811,9.8003,2.9639,7.2173,0.2911,6.9262,0.9686,16108.1470,NA,23.5696,23.5696
ZoomTracks.exe,35460,0x253F08E0920,DXGI,0,512,1,Hardware: Independent Flip,16118.3536,NA,10.02550000000000,9.90250000000000,9.76570000000000,11.68990000000000,11.7005,16118.1284,9.9909,0.2252,9.7657,0.1998,11.7153,2.2861,9.4292,0.0789,16118.1284,NA,NA,NA
ZoomTracks.exe,35460,0x253F08E0920,DXGI,0,512,1,Hardware: Independent Flip,16128.3276,NA,9.97400000000000,11.39050000000000,9.79450000000000,10.06630000000000,13.1170,16128.1193,10.0028,0.2083,9.7945,1.9242,8.3504,0.3617,7.9887,-1.3996,16128.1193,NA,NA,NA
ZoomTracks.exe,35460,0x253F08E0920,DXGI,0,512,1,Hardware: Independent Flip,16138.4239,NA,10.09630000000000,6.90830000000000,9.70530000000000,9.88290000000000,9.9290,16138.1221,10.0071,0.3018,9.7053,0.2718,9.9129,0.5884,9.3245,3.0945,16138.1221,NA,NA,NA
ZoomTracks.exe,35460,0x253F08E0920,DXGI,0,512,1,Hardware: Independent Flip,16148.3813,NA,9.95740000000000,12.37370000000000,9.73270000000000,9.89900000000000,12.3453,16148.1292,9.9848,0.2521,9.7327,0.1776,9.9735,0.4842,9.4893,-2.3666,16148.1292,NA,NA,NA
ZoomTracks.exe,35460,0x253F08E0920,DXGI,0,512,1,Hardware: Independent Flip,16158.3201,NA,9.93880000000000,7.68800000000000,9.79680000000000,10.03060000000000,10.0945,16158.1140,10.0029,0.2061,9.7968,0.1663,10.0704,0.5438,9.5266,2.2968,16158.1140,NA,NA,NA
ZoomTracks.exe,35460,0x253F08E0920,DXGI,0,512,1,Hardware: Independent Flip,16168.2770,NA,9.95690000000000,11.06470000000000,9.89450000000000,10.08990000000000,11.2023,16168.1169,10.0546,0.1601,9.8945,0.2338,10.0162,0.4854,9.5308,-1.0618,16168.1169,NA,NA,NA
ZoomTracks.exe,35460,0x253F08E0920,DXGI,0,512,1,Hardware: Independent Flip,16178.4181,NA,10.14110000000000,8.90620000000000,9.73010000000000,9.94690000000000,9.9674,16178.1715,9.9767,0.2466,9.7301,0.1954,9.9981,0.6755,9.3226,1.1484,16178.1715,NA,NA,NA
ZoomTracks.exe,35460,0x253F08E0920,DXGI,0,512,1,Hardware: Independent Flip,16188.4144,NA,9.99630000000000,10.02840000000000,9.73190000000000,9.97990000000000,9.9995,16188.1482,9.9981,0.2662,9.7319,0.2168,10.0293,0.6732,9.3561,-0.0517,16188.1482,NA,16.8241,16.8241
ZoomTracks.exe,35460,0x253F08E0920,DXGI,0,512,1,Hardware: Independent Flip,16198.4441,NA,10.02970000000000,10.71120000000000,9.70020000000000,10.08670000000000,10.6810,16198.1463,9.9980,0.2978,9.7002,0.2480,10.1365,0.7911,9.3454,-0.7131,16198.1463,NA,NA,NA
ZoomTracks.exe,35460,0x253F08E0920,DXGI,0,512,1,Hardware: Independent Flip,16208.3128,NA,9.86870000000000,9.24980000000000,9.82110000000000,10.04290000000000,10.0621,16208.1443,9.9896,0.1685,9.8211,0.3865,9.8249,0.4267,9.3982,0.7482,16208.1443,NA,26.7740,26.7740
ZoomTracks.exe,35460,0x253F08E0920,DXGI,0,512,1,Hardware: Independent Flip,16218.4051,NA,10.09230000000000,10.09200000000000,9.73020000000000,10.05340000000000,10.0618,16218.1339,10.0014,0.2712,9.7302,0.2218,10.1028,0.7188,9.3840,-0.1024,16218.1339,NA,NA,NA
ZoomTracks.exe,35460,0x253F08E0920,DXGI,0,512,1,Hardware: Independent Flip,16228.2760,NA,9.87090000000000,10.03400000000000,9.85410000000000,9.99900000000000,10.2249,16228.1353,9.9948,0.1407,9.8541,0.3232,9.8165,0.3077,9.5088,-0.0326,16228.1353,NA,NA,NA
ZoomTracks.exe,35460,0x253F08E0920,DXGI,0,512,1,Hardware: Independent Flip,16238.3147,NA,10.03870000000000,9.89940000000000,9.79280000000000,10.07530000000000,10.0856,16238.1301,9.9774,0.1846,9.7928,0.1449,10.1150,0.6113,9.5037,0.0954,16238.1301,NA,NA,NA
ZoomTracks.exe,35460,0x253F08E0920,DXGI,0,512,1,Hardware: Independent Flip,16248.4014,NA,10.08670000000000,10.16350000000000,9.72230000000000,9.89370000000000,10.1624,16248.1075,10.0162,0.2939,9.7223,0.2825,9.9051,0.5127,9.3924,-0.1861,16248.1075,NA,NA,NA
ZoomTracks.exe,35460,0x253F08E0920,DXGI,0,512,1,Hardware: Independent Flip,16258.3384,NA,9.93700000000000,9.83630000000000,9.79480000000000,10.05420000000000,10.0617,16258.1237,10.0095,0.2147,9.7948,0.1714,10.0975,0.5858,9.5117,0.1799,16258.1237,NA,NA,NA
ZoomTracks.exe,35460,0x253F08E0920,DXGI,0,512,1,Hardware: Independent Flip,16268.2603,NA,9.92190000000000,10.07990000000000,9.86920000000000,10.09270000000000,10.2197,16268.1332,9.9963,0.1271,9.8692,0.2594,9.9604,0.4038,9.5566,-0.0704,16268.1332,NA,NA,NA
ZoomTracks.exe,35460,0x253F08E0920,DXGI,0,512,1,Hardware: Independent Flip,16278.2998,NA,10.03950000000000,9.94120000000000,9.83270000000000,10.04920000000000,10.1214,16278.1295,10.0030,0.1703,9.8327,0.2235,9.9960,0.5253,9.4707,0.0551,16278.1295,NA,NA,NA
ZoomTracks.exe,35460,0x253F08E0920,DXGI,0,512,1,Hardware: Independent Flip,16288.3607,NA,10.06090000000000,10.02980000000000,9.78400000000000,10.08220000000000,10.0903,16288.1325,10.0122,0.2282,9.7840,0.2165,10.0939,0.6166,9.4773,-0.0268,16288.1325,NA,NA,NA
ZoomTracks.exe,35460,0x253F08E0920,DXGI,0,512,1,Hardware: Independent Flip,16298.2827,NA,9.92200000000000,10.24750000000000,9.90910000000000,10.30650000000000,10.4158,16298.1447,10.0471,0.1380,9.9091,0.2982,10.1463,0.6093,9.5370,-0.2353,16298.1447,NA,25.0602,25.0602
ZoomTracks.exe,35460,0x253F08E0920,DXGI,0,512,1,Hardware: Independent Flip,16308.6386,NA,10.35590000000000,9.74490000000000,9.50720000000000,9.78290000000000,9.8048,16308.1918,9.9540,0.4468,9.5072,0.3974,9.8323,0.7815,9.0508,0.3022,16308.1918,NA,NA,NA
ZoomTracks.exe,35460,0x253F08E0920,DXGI,0,512,1,Hardware: Independent Flip,16318.4705,NA,9.83190000000000,9.92460000000000,9.64860000000000,9.87800000000000,9.8975,16318.1458,9.9733,0.3247,9.6486,0.2757,9.9270,0.6163,9.3107,0.0294,16318.1458,NA,20.7683,20.7683
ZoomTracks.exe,35460,0x253F08E0920,DXGI,0,512,1,Hardware: Independent Flip,16328.4336,NA,9.96310000000000,10.19540000000000,9.68450000000000,9.88970000000000,10.1298,16328.1191,9.9990,0.3145,9.6845,0.2294,9.9748,0.5966,9.3782,-0.2221,16328.1191,NA,NA,NA
ZoomTracks.exe,35460,0x253F08E0920,DXGI,0,512,1,Hardware: Independent Flip,16338.2699,NA,9.83630000000000,10.00410000000000,9.86730000000000,10.29070000000000,10.2976,16338.1181,10.0191,0.1518,9.8673,0.2052,10.2373,0.7397,9.4976,-0.0051,16338.1181,NA,NA,NA
ZoomTracks.exe,35460,0x253F08E0920,DXGI,0,512,1,Hardware: Independent Flip,16348.2730,NA,10.00310000000000,9.84690000000000,9.85800000000000,10.03500000000000,10.1414,16348.1372,9.9938,0.1358,9.8580,0.4234,9.7474,0.3317,9.4157,0.1722,16348.1372,NA,NA,NA
ZoomTracks.exe,35460,0x253F08E0920,DXGI,0,512,1,Hardware: Independent Flip,16358.3514,NA,10.07840000000000,9.96210000000000,9.77580000000000,10.00650000000000,10.0251,16358.1310,9.9962,0.2204,9.7758,0.1770,10.0499,0.5454,9.5045,0.0317,16358.1310,NA,NA,NA
ZoomTracks.exe,35460,0x253F08E0920,DXGI,0,512,1,Hardware: Independent Flip,16368.4043,NA,10.05290000000000,10.14040000000000,9.72460000000000,9.91980000000000,10.1126,16368.1272,10.0017,0.2771,9.7246,0.2307,9.9662,0.5560,9.4102,-0.1442,16368.1272,NA,NA,NA
ZoomTracks.exe,35460,0x253F08E0920,DXGI,0,512,1,Hardware: Independent Flip,16378.3633,NA,9.95900000000000,10.02750000000000,9.75620000000000,10.17360000000000,10.1811,16378.1289,9.9906,0.2344,9.7562,0.1952,10.2128,0.7812,9.4316,-0.0258,16378.1289,NA,21.9282,21.9282
ZoomTracks.exe,35460,0x253F08E0920,DXGI,0,512,1,Hardware: Independent Flip,16388.2824,NA,9.91910000000000,9.89700000000000,9.84320000000000,10.05160000000000,10.1590,16388.1195,10.0061,0.1629,9.8432,0.4174,9.7971,0.3514,9.4457,0.0936,16388.1195,NA,NA,NA
ZoomTracks.exe,35460,0x253F08E0920,DXGI,0,512,1,Hardware: Independent Flip,16398.2653,NA,9.98290000000000,9.97640000000000,9.87290000000000,10.14590000000000,10.1525,16398.1256,10.0126,0.1397,9.8729,0.2084,10.0772,0.5293,9.5479,0.0297,16398.1256,NA,NA,NA
ZoomTracks.exe,35460,0x253F08E0920,DXGI,0,512,1,Hardware: Independent Flip,16408.2820,NA,10.01670000000000,10.09670000000000,9.86150000000000,10.04730000000000,10.2325,16408.1382,10.0053,0.1438,9.8615,0.2730,9.9181,0.3595,9.5586,-0.0841,16408.1382,NA,NA,NA
ZoomTracks.exe,35460,0x253F08E0920,DXGI,0,512,1,Hardware: Independent Flip,16418.3735,NA,10.09150000000000,9.87020000000000,9.76290000000000,10.00380000000000,10.0112,16418.1435,9.9929,0.2300,9.7629,0.1858,10.0480,0.6133,9.4347,0.1351,16418.1435,NA,29.7805,29.7805
ZoomTracks.exe,35460,0x253F08E0920,DXGI,0,512,1,Hardware: Independent Flip,16428.3930,NA,10.01950000000000,10.07670000000000,9.73930000000000,9.93860000000000,10.0684,16428.1364,9.9959,0.2566,9.7393,0.2409,9.9543,0.5394,9.4149,-0.0838,16428.1364,NA,NA,NA
ZoomTracks.exe,35460,0x253F08E0920,DXGI,0,512,1,Hardware: Independent Flip,16438.3642,NA,9.97120000000000,9.97650000000000,9.75360000000000,10.06570000000000,10.0737,16438.1323,9.9855,0.2319,9.7536,0.1993,10.0983,0.6590,9.4393,0.0194,16438.1323,NA,NA,NA
ZoomTracks.exe,35460,0x253F08E0920,DXGI,0,512,1,Hardware: Independent Flip,16448.2854,NA,9.92120000000000,9.96720000000000,9.85150000000000,10.11370000000000,10.1197,16448.1178,10.0191,0.1676,9.8515,0.3121,9.9692,0.4149,9.5543,0.0183,16448.1178,NA,NA,NA
ZoomTracks.exe,35460,0x253F08E0920,DXGI,0,512,1,Hardware: Independent Flip,16458.2709,NA,9.98550000000000,10.01190000000000,9.86080000000000,10.13320000000000,10.1461,16458.1369,9.9948,0.1340,9.8608,0.2622,10.0050,0.4611,9.5439,0.0072,16458.1369,NA,NA,NA
ZoomTracks.exe,35460,0x253F08E0920,DXGI,0,512,1,Hardware: Independent Flip,16468.4268,NA,10.15590000000000,10.03010000000000,9.70910000000000,9.98960000000000,10.0203,16468.1317,10.0042,0.2951,9.7091,0.2724,10.0123,0.7165,9.2958,-0.0353,16468.1317,NA,NA,NA
ZoomTracks.exe,35460,0x253F08E0920,DXGI,0,512,1,Hardware: Independent Flip,16478.4545,NA,10.02770000000000,9.93820000000000,9.69030000000000,9.90810000000000,9.9308,16478.1359,10.0089,0.3186,9.6903,0.2805,9.9462,0.6267,9.3195,0.0660,16478.1359,NA,26.7645,26.7645
ZoomTracks.exe,35460,0x253F08E0920,DXGI,0,512,1,Hardware: Independent Flip,16488.4137,NA,9.95920000000000,10.06070000000000,9.71500000000000,10.02390000000000,10.0323,16488.1448,9.9839,0.2689,9.7150,0.2178,10.0750,0.7422,9.3328,-0.0518,16488.1448,NA,NA,NA
ZoomTracks.exe,35460,0x253F08E0920,DXGI,0,512,1,Hardware: Independent Flip,16498.2676,NA,9.85390000000000,9.98730000000000,9.86050000000000,10.06370000000000,10.1657,16498.1287,9.9994,0.1389,9.8605,0.3089,9.8937,0.3528,9.5409,-0.0034,16498.1287,NA,NA,NA
ZoomTracks.exe,35460,0x253F08E0920,DXGI,0,512,1,Hardware: Independent Flip,16508.2589,NA,9.99130000000000,9.97670000000000,9.87310000000000,10.14260000000000,10.1511,16508.1281,10.0039,0.1308,9.8731,0.2032,10.0702,0.5093,9.5609,0.0227,16508.1281,NA,22.8121,22.8121
ZoomTracks.exe,35460,0x253F08E0920,DXGI,0,512,1,Hardware: Independent Flip,16518.4413,NA,10.18240000000000,10.03520000000000,9.69740000000000,9.90630000000000,10.0039,16518.1320,10.0067,0.3093,9.6974,0.2695,9.9461,0.6115,9.3346,-0.0313,16518.1320,NA,NA,NA
ZoomTracks.exe,35460,0x253F08E0920,DXGI,0,512,1,Hardware: Independent Flip,16528.4431,NA,10.00180000000000,9.93260000000000,9.68000000000000,9.92740000000000,9.9347,16528.1387,9.9844,0.3044,9.6800,0.2089,10.0229,0.6869,9.3360,0.0741,16528.1387,NA,NA,NA
ZoomTracks.exe,35460,0x253F08E0920,DXGI,0,512,1,Hardware: Independent Flip,16538.4047,NA,9.96160000000000,10.01740000000000,9.72440000000000,9.98420000000000,9.9905,16538.1231,10.0060,0.2816,9.7244,0.2474,10.0184,0.6474,9.3710,-0.0330,16538.1231,NA,NA,NA
ZoomTracks.exe,35460,0x253F08E0920,DXGI,0,512,1,Hardware: Independent Flip,16548.2578,NA,9.85310000000000,9.97480000000000,9.86750000000000,10.09380000000000,10.1122,16548.1291,9.9962,0.1287,9.8675,0.2598,9.9627,0.4000,9.5627,0.0312,16548.1291,NA,NA,NA
ZoomTracks.exe,35460,0x253F08E0920,DXGI,0,512,1,Hardware: Independent Flip,16558.3983,NA,10.14050000000000,10.04020000000000,9.74280000000000,9.98720000000000,10.0119,16558.1253,10.0158,0.2730,9.7428,0.2263,10.0339,0.6496,9.3843,-0.0440,16558.1253,NA,NA,NA
ZoomTracks.exe,35460,0x253F08E0920,DXGI,0,512,1,Hardware: Independent Flip,16568.4180,NA,10.01970000000000,9.99650000000000,9.70720000000000,9.96060000000000,9.9887,16568.1411,9.9841,0.2769,9.7072,0.2444,9.9931,0.6194,9.3737,0.0193,16568.1411,NA,21.7988,21.7988
ZoomTracks.exe,35460,0x253F08E0920,DXGI,0,512,1,Hardware: Independent Flip,16578.4339,NA,10.01590000000000,10.16110000000000,9.75210000000000,10.12460000000000,10.1339,16578.1252,10.0608,0.3087,9.7521,0.2534,10.1799,0.8196,9.3603,-0.1770,16578.1252,NA,NA,NA
ZoomTracks.exe,35460,0x253F08E0920,DXGI,0,512,1,Hardware: Independent Flip,16588.3609,NA,9.92700000000000,9.84300000000000,9.77480000000000,9.97610000000000,10.0499,16588.1860,9.9497,0.1749,9.7748,0.3725,9.7785,0.3675,9.4110,0.2178,16588.1860,NA,NA,NA
ZoomTracks.exe,35460,0x253F08E0920,DXGI,0,512,1,Hardware: Independent Flip,16598.4392,NA,10.07830000000000,9.94300000000000,9.70230000000000,9.89520000000000,9.9146,16598.1357,10.0058,0.3035,9.7023,0.2013,9.9974,0.5968,9.4006,0.0067,16598.1357,NA,25.7429,25.7429
ZoomTracks.exe,35460,0x253F08E0920,DXGI,0,512,1,Hardware: Independent Flip,16608.4613,NA,10.02210000000000,10.21490000000000,9.67100000000000,9.86450000000000,10.1074,16608.1415,9.9908,0.3198,9.6710,0.1929,9.9914,0.6317,9.3597,-0.2091,16608.1415,NA,NA,NA
ZoomTracks.exe,35460,0x253F08E0920,DXGI,0,512,1,Hardware: Independent Flip,16618.3813,NA,9.92000000000000,9.85180000000000,9.74980000000000,10.01900000000000,10.0392,16618.1323,9.9988,0.2490,9.7498,0.1935,10.0745,0.6667,9.4078,0.1390,16618.1323,NA,NA,NA
ZoomTracks.exe,35460,0x253F08E0920,DXGI,0,512,1,Hardware: Independent Flip,16628.4482,NA,10.06690000000000,10.03290000000000,9.67860000000000,9.89020000000000,10.0052,16628.1311,9.9957,0.3171,9.6786,0.2692,9.9381,0.6689,9.2692,-0.0341,16628.1311,NA,NA,NA
ZoomTracks.exe,35460,0x253F08E0920,DXGI,0,512,1,Hardware: Independent Flip,16638.2571,NA,9.80890000000000,9.92600000000000,9.85760000000000,10.11380000000000,10.1223,16638.1268,9.9879,0.1303,9.8576,0.2116,10.0325,0.5471,9.4854,0.0697,16638.1268,NA,NA,NA
ZoomTracks.exe,35460,0x253F08E0920,DXGI,0,512,1,Hardware: Independent Flip,16648.4061,NA,10.14900000000000,10.00580000000000,9.72800000000000,9.97040000000000,9.9791,16648.1147,10.0194,0.2914,9.7280,0.2562,10.0056,0.5823,9.4233,-0.0179,16648.1147,NA,NA,NA
ZoomTracks.exe,35460,0x253F08E0920,DXGI,0,512,1,Hardware: Independent Flip,16658.4127,NA,10.00660000000000,10.06790000000000,9.71800000000000,9.93880000000000,10.0404,16658.1341,9.9966,0.2786,9.7180,0.2424,9.9750,0.6223,9.3527,-0.0485,16658.1341,NA,13.8284,13.8284
ZoomTracks.exe,35460,0x253F08E0920,DXGI,0,512,1,Hardware: Independent Flip,16668.3012,NA,9.88850000000000,9.89850000000000,9.81770000000000,10.03310000000000,10.0504,16668.1307,9.9882,0.1705,9.8177,0.2208,9.9828,0.4482,9.5346,0.0981,16668.1307,NA,NA,NA
ZoomTracks.exe,35460,0x253F08E0920,DXGI,0,512,1,Hardware: Independent Flip,16678.3781,NA,10.07690000000000,10.04960000000000,9.74170000000000,10.01510000000000,10.0231,16678.1189,10.0009,0.2592,9.7417,0.2154,10.0589,0.6599,9.3990,-0.0614,16678.1189,NA,24.7967,24.7967
ZoomTracks.exe,35460,0x253F08E0920,DXGI,0,512,1,Hardware: Independent Flip,16688.4421,NA,10.06400000000000,9.99440000000000,9.68440000000000,9.88550000000000,9.9535,16688.1198,10.0067,0.3223,9.6844,0.2734,9.9344,0.5913,9.3431,0.0065,16688.1198,NA,NA,NA
ZoomTracks.exe,35460,0x253F08E0920,DXGI,0,512,1,Hardware: Independent Flip,16698.2734,NA,9.83130000000000,10.01490000000000,9.85850000000000,10.10010000000000,10.1371,16698.1265,10.0054,0.1469,9.8585,0.2011,10.0459,0.5433,9.5026,-0.0082,16698.1265,NA,NA,NA
ZoomTracks.exe,35460,0x253F08E0920,DXGI,0,512,1,Hardware: Independent Flip,16708.4312,NA,10.15780000000000,10.07950000000000,9.72370000000000,9.95520000000000,10.0588,16708.1319,10.0230,0.2993,9.7237,0.2416,10.0129,0.7024,9.3105,-0.0741,16708.1319,NA,NA,NA
ZoomTracks.exe,35460,0x253F08E0920,DXGI,0,512,1,Hardware: Independent Flip,16718.4339,NA,10.00270000000000,9.95120000000000,9.74890000000000,9.98720000000000,10.0073,16718.1549,10.0279,0.2790,9.7489,0.2315,10.0347,0.7069,9.3278,0.0718,16718.1549,NA,NA,NA
ZoomTracks.exe,35460,0x253F08E0920,DXGI,0,512,1,Hardware: Independent Flip,16728.4546,NA,10.02070000000000,9.97780000000000,9.69160000000000,9.94540000000000,9.9644,16728.1828,9.9634,0.2718,9.6916,0.2383,9.9789,0.6677,9.3112,0.0501,16728.1828,NA,NA,NA
ZoomTracks.exe,35460,0x253F08E0920,DXGI,0,512,1,Hardware: Independent Flip,16738.4485,NA,9.99390000000000,10.12870000000000,9.67840000000000,10.08920000000000,10.0992,16738.1462,9.9807,0.3023,9.6784,0.2538,10.1377,0.8000,9.3377,-0.1653,16738.1462,NA,NA,NA
ZoomTracks.exe,35460,0x253F08E0920,DXGI,0,512,1,Hardware: Independent Flip,16748.2780,NA,9.82950000000000,9.80930000000000,9.84630000000000,10.06080000000000,10.0790,16748.1269,9.9974,0.1511,9.8463,0.4108,9.8011,0.3623,9.4388,0.1714,16748.1269,NA,NA,NA
ZoomTracks.exe,35460,0x253F08E0920,DXGI,0,512,1,Hardware: Independent Flip,16758.3861,NA,10.10810000000000,10.09120000000000,9.75010000000000,10.04170000000000,10.0621,16758.1243,10.0119,0.2618,9.7501,0.2145,10.0890,0.6962,9.3928,-0.0938,16758.1243,NA,21.8375,21.8375
ZoomTracks.exe,35460,0x253F08E0920,DXGI,0,512,1,Hardware: Independent Flip,16768.4750,NA,10.08890000000000,10.08170000000000,9.65570000000000,9.85210000000000,10.0549,16768.1362,9.9945,0.3388,9.6557,0.2916,9.8993,0.5861,9.3132,-0.0698,16768.1362,NA,25.9274,25.9274
ZoomTracks.exe,35460,0x253F08E0920,DXGI,0,512,1,Hardware: Independent Flip,16778.3759,NA,9.90090000000000,9.83680000000000,9.73740000000000,9.98330000000000,9.9908,16778.1307,9.9826,0.2452,9.7374,0.1964,10.0321,0.6044,9.4277,0.1577,16778.1307,NA,NA,NA
ZoomTracks.exe,35460,0x253F08E0920,DXGI,0,512,1,Hardware: Independent Flip,16788.3927,NA,10.01680000000000,10.19660000000000,9.73570000000000,9.95430000000000,10.1706,16788.1133,10.0151,0.2794,9.7357,0.2459,9.9878,0.6325,9.3553,-0.2140,16788.1133,NA,NA,NA
ZoomTracks.exe,35460,0x253F08E0920,DXGI,0,512,1,Hardware: Independent Flip,16798.2563,NA,9.86360000000000,9.82770000000000,9.86890000000000,10.11310000000000,10.1347,16798.1284,9.9968,0.1279,9.8689,0.2186,10.0224,0.5355,9.4869,0.1874,16798.1284,NA,NA,NA
ZoomTracks.exe,35460,0x253F08E0920,DXGI,0,512,1,Hardware: Independent Flip,16808.4173,NA,10.16100000000000,9.97370000000000,9.70270000000000,9.92470000000000,9.9474,16808.1252,9.9948,0.2921,9.7027,0.2442,9.9726,0.6894,9.2832,0.0231,16808.1252,NA,NA,NA
ZoomTracks.exe,35460,0x253F08E0920,DXGI,0,512,1,Hardware: Independent Flip,16818.3748,NA,9.95750000000000,10.12600000000000,9.75820000000000,9.98200000000000,10.1159,16818.1200,10.0130,0.2548,9.7582,0.2220,10.0148,0.6508,9.3640,-0.1312,16818.1200,NA,NA,NA
ZoomTracks.exe,35460,0x253F08E0920,DXGI,0,512,1,Hardware: Independent Flip,16828.2839,NA,9.90910000000000,9.89930000000000,9.84150000000000,10.09890000000000,10.1061,16828.1330,9.9924,0.1509,9.8415,0.2238,10.0260,0.4686,9.5574,0.1137,16828.1330,NA,NA,NA
ZoomTracks.exe,35460,0x253F08E0920,DXGI,0,512,1,Hardware: Independent Flip,16838.3968,NA,10.11290000000000,9.99420000000000,9.71800000000000,9.98130000000000,9.9874,16838.1254,9.9894,0.2714,9.7180,0.2574,9.9953,0.6749,9.3204,-0.0018,16838.1254,NA,NA,NA
ZoomTracks.exe,35460,0x253F08E0920,DXGI,0,512,1,Hardware: Independent Flip,16848.2453,NA,9.84850000000000,10.00540000000000,9.88380000000000,10.07800000000000,10.1443,16848.1148,10.0143,0.1305,9.8838,0.2633,9.9452,0.3863,9.5589,-0.0160,16848.1148,NA,NA,NA
ZoomTracks.exe,35460,0x253F08E0920,DXGI,0,512,1,Hardware: Independent Flip,16858.4193,NA,10.17400000000000,10.03860000000000,9.69910000000000,9.98740000000000,10.0089,16858.1291,9.9893,0.2902,9.6991,0.1942,10.0834,0.7332,9.3502,-0.0243,16858.1291,NA,21.8164,21.8164
ZoomTracks.exe,35460,0x253F08E0920,DXGI,0,512,1,Hardware: Independent Flip,16868.4347,NA,10.01540000000000,9.95730000000000,9.69080000000000,9.93120000000000,9.9508,16868.1184,10.0071,0.3163,9.6908,0.2883,9.9592,0.6572,9.3020,0.0320,16868.1184,NA,NA,NA
ZoomTracks.exe,35460,0x253F08E0920,DXGI,0,512,1,Hardware: Independent Flip,16878.4116,NA,9.97690000000000,10.08440000000000,9.74750000000000,10.02260000000000,10.0583,16878.1255,10.0336,0.2861,9.7475,0.2404,10.0683,0.7108,9.3575,-0.0773,16878.1255,NA,NA,NA
ZoomTracks.exe,35460,0x253F08E0920,DXGI,0,512,1,Hardware: Independent Flip,16888.4936,NA,10.08200000000000,9.94080000000000,9.62780000000000,9.82100000000000,9.9171,16888.1591,9.9623,0.3345,9.6278,0.2751,9.8804,0.6469,9.2335,0.0928,16888.1591,NA,26.8015,26.8015
ZoomTracks.exe,35460,0x253F08E0920,DXGI,0,512,1,Hardware: Independent Flip,16898.3440,NA,9.85040000000000,9.96840000000000,9.78060000000000,10.02710000000000,10.0351,16898.1214,10.0032,0.2226,9.7806,0.1932,10.0565,0.5435,9.5130,-0.0061,16898.1214,NA,NA,NA
ZoomTracks.exe,35460,0x253F08E0920,DXGI,0,512,1,Hardware: Independent Flip,16908.4074,NA,10.06340000000000,10.11420000000000,9.73680000000000,9.94750000000000,10.0859,16908.1246,10.0196,0.2828,9.7368,0.2465,9.9838,0.6425,9.3413,-0.1110,16908.1246,NA,NA,NA
ZoomTracks.exe,35460,0x253F08E0920,DXGI,0,512,1,Hardware: Independent Flip,16918.2757,NA,9.86830000000000,9.91090000000000,9.85030000000000,10.12080000000000,10.1285,16918.1442,9.9818,0.1315,9.8503,0.2107,10.0416,0.6271,9.4145,0.1087,16918.1442,NA,NA,NA
ZoomTracks.exe,35460,0x253F08E0920,DXGI,0,512,1,Hardware: Independent Flip,16928.2684,NA,9.99270000000000,10.02210000000000,9.86630000000000,10.15120000000000,10.1579,16928.1260,10.0087,0.1424,9.8663,0.2705,10.0231,0.4603,9.5628,-0.0403,16928.1260,NA,NA,NA
ZoomTracks.exe,35460,0x253F08E0920,DXGI,0,512,1,Hardware: Independent Flip,16938.2600,NA,9.99160000000000,9.99410000000000,9.86760000000000,10.15110000000000,10.1604,16938.1347,9.9929,0.1253,9.8676,0.2849,9.9915,0.4755,9.5160,0.0146,16938.1347,NA,NA,NA
ZoomTracks.exe,35460,0x253F08E0920,DXGI,0,512,1,Hardware: Independent Flip,16948.2700,NA,10.01000000000000,9.97210000000000,9.85210000000000,10.11440000000000,10.1225,16948.1276,9.9945,0.1424,9.8521,0.2835,9.9733,0.4121,9.5612,0.0208,16948.1276,NA,NA,NA
ZoomTracks.exe,35460,0x253F08E0920,DXGI,0,512,1,Hardware: Independent Flip,16958.4200,NA,10.15000000000000,10.02250000000000,9.70800000000000,9.98670000000000,9.9950,16958.1221,10.0059,0.2979,9.7080,0.2623,10.0223,0.6782,9.3441,-0.0280,16958.1221,NA,25.7910,25.7910
ZoomTracks.exe,35460,0x253F08E0920,DXGI,0,512,1,Hardware: Independent Flip,16968.4215,NA,10.00150000000000,9.98520000000000,9.70210000000000,9.95690000000000,9.9787,16968.1280,9.9956,0.2935,9.7021,0.2787,9.9717,0.6670,9.3047,0.0207,16968.1280,NA,26.8059,26.8059
ZoomTracks.exe,35460,0x253F08E0920,DXGI,0,512,1,Hardware: Independent Flip,16978.4074,NA,9.98590000000000,9.98690000000000,9.71680000000000,9.97160000000000,9.9797,16978.1236,10.0006,0.2838,9.7168,0.2548,10.0006,0.6505,9.3501,0.0087,16978.1236,NA,NA,NA
ZoomTracks.exe,35460,0x253F08E0920,DXGI,0,512,1,Hardware: Independent Flip,16988.4152,NA,10.00780000000000,9.99830000000000,9.71980000000000,9.95070000000000,9.9702,16988.1242,10.0108,0.2910,9.7198,0.2548,9.9869,0.6507,9.3362,0.0023,16988.1242,NA,NA,NA
ZoomTracks.exe,35460,0x253F08E0920,DXGI,0,512,1,Hardware: Independent Flip,16998.4120,NA,9.99680000000000,9.97860000000000,9.71300000000000,9.93380000000000,9.9520,16998.1350,9.9900,0.2770,9.7130,0.2309,9.9799,0.6366,9.3433,0.0322,16998.1350,NA,NA,NA
ZoomTracks.exe,35460,0x253F08E0920,DXGI,0,512,1,Hardware: Independent Flip,17008.3896,NA,9.97760000000000,10.02550000000000,9.73320000000000,9.97540000000000,9.9999,17008.1250,9.9978,0.2646,9.7332,0.2208,10.0192,0.5952,9.4240,-0.0355,17008.1250,NA,NA,NA
ZoomTracks.exe,35460,0x253F08E0920,DXGI,0,512,1,Hardware: Independent Flip,17018.3990,NA,10.00940000000000,10.04950000000000,9.73200000000000,10.03300000000000,10.0400,17018.1228,10.0082,0.2762,9.7320,0.2422,10.0670,0.6989,9.3681,-0.0517,17018.1228,NA,NA,NA
ZoomTracks.exe,35460,0x253F08E0920,DXGI,0,512,1,Hardware: Independent Flip,17028.4610,NA,10.06200000000000,9.96620000000000,9.65980000000000,9.92190000000000,9.9442,17028.1310,9.9898,0.3300,9.6598,0.3010,9.9509,0.6553,9.2956,0.0420,17028.1310,NA,NA,NA
ZoomTracks.exe,35460,0x253F08E0920,DXGI,0,512,1,Hardware: Independent Flip,17038.4346,NA,9.97360000000000,9.98990000000000,9.69000000000000,9.95300000000000,9.9605,17038.1208,10.0038,0.3138,9.6900,0.2621,10.0047,0.6571,9.3476,-0.0001,17038.1208,NA,NA,NA
ZoomTracks.exe,35460,0x253F08E0920,DXGI,0,512,1,Hardware: Independent Flip,17048.2706,NA,9.83600000000000,10.03580000000000,9.85980000000000,10.07010000000000,10.1603,17048.1246,10.0058,0.1460,9.8598,0.2630,9.9531,0.3847,9.5684,-0.0320,17048.1246,NA,NA,NA
ZoomTracks.exe,35460,0x253F08E0920,DXGI,0,512,1,Hardware: Independent Flip,17058.3726,NA,10.10200000000000,9.97540000000000,9.77640000000000,10.00930000000000,10.0337,17058.1304,10.0186,0.2422,9.7764,0.2103,10.0412,0.5865,9.4547,0.0304,17058.1304,NA,NA,NA
ZoomTracks.exe,35460,0x253F08E0920,DXGI,0,512,1,Hardware: Independent Flip,17068.4374,NA,10.06480000000000,9.97300000000000,9.69260000000000,9.86660000000000,9.9419,17068.1490,9.9810,0.2884,9.6926,0.2329,9.9221,0.5740,9.3481,0.0456,17068.1490,NA,28.7812,28.7812
ZoomTracks.exe,35460,0x253F08E0920,DXGI,0,512,1,Hardware: Independent Flip,17078.4087,NA,9.97130000000000,10.01920000000000,9.72010000000000,9.98020000000000,9.9898,17078.1300,9.9988,0.2787,9.7201,0.1740,10.0849,0.6593,9.4256,-0.0382,17078.1300,NA,23.7781,23.7781
ZoomTracks.exe,35460,0x253F08E0920,DXGI,0,512,1,Hardware: Independent Flip,17088.4053,NA,9.99660000000000,9.99010000000000,9.74310000000000,9.96520000000000,9.9833,17088.1288,10.0196,0.2765,9.7431,0.2601,9.9816,0.5921,9.3895,0.0087,17088.1288,NA,NA,NA
ZoomTracks.exe,35460,0x253F08E0920,DXGI,0,512,1,Hardware: Independent Flip,17098.4171,NA,10.01180000000000,10.18590000000000,9.72360000000000,10.14980000000000,10.1574,17098.1484,9.9923,0.2687,9.7236,0.2221,10.1964,0.8225,9.3739,-0.1663,17098.1484,NA,NA,NA
ZoomTracks.exe,35460,0x253F08E0920,DXGI,0,512,1,Hardware: Independent Flip,17108.3101,NA,9.89300000000000,9.86190000000000,9.83280000000000,10.03710000000000,10.1263,17108.1407,10.0022,0.1694,9.8328,0.4262,9.7803,0.3497,9.4306,0.1304,17108.1407,NA,NA,NA
ZoomTracks.exe,35460,0x253F08E0920,DXGI,0,512,1,Hardware: Independent Flip,17118.3596,NA,10.04950000000000,9.94560000000000,9.75930000000000,10.00380000000000,10.0224,17118.1429,9.9760,0.2167,9.7593,0.2043,10.0162,0.5530,9.4632,0.0566,17118.1429,NA,NA,NA
ZoomTracks.exe,35460,0x253F08E0920,DXGI,0,512,1,Hardware: Independent Flip,17128.4084,NA,10.04880000000000,10.17650000000000,9.71330000000000,9.90440000000000,10.1501,17128.1189,10.0028,0.2895,9.7133,0.2445,9.9494,0.6046,9.3448,-0.2005,17128.1189,NA,NA,NA
ZoomTracks.exe,35460,0x253F08E0920,DXGI,0,512,1,Hardware: Independent Flip,17138.3565,NA,9.94810000000000,10.00910000000000,9.77490000000000,10.20560000000000,10.2111,17138.1217,10.0097,0.2348,9.7749,0.1911,10.2493,0.8745,9.3748,-0.0063,17138.1217,NA,NA,NA
ZoomTracks.exe,35460,0x253F08E0920,DXGI,0,512,1,Hardware: Independent Flip,17148.2706,NA,9.91410000000000,10.05310000000000,9.86330000000000,10.20910000000000,10.3501,17148.1314,10.0025,0.1392,9.8633,0.4307,9.9176,0.5058,9.4118,-0.0434,17148.1314,NA,NA,NA
ZoomTracks.exe,35460,0x253F08E0920,DXGI,0,512,1,Hardware: Independent Flip,17158.2772,NA,10.00660000000000,9.79030000000000,9.86230000000000,10.12810000000000,10.1338,17158.1339,10.0056,0.1433,9.8623,0.3458,9.9256,0.4930,9.4326,0.2122,17158.1339,NA,24.7970,24.7970
ZoomTracks.exe,35460,0x253F08E0920,DXGI,0,512,1,Hardware: Independent Flip,17168.2797,NA,10.00250000000000,10.05780000000000,9.85450000000000,10.06150000000000,10.1891,17168.1395,9.9947,0.1402,9.8545,0.2658,9.9359,0.3815,9.5544,-0.0522,17168.1395,NA,NA,NA
ZoomTracks.exe,35460,0x253F08E0920,DXGI,0,512,1,Hardware: Independent Flip,17178.3523,NA,10.07260000000000,10.11670000000000,9.76200000000000,10.13620000000000,10.2332,17178.1342,9.9801,0.2181,9.7620,0.2070,10.1473,0.6645,9.4828,-0.1220,17178.1342,NA,21.9633,21.9633
ZoomTracks.exe,35460,0x253F08E0920,DXGI,0,512,1,Hardware: Independent Flip,17188.2747,NA,9.92240000000000,9.81690000000000,9.85860000000000,10.10970000000000,10.1277,17188.1143,10.0190,0.1604,9.8586,0.3742,9.8959,0.4850,9.4109,0.1632,17188.1143,NA,NA,NA
ZoomTracks.exe,35460,0x253F08E0920,DXGI,0,512,1,Hardware: Independent Flip,17198.4291,NA,10.15440000000000,10.00180000000000,9.69740000000000,9.96660000000000,9.9751,17198.1333,9.9932,0.2958,9.6974,0.2511,10.0113,0.6677,9.3436,0.0172,17198.1333,NA,NA,NA
ZoomTracks.exe,35460,0x253F08E0920,DXGI,0,512,1,Hardware: Independent Flip,17208.2523,NA,9.82320000000000,10.08580000000000,9.89050000000000,10.09900000000000,10.2377,17208.1265,10.0163,0.1258,9.8905,0.2692,9.9556,0.3994,9.5562,-0.0926,17208.1265,NA,NA,NA
ZoomTracks.exe,35460,0x253F08E0920,DXGI,0,512,1,Hardware: Independent Flip,17218.4025,NA,10.15020000000000,9.95620000000000,9.72340000000000,10.03670000000000,10.0437,17218.1428,9.9831,0.2597,9.7234,0.2085,10.0879,0.7087,9.3792,0.0601,17218.1428,NA,NA,NA
ZoomTracks.exe,35460,0x253F08E0920,DXGI,0,512,1,Hardware: Independent Flip,17228.2907,NA,9.88820000000000,9.97430000000000,9.84960000000000,10.02740000000000,10.1298,17228.1259,10.0144,0.1648,9.8496,0.3133,9.8789,0.3637,9.5152,0.0088,17228.1259,NA,NA,NA
ZoomTracks.exe,35460,0x253F08E0920,DXGI,0,512,1,Hardware: Independent Flip,17238.3620,NA,10.07130000000000,10.17140000000000,9.77500000000000,10.22290000000000,10.2299,17238.1403,9.9967,0.2217,9.7750,0.1778,10.2668,0.8026,9.4642,-0.1570,17238.1403,NA,NA,NA
ZoomTracks.exe,35460,0x253F08E0920,DXGI,0,512,1,Hardware: Independent Flip,17248.2721,NA,9.91010000000000,9.82220000000000,9.85380000000000,10.04130000000000,10.1420,17248.1370,9.9889,0.1351,9.8538,0.4479,9.7285,0.3382,9.3903,0.1745,17248.1370,NA,NA,NA
ZoomTracks.exe,35460,0x253F08E0920,DXGI,0,512,1,Hardware: Independent Flip,17258.3332,NA,10.06110000000000,9.99270000000000,9.79040000000000,10.06440000000000,10.0736,17258.1259,9.9977,0.2073,9.7904,0.1875,10.0842,0.6754,9.4088,-0.0038,17258.1259,NA,NA,NA
ZoomTracks.exe,35460,0x253F08E0920,DXGI,0,512,1,Hardware: Independent Flip,17268.4140,NA,10.08080000000000,10.21290000000000,9.70750000000000,9.92980000000000,10.2057,17268.1236,9.9979,0.2904,9.7075,0.2740,9.9462,0.5670,9.3792,-0.2152,17268.1236,NA,24.0089,24.0089
ZoomTracks.exe,35460,0x253F08E0920,DXGI,0,512,1,Hardware: Independent Flip,17278.3772,NA,9.96320000000000,9.98110000000000,9.78040000000000,10.21550000000000,10.2236,17278.1215,10.0361,0.2557,9.7804,0.2223,10.2489,0.8689,9.3800,0.0168,17278.1215,NA,22.9843,22.9843
ZoomTracks.exe,35460,0x253F08E0920,DXGI,0,512,1,Hardware: Independent Flip,17288.3512,NA,9.97400000000000,9.96300000000000,9.84600000000000,10.03390000000000,10.2126,17288.1576,10.0396,0.1936,9.8460,0.4351,9.7924,0.3953,9.3971,0.0731,17288.1576,NA,NA,NA
ZoomTracks.exe,35460,0x253F08E0920,DXGI,0,512,1,Hardware: Independent Flip,17298.4428,NA,10.09160000000000,9.89820000000000,9.73730000000000,9.99640000000000,10.0192,17298.1972,9.9829,0.2456,9.7373,0.1879,10.0541,0.6817,9.3724,0.1414,17298.1972,NA,NA,NA
ZoomTracks.exe,35460,0x253F08E0920,DXGI,0,512,1,Hardware: Independent Flip,17308.4949,NA,10.05210000000000,10.18060000000000,9.72370000000000,9.95490000000000,10.1477,17308.1801,10.0385,0.3148,9.7237,0.2591,10.0106,0.7694,9.2412,-0.1977,17308.1801,NA,12.0442,NA
ZoomTracks.exe,35460,0x253F08E0920,DXGI,0,512,1,Hardware: Independent Flip,17318.5055,NA,10.01060000000000,9.97590000000000,9.69990000000000,10.10500000000000,10.1130,17318.2186,9.9868,0.2869,9.6999,0.2312,10.1607,0.8577,9.3030,0.0626,17318.2186,NA,NA,NA
ZoomTracks.exe,35460,0x253F08E0920,DXGI,0,512,1,Hardware: Independent Flip,17328.4079,NA,9.90240000000000,9.78900000000000,9.72640000000000,9.97960000000000,9.9996,17328.2054,9.9289,0.2025,9.7264,0.4051,9.7770,0.4453,9.3317,0.1978,17328.2054,NA,23.7781,NA
ZoomTracks.exe,35460,0x253F08E0920,DXGI,0,512,1,Hardware: Independent Flip,17338.4362,NA,10.02830000000000,10.15150000000000,9.68840000000000,10.11410000000000,10.1228,17338.1343,9.9903,0.3019,9.6884,0.2532,10.1628,0.8203,9.3425,-0.2226,17338.1343,NA,27.9697,NA
ZoomTracks.exe,35460,0x253F08E0920,DXGI,0,512,1,Hardware: Independent Flip,17348.3271,NA,9.89090000000000,9.97250000000000,9.80170000000000,10.05080000000000,10.2044,17348.1246,10.0042,0.2025,9.8017,0.4257,9.8276,0.4017,9.4259,0.0178,17348.1246,NA,NA,NA
ZoomTracks.exe,35460,0x253F08E0920,DXGI,0,512,1,Hardware: Independent Flip,17358.2714,NA,9.94430000000000,9.92590000000000,9.87450000000000,10.17560000000000,10.1860,17358.1288,10.0171,0.1426,9.8745,0.2491,10.0691,0.6842,9.3849,0.0783,17358.1288,NA,NA,NA
ZoomTracks.exe,35460,0x253F08E0920,DXGI,0,512,1,Hardware: Independent Flip,17368.2937,NA,10.02230000000000,10.14110000000000,9.83690000000000,10.05450000000000,10.3048,17368.1459,9.9847,0.1478,9.8369,0.3011,9.9012,0.3916,9.5096,-0.1240,17368.1459,NA,23.9814,23.9814
ZoomTracks.exe,35460,0x253F08E0920,DXGI,0,512,1,Hardware: Independent Flip,17378.2602,NA,9.96650000000000,9.97420000000000,9.87600000000000,10.30560000000000,10.3125,17378.1306,10.0056,0.1296,9.8760,0.2176,10.2176,0.6385,9.5791,0.0105,17378.1306,NA,21.9645,21.9645
ZoomTracks.exe,35460,0x253F08E0920,DXGI,0,512,1,Hardware: Independent Flip,17388.3039,NA,10.04370000000000,9.86720000000000,9.82890000000000,10.00090000000000,10.1360,17388.1362,9.9966,0.1677,9.8289,0.4296,9.7390,0.3230,9.4160,0.1384,17388.1362,NA,NA,NA
ZoomTracks.exe,35460,0x253F08E0920,DXGI,0,512,1,Hardware: Independent Flip,17398.3538,NA,10.04990000000000,10.05480000000000,9.79190000000000,10.03890000000000,10.1409,17398.1328,10.0129,0.2210,9.7919,0.1720,10.0879,0.6257,9.4622,-0.0582,17398.1328,NA,NA,NA
ZoomTracks.exe,35460,0x253F08E0920,DXGI,0,512,1,Hardware: Independent Flip,17408.4215,NA,10.06770000000000,10.00010000000000,9.70370000000000,9.87370000000000,10.0733,17408.1457,9.9795,0.2758,9.7037,0.2470,9.9025,0.6082,9.2943,0.0128,17408.1457,NA,NA,NA
ZoomTracks.exe,35460,0x253F08E0920,DXGI,0,512,1,Hardware: Independent Flip,17418.3418,NA,9.92030000000000,9.91750000000000,9.78150000000000,10.06420000000000,10.0705,17418.1252,9.9981,0.2166,9.7815,0.1700,10.1108,0.5906,9.5202,0.0620,17418.1252,NA,NA,NA
ZoomTracks.exe,35460,0x253F08E0920,DXGI,0,512,1,Hardware: Independent Flip,17428.2563,NA,9.91450000000000,10.07730000000000,9.88980000000000,10.07200000000000,10.2333,17428.1233,10.0228,0.1330,9.8898,0.2827,9.9223,0.3890,9.5333,-0.0792,17428.1233,NA,NA,NA
ZoomTracks.exe,35460,0x253F08E0920,DXGI,0,512,1,Hardware: Independent Flip,17438.3724,NA,10.11610000000000,9.91820000000000,9.75540000000000,10.02700000000000,10.0354,17438.1461,9.9817,0.2263,9.7554,0.1822,10.0711,0.6300,9.4411,0.1046,17438.1461,NA,NA,NA
ZoomTracks.exe,35460,0x253F08E0920,DXGI,0,512,1,Hardware: Independent Flip,17448.4169,NA,10.04450000000000,10.09460000000000,9.71880000000000,9.92370000000000,10.0855,17448.1278,10.0079,0.2891,9.7188,0.2716,9.9412,0.5144,9.4268,-0.1129,17448.1278,NA,NA,NA
ZoomTracks.exe,35460,0x253F08E0920,DXGI,0,512,1,Hardware: Independent Flip,17458.4291,NA,10.01220000000000,10.08290000000000,9.71720000000000,10.14800000000000,10.1562,17458.1357,10.0106,0.2934,9.7172,0.2049,10.2365,0.8600,9.3765,-0.0750,17458.1357,NA,NA,NA
ZoomTracks.exe,35460,0x253F08E0920,DXGI,0,512,1,Hardware: Independent Flip,17468.3116,NA,9.88250000000000,9.81530000000000,9.80590000000000,10.08120000000000,10.0890,17468.1463,9.9712,0.1653,9.8059,0.4308,9.8157,0.4183,9.3974,0.1953,17468.1463,NA,NA,NA
ZoomTracks.exe,35460,0x253F08E0920,DXGI,0,512,1,Hardware: Independent Flip,17478.2722,NA,9.96060000000000,10.13610000000000,9.85060000000000,10.25760000000000,10.2645,17478.1175,10.0053,0.1547,9.8506,0.2753,10.1370,0.5895,9.5475,-0.1649,17478.1175,NA,24.9279,24.9279
ZoomTracks.exe,35460,0x253F08E0920,DXGI,0,512,1,Hardware: Independent Flip,17488.2668,NA,9.99460000000000,10.02690000000000,9.87010000000000,10.08060000000000,10.2968,17488.1228,10.0141,0.1440,9.8701,0.4070,9.8176,0.3543,9.4633,-0.0216,17488.1228,NA,22.9518,22.9518
ZoomTracks.exe,35460,0x253F08E0920,DXGI,0,512,1,Hardware: Independent Flip,17498.3832,NA,10.11640000000000,9.94580000000000,9.73160000000000,10.02410000000000,10.1262,17498.1369,9.9779,0.2463,9.7316,0.2105,10.0599,0.6241,9.4358,0.0683,17498.1369,NA,NA,NA
ZoomTracks.exe,35460,0x253F08E0920,DXGI,0,512,1,Hardware: Independent Flip,17508.2652,NA,9.88200000000000,10.15990000000000,9.86710000000000,10.10860000000000,10.4041,17508.1148,10.0175,0.1504,9.8671,0.2925,9.9665,0.4261,9.5404,-0.1820,17508.1148,NA,NA,NA
ZoomTracks.exe,35460,0x253F08E0920,DXGI,0,512,1,Hardware: Independent Flip,17518.4360,NA,10.17080000000000,9.76750000000000,9.70240000000000,9.99340000000000,10.0008,17518.1323,10.0061,0.3037,9.7024,0.2415,10.0556,0.7276,9.3280,0.2500,17518.1323,NA,NA,NA
ZoomTracks.exe,35460,0x253F08E0920,DXGI,0,512,1,Hardware: Independent Flip,17528.2892,NA,9.85320000000000,10.03630000000000,9.83700000000000,10.07260000000000,10.1839,17528.1384,9.9878,0.1508,9.8370,0.2910,9.9324,0.4051,9.5273,-0.0302,17528.1384,NA,NA,NA
ZoomTracks.exe,35460,0x253F08E0920,DXGI,0,512,1,Hardware: Independent Flip,17538.4095,NA,10.12030000000000,10.09840000000000,9.75160000000000,10.06630000000000,10.1620,17538.1262,10.0349,0.2833,9.7516,0.2356,10.1140,0.7255,9.3885,-0.1106,17538.1262,NA,NA,NA
ZoomTracks.exe,35460,0x253F08E0920,DXGI,0,512,1,Hardware: Independent Flip,17548.3272,NA,9.91770000000000,9.84110000000000,9.81250000000000,10.06250000000000,10.0854,17548.1611,9.9786,0.1661,9.8125,0.3147,9.9139,0.5052,9.4087,0.1938,17548.1611,NA,NA,NA
ZoomTracks.exe,35460,0x253F08E0920,DXGI,0,512,1,Hardware: Independent Flip,17558.4197,NA,10.09250000000000,9.98110000000000,9.70560000000000,9.96770000000000,9.9740,17558.1397,9.9856,0.2800,9.7056,0.2500,9.9977,0.6404,9.3573,-0.0025,17558.1397,NA,20.7976,20.7976
ZoomTracks.exe,35460,0x253F08E0920,DXGI,0,512,1,Hardware: Independent Flip,17568.2520,NA,9.83230000000000,10.10770000000000,9.89200000000000,10.09940000000000,10.2494,17568.1253,10.0187,0.1267,9.8920,0.2621,9.9640,0.4177,9.5463,-0.1221,17568.1253,NA,NA,NA
ZoomTracks.exe,35460,0x253F08E0920,DXGI,0,512,1,Hardware: Independent Flip,17578.3043,NA,10.05230000000000,10.09550000000000,9.82490000000000,10.27190000000000,10.2926,17578.1440,9.9852,0.1603,9.8249,0.2074,10.2248,0.6813,9.5435,-0.0768,17578.1440,NA,NA,NA
ZoomTracks.exe,35460,0x253F08E0920,DXGI,0,512,1,Hardware: Independent Flip,17588.2940,NA,9.98970000000000,9.81540000000000,9.84980000000000,10.01550000000000,10.1183,17588.1292,10.0146,0.1648,9.8498,0.4470,9.7333,0.2831,9.4502,0.1698,17588.1292,NA,26.7893,26.7893
ZoomTracks.exe,35460,0x253F08E0920,DXGI,0,512,1,Hardware: Independent Flip,17598.3542,NA,10.06020000000000,10.02610000000000,9.80340000000000,10.06170000000000,10.0842,17598.1438,10.0138,0.2104,9.8034,0.1657,10.1064,0.6504,9.4560,-0.0115,17598.1438,NA,NA,NA
ZoomTracks.exe,35460,0x253F08E0920,DXGI,0,512,1,Hardware: Independent Flip,17608.4694,NA,10.11520000000000,10.09390000000000,9.66420000000000,9.83130000000000,10.0629,17608.1576,9.9760,0.3118,9.6642,0.2583,9.8848,0.5672,9.3176,-0.0801,17608.1576,NA,NA,NA
ZoomTracks.exe,35460,0x253F08E0920,DXGI,0,512,1,Hardware: Independent Flip,17618.3433,NA,9.87390000000000,9.87670000000000,9.78410000000000,10.04580000000000,10.0657,17618.1336,9.9938,0.2097,9.7841,0.1671,10.0884,0.6131,9.4753,0.0993,17618.1336,NA,NA,NA
ZoomTracks.exe,35460,0x253F08E0920,DXGI,0,512,1,Hardware: Independent Flip,17628.4391,NA,10.09580000000000,10.10150000000000,9.69370000000000,9.89220000000000,10.0714,17628.1274,10.0054,0.3117,9.6937,0.2617,9.9422,0.6046,9.3376,-0.1077,17628.1274,NA,NA,NA
ZoomTracks.exe,35460,0x253F08E0920,DXGI,0,512,1,Hardware: Independent Flip,17638.3774,NA,9.93830000000000,9.94460000000000,9.74960000000000,10.05230000000000,10.0777,17638.1328,9.9942,0.2446,9.7496,0.1985,10.0984,0.7308,9.3676,0.0608,17638.1328,NA,NA,NA
ZoomTracks.exe,35460,0x253F08E0920,DXGI,0,512,1,Hardware: Independent Flip,17648.4642,NA,10.08680000000000,9.96510000000000,9.67040000000000,9.94660000000000,9.9560,17648.1270,10.0076,0.3372,9.6704,0.3027,9.9811,0.6903,9.2908,0.0291,17648.1270,NA,NA,NA
ZoomTracks.exe,35460,0x253F08E0920,DXGI,0,512,1,Hardware: Independent Flip,17658.4653,NA,10.00110000000000,9.98380000000000,9.69880000000000,9.91840000000000,9.9387,17658.1346,10.0295,0.3307,9.6988,0.2762,9.9729,0.6173,9.3556,0.0238,17658.1346,NA,NA,NA
ZoomTracks.exe,35460,0x253F08E0920,DXGI,0,512,1,Hardware: Independent Flip,17668.4355,NA,9.97020000000000,9.98040000000000,9.69010000000000,9.94010000000000,9.9489,17668.1641,9.9615,0.2714,9.6901,0.2196,9.9919,0.6540,9.3379,0.0491,17668.1641,NA,18.7872,18.7872
ZoomTracks.exe,35460,0x253F08E0920,DXGI,0,512,1,Hardware: Independent Flip,17678.2628,NA,9.82730000000000,10.06290000000000,9.87040000000000,10.17640000000000,10.1845,17678.1256,10.0076,0.1372,9.8704,0.2500,10.0636,0.6186,9.4450,-0.1014,17678.1256,NA,NA,NA
ZoomTracks.exe,35460,0x253F08E0920,DXGI,0,512,1,Hardware: Independent Flip,17688.2952,NA,10.03240000000000,9.97860000000000,9.82330000000000,10.12400000000000,10.1307,17688.1332,9.9853,0.1620,9.8233,0.3060,9.9800,0.4816,9.4984,0.0290,17688.1332,NA,NA,NA
ZoomTracks.exe,35460,0x253F08E0920,DXGI,0,512,1,Hardware: Independent Flip,17698.2721,NA,9.97690000000000,9.95730000000000,9.86160000000000,10.10310000000000,10.1111,17698.1185,10.0152,0.1536,9.8616,0.3007,9.9560,0.3851,9.5709,0.0280,17698.1185,NA,NA,NA
ZoomTracks.exe,35460,0x253F08E0920,DXGI,0,512,1,Hardware: Independent Flip,17708.4111,NA,10.13900000000000,10.05430000000000,9.74610000000000,9.92100000000000,10.0264,17708.1337,10.0235,0.2774,9.7461,0.2415,9.9569,0.6200,9.3369,-0.0391,17708.1337,NA,NA,NA
ZoomTracks.exe,35460,0x253F08E0920,DXGI,0,512,1,Hardware: Independent Flip,17718.3777,NA,9.96660000000000,9.96940000000000,9.77830000000000,10.00850000000000,10.0292,17718.1572,9.9988,0.2205,9.7783,0.1749,10.0541,0.6010,9.4531,0.0541,17718.1572,NA,NA,NA
ZoomTracks.exe,35460,0x253F08E0920,DXGI,0,512,1,Hardware: Independent Flip,17728.4344,NA,10.05670000000000,9.98750000000000,9.68740000000000,9.93850000000000,9.9600,17728.1560,9.9658,0.2784,9.6874,0.2302,9.9867,0.6626,9.3241,0.0113,17728.1560,NA,NA,NA
ZoomTracks.exe,35460,0x253F08E0920,DXGI,0,512,1,Hardware: Independent Flip,17738.4013,NA,9.96690000000000,10.17680000000000,9.73000000000000,10.16230000000000,10.1699,17738.1218,10.0095,0.2795,9.7300,0.2511,10.1907,0.8250,9.3657,-0.2110,17738.1218,NA,NA,NA
ZoomTracks.exe,35460,0x253F08E0920,DXGI,0,512,1,Hardware: Independent Flip,17748.2834,NA,9.88210000000000,9.81980000000000,9.90960000000000,10.08800000000000,10.1076,17748.1313,10.0617,0.1521,9.9096,0.4323,9.8078,0.3928,9.4150,0.1897,17748.1313,NA,NA,NA
ZoomTracks.exe,35460,0x253F08E0920,DXGI,0,512,1,Hardware: Independent Flip,17758.4209,NA,10.13750000000000,10.00150000000000,9.70890000000000,9.94410000000000,9.9716,17758.1930,9.9368,0.2279,9.7089,0.1784,9.9936,0.6493,9.3443,0.0602,17758.1930,NA,15.7775,15.7775
ZoomTracks.exe,35460,0x253F08E0920,DXGI,0,512,1,Hardware: Independent Flip,17768.4216,NA,10.00070000000000,10.21830000000000,9.71230000000000,9.94750000000000,10.1892,17768.1298,10.0041,0.2918,9.7123,0.2352,10.0041,0.6364,9.3677,-0.2815,17768.1298,NA,NA,NA
ZoomTracks.exe,35460,0x253F08E0920,DXGI,0,512,1,Hardware: Independent Flip,17778.2970,NA,9.87540000000000,9.76370000000000,9.82200000000000,10.06960000000000,10.0775,17778.1339,9.9851,0.1631,9.8220,0.2352,9.9975,0.5592,9.4383,0.2404,17778.1339,NA,28.7855,28.7855
ZoomTracks.exe,35460,0x253F08E0920,DXGI,0,512,1,Hardware: Independent Flip,17788.4020,NA,10.10500000000000,10.11460000000000,9.72700000000000,9.99640000000000,10.0871,17788.1190,10.0100,0.2830,9.7270,0.2476,10.0318,0.6704,9.3614,-0.1295,17788.1190,NA,NA,NA
ZoomTracks.exe,35460,0x253F08E0920,DXGI,0,512,1,Hardware: Independent Flip,17798.2619,NA,9.85990000000000,10.05500000000000,9.89860000000000,10.07700000000000,10.2822,17798.1290,10.0315,0.1329,9.8986,0.2694,9.9405,0.4278,9.5127,-0.0450,17798.1290,NA,NA,NA
ZoomTracks.exe,35460,0x253F08E0920,DXGI,0,512,1,Hardware: Independent Flip,17808.3809,NA,10.11900000000000,9.86300000000000,9.74410000000000,10.00040000000000,10.0262,17808.1605,9.9645,0.2204,9.7441,0.1784,10.0424,0.6522,9.3902,0.1685,17808.1605,NA,NA,NA
ZoomTracks.exe,35460,0x253F08E0920,DXGI,0,512,1,Hardware: Independent Flip,17818.4351,NA,10.05420000000000,10.03180000000000,9.68960000000000,9.89970000000000,10.0038,17818.1250,9.9997,0.3101,9.6896,0.2563,9.9535,0.6358,9.3177,-0.0673,17818.1250,NA,NA,NA
ZoomTracks.exe,35460,0x253F08E0920,DXGI,0,512,1,Hardware: Independent Flip,17828.2584,NA,9.82330000000000,9.96010000000000,9.86360000000000,10.13370000000000,10.1406,17828.1247,9.9973,0.1337,9.8636,0.2101,10.0573,0.5169,9.5404,0.0396,17828.1247,NA,NA,NA
ZoomTracks.exe,35460,0x253F08E0920,DXGI,0,512,1,Hardware: Independent Flip,17838.2649,NA,10.00650000000000,10.02180000000000,9.85190000000000,10.14720000000000,10.1559,17838.1220,9.9948,0.1429,9.8519,0.2701,10.0200,0.4600,9.5600,-0.0245,17838.1220,NA,NA,NA
ZoomTracks.exe,35460,0x253F08E0920,DXGI,0,512,1,Hardware: Independent Flip,17848.4515,NA,10.18660000000000,9.96890000000000,9.69110000000000,9.91650000000000,9.9382,17848.1168,10.0258,0.3347,9.6911,0.2953,9.9559,0.6413,9.3146,0.0259,17848.1168,NA,NA,NA
ZoomTracks.exe,35460,0x253F08E0920,DXGI,0,512,1,Hardware: Independent Flip,17858.4192,NA,9.96770000000000,9.99240000000000,9.70950000000000,9.95450000000000,9.9629,17858.1426,9.9861,0.2766,9.7095,0.2254,10.0057,0.6498,9.3559,0.0334,17858.1426,NA,NA,NA
ZoomTracks.exe,35460,0x253F08E0920,DXGI,0,512,1,Hardware: Independent Flip,17868.3833,NA,9.96410000000000,10.01680000000000,9.74740000000000,9.99440000000000,10.0156,17868.1287,10.0020,0.2546,9.7474,0.2450,10.0040,0.6541,9.3499,-0.0307,17868.1287,NA,NA,NA
ZoomTracks.exe,35460,0x253F08E0920,DXGI,0,512,1,Hardware: Independent Flip,17878.4266,NA,10.04330000000000,10.01440000000000,9.69910000000000,9.97630000000000,9.9867,17878.1307,9.9950,0.2959,9.6991,0.2470,10.0252,0.6888,9.3364,-0.0124,17878.1307,NA,15.8092,15.8092
ZoomTracks.exe,35460,0x253F08E0920,DXGI,0,512,1,Hardware: Independent Flip,17888.4321,NA,10.00550000000000,9.99680000000000,9.69770000000000,9.97190000000000,9.9780,17888.1257,10.0041,0.3064,9.6977,0.2772,10.0011,0.6615,9.3396,-0.0018,17888.1257,NA,NA,NA
ZoomTracks.exe,35460,0x253F08E0920,DXGI,0,512,1,Hardware: Independent Flip,17898.2869,NA,9.85480000000000,9.95670000000000,9.83750000000000,10.05900000000000,10.0799,17898.1298,9.9946,0.1571,9.8375,0.2742,9.9419,0.3968,9.5451,0.0474,17898.1298,NA,NA,NA
ZoomTracks.exe,35460,0x253F08E0920,DXGI,0,512,1,Hardware: Independent Flip,17908.4005,NA,10.11360000000000,10.06240000000000,9.73030000000000,10.02160000000000,10.0287,17908.1244,10.0064,0.2761,9.7303,0.2215,10.0762,0.6811,9.3951,-0.0678,17908.1244,NA,NA,NA
ZoomTracks.exe,35460,0x253F08E0920,DXGI,0,512,1,Hardware: Independent Flip,17918.2804,NA,9.87990000000000,9.98220000000000,9.84980000000000,10.02250000000000,10.1310,17918.1308,9.9994,0.1496,9.8498,0.2913,9.8808,0.3266,9.5542,0.0242,17918.1308,NA,NA,NA
ZoomTracks.exe,35460,0x253F08E0920,DXGI,0,512,1,Hardware: Independent Flip,17928.3478,NA,10.06740000000000,9.99010000000000,9.77920000000000,10.03490000000000,10.0537,17928.1302,9.9968,0.2176,9.7792,0.1727,10.0798,0.6395,9.4403,0.0093,17928.1302,NA,NA,NA
ZoomTracks.exe,35460,0x253F08E0920,DXGI,0,512,1,Hardware: Independent Flip,17938.4289,NA,10.08110000000000,9.99880000000000,9.68630000000000,9.86640000000000,9.9714,17938.1270,9.9882,0.3019,9.6863,0.2557,9.9126,0.5654,9.3472,-0.0020,17938.1270,NA,NA,NA
ZoomTracks.exe,35460,0x253F08E0920,DXGI,0,512,1,Hardware: Independent Flip,17948.3257,NA,9.89680000000000,9.98980000000000,9.80100000000000,10.04470000000000,10.0644,17948.1152,10.0115,0.2105,9.8010,0.1801,10.0751,0.5484,9.5267,-0.0016,17948.1152,NA,NA,NA
ZoomTracks.exe,35460,0x253F08E0920,DXGI,0,512,1,Hardware: Independent Flip,17958.4180,NA,10.09230000000000,10.00610000000000,9.71490000000000,9.89770000000000,9.9782,17958.1267,10.0062,0.2913,9.7149,0.2437,9.9453,0.5969,9.3484,0.0054,17958.1267,NA,15.7975,15.7975
ZoomTracks.exe,35460,0x253F08E0920,DXGI,0,512,1,Hardware: Independent Flip,17968.3567,NA,9.93870000000000,10.01450000000000,9.77400000000000,10.04500000000000,10.0540,17968.1329,9.9978,0.2238,9.7740,0.1828,10.0860,0.5819,9.5041,-0.0083,17968.1329,NA,NA,NA
ZoomTracks.exe,35460,0x253F08E0920,DXGI,0,512,1,Hardware: Independent Flip,17978.4401,NA,10.08340000000000,9.97450000000000,9.67690000000000,9.85860000000000,9.9451,17978.1307,9.9863,0.3094,9.6769,0.2710,9.8970,0.5614,9.3356,0.0233,17978.1307,NA,NA,NA
ZoomTracks.exe,35460,0x253F08E0920,DXGI,0,512,1,Hardware: Independent Flip,17988.3295,NA,9.88940000000000,10.07470000000000,9.79620000000000,10.12330000000000,10.1304,17988.1170,10.0087,0.2125,9.7962,0.1817,10.1541,0.6372,9.5169,-0.0884,17988.1170,NA,NA,NA
ZoomTracks.exe,35460,0x253F08E0920,DXGI,0,512,1,Hardware: Independent Flip,17998.2765,NA,9.94700000000000,10.02360000000000,9.87570000000000,10.07320000000000,10.2070,17998.1257,10.0265,0.1508,9.8757,0.3271,9.8969,0.3689,9.5280,-0.0149,17998.1257,NA,NA,NA
ZoomTracks.exe,35460,0x253F08E0920,DXGI,0,512,1,Hardware: Independent Flip,18008.3950,NA,10.11850000000000,9.91200000000000,9.72650000000000,9.99320000000000,10.0005,18008.1522,9.9693,0.2428,9.7265,0.1975,10.0385,0.6833,9.3552,0.1145,18008.1522,NA,NA,NA
ZoomTracks.exe,35460,0x253F08E0920,DXGI,0,512,1,Hardware: Independent Flip,18018.2480,NA,9.85300000000000,10.00570000000000,9.90010000000000,10.06800000000000,10.1532,18018.1215,10.0266,0.1265,9.9001,0.2667,9.9278,0.3280,9.5998,-0.0364,18018.1215,NA,NA,NA
ZoomTracks.exe,35460,0x253F08E0920,DXGI,0,512,1,Hardware: Independent Flip,18028.4288,NA,10.18080000000000,10.05250000000000,9.72110000000000,10.00980000000000,10.0249,18028.1481,10.0018,0.2807,9.7211,0.1679,10.1226,0.7218,9.4008,-0.0259,18028.1481,NA,NA,NA
ZoomTracks.exe,35460,0x253F08E0920,DXGI,0,512,1,Hardware: Independent Flip,18038.3209,NA,9.89210000000000,9.99080000000000,9.80510000000000,10.02550000000000,10.1236,18038.1499,9.9761,0.1710,9.8051,0.2887,9.9078,0.3944,9.5134,0.0110,18038.1499,NA,NA,NA
ZoomTracks.exe,35460,0x253F08E0920,DXGI,0,512,1,Hardware: Independent Flip,18048.3599,NA,10.03900000000000,9.95670000000000,9.78480000000000,10.03350000000000,10.0413,18048.1260,10.0187,0.2339,9.7848,0.2204,10.0470,0.5972,9.4498,0.0194,18048.1260,NA,NA,NA
ZoomTracks.exe,35460,0x253F08E0920,DXGI,0,512,1,Hardware: Independent Flip,18058.4282,NA,10.06830000000000,9.98740000000000,9.69410000000000,9.87740000000000,9.9604,18058.1447,9.9776,0.2835,9.6941,0.2487,9.9122,0.5802,9.3320,0.0313,18058.1447,NA,NA,NA
ZoomTracks.exe,35460,0x253F08E0920,DXGI,0,512,1,Hardware: Independent Flip,18068.3344,NA,9.90620000000000,10.00420000000000,9.78370000000000,10.05220000000000,10.0584,18068.1223,9.9958,0.2121,9.7837,0.1833,10.0810,0.5770,9.5040,-0.0266,18068.1223,NA,NA,NA
ZoomTracks.exe,35460,0x253F08E0920,DXGI,0,512,1,Hardware: Independent Flip,18078.2505,NA,9.91610000000000,10.06900000000000,9.87760000000000,10.11500000000000,10.2113,18078.1181,10.0100,0.1324,9.8776,0.2685,9.9789,0.4371,9.5418,-0.0732,18078.1181,NA,20.8608,20.8608
ZoomTracks.exe,35460,0x253F08E0920,DXGI,0,512,1,Hardware: Independent Flip,18088.2824,NA,10.03190000000000,9.94330000000000,9.84490000000000,10.11530000000000,10.1227,18088.1281,9.9992,0.1543,9.8449,0.2374,10.0322,0.5017,9.5305,0.0667,18088.1281,NA,NA,NA
ZoomTracks.exe,35460,0x253F08E0920,DXGI,0,512,1,Hardware: Independent Flip,18098.2594,NA,9.97700000000000,10.02890000000000,9.87930000000000,10.16640000000000,10.1746,18098.1273,10.0114,0.1321,9.8793,0.2704,10.0281,0.4783,9.5498,-0.0297,18098.1273,NA,NA,NA
ZoomTracks.exe,35460,0x253F08E0920,DXGI,0,512,1,Hardware: Independent Flip,18108.2729,NA,10.01350000000000,10.15840000000000,9.86280000000000,10.31190000000000,10.3195,18108.1387,9.9970,0.1342,9.8628,0.2871,10.1590,0.6446,9.5144,-0.1470,18108.1387,NA,NA,NA
ZoomTracks.exe,35460,0x253F08E0920,DXGI,0,512,1,Hardware: Independent Flip,18118.2974,NA,10.02450000000000,9.87110000000000,9.84980000000000,10.06400000000000,10.1661,18118.1357,10.0115,0.1617,9.8498,0.4491,9.7766,0.3790,9.3976,0.1259,18118.1357,NA,NA,NA
ZoomTracks.exe,35460,0x253F08E0920,DXGI,0,512,1,Hardware: Independent Flip,18128.2911,NA,9.99370000000000,9.94090000000000,9.83740000000000,10.10630000000000,10.1133,18128.1472,9.9813,0.1439,9.8374,0.2142,10.0360,0.5176,9.5184,0.0706,18128.1472,NA,NA,NA
ZoomTracks.exe,35460,0x253F08E0920,DXGI,0,512,1,Hardware: Independent Flip,18138.2721,NA,9.98100000000000,10.04300000000000,9.85800000000000,10.03350000000000,10.1753,18138.1285,10.0016,0.1436,9.8580,0.2689,9.9082,0.3345,9.5737,-0.0617,18138.1285,NA,NA,NA
ZoomTracks.exe,35460,0x253F08E0920,DXGI,0,512,1,Hardware: Independent Flip,18148.3495,NA,10.07740000000000,9.96530000000000,9.78500000000000,10.05620000000000,10.0632,18148.1301,10.0044,0.2194,9.7850,0.1755,10.1001,0.6347,9.4654,0.0363,18148.1301,NA,NA,NA
ZoomTracks.exe,35460,0x253F08E0920,DXGI,0,512,1,Hardware: Independent Flip,18158.2815,NA,9.93200000000000,10.05250000000000,9.84940000000000,10.06390000000000,10.1837,18158.1345,9.9964,0.1470,9.8494,0.2712,9.9397,0.3641,9.5756,-0.0481,18158.1345,NA,24.8221,24.8221
ZoomTracks.exe,35460,0x253F08E0920,DXGI,0,512,1,Hardware: Independent Flip,18168.3803,NA,10.09880000000000,9.96910000000000,9.76790000000000,10.03080000000000,10.0540,18168.1309,10.0173,0.2494,9.7679,0.2145,10.0657,0.6334,9.4323,0.0273,18168.1309,NA,NA,NA
ZoomTracks.exe,35460,0x253F08E0920,DXGI,0,512,1,Hardware: Independent Flip,18178.4414,NA,10.06110000000000,10.10970000000000,9.68690000000000,9.88780000000000,10.1026,18178.1482,9.9801,0.2932,9.6869,0.2629,9.9181,0.5844,9.3337,-0.0924,18178.1482,NA,29.9497,29.9497
ZoomTracks.exe,35460,0x253F08E0920,DXGI,0,512,1,Hardware: Independent Flip,18188.2477,NA,9.80630000000000,9.86320000000000,9.86200000000000,10.15230000000000,10.1595,18188.1283,9.9814,0.1194,9.8620,0.2009,10.0708,0.5711,9.4997,0.1169,18188.1283,NA,NA,NA
ZoomTracks.exe,35460,0x253F08E0920,DXGI,0,512,1,Hardware: Independent Flip,18198.2569,NA,10.00920000000000,10.03560000000000,9.89360000000000,10.09290000000000,10.1859,18198.1097,10.0408,0.1472,9.8936,0.2903,9.9498,0.3615,9.5883,-0.0542,18198.1097,NA,NA,NA
ZoomTracks.exe,35460,0x253F08E0920,DXGI,0,512,1,Hardware: Independent Flip,18208.4836,NA,10.22670000000000,9.99630000000000,9.63710000000000,9.93770000000000,9.9555,18208.1505,9.9702,0.3331,9.6371,0.1993,10.0715,0.6959,9.3756,0.0445,18208.1505,NA,NA,NA
ZoomTracks.exe,35460,0x253F08E0920,DXGI,0,512,1,Hardware: Independent Flip,18218.4466,NA,9.96300000000000,9.96410000000000,9.69330000000000,9.87670000000000,9.9566,18218.1207,10.0192,0.3259,9.6933,0.3006,9.9020,0.5482,9.3538,0.0061,18218.1207,NA,NA,NA
ZoomTracks.exe,35460,0x253F08E0920,DXGI,0,512,1,Hardware: Independent Flip,18228.3630,NA,9.91640000000000,9.99570000000000,9.76030000000000,10.02930000000000,10.0359,18228.1399,9.9834,0.2231,9.7603,0.1834,10.0690,0.7562,9.3128,0.0235,18228.1399,NA,NA,NA
ZoomTracks.exe,35460,0x253F08E0920,DXGI,0,512,1,Hardware: Independent Flip,18238.2695,NA,9.90650000000000,9.99730000000000,9.84680000000000,10.02260000000000,10.1267,18238.1233,9.9930,0.1462,9.8468,0.2690,9.8998,0.3334,9.5664,-0.0139,18238.1233,NA,NA,NA
ZoomTracks.exe,35460,0x253F08E0920,DXGI,0,512,1,Hardware: Independent Flip,18248.3153,NA,10.04580000000000,10.03440000000000,9.80760000000000,10.10810000000000,10.1153,18248.1163,10.0066,0.1990,9.8076,0.1758,10.1313,0.6106,9.5207,-0.0414,18248.1163,NA,NA,NA
ZoomTracks.exe,35460,0x253F08E0920,DXGI,0,512,1,Hardware: Independent Flip,18258.2594,NA,9.94410000000000,10.03370000000000,9.88580000000000,10.07220000000000,10.2049,18258.1229,10.0223,0.1365,9.8858,0.3005,9.9082,0.3453,9.5629,-0.0271,18258.1229,NA,23.8568,23.8568
ZoomTracks.exe,35460,0x253F08E0920,DXGI,0,512,1,Hardware: Independent Flip,18268.3750,NA,10.11560000000000,9.90540000000000,9.75510000000000,9.97590000000000,9.9947,18268.1452,9.9849,0.2298,9.7551,0.1864,10.0193,0.5858,9.4335,0.1169,18268.1452,NA,NA,NA
ZoomTracks.exe,35460,0x253F08E0920,DXGI,0,512,1,Hardware: Independent Flip,18278.4088,NA,10.03380000000000,10.02080000000000,9.70990000000000,9.91890000000000,9.9817,18278.1301,9.9886,0.2787,9.7099,0.2208,9.9768,0.6766,9.3002,-0.0359,18278.1301,NA,11.8016,11.8016
ZoomTracks.exe,35460,0x253F08E0920,DXGI,0,512,1,Hardware: Independent Flip,18288.2639,NA,9.85510000000000,10.06230000000000,9.86100000000000,10.18010000000000,10.1889,18288.1187,10.0062,0.1452,9.8610,0.2090,10.1163,0.5488,9.5675,-0.0737,18288.1187,NA,NA,NA
ZoomTracks.exe,35460,0x253F08E0920,DXGI,0,512,1,Hardware: Independent Flip,18298.2793,NA,10.01540000000000,9.95950000000000,9.84380000000000,10.05850000000000,10.1330,18298.1249,9.9982,0.1544,9.8438,0.3191,9.8938,0.3609,9.5329,0.0467,18298.1249,NA,NA,NA
ZoomTracks.exe,35460,0x253F08E0920,DXGI,0,512,1,Hardware: Independent Flip,18308.4387,NA,10.15940000000000,10.00700000000000,9.69020000000000,9.97240000000000,9.9806,18308.1231,10.0058,0.3156,9.6902,0.2147,10.0733,0.7714,9.3019,-0.0088,18308.1231,NA,NA,NA
ZoomTracks.exe,35460,0x253F08E0920,DXGI,0,512,1,Hardware: Independent Flip,18318.2794,NA,9.84070000000000,10.00660000000000,9.83120000000000,10.03030000000000,10.1465,18318.1289,9.9817,0.1505,9.8312,0.2822,9.8986,0.3380,9.5606,-0.0008,18318.1289,NA,NA,NA
ZoomTracks.exe,35460,0x253F08E0920,DXGI,0,512,1,Hardware: Independent Flip,18328.2530,NA,9.97360000000000,10.01820000000000,9.86490000000000,10.18120000000000,10.1911,18328.1106,10.0073,0.1424,9.8649,0.1991,10.1245,0.6188,9.5057,-0.0365,18328.1106,NA,NA,NA
ZoomTracks.exe,35460,0x253F08E0920,DXGI,0,512,1,Hardware: Independent Flip,18338.2682,NA,10.01520000000000,10.06540000000000,9.85860000000000,10.10610000000000,10.2413,18338.1179,10.0089,0.1503,9.8586,0.3163,9.9401,0.4083,9.5318,-0.0581,18338.1179,NA,NA,NA
ZoomTracks.exe,35460,0x253F08E0920,DXGI,0,512,1,Hardware: Independent Flip,18348.2648,NA,9.99660000000000,9.92240000000000,9.85290000000000,10.15930000000000,10.1671,18348.1268,9.9909,0.1380,9.8529,0.2475,10.0498,0.5148,9.5350,0.0865,18348.1268,NA,26.8257,26.8257
ZoomTracks.exe,35460,0x253F08E0920,DXGI,0,512,1,Hardware: Independent Flip,18358.2545,NA,9.98970000000000,10.02270000000000,9.86970000000000,10.19050000000000,10.2001,18358.1177,10.0065,0.1368,9.8697,0.3064,10.0209,0.4698,9.5511,-0.0318,18358.1177,NA,NA,NA
ZoomTracks.exe,35460,0x253F08E0920,DXGI,0,512,1,Hardware: Independent Flip,18368.2660,NA,10.01150000000000,9.98440000000000,9.87470000000000,10.16480000000000,10.1730,18368.1242,10.0165,0.1418,9.8747,0.3208,9.9858,0.4689,9.5169,0.0221,18368.1242,NA,NA,NA
ZoomTracks.exe,35460,0x253F08E0920,DXGI,0,512,1,Hardware: Independent Flip,18378.2911,NA,10.02510000000000,9.93760000000000,9.82980000000000,10.07680000000000,10.0855,18378.1407,9.9802,0.1504,9.8298,0.2901,9.9371,0.4264,9.5107,0.0789,18378.1407,NA,NA,NA
ZoomTracks.exe,35460,0x253F08E0920,DXGI,0,512,1,Hardware: Independent Flip,18388.3835,NA,10.09240000000000,10.07840000000000,9.73950000000000,10.05100000000000,10.0715,18388.1209,10.0021,0.2626,9.7395,0.2470,10.0666,0.7193,9.3473,-0.0982,18388.1209,NA,NA,NA
ZoomTracks.exe,35460,0x253F08E0920,DXGI,0,512,1,Hardware: Independent Flip,18398.4847,NA,10.10120000000000,10.01340000000000,9.63850000000000,9.86330000000000,9.9837,18398.1230,10.0002,0.3617,9.6385,0.3115,9.9135,0.7104,9.2031,-0.0113,18398.1230,NA,NA,NA
ZoomTracks.exe,35460,0x253F08E0920,DXGI,0,512,1,Hardware: Independent Flip,18408.2390,NA,9.75430000000000,9.93330000000000,9.89990000000000,10.15680000000000,10.1627,18408.1232,10.0157,0.1158,9.8999,0.2248,10.0478,0.5342,9.5136,0.0669,18408.1232,NA,NA,NA
ZoomTracks.exe,35460,0x253F08E0920,DXGI,0,512,1,Hardware: Independent Flip,18418.2713,NA,10.03230000000000,10.05250000000000,9.86530000000000,10.17600000000000,10.1829,18418.1389,9.9977,0.1324,9.8653,0.2569,10.0515,0.5031,9.5484,-0.0368,18418.1389,NA,NA,NA
ZoomTracks.exe,35460,0x253F08E0920,DXGI,0,512,1,Hardware: Independent Flip,18428.2803,NA,10.00900000000000,9.97650000000000,9.86480000000000,10.14320000000000,10.1504,18428.1366,10.0085,0.1437,9.8648,0.3107,9.9762,0.4502,9.5260,0.0212,18428.1366,NA,NA,NA
ZoomTracks.exe,35460,0x253F08E0920,DXGI,0,512,1,Hardware: Independent Flip,18438.2925,NA,10.01220000000000,9.94270000000000,9.82480000000000,10.07250000000000,10.0809,18438.1451,9.9722,0.1474,9.8248,0.2784,9.9415,0.3892,9.5523,0.0658,18438.1451,NA,20.7529,20.7529
ZoomTracks.exe,35460,0x253F08E0920,DXGI,0,512,1,Hardware: Independent Flip,18448.3992,NA,10.10670000000000,10.06830000000000,9.73230000000000,10.03450000000000,10.0425,18448.1173,10.0142,0.2819,9.7323,0.2477,10.0687,0.6901,9.3786,-0.0961,18448.1173,NA,28.8649,28.8649
ZoomTracks.exe,35460,0x253F08E0920,DXGI,0,512,1,Hardware: Independent Flip,18458.4490,NA,10.04980000000000,10.01730000000000,9.67430000000000,9.90270000000000,10.0100,18458.1315,9.9918,0.3175,9.6743,0.3022,9.9180,0.6482,9.2698,-0.0031,18458.1315,NA,NA,NA
ZoomTracks.exe,35460,0x253F08E0920,DXGI,0,512,1,Hardware: Independent Flip,18468.2742,NA,9.82520000000000,9.96360000000000,9.85420000000000,10.12790000000000,10.1484,18468.1233,10.0051,0.1509,9.8542,0.2284,10.0504,0.5228,9.5276,0.0282,18468.1233,NA,NA,NA
ZoomTracks.exe,35460,0x253F08E0920,DXGI,0,512,1,Hardware: Independent Flip,18478.4411,NA,10.16690000000000,9.96390000000000,9.68280000000000,9.86840000000000,9.9454,18478.1284,9.9955,0.3127,9.6828,0.2737,9.9074,0.5933,9.3141,0.0412,18478.1284,NA,NA,NA
ZoomTracks.exe,35460,0x253F08E0920,DXGI,0,512,1,Hardware: Independent Flip,18488.4136,NA,9.97250000000000,10.05940000000000,9.70910000000000,10.02550000000000,10.0323,18488.1239,9.9988,0.2897,9.7091,0.1856,10.1296,0.7605,9.3691,-0.0639,18488.1239,NA,NA,NA
ZoomTracks.exe,35460,0x253F08E0920,DXGI,0,512,1,Hardware: Independent Flip,18498.2658,NA,9.85220000000000,10.02490000000000,9.86500000000000,10.08160000000000,10.2050,18498.1227,10.0081,0.1431,9.8650,0.3164,9.9083,0.3621,9.5462,-0.0261,18498.1227,NA,NA,NA
ZoomTracks.exe,35460,0x253F08E0920,DXGI,0,512,1,Hardware: Independent Flip,18508.3722,NA,10.10640000000000,9.95270000000000,9.80340000000000,10.03340000000000,10.0513,18508.1308,10.0448,0.2414,9.8034,0.2166,10.0582,0.6104,9.4478,0.0554,18508.1308,NA,NA,NA
ZoomTracks.exe,35460,0x253F08E0920,DXGI,0,512,1,Hardware: Independent Flip,18518.4523,NA,10.08010000000000,10.04580000000000,9.70040000000000,9.92160000000000,10.0170,18518.1756,9.9771,0.2767,9.7004,0.2300,9.9683,0.6301,9.3382,-0.0010,18518.1756,NA,NA,NA
ZoomTracks.exe,35460,0x253F08E0920,DXGI,0,512,1,Hardware: Independent Flip,18528.3893,NA,9.93700000000000,9.98970000000000,9.80210000000000,10.04640000000000,10.0697,18528.1527,10.0387,0.2366,9.8021,0.2212,10.0618,0.6427,9.4191,-0.0126,18528.1527,NA,NA,NA
ZoomTracks.exe,35460,0x253F08E0920,DXGI,0,512,1,Hardware: Independent Flip,18538.4968,NA,10.10750000000000,10.06150000000000,9.71700000000000,9.99780000000000,10.0237,18538.1914,10.0224,0.3054,9.7170,0.2443,10.0589,0.8171,9.2418,-0.0228,18538.1914,NA,13.9182,13.9182
ZoomTracks.exe,35460,0x253F08E0920,DXGI,0,512,1,Hardware: Independent Flip,18548.5612,NA,10.06440000000000,9.98750000000000,9.66260000000000,9.91900000000000,9.9468,18548.2138,10.0100,0.3474,9.6626,0.2808,9.9856,0.7334,9.2522,0.0349,18548.2138,NA,NA,NA
ZoomTracks.exe,35460,0x253F08E0920,DXGI,0,512,1,Hardware: Independent Flip,18558.5453,NA,9.98410000000000,9.93980000000000,9.69170000000000,9.89210000000000,9.9025,18558.2238,10.0132,0.3215,9.6917,0.2564,9.9572,0.7816,9.1756,0.0702,18558.2238,NA,NA,NA
ZoomTracks.exe,35460,0x253F08E0920,DXGI,0,512,1,Hardware: Independent Flip,18568.6228,NA,10.07750000000000,9.97030000000000,9.52810000000000,9.77420000000000,9.7953,18568.2370,9.9139,0.3858,9.5281,0.2004,9.9596,0.7783,9.1813,0.0429,18568.2370,NA,NA,NA
ZoomTracks.exe,35460,0x253F08E0920,DXGI,0,512,1,Hardware: Independent Flip,18578.4477,NA,9.82490000000000,10.09360000000000,9.67830000000000,10.05630000000000,10.0640,18578.1509,9.9751,0.2968,9.6783,0.2461,10.1070,0.7697,9.3373,-0.1797,18578.1509,NA,10.9112,10.9112
ZoomTracks.exe,35460,0x253F08E0920,DXGI,0,512,1,Hardware: Independent Flip,18588.2985,NA,9.85080000000000,9.96230000000000,9.82360000000000,10.16930000000000,10.1755,18588.1260,9.9961,0.1725,9.8236,0.3780,9.9638,0.4849,9.4789,0.0128,18588.1260,NA,NA,NA
ZoomTracks.exe,35460,0x253F08E0920,DXGI,0,512,1,Hardware: Independent Flip,18598.2822,NA,9.98370000000000,9.94180000000000,9.87450000000000,10.11160000000000,10.1336,18598.1221,10.0346,0.1601,9.8745,0.3457,9.9260,0.4073,9.5187,0.0543,18598.1221,NA,NA,NA
ZoomTracks.exe,35460,0x253F08E0920,DXGI,0,512,1,Hardware: Independent Flip,18608.4458,NA,10.16360000000000,10.08100000000000,9.70060000000000,9.91470000000000,10.0510,18608.1567,9.9897,0.2891,9.7006,0.2371,9.9667,0.6269,9.3398,-0.0464,18608.1567,NA,NA,NA
ZoomTracks.exe,35460,0x253F08E0920,DXGI,0,512,1,Hardware: Independent Flip,18618.2876,NA,9.84180000000000,9.89350000000000,9.83750000000000,10.08400000000000,10.1027,18618.1464,9.9787,0.1412,9.8375,0.2141,10.0111,0.5245,9.4866,0.0962,18618.1464,NA,NA,NA
ZoomTracks.exe,35460,0x253F08E0920,DXGI,0,512,1,Hardware: Independent Flip,18628.4183,NA,10.13070000000000,9.99830000000000,9.71790000000000,9.94750000000000,9.9703,18628.1251,10.0111,0.2932,9.7179,0.2465,9.9942,0.6369,9.3573,-0.0196,18628.1251,NA,NA,NA
ZoomTracks.exe,35460,0x253F08E0920,DXGI,0,512,1,Hardware: Independent Flip,18638.4183,NA,10.00000000000000,10.00980000000000,9.70370000000000,9.90370000000000,9.9801,18638.1362,9.9858,0.2821,9.7037,0.2296,9.9562,0.6251,9.3311,0.0013,18638.1362,NA,29.7916,29.7916
ZoomTracks.exe,35460,0x253F08E0920,DXGI,0,512,1,Hardware: Independent Flip,18648.3546,NA,9.93630000000000,10.03230000000000,9.77250000000000,10.06770000000000,10.0761,18648.1220,10.0051,0.2326,9.7725,0.2000,10.1003,0.5984,9.5019,-0.0465,18648.1220,NA,NA,NA
ZoomTracks.exe,35460,0x253F08E0920,DXGI,0,512,1,Hardware: Independent Flip,18658.2622,NA,9.90760000000000,10.02750000000000,9.88710000000000,10.10610000000000,10.1960,18658.1271,10.0222,0.1351,9.8871,0.2952,9.9460,0.3915,9.5545,-0.0224,18658.1271,NA,NA,NA
ZoomTracks.exe,35460,0x253F08E0920,DXGI,0,512,1,Hardware: Independent Flip,18668.3040,NA,10.04180000000000,9.95340000000000,9.85650000000000,10.08750000000000,10.1076,18668.1493,10.0112,0.1547,9.8565,0.2190,10.0232,0.4881,9.5351,0.0688,18668.1493,NA,NA,NA
ZoomTracks.exe,35460,0x253F08E0920,DXGI,0,512,1,Hardware: Independent Flip,18678.4448,NA,10.14080000000000,9.98420000000000,9.70010000000000,9.93200000000000,9.9510,18678.1605,9.9844,0.2843,9.7001,0.2310,9.9853,0.6424,9.3429,0.0270,18678.1605,NA,10.7862,10.7862
ZoomTracks.exe,35460,0x253F08E0920,DXGI,0,512,1,Hardware: Independent Flip,18688.4264,NA,9.98160000000000,10.00610000000000,9.70260000000000,9.96690000000000,9.9755,18688.1449,9.9841,0.2815,9.7026,0.2319,10.0165,0.6752,9.3413,-0.0217,18688.1449,NA,NA,NA
ZoomTracks.exe,35460,0x253F08E0920,DXGI,0,512,1,Hardware: Independent Flip,18698.2810,NA,9.85460000000000,10.01180000000000,9.85180000000000,10.12460000000000,10.1327,18698.1290,10.0038,0.1520,9.8518,0.2643,10.0123,0.6295,9.3828,-0.0277,18698.1290,NA,NA,NA
ZoomTracks.exe,35460,0x253F08E0920,DXGI,0,512,1,Hardware: Independent Flip,18708.2477,NA,9.96670000000000,9.98840000000000,9.88860000000000,10.14700000000000,10.1544,18708.1328,10.0035,0.1149,9.8886,0.2728,9.9891,0.4489,9.5402,0.0154,18708.1328,NA,NA,NA
ZoomTracks.exe,35460,0x253F08E0920,DXGI,0,512,1,Hardware: Independent Flip,18718.4248,NA,10.17710000000000,9.97710000000000,9.72850000000000,9.94640000000000,9.9544,18718.1363,10.0170,0.2885,9.7285,0.2584,9.9765,0.6450,9.3315,0.0264,18718.1363,NA,NA,NA
ZoomTracks.exe,35460,0x253F08E0920,DXGI,0,512,1,Hardware: Independent Flip,18728.4092,NA,9.98440000000000,10.05330000000000,9.71250000000000,10.00220000000000,10.0233,18728.1533,9.9684,0.2559,9.7125,0.2179,10.0402,0.6245,9.4157,-0.0363,18728.1533,NA,29.8191,29.8191
ZoomTracks.exe,35460,0x253F08E0920,DXGI,0,512,1,Hardware: Independent Flip,18738.4398,NA,10.03060000000000,9.95150000000000,9.69810000000000,9.92520000000000,9.9442,18738.1217,10.0162,0.3181,9.6981,0.2897,9.9536,0.6169,9.3367,0.0169,18738.1217,NA,NA,NA
ZoomTracks.exe,35460,0x253F08E0920,DXGI,0,512,1,Hardware: Independent Flip,18748.4245,NA,9.98470000000000,10.00130000000000,9.70760000000000,9.93880000000000,9.9608,18748.1379,9.9942,0.2866,9.7076,0.2271,9.9983,0.6368,9.3615,0.0149,18748.1379,NA,NA,NA
ZoomTracks.exe,35460,0x253F08E0920,DXGI,0,512,1,Hardware: Independent Flip,18758.4145,NA,9.99000000000000,10.04890000000000,9.70810000000000,9.92520000000000,10.0197,18758.1321,9.9905,0.2824,9.7081,0.2312,9.9764,0.6023,9.3741,-0.0547,18758.1321,NA,NA,NA
ZoomTracks.exe,35460,0x253F08E0920,DXGI,0,512,1,Hardware: Independent Flip,18768.2704,NA,9.85590000000000,9.97450000000000,9.86450000000000,10.12980000000000,10.1383,18768.1226,10.0123,0.1478,9.8645,0.2171,10.0605,0.5060,9.5545,0.0160,18768.1226,NA,NA,NA
ZoomTracks.exe,35460,0x253F08E0920,DXGI,0,512,1,Hardware: Independent Flip,18778.2824,NA,10.01200000000000,10.03540000000000,9.87180000000000,10.15290000000000,10.1617,18778.1349,10.0193,0.1475,9.8718,0.2653,10.0351,0.6081,9.4270,-0.0231,18778.1349,NA,NA,NA
ZoomTracks.exe,35460,0x253F08E0920,DXGI,0,512,1,Hardware: Independent Flip,18788.4565,NA,10.17410000000000,9.97520000000000,9.68350000000000,9.95370000000000,9.9628,18788.1542,9.9858,0.3023,9.6835,0.2811,9.9749,0.7121,9.2628,0.0441,18788.1542,NA,NA,NA
ZoomTracks.exe,35460,0x253F08E0920,DXGI,0,512,1,Hardware: Independent Flip,18798.4594,NA,10.00290000000000,9.99640000000000,9.67590000000000,9.93480000000000,9.9563,18798.1400,9.9953,0.3194,9.6759,0.2702,9.9840,0.6561,9.3279,-0.0106,18798.1400,NA,20.8147,20.8147
ZoomTracks.exe,35460,0x253F08E0920,DXGI,0,512,1,Hardware: Independent Flip,18808.4408,NA,9.98140000000000,9.96470000000000,9.67970000000000,9.91540000000000,9.9396,18808.1353,9.9852,0.3055,9.6797,0.2589,9.9620,0.6224,9.3396,0.0306,18808.1353,NA,NA,NA
ZoomTracks.exe,35460,0x253F08E0920,DXGI,0,512,1,Hardware: Independent Flip,18818.3872,NA,9.94640000000000,10.07050000000000,9.74390000000000,10.04010000000000,10.0637,18818.1205,10.0106,0.2667,9.7439,0.2357,10.0711,0.7321,9.3390,-0.0853,18818.1205,NA,NA,NA
ZoomTracks.exe,35460,0x253F08E0920,DXGI,0,512,1,Hardware: Independent Flip,18828.4733,NA,10.08610000000000,9.93840000000000,9.65720000000000,9.90770000000000,9.9160,18828.1311,9.9994,0.3422,9.6572,0.2962,9.9537,0.6535,9.3002,0.0722,18828.1311,NA,NA,NA
ZoomTracks.exe,35460,0x253F08E0920,DXGI,0,512,1,Hardware: Independent Flip,18838.4169,NA,9.94360000000000,9.97590000000000,9.70990000000000,9.92860000000000,9.9483,18838.1305,9.9963,0.2864,9.7099,0.2505,9.9645,0.6095,9.3550,0.0235,18838.1305,NA,NA,NA
ZoomTracks.exe,35460,0x253F08E0920,DXGI,0,512,1,Hardware: Independent Flip,18848.3935,NA,9.97660000000000,10.09370000000000,9.74720000000000,9.98250000000000,10.0654,18848.1268,10.0139,0.2667,9.7472,0.2187,10.0305,0.6474,9.3831,-0.0974,18848.1268,NA,NA,NA
ZoomTracks.exe,35460,0x253F08E0920,DXGI,0,512,1,Hardware: Independent Flip,18858.4191,NA,10.02560000000000,9.99160000000000,9.71670000000000,10.02380000000000,10.0314,18858.1407,9.9951,0.2784,9.7167,0.2353,10.0669,0.6955,9.3714,0.0223,18858.1407,NA,NA,NA
ZoomTracks.exe,35460,0x253F08E0920,DXGI,0,512,1,Hardware: Independent Flip,18868.3109,NA,9.89180000000000,10.01660000000000,9.91890000000000,10.13350000000000,10.1562,18868.1358,10.0940,0.1751,9.9189,0.3071,10.0015,0.7079,9.2936,-0.0215,18868.1358,NA,NA,NA
ZoomTracks.exe,35460,0x253F08E0920,DXGI,0,512,1,Hardware: Independent Flip,18878.4808,NA,10.16990000000000,9.93160000000000,9.65290000000000,9.89520000000000,9.9179,18878.2298,9.9039,0.2510,9.6529,0.2146,9.9316,0.6477,9.2839,0.1624,18878.2298,NA,26.7644,26.7644
ZoomTracks.exe,35460,0x253F08E0920,DXGI,0,512,1,Hardware: Independent Flip,18888.4293,NA,9.94850000000000,10.01950000000000,9.72840000000000,9.96610000000000,9.9889,18888.1337,10.0240,0.2956,9.7284,0.2423,10.0194,0.6407,9.3787,-0.1156,18888.1337,NA,21.8284,21.8284
ZoomTracks.exe,35460,0x253F08E0920,DXGI,0,512,1,Hardware: Independent Flip,18898.4483,NA,10.01900000000000,10.00210000000000,9.68020000000000,9.84910000000000,9.9720,18898.1577,9.9708,0.2906,9.6802,0.2377,9.9020,0.5564,9.3456,0.0219,18898.1577,NA,NA,NA
ZoomTracks.exe,35460,0x253F08E0920,DXGI,0,512,1,Hardware: Independent Flip,18908.3424,NA,9.89410000000000,9.95020000000000,9.79580000000000,10.00950000000000,10.0281,18908.1285,10.0097,0.2139,9.7958,0.1689,10.0545,0.5899,9.4646,0.0206,18908.1285,NA,NA,NA
ZoomTracks.exe,35460,0x253F08E0920,DXGI,0,512,1,Hardware: Independent Flip,18918.4054,NA,10.06300000000000,10.01120000000000,9.71740000000000,9.89670000000000,9.9763,18918.1382,9.9846,0.2672,9.7174,0.2137,9.9502,0.5731,9.3771,-0.0015,18918.1382,NA,NA,NA
ZoomTracks.exe,35460,0x253F08E0920,DXGI,0,512,1,Hardware: Independent Flip,18928.3884,NA,9.98300000000000,10.04490000000000,9.74260000000000,10.01090000000000,10.0382,18928.1228,10.0082,0.2656,9.7426,0.1793,10.0972,0.7551,9.3421,-0.0603,18928.1228,NA,NA,NA
ZoomTracks.exe,35460,0x253F08E0920,DXGI,0,512,1,Hardware: Independent Flip,18938.2545,NA,9.86610000000000,9.94650000000000,9.87000000000000,10.03460000000000,10.1186,18938.1310,9.9935,0.1235,9.8700,0.2683,9.8898,0.5405,9.3493,0.0617,18938.1310,NA,NA,NA
ZoomTracks.exe,35460,0x253F08E0920,DXGI,0,512,1,Hardware: Independent Flip,18948.3145,NA,10.06000000000000,9.99680000000000,9.80320000000000,10.04680000000000,10.0554,18948.1245,9.9932,0.1900,9.8032,0.1646,10.0722,0.5511,9.5211,-0.0033,18948.1245,NA,NA,NA
ZoomTracks.exe,35460,0x253F08E0920,DXGI,0,512,1,Hardware: Independent Flip,18958.3785,NA,10.06400000000000,10.07810000000000,9.75210000000000,9.96730000000000,10.0695,18958.1177,10.0129,0.2608,9.7521,0.2436,9.9845,0.6180,9.3665,-0.0849,18958.1177,NA,NA,NA
ZoomTracks.exe,35460,0x253F08E0920,DXGI,0,512,1,Hardware: Independent Flip,18968.3896,NA,10.01110000000000,9.93870000000000,9.73500000000000,9.98960000000000,9.9971,18968.1306,9.9940,0.2590,9.7350,0.2152,10.0334,0.6712,9.3622,0.0742,18968.1306,NA,NA,NA
ZoomTracks.exe,35460,0x253F08E0920,DXGI,0,512,1,Hardware: Independent Flip,18978.2605,NA,9.87090000000000,10.03130000000000,9.86310000000000,10.15040000000000,10.1575,18978.1246,9.9990,0.1359,9.8631,0.2546,10.0317,0.4551,9.5766,-0.0373,18978.1246,NA,28.8135,28.8135
ZoomTracks.exe,35460,0x253F08E0920,DXGI,0,512,1,Hardware: Independent Flip,18988.2679,NA,10.00740000000000,10.03240000000000,9.84520000000000,10.17390000000000,10.1825,18988.1236,9.9895,0.1443,9.8452,0.2873,10.0309,0.4951,9.5358,-0.0334,18988.1236,NA,25.8095,25.8095
ZoomTracks.exe,35460,0x253F08E0920,DXGI,0,512,1,Hardware: Independent Flip,18998.2602,NA,9.99230000000000,9.92550000000000,9.86390000000000,10.09510000000000,10.1157,18998.1131,10.0110,0.1471,9.8639,0.3287,9.9135,0.3955,9.5180,0.0640,18998.1131,NA,NA,NA
ZoomTracks.exe,35460,0x253F08E0920,DXGI,0,512,1,Hardware: Independent Flip,19008.4045,NA,10.14430000000000,10.02190000000000,9.72110000000000,9.96660000000000,9.9933,19008.1241,10.0015,0.2804,9.7211,0.2312,10.0158,0.6406,9.3752,-0.0109,19008.1241,NA,NA,NA
ZoomTracks.exe,35460,0x253F08E0920,DXGI,0,512,1,Hardware: Independent Flip,19018.4056,NA,10.00110000000000,10.07620000000000,9.79330000000000,10.04190000000000,10.0684,19018.1256,10.0733,0.2800,9.7933,0.2455,10.0764,0.6967,9.3797,-0.0747,19018.1256,NA,NA,NA
ZoomTracks.exe,35460,0x253F08E0920,DXGI,0,512,1,Hardware: Independent Flip,19028.5100,NA,10.10440000000000,10.06970000000000,9.74230000000000,10.00230000000000,10.0337,19028.1989,10.0534,0.3111,9.7423,0.2486,10.0648,0.7527,9.3121,0.0036,19028.1989,NA,12.9234,12.9234
ZoomTracks.exe,35460,0x253F08E0920,DXGI,0,512,1,Hardware: Independent Flip,19038.5760,NA,10.06600000000000,9.94020000000000,9.63910000000000,9.88020000000000,9.9079,19038.2523,9.9628,0.3237,9.6391,0.2600,9.9439,0.6870,9.2569,0.1132,19038.2523,NA,NA,NA
ZoomTracks.exe,35460,0x253F08E0920,DXGI,0,512,1,Hardware: Independent Flip,19048.6174,NA,10.04140000000000,9.89980000000000,9.51040000000000,9.74690000000000,9.7663,19048.2151,9.9127,0.4023,9.5104,0.2411,9.9081,0.6411,9.2670,0.0630,19048.2151,NA,NA,NA
ZoomTracks.exe,35460,0x253F08E0920,DXGI,0,512,1,Hardware: Independent Flip,19058.4110,NA,9.79360000000000,9.99360000000000,9.72650000000000,9.94630000000000,9.9663,19058.1278,10.0097,0.2832,9.7265,0.2365,9.9930,0.6323,9.3607,-0.0809,19058.1278,NA,NA,NA
ZoomTracks.exe,35460,0x253F08E0920,DXGI,0,512,1,Hardware: Independent Flip,19068.4062,NA,9.99520000000000,10.02540000000000,9.70940000000000,9.98830000000000,9.9965,19068.1375,9.9781,0.2687,9.7094,0.2198,10.0372,0.6837,9.3535,-0.0157,19068.1375,NA,NA,NA
ZoomTracks.exe,35460,0x253F08E0920,DXGI,0,512,1,Hardware: Independent Flip,19078.2532,NA,9.84700000000000,9.99340000000000,9.86630000000000,10.12170000000000,10.1429,19078.1156,10.0039,0.1376,9.8663,0.2789,9.9804,0.4110,9.5694,-0.0153,19078.1156,NA,NA,NA
ZoomTracks.exe,35460,0x253F08E0920,DXGI,0,512,1,Hardware: Independent Flip,19088.4031,NA,10.14990000000000,10.02200000000000,9.74850000000000,9.99430000000000,10.0150,19088.1195,10.0321,0.2836,9.7485,0.2554,10.0225,0.6572,9.3653,-0.0181,19088.1195,NA,NA,NA
ZoomTracks.exe,35460,0x253F08E0920,DXGI,0,512,1,Hardware: Independent Flip,19098.4477,NA,10.04460000000000,9.98900000000000,9.67870000000000,9.86470000000000,9.9594,19098.1516,9.9748,0.2961,9.6787,0.2458,9.9150,0.5826,9.3324,0.0431,19098.1516,NA,NA,NA
ZoomTracks.exe,35460,0x253F08E0920,DXGI,0,512,1,Hardware: Independent Flip,19108.3392,NA,9.89150000000000,10.04860000000000,9.79070000000000,10.10610000000000,10.1165,19108.1264,10.0035,0.2128,9.7907,0.1860,10.1329,0.7481,9.3848,-0.0738,19108.1264,NA,NA,NA
ZoomTracks.exe,35460,0x253F08E0920,DXGI,0,512,1,Hardware: Independent Flip,19118.2663,NA,9.92710000000000,10.01410000000000,9.87060000000000,10.08100000000000,10.2035,19118.1299,10.0070,0.1364,9.8706,0.3154,9.9020,0.3850,9.5170,-0.0106,19118.1299,NA,25.8524,25.8524
ZoomTracks.exe,35460,0x253F08E0920,DXGI,0,512,1,Hardware: Independent Flip,19128.3729,NA,10.10660000000000,9.91240000000000,9.75670000000000,9.98760000000000,10.0093,19128.1369,9.9927,0.2360,9.7567,0.2104,10.0132,0.5819,9.4313,0.0946,19128.1369,NA,NA,NA
ZoomTracks.exe,35460,0x253F08E0920,DXGI,0,512,1,Hardware: Independent Flip,19138.3894,NA,10.01650000000000,9.98490000000000,9.72880000000000,9.95430000000000,9.9777,19138.1296,9.9886,0.2598,9.7288,0.2309,9.9832,0.5548,9.4284,0.0078,19138.1296,NA,27.7571,27.7571
ZoomTracks.exe,35460,0x253F08E0920,DXGI,0,512,1,Hardware: Independent Flip,19148.3741,NA,9.98470000000000,10.03690000000000,9.77570000000000,10.00690000000000,10.0299,19148.1182,10.0316,0.2559,9.7757,0.2255,10.0373,0.6461,9.3912,-0.0483,19148.1182,NA,NA,NA
ZoomTracks.exe,35460,0x253F08E0920,DXGI,0,512,1,Hardware: Independent Flip,19158.4111,NA,10.03700000000000,9.99820000000000,9.72260000000000,9.90350000000000,9.9911,19158.1498,9.9839,0.2613,9.7226,0.2312,9.9336,0.5952,9.3384,0.0334,19158.1498,NA,NA,NA
ZoomTracks.exe,35460,0x253F08E0920,DXGI,0,512,1,Hardware: Independent Flip,19168.3542,NA,9.94310000000000,9.98790000000000,9.77390000000000,10.02650000000000,10.0359,19168.1337,9.9944,0.2205,9.7739,0.1809,10.0661,0.7484,9.3177,-0.0040,19168.1337,NA,NA,NA
ZoomTracks.exe,35460,0x253F08E0920,DXGI,0,512,1,Hardware: Independent Flip,19178.3996,NA,10.04540000000000,10.03570000000000,9.74610000000000,9.95020000000000,10.0262,19178.1281,10.0176,0.2715,9.7461,0.2526,9.9691,0.6128,9.3563,-0.0413,19178.1281,NA,NA,NA
ZoomTracks.exe,35460,0x253F08E0920,DXGI,0,512,1,Hardware: Independent Flip,19188.4569,NA,10.05730000000000,10.00010000000000,9.67460000000000,9.96130000000000,9.9690,19188.1457,9.9858,0.3112,9.6746,0.2041,10.0684,0.7347,9.3337,0.0175,19188.1457,NA,NA,NA
ZoomTracks.exe,35460,0x253F08E0920,DXGI,0,512,1,Hardware: Independent Flip,19198.3065,NA,9.84960000000000,9.95830000000000,9.81820000000000,10.05650000000000,10.0777,19198.1315,9.9932,0.1750,9.8182,0.2867,9.9448,0.4095,9.5353,0.0275,19198.1315,NA,NA,NA
ZoomTracks.exe,35460,0x253F08E0920,DXGI,0,512,1,Hardware: Independent Flip,19208.4041,NA,10.09760000000000,10.03280000000000,9.72240000000000,10.00490000000000,10.0129,19208.1247,10.0018,0.2794,9.7224,0.2383,10.0460,0.6667,9.3793,-0.0396,19208.1247,NA,NA,NA
ZoomTracks.exe,35460,0x253F08E0920,DXGI,0,512,1,Hardware: Independent Flip,19218.2498,NA,9.84570000000000,10.06440000000000,9.92640000000000,10.12030000000000,10.2316,19218.1265,10.0497,0.1233,9.9264,0.2825,9.9611,0.3962,9.5649,-0.0626,19218.1265,NA,NA,NA
ZoomTracks.exe,35460,0x253F08E0920,DXGI,0,512,1,Hardware: Independent Flip,19228.4203,NA,10.17050000000000,9.97220000000000,9.70930000000000,9.99520000000000,10.0333,19228.1762,9.9534,0.2441,9.7093,0.1939,10.0454,0.6850,9.3604,0.0775,19228.1762,NA,29.8345,29.8345
ZoomTracks.exe,35460,0x253F08E0920,DXGI,0,512,1,Hardware: Independent Flip,19238.4265,NA,10.00620000000000,9.91550000000000,9.69740000000000,9.93440000000000,9.9426,19238.1296,9.9943,0.2969,9.6974,0.2859,9.9454,0.6396,9.3058,0.0379,19238.1296,NA,NA,NA
ZoomTracks.exe,35460,0x253F08E0920,DXGI,0,512,1,Hardware: Independent Flip,19248.3957,NA,9.96920000000000,10.00170000000000,9.71600000000000,9.95330000000000,9.9751,19248.1239,9.9878,0.2718,9.7160,0.2370,9.9881,0.6168,9.3713,-0.0074,19248.1239,NA,NA,NA
ZoomTracks.exe,35460,0x253F08E0920,DXGI,0,512,1,Hardware: Independent Flip,19258.3580,NA,9.96230000000000,10.03640000000000,9.75980000000000,10.02460000000000,10.0492,19258.1117,10.0061,0.2463,9.7598,0.2373,10.0336,0.5960,9.4376,-0.0486,19258.1117,NA,NA,NA
ZoomTracks.exe,35460,0x253F08E0920,DXGI,0,512,1,Hardware: Independent Flip,19268.4139,NA,10.05590000000000,9.97540000000000,9.71250000000000,9.94590000000000,9.9687,19268.1178,10.0086,0.2961,9.7125,0.2648,9.9772,0.6275,9.3497,0.0307,19268.1178,NA,NA,NA
ZoomTracks.exe,35460,0x253F08E0920,DXGI,0,512,1,Hardware: Independent Flip,19278.3891,NA,9.97520000000000,10.00970000000000,9.72960000000000,9.99560000000000,10.0032,19278.1264,9.9923,0.2627,9.7296,0.2334,10.0249,0.6980,9.3269,-0.0011,19278.1264,NA,NA,NA
ZoomTracks.exe,35460,0x253F08E0920,DXGI,0,512,1,Hardware: Independent Flip,19288.2623,NA,9.87320000000000,10.02000000000000,9.85720000000000,10.14210000000000,10.1500,19288.1187,10.0008,0.1436,9.8572,0.2660,10.0197,0.4753,9.5444,-0.0277,19288.1187,NA,22.7978,22.7978
ZoomTracks.exe,35460,0x253F08E0920,DXGI,0,512,1,Hardware: Independent Flip,19298.2515,NA,9.98920000000000,10.01340000000000,9.94850000000000,10.15230000000000,10.1742,19298.1195,10.0805,0.1320,9.9485,0.2849,9.9994,0.4211,9.5783,-0.0126,19298.1195,NA,24.8150,24.8150
ZoomTracks.exe,35460,0x253F08E0920,DXGI,0,512,1,Hardware: Independent Flip,19308.4530,NA,10.20150000000000,9.97800000000000,9.66520000000000,9.94400000000000,9.9507,19308.2000,9.9182,0.2530,9.6652,0.2038,9.9932,0.6771,9.3161,0.1025,19308.2000,NA,NA,NA
ZoomTracks.exe,35460,0x253F08E0920,DXGI,0,512,1,Hardware: Independent Flip,19318.2615,NA,9.80850000000000,9.98410000000000,9.86500000000000,10.11750000000000,10.1263,19318.1182,10.0083,0.1433,9.8650,0.2788,9.9820,0.4359,9.5461,-0.0659,19318.1182,NA,NA,NA
ZoomTracks.exe,35460,0x253F08E0920,DXGI,0,512,1,Hardware: Independent Flip,19328.3944,NA,10.13290000000000,10.02600000000000,9.72290000000000,9.99260000000000,10.0194,19328.1265,9.9908,0.2679,9.7229,0.2525,10.0080,0.6575,9.3505,-0.0177,19328.1265,NA,NA,NA
ZoomTracks.exe,35460,0x253F08E0920,DXGI,0,512,1,Hardware: Independent Flip,19338.2418,NA,9.84740000000000,9.94450000000000,9.86990000000000,10.09590000000000,10.1165,19338.1173,9.9944,0.1245,9.8699,0.2697,9.9507,0.6026,9.3481,0.0463,19338.1173,NA,NA,NA
ZoomTracks.exe,35460,0x253F08E0920,DXGI,0,512,1,Hardware: Independent Flip,19348.3830,NA,10.14120000000000,10.02820000000000,9.77180000000000,9.98620000000000,10.0035,19348.1117,10.0431,0.2713,9.7718,0.2260,10.0315,0.6281,9.4034,-0.0338,19348.1117,NA,NA,NA
ZoomTracks.exe,35460,0x253F08E0920,DXGI,0,512,1,Hardware: Independent Flip,19358.4127,NA,10.02970000000000,10.00630000000000,9.69890000000000,9.89750000000000,9.9801,19358.1548,9.9568,0.2579,9.6989,0.2144,9.9410,0.5991,9.3419,0.0368,19358.1548,NA,NA,NA
ZoomTracks.exe,35460,0x253F08E0920,DXGI,0,512,1,Hardware: Independent Flip,19368.3993,NA,9.98660000000000,9.98390000000000,9.72250000000000,9.96910000000000,9.9774,19368.1116,10.0102,0.2877,9.7225,0.1986,10.0582,0.6903,9.3679,-0.0271,19368.1116,NA,NA,NA
ZoomTracks.exe,35460,0x253F08E0920,DXGI,0,512,1,Hardware: Independent Flip,19378.3834,NA,9.98410000000000,10.04800000000000,9.76450000000000,9.96520000000000,10.0413,19378.1218,10.0261,0.2616,9.7645,0.2466,9.9802,0.6309,9.3493,-0.0378,19378.1218,NA,NA,NA
ZoomTracks.exe,35460,0x253F08E0920,DXGI,0,512,1,Hardware: Independent Flip,19388.3606,NA,9.97720000000000,9.97020000000000,9.76290000000000,10.02750000000000,10.0343,19388.1479,9.9756,0.2127,9.7629,0.2007,10.0395,0.5653,9.4742,0.0559,19388.1479,NA,NA,NA
ZoomTracks.exe,35460,0x253F08E0920,DXGI,0,512,1,Hardware: Independent Flip,19398.2598,NA,9.89920000000000,10.01290000000000,9.87120000000000,10.14140000000000,10.1480,19398.1235,10.0075,0.1363,9.8712,0.2646,10.0131,0.4258,9.5873,-0.0373,19398.1235,NA,28.8106,28.8106
ZoomTracks.exe,35460,0x253F08E0920,DXGI,0,512,1,Hardware: Independent Flip,19408.2614,NA,10.00160000000000,10.01300000000000,9.86440000000000,10.15180000000000,10.1594,19408.1310,9.9948,0.1304,9.8644,0.2702,10.0120,0.4627,9.5493,-0.0055,19408.1310,NA,24.7877,24.7877
ZoomTracks.exe,35460,0x253F08E0920,DXGI,0,512,1,Hardware: Independent Flip,19418.2723,NA,10.01090000000000,9.92570000000000,9.83760000000000,10.06710000000000,10.0742,19418.1258,9.9841,0.1465,9.8376,0.2874,9.9262,0.3638,9.5624,0.0691,19418.1258,NA,NA,NA
ZoomTracks.exe,35460,0x253F08E0920,DXGI,0,512,1,Hardware: Independent Flip,19428.3785,NA,10.10620000000000,10.10600000000000,9.76560000000000,10.06570000000000,10.0740,19428.1099,10.0342,0.2686,9.7656,0.2295,10.1048,0.7184,9.3864,-0.1219,19428.1099,NA,NA,NA
ZoomTracks.exe,35460,0x253F08E0920,DXGI,0,512,1,Hardware: Independent Flip,19438.2837,NA,9.90520000000000,9.95040000000000,9.83230000000000,9.97900000000000,10.1192,19438.1441,9.9719,0.1396,9.8323,0.3001,9.8185,0.3054,9.5131,0.0838,19438.1441,NA,NA,NA
ZoomTracks.exe,35460,0x253F08E0920,DXGI,0,512,1,Hardware: Independent Flip,19448.3145,NA,10.03080000000000,9.98090000000000,9.81070000000000,10.04580000000000,10.0693,19448.1160,10.0092,0.1985,9.8107,0.1467,10.0976,0.5534,9.5442,-0.0090,19448.1160,NA,NA,NA
ZoomTracks.exe,35460,0x253F08E0920,DXGI,0,512,1,Hardware: Independent Flip,19458.3832,NA,10.06870000000000,10.09810000000000,9.74450000000000,9.93770000000000,10.0987,19458.1252,10.0025,0.2580,9.7445,0.2351,9.9606,0.6136,9.3470,-0.0889,19458.1252,NA,NA,NA
ZoomTracks.exe,35460,0x253F08E0920,DXGI,0,512,1,Hardware: Independent Flip,19468.3474,NA,9.96420000000000,9.87260000000000,9.77490000000000,9.99040000000000,10.0071,19468.1277,9.9946,0.2197,9.7749,0.1932,10.0169,0.5416,9.4753,0.1299,19468.1277,NA,NA,NA
ZoomTracks.exe,35460,0x253F08E0920,DXGI,0,512,1,Hardware: Independent Flip,19478.3807,NA,10.03330000000000,10.05770000000000,9.74830000000000,10.00920000000000,10.0315,19478.1223,10.0067,0.2584,9.7483,0.2155,10.0521,0.6866,9.3655,-0.0631,19478.1223,NA,NA,NA
ZoomTracks.exe,35460,0x253F08E0920,DXGI,0,512,1,Hardware: Independent Flip,19488.4446,NA,10.06390000000000,10.01020000000000,9.69400000000000,9.95660000000000,9.9778,19488.1290,10.0096,0.3156,9.6940,0.2609,10.0113,0.6736,9.3377,-0.0035,19488.1290,NA,NA,NA
ZoomTracks.exe,35460,0x253F08E0920,DXGI,0,512,1,Hardware: Independent Flip,19498.4531,NA,10.00850000000000,9.96450000000000,9.66200000000000,9.91400000000000,9.9338,19498.1386,9.9765,0.3145,9.6620,0.2626,9.9659,0.6547,9.3112,0.0451,19498.1386,NA,NA,NA
ZoomTracks.exe,35460,0x253F08E0920,DXGI,0,512,1,Hardware: Independent Flip,19508.4128,NA,9.95970000000000,10.10230000000000,9.71890000000000,10.06850000000000,10.0764,19508.1151,10.0166,0.2977,9.7189,0.2520,10.1142,0.7440,9.3702,-0.1258,19508.1151,NA,25.8672,25.8672
ZoomTracks.exe,35460,0x253F08E0920,DXGI,0,512,1,Hardware: Independent Flip,19518.5218,NA,10.10900000000000,9.94860000000000,9.61170000000000,9.81090000000000,9.9160,19518.1317,10.0018,0.3901,9.6117,0.3496,9.8514,0.6064,9.2450,0.0680,19518.1317,NA,20.8346,20.8346
ZoomTracks.exe,35460,0x253F08E0920,DXGI,0,512,1,Hardware: Independent Flip,19528.3901,NA,9.86830000000000,9.97020000000000,9.73800000000000,9.99780000000000,10.0179,19528.1335,9.9946,0.2566,9.7380,0.1992,10.0552,0.6625,9.3927,0.0316,19528.1335,NA,NA,NA
ZoomTracks.exe,35460,0x253F08E0920,DXGI,0,512,1,Hardware: Independent Flip,19538.4350,NA,10.04490000000000,10.01350000000000,9.70330000000000,9.87310000000000,9.9865,19538.1281,10.0102,0.3069,9.7033,0.2598,9.9202,0.5821,9.3381,-0.0189,19538.1281,NA,NA,NA
ZoomTracks.exe,35460,0x253F08E0920,DXGI,0,512,1,Hardware: Independent Flip,19548.3491,NA,9.91410000000000,10.00000000000000,9.78490000000000,10.06410000000000,10.0724,19548.1383,9.9957,0.2108,9.7849,0.1698,10.1051,0.6262,9.4789,0.0102,19548.1383,NA,NA,NA
ZoomTracks.exe,35460,0x253F08E0920,DXGI,0,512,1,Hardware: Independent Flip,19558.4287,NA,10.07960000000000,10.01240000000000,9.69510000000000,9.88630000000000,10.0052,19558.1340,9.9898,0.2947,9.6951,0.2792,9.9018,0.5731,9.3287,-0.0167,19558.1340,NA,NA,NA
ZoomTracks.exe,35460,0x253F08E0920,DXGI,0,512,1,Hardware: Independent Flip,19568.3437,NA,9.91500000000000,9.99580000000000,9.79570000000000,10.06400000000000,10.0860,19568.1238,10.0156,0.2199,9.7957,0.1912,10.0927,0.6388,9.4539,-0.0060,19568.1238,NA,NA,NA
ZoomTracks.exe,35460,0x253F08E0920,DXGI,0,512,1,Hardware: Independent Flip,19578.4363,NA,10.09260000000000,10.09700000000000,9.69030000000000,10.00320000000000,10.0904,19578.1394,9.9872,0.2969,9.6903,0.2683,10.0318,0.7021,9.3297,-0.0814,19578.1394,NA,26.9014,26.9014
ZoomTracks.exe,35460,0x253F08E0920,DXGI,0,512,1,Hardware: Independent Flip,19588.2657,NA,9.82940000000000,9.89850000000000,9.87140000000000,10.13900000000000,10.1595,19588.1266,10.0105,0.1391,9.8714,0.3129,9.9652,0.4604,9.5048,0.0887,19588.1266,NA,NA,NA
ZoomTracks.exe,35460,0x253F08E0920,DXGI,0,512,1,Hardware: Independent Flip,19598.4536,NA,10.18790000000000,9.97160000000000,9.69260000000000,9.92180000000000,9.9432,19598.1371,10.0091,0.3165,9.6926,0.2676,9.9707,0.6324,9.3383,0.0389,19598.1371,NA,NA,NA
ZoomTracks.exe,35460,0x253F08E0920,DXGI,0,512,1,Hardware: Independent Flip,19608.4284,NA,9.97480000000000,10.06830000000000,9.70710000000000,9.92190000000000,10.0367,19608.1462,9.9893,0.2822,9.7071,0.2292,9.9749,0.6272,9.3477,-0.0592,19608.1462,NA,25.8375,25.8375
ZoomTracks.exe,35460,0x253F08E0920,DXGI,0,512,1,Hardware: Independent Flip,19618.2846,NA,9.85620000000000,9.92440000000000,9.84490000000000,10.07520000000000,10.1049,19618.1355,9.9940,0.1491,9.8449,0.2148,10.0095,0.4993,9.5102,0.0649,19618.1355,NA,NA,NA
ZoomTracks.exe,35460,0x253F08E0920,DXGI,0,512,1,Hardware: Independent Flip,19628.4215,NA,10.13690000000000,9.99290000000000,9.70830000000000,9.94050000000000,9.9609,19628.1295,10.0003,0.2920,9.7083,0.2303,10.0022,0.6379,9.3643,0.0011,19628.1295,NA,NA,NA
ZoomTracks.exe,35460,0x253F08E0920,DXGI,0,512,1,Hardware: Independent Flip,19638.4115,NA,9.99000000000000,9.99800000000000,9.72090000000000,9.89210000000000,9.9689,19638.1298,10.0026,0.2817,9.7209,0.2322,9.9416,0.5761,9.3655,0.0023,19638.1298,NA,NA,NA
ZoomTracks.exe,35460,0x253F08E0920,DXGI,0,512,1,Hardware: Independent Flip,19648.3872,NA,9.97570000000000,9.99550000000000,9.74040000000000,9.96790000000000,9.9887,19648.1324,9.9952,0.2548,9.7404,0.1712,10.0515,0.6181,9.4334,0.0071,19648.1324,NA,NA,NA
ZoomTracks.exe,35460,0x253F08E0920,DXGI,0,512,1,Hardware: Independent Flip,19658.4029,NA,10.01570000000000,10.00810000000000,9.72180000000000,9.95700000000000,9.9811,19658.1276,9.9971,0.2753,9.7218,0.2275,10.0048,0.6360,9.3688,-0.0129,19658.1276,NA,NA,NA
ZoomTracks.exe,35460,0x253F08E0920,DXGI,0,512,1,Hardware: Independent Flip,19668.3912,NA,9.98830000000000,10.06990000000000,9.73810000000000,10.04160000000000,10.0627,19668.1247,10.0046,0.2665,9.7381,0.2352,10.0729,0.7066,9.3663,-0.0728,19668.1247,NA,NA,NA
ZoomTracks.exe,35460,0x253F08E0920,DXGI,0,512,1,Hardware: Independent Flip,19678.4852,NA,10.09400000000000,9.93310000000000,9.63660000000000,9.81390000000000,9.9018,19678.1293,9.9925,0.3559,9.6366,0.3035,9.8663,0.5759,9.2904,0.0715,19678.1293,NA,23.7951,23.7951
ZoomTracks.exe,35460,0x253F08E0920,DXGI,0,512,1,Hardware: Independent Flip,19688.3942,NA,9.90900000000000,9.99920000000000,9.72330000000000,9.98390000000000,9.9920,19688.1218,9.9957,0.2724,9.7233,0.1773,10.0790,0.6446,9.4344,-0.0067,19688.1218,NA,NA,NA
ZoomTracks.exe,35460,0x253F08E0920,DXGI,0,512,1,Hardware: Independent Flip,19698.2376,NA,9.84340000000000,10.06760000000000,9.91800000000000,10.10650000000000,10.2162,19698.1175,10.0381,0.1201,9.9180,0.2606,9.9660,0.3533,9.6127,-0.0719,19698.1175,NA,NA,NA
ZoomTracks.exe,35460,0x253F08E0920,DXGI,0,512,1,Hardware: Independent Flip,19708.3857,NA,10.14810000000000,9.95530000000000,9.75900000000000,10.01620000000000,10.0234,19708.1556,9.9891,0.2301,9.7590,0.1885,10.0578,0.6545,9.4033,0.0828,19708.1556,NA,NA,NA
ZoomTracks.exe,35460,0x253F08E0920,DXGI,0,512,1,Hardware: Independent Flip,19718.4400,NA,10.05430000000000,9.97910000000000,9.70960000000000,9.92110000000000,9.9482,19718.1447,10.0049,0.2953,9.7096,0.2572,9.9592,0.6126,9.3466,0.0100,19718.1447,NA,NA,NA
ZoomTracks.exe,35460,0x253F08E0920,DXGI,0,512,1,Hardware: Independent Flip,19728.4241,NA,9.98410000000000,10.13000000000000,9.74460000000000,10.06850000000000,10.0941,19728.1496,10.0191,0.2745,9.7446,0.2115,10.1315,0.7379,9.3936,-0.1251,19728.1496,NA,NA,NA
ZoomTracks.exe,35460,0x253F08E0920,DXGI,0,512,1,Hardware: Independent Flip,19738.3199,NA,9.89580000000000,9.94200000000000,9.81680000000000,9.99880000000000,10.1403,19738.1687,9.9680,0.1512,9.8168,0.3239,9.8261,0.5604,9.2657,0.0771,19738.1687,NA,NA,NA
ZoomTracks.exe,35460,0x253F08E0920,DXGI,0,512,1,Hardware: Independent Flip,19748.3654,NA,10.04550000000000,9.95860000000000,9.78110000000000,10.04490000000000,10.0534,19748.1367,10.0098,0.2287,9.7811,0.1820,10.0916,0.6908,9.4008,0.0094,19748.1367,NA,NA,NA
ZoomTracks.exe,35460,0x253F08E0920,DXGI,0,512,1,Hardware: Independent Flip,19758.4563,NA,10.09090000000000,10.08080000000000,9.70580000000000,9.88830000000000,10.0433,19758.1465,10.0156,0.3098,9.7058,0.2638,9.9343,0.6329,9.3014,-0.0710,19758.1465,NA,22.8717,22.8717
ZoomTracks.exe,35460,0x253F08E0920,DXGI,0,512,1,Hardware: Independent Flip,19768.3878,NA,9.93150000000000,9.96010000000000,9.76050000000000,10.04620000000000,10.0719,19768.1621,9.9862,0.2257,9.7605,0.1825,10.0894,0.7060,9.3834,0.0555,19768.1621,NA,NA,NA
ZoomTracks.exe,35460,0x253F08E0920,DXGI,0,512,1,Hardware: Independent Flip,19778.4765,NA,10.08870000000000,9.97430000000000,9.67720000000000,9.85160000000000,9.9575,19778.1483,10.0054,0.3282,9.6772,0.2857,9.8941,0.5781,9.3160,0.0119,19778.1483,NA,NA,NA
ZoomTracks.exe,35460,0x253F08E0920,DXGI,0,512,1,Hardware: Independent Flip,19788.3721,NA,9.89560000000000,10.00210000000000,9.78440000000000,10.04260000000000,10.0640,19788.1537,10.0028,0.2184,9.7844,0.1744,10.0866,0.6370,9.4496,0.0033,19788.1537,NA,NA,NA
ZoomTracks.exe,35460,0x253F08E0920,DXGI,0,512,1,Hardware: Independent Flip,19798.4773,NA,10.10520000000000,10.04660000000000,9.66850000000000,9.89240000000000,10.0054,19798.1565,9.9893,0.3208,9.6685,0.2582,9.9550,0.6412,9.3138,-0.0438,19798.1565,NA,NA,NA
ZoomTracks.exe,35460,0x253F08E0920,DXGI,0,512,1,Hardware: Independent Flip,19808.3958,NA,9.91850000000000,9.93110000000000,9.75600000000000,9.99860000000000,10.0180,19808.1458,10.0060,0.2500,9.7560,0.2239,10.0247,0.6611,9.3636,0.0582,19808.1458,NA,NA,NA
ZoomTracks.exe,35460,0x253F08E0920,DXGI,0,512,1,Hardware: Independent Flip,19818.4502,NA,10.05440000000000,9.94970000000000,9.67240000000000,9.89440000000000,9.9133,19818.1518,9.9708,0.2984,9.6724,0.2426,9.9502,0.6026,9.3476,0.0563,19818.1518,NA,NA,NA
ZoomTracks.exe,35460,0x253F08E0920,DXGI,0,512,1,Hardware: Independent Flip,19828.3999,NA,9.94970000000000,10.03420000000000,9.75270000000000,9.97820000000000,9.9978,19828.1226,10.0300,0.2773,9.7527,0.2220,10.0335,0.6435,9.3900,-0.0634,19828.1226,NA,NA,NA
ZoomTracks.exe,35460,0x253F08E0920,DXGI,0,512,1,Hardware: Independent Flip,19838.4510,NA,10.05110000000000,10.01150000000000,9.68090000000000,9.87860000000000,9.9582,19838.1526,9.9793,0.2984,9.6809,0.2255,9.9515,0.5887,9.3628,0.0185,19838.1526,NA,NA,NA
ZoomTracks.exe,35460,0x253F08E0920,DXGI,0,512,1,Hardware: Independent Flip,19848.3635,NA,9.91250000000000,10.03460000000000,9.76580000000000,10.06120000000000,10.0803,19848.1319,9.9974,0.2316,9.7658,0.1977,10.0951,0.6068,9.4883,-0.0553,19848.1319,NA,23.8217,23.8217
ZoomTracks.exe,35460,0x253F08E0920,DXGI,0,512,1,Hardware: Independent Flip,19858.4572,NA,10.09370000000000,10.06090000000000,9.82280000000000,9.96690000000000,10.0475,19858.1293,10.1507,0.3279,9.8228,0.2954,9.9994,0.6299,9.3695,-0.0635,19858.1293,NA,NA,NA
ZoomTracks.exe,35460,0x253F08E0920,DXGI,0,512,1,Hardware: Independent Flip,19868.6794,NA,10.22220000000000,9.99380000000000,9.58450000000000,9.80780000000000,9.8191,19868.2800,9.9839,0.3994,9.5845,0.1441,10.0631,0.9402,9.1229,0.1569,19868.2800,NA,22.8785,22.8785
ZoomTracks.exe,35460,0x253F08E0920,DXGI,0,512,1,Hardware: Independent Flip,19878.7345,NA,10.05510000000000,10.01690000000000,9.54440000000000,9.76270000000000,9.7809,19878.2639,10.0150,0.4706,9.5444,0.2233,10.0100,0.9296,9.0804,-0.0330,19878.2639,NA,NA,NA
ZoomTracks.exe,35460,0x253F08E0920,DXGI,0,512,1,Hardware: Independent Flip,19888.6963,NA,9.96180000000000,9.99300000000000,9.50220000000000,9.78470000000000,9.8121,19888.2789,9.9196,0.4174,9.5022,0.2183,9.9838,0.9112,9.0726,0.0220,19888.2789,NA,NA,NA
ZoomTracks.exe,35460,0x253F08E0920,DXGI,0,512,1,Hardware: Independent Flip,19898.5465,NA,9.85020000000000,9.86190000000000,9.59830000000000,9.80260000000000,9.8238,19898.1985,9.9463,0.3480,9.5983,0.2825,9.8681,0.6299,9.2382,0.0577,19898.1985,NA,NA,NA
ZoomTracks.exe,35460,0x253F08E0920,DXGI,0,512,1,Hardware: Independent Flip,19908.4125,NA,9.86600000000000,10.03800000000000,9.74570000000000,9.97720000000000,9.9958,19908.1448,10.0134,0.2677,9.7457,0.2043,10.0406,0.6480,9.3926,-0.0917,19908.1448,NA,NA,NA
ZoomTracks.exe,35460,0x253F08E0920,DXGI,0,512,1,Hardware: Independent Flip,19918.4438,NA,10.03130000000000,9.95070000000000,9.68380000000000,9.83890000000000,9.9152,19918.1582,9.9694,0.2856,9.6838,0.2315,9.8930,0.5744,9.3186,0.0627,19918.1582,NA,NA,NA
ZoomTracks.exe,35460,0x253F08E0920,DXGI,0,512,1,Hardware: Independent Flip,19928.3967,NA,9.95290000000000,10.07560000000000,9.75700000000000,10.01690000000000,10.0379,19928.1276,10.0261,0.2691,9.7570,0.1551,10.1309,0.6934,9.4375,-0.1062,19928.1276,NA,15.8046,15.8046
ZoomTracks.exe,35460,0x253F08E0920,DXGI,0,512,1,Hardware: Independent Flip,19938.4869,NA,10.09020000000000,10.04750000000000,9.64880000000000,9.86580000000000,9.9952,19938.1537,9.9820,0.3332,9.6488,0.2599,9.9391,0.6104,9.3287,-0.0214,19938.1537,NA,NA,NA
ZoomTracks.exe,35460,0x253F08E0920,DXGI,0,512,1,Hardware: Independent Flip,19948.3795,NA,9.89260000000000,10.00500000000000,9.78750000000000,10.08030000000000,10.1076,19948.1357,10.0313,0.2438,9.7875,0.2170,10.1071,0.6469,9.4602,-0.0230,19948.1357,NA,23.8759,23.8759
ZoomTracks.exe,35460,0x253F08E0920,DXGI,0,512,1,Hardware: Independent Flip,19958.3043,NA,9.92480000000000,9.96990000000000,9.84200000000000,10.06470000000000,10.1527,19958.1670,9.9793,0.1373,9.8420,0.2928,9.9092,0.5532,9.3560,0.0614,19958.1670,NA,NA,NA
ZoomTracks.exe,35460,0x253F08E0920,DXGI,0,512,1,Hardware: Independent Flip,19968.4938,NA,10.18950000000000,10.01670000000000,9.65960000000000,9.95710000000000,9.9799,19968.1463,10.0071,0.3475,9.6596,0.2227,10.0819,0.7110,9.3709,-0.0374,19968.1463,NA,NA,NA
ZoomTracks.exe,35460,0x253F08E0920,DXGI,0,512,1,Hardware: Independent Flip,19978.5095,NA,10.01570000000000,9.95780000000000,9.63750000000000,9.81400000000000,9.9220,19978.1534,9.9936,0.3561,9.6375,0.2975,9.8726,0.5974,9.2752,0.0493,19978.1534,NA,NA,NA
ZoomTracks.exe,35460,0x253F08E0920,DXGI,0,512,1,Hardware: Independent Flip,19988.3649,NA,9.85540000000000,10.05500000000000,9.78140000000000,10.09180000000000,10.1216,19988.1470,9.9993,0.2179,9.7814,0.1765,10.1332,0.6928,9.4404,-0.0614,19988.1470,NA,NA,NA
ZoomTracks.exe,35460,0x253F08E0920,DXGI,0,512,1,Hardware: Independent Flip,19998.2825,NA,9.91760000000000,10.05180000000000,9.86870000000000,10.11650000000000,10.2558,19998.1463,10.0049,0.1362,9.8687,0.3104,9.9423,0.6696,9.2727,-0.0525,19998.1463,NA,NA,NA
ZoomTracks.exe,35460,0x253F08E0920,DXGI,0,512,1,Hardware: Independent Flip,20008.4257,NA,10.14320000000000,9.95520000000000,9.74080000000000,10.04280000000000,10.0678,20008.1512,10.0153,0.2745,9.7408,0.2478,10.0695,0.7342,9.3353,0.0497,20008.1512,NA,NA,NA
ZoomTracks.exe,35460,0x253F08E0920,DXGI,0,512,1,Hardware: Independent Flip,20018.5155,NA,10.08980000000000,9.91140000000000,9.62820000000000,9.86980000000000,9.8894,20018.1665,9.9772,0.3490,9.6282,0.3020,9.9168,0.6566,9.2602,0.1039,20018.1665,NA,NA,NA
ZoomTracks.exe,35460,0x253F08E0920,DXGI,0,512,1,Hardware: Independent Flip,20028.4413,NA,9.92580000000000,9.99270000000000,9.70600000000000,9.93540000000000,9.9563,20028.1437,10.0036,0.2976,9.7060,0.2416,9.9914,0.6331,9.3583,-0.0155,20028.1437,NA,NA,NA
ZoomTracks.exe,35460,0x253F08E0920,DXGI,0,512,1,Hardware: Independent Flip,20038.4387,NA,9.99740000000000,10.09840000000000,9.75370000000000,9.96060000000000,10.0573,20038.1473,10.0451,0.2914,9.7537,0.2294,10.0226,0.6399,9.3827,-0.0948,20038.1473,NA,25.8755,25.8755
ZoomTracks.exe,35460,0x253F08E0920,DXGI,0,512,1,Hardware: Independent Flip,20048.4367,NA,9.99800000000000,10.05930000000000,9.79380000000000,10.09140000000000,10.1186,20048.1924,10.0381,0.2443,9.7938,0.2069,10.1288,0.7179,9.4109,-0.0142,20048.1924,NA,24.9425,24.9425
ZoomTracks.exe,35460,0x253F08E0920,DXGI,0,512,1,Hardware: Independent Flip,20058.6013,NA,10.16460000000000,9.97220000000000,9.62880000000000,9.89790000000000,9.9262,20058.2305,9.9996,0.3708,9.6288,0.2976,9.9711,0.7322,9.2389,0.0659,20058.2305,NA,NA,NA
ZoomTracks.exe,35460,0x253F08E0920,DXGI,0,512,1,Hardware: Independent Flip,20068.6006,NA,9.99930000000000,9.93420000000000,9.67330000000000,9.84440000000000,9.8611,20068.2301,10.0438,0.3705,9.6733,0.2691,9.9458,0.6708,9.2750,0.0654,20068.2301,NA,NA,NA
ZoomTracks.exe,35460,0x253F08E0920,DXGI,0,512,1,Hardware: Independent Flip,20078.6362,NA,10.03560000000000,9.98750000000000,9.60740000000000,9.79910000000000,9.8130,20078.2739,9.9697,0.3623,9.6074,0.1711,9.9903,0.8270,9.1633,0.0563,20078.2739,NA,NA,NA
ZoomTracks.exe,35460,0x253F08E0920,DXGI,0,512,1,Hardware: Independent Flip,20088.6299,NA,9.99370000000000,10.01360000000000,9.55870000000000,9.80750000000000,9.8329,20088.2436,9.9450,0.3863,9.5587,0.1917,10.0021,0.8152,9.1869,-0.0439,20088.2436,NA,NA,NA
ZoomTracks.exe,35460,0x253F08E0920,DXGI,0,512,1,Hardware: Independent Flip,20098.4959,NA,9.86600000000000,9.91370000000000,9.63860000000000,9.85990000000000,9.8806,20098.1886,9.9459,0.3073,9.6386,0.2488,9.9184,0.6463,9.2721,0.0313,20098.1886,NA,13.7655,13.7655
ZoomTracks.exe,35460,0x253F08E0920,DXGI,0,512,1,Hardware: Independent Flip,20108.4055,NA,9.90960000000000,9.99370000000000,9.72800000000000,9.94660000000000,9.9647,20108.1345,9.9990,0.2710,9.7280,0.2213,9.9963,0.6255,9.3708,-0.0478,20108.1345,NA,12.7632,12.7632
ZoomTracks.exe,35460,0x253F08E0920,DXGI,0,512,1,Hardware: Independent Flip,20118.3973,NA,9.99180000000000,10.00700000000000,9.72820000000000,9.90230000000000,9.9799,20118.1335,9.9920,0.2638,9.7282,0.2186,9.9475,0.5751,9.3724,-0.0080,20118.1335,NA,NA,NA
ZoomTracks.exe,35460,0x253F08E0920,DXGI,0,512,1,Hardware: Independent Flip,20128.4353,NA,10.03800000000000,10.03580000000000,9.72780000000000,9.95720000000000,9.9777,20128.1255,10.0376,0.3098,9.7278,0.1741,10.0929,0.6391,9.4538,-0.0438,20128.1255,NA,NA,NA
ZoomTracks.exe,35460,0x253F08E0920,DXGI,0,512,1,Hardware: Independent Flip,20138.4559,NA,10.02060000000000,10.02050000000000,9.67170000000000,9.88950000000000,9.9776,20138.1631,9.9645,0.2928,9.6717,0.2294,9.9529,0.6311,9.3218,0.0171,20138.1631,NA,NA,NA
ZoomTracks.exe,35460,0x253F08E0920,DXGI,0,512,1,Hardware: Independent Flip,20148.2762,NA,9.82030000000000,10.05370000000000,9.89990000000000,10.18440000000000,10.2110,20148.1276,10.0485,0.1486,9.8999,0.2178,10.1152,0.5902,9.5250,-0.0892,20148.1276,NA,NA,NA
ZoomTracks.exe,35460,0x253F08E0920,DXGI,0,512,1,Hardware: Independent Flip,20158.5049,NA,10.22870000000000,9.93090000000000,9.62020000000000,9.81910000000000,9.9132,20158.1761,9.9490,0.3288,9.6202,0.2845,9.8634,0.5803,9.2831,0.1176,20158.1761,NA,NA,NA
ZoomTracks.exe,35460,0x253F08E0920,DXGI,0,512,1,Hardware: Independent Flip,20168.2650,NA,9.76010000000000,10.02630000000000,9.89820000000000,10.16220000000000,10.1794,20168.1251,10.0381,0.1399,9.8982,0.1989,10.1032,0.6120,9.4912,-0.0773,20168.1251,NA,NA,NA
ZoomTracks.exe,35460,0x253F08E0920,DXGI,0,512,1,Hardware: Independent Flip,20178.4838,NA,10.21880000000000,10.04360000000000,9.69190000000000,9.89310000000000,10.0042,20178.1632,10.0125,0.3206,9.6919,0.2640,9.9497,0.6354,9.3143,-0.0055,20178.1632,NA,NA,NA
ZoomTracks.exe,35460,0x253F08E0920,DXGI,0,512,1,Hardware: Independent Flip,20188.4051,NA,9.92130000000000,9.98050000000000,9.75700000000000,10.04060000000000,10.0634,20188.1757,9.9864,0.2294,9.7570,0.2012,10.0688,0.7225,9.3463,0.0320,20188.1757,NA,NA,NA
ZoomTracks.exe,35460,0x253F08E0920,DXGI,0,512,1,Hardware: Independent Flip,20198.5080,NA,10.10290000000000,9.93610000000000,9.64230000000000,9.87750000000000,9.8966,20198.1621,9.9882,0.3459,9.6423,0.2836,9.9398,0.6591,9.2807,0.0503,20198.1621,NA,15.7854,15.7854
ZoomTracks.exe,35460,0x253F08E0920,DXGI,0,512,1,Hardware: Independent Flip,20208.4414,NA,9.93340000000000,10.06740000000000,9.71840000000000,10.00700000000000,10.0306,20208.1503,10.0095,0.2911,9.7184,0.2352,10.0629,0.7275,9.3354,-0.0792,20208.1503,NA,NA,NA
ZoomTracks.exe,35460,0x253F08E0920,DXGI,0,512,1,Hardware: Independent Flip,20218.5165,NA,10.07510000000000,10.04830000000000,9.65460000000000,9.87270000000000,10.0038,20218.1598,10.0113,0.3567,9.6546,0.2886,9.9408,0.6710,9.2698,-0.0388,20218.1598,NA,20.9176,20.9176
ZoomTracks.exe,35460,0x253F08E0920,DXGI,0,512,1,Hardware: Independent Flip,20228.4148,NA,9.89830000000000,9.94340000000000,9.75470000000000,10.02830000000000,10.0489,20228.1711,9.9984,0.2437,9.7547,0.2181,10.0539,0.6935,9.3604,0.0679,20228.1711,NA,NA,NA
ZoomTracks.exe,35460,0x253F08E0920,DXGI,0,512,1,Hardware: Independent Flip,20238.5031,NA,10.08830000000000,9.95680000000000,9.65060000000000,9.89700000000000,9.9174,20238.1695,9.9842,0.3336,9.6506,0.2736,9.9570,0.6786,9.2784,0.0416,20238.1695,NA,NA,NA
ZoomTracks.exe,35460,0x253F08E0920,DXGI,0,512,1,Hardware: Independent Flip,20248.4758,NA,9.97270000000000,9.96340000000000,9.67300000000000,9.89130000000000,9.9081,20248.1537,9.9951,0.3221,9.6730,0.2464,9.9670,0.6628,9.3042,0.0208,20248.1537,NA,NA,NA
ZoomTracks.exe,35460,0x253F08E0920,DXGI,0,512,1,Hardware: Independent Flip,20258.4208,NA,9.94500000000000,10.05740000000000,9.72020000000000,9.93660000000000,10.0205,20258.1488,9.9922,0.2720,9.7202,0.2183,9.9903,0.6271,9.3632,-0.0623,20258.1488,NA,NA,NA
ZoomTracks.exe,35460,0x253F08E0920,DXGI,0,512,1,Hardware: Independent Flip,20268.3922,NA,9.97140000000000,9.96250000000000,9.73900000000000,9.99270000000000,10.0116,20268.1410,9.9902,0.2512,9.7390,0.2164,10.0275,0.6883,9.3392,0.0297,20268.1410,NA,NA,NA
ZoomTracks.exe,35460,0x253F08E0920,DXGI,0,512,1,Hardware: Independent Flip,20278.4538,NA,10.06160000000000,10.04120000000000,9.66540000000000,9.98340000000000,9.9912,20278.1312,9.9880,0.3226,9.6654,0.2537,10.0523,0.7207,9.3316,-0.0510,20278.1312,NA,NA,NA
ZoomTracks.exe,35460,0x253F08E0920,DXGI,0,512,1,Hardware: Independent Flip,20288.2588,NA,9.80500000000000,10.02450000000000,9.91090000000000,10.18710000000000,10.2107,20288.1192,10.0505,0.1396,9.9109,0.3180,10.0087,0.4900,9.5187,-0.0365,20288.1192,NA,NA,NA
ZoomTracks.exe,35460,0x253F08E0920,DXGI,0,512,1,Hardware: Independent Flip,20298.4872,NA,10.22840000000000,9.98540000000000,9.68850000000000,9.94540000000000,9.9677,20298.1697,10.0060,0.3175,9.6885,0.2762,9.9867,0.6974,9.2893,0.0651,20298.1697,NA,NA,NA
ZoomTracks.exe,35460,0x253F08E0920,DXGI,0,512,1,Hardware: Independent Flip,20308.4994,NA,10.01220000000000,10.04580000000000,9.65500000000000,9.97240000000000,10.0013,20308.1757,9.9787,0.3237,9.6550,0.2569,10.0392,0.7331,9.3061,-0.0398,20308.1757,NA,17.9027,17.9027
ZoomTracks.exe,35460,0x253F08E0920,DXGI,0,512,1,Hardware: Independent Flip,20318.5267,NA,10.02730000000000,9.91830000000000,9.62290000000000,9.86940000000000,9.8923,20318.1544,9.9952,0.3723,9.6229,0.3174,9.9243,0.7087,9.2156,0.0604,20318.1544,NA,NA,NA
ZoomTracks.exe,35460,0x253F08E0920,DXGI,0,512,1,Hardware: Independent Flip,20328.4551,NA,9.92840000000000,10.13360000000000,9.73960000000000,10.05690000000000,10.0975,20328.1496,10.0451,0.3055,9.7396,0.2465,10.1159,0.7748,9.3411,-0.1384,20328.1496,NA,NA,NA
ZoomTracks.exe,35460,0x253F08E0920,DXGI,0,512,1,Hardware: Independent Flip,20338.5819,NA,10.12680000000000,9.82220000000000,9.55550000000000,9.71780000000000,9.7929,20338.1947,9.9427,0.3872,9.5555,0.3173,9.7877,0.5914,9.1963,0.2229,20338.1947,NA,NA,NA
ZoomTracks.exe,35460,0x253F08E0920,DXGI,0,512,1,Hardware: Independent Flip,20348.4100,NA,9.82810000000000,10.01560000000000,9.73320000000000,9.95860000000000,9.9804,20348.1374,10.0058,0.2726,9.7332,0.1623,10.0689,0.6286,9.4403,-0.0729,20348.1374,NA,NA,NA
ZoomTracks.exe,35460,0x253F08E0920,DXGI,0,512,1,Hardware: Independent Flip,20358.4173,NA,10.00730000000000,10.15260000000000,9.70610000000000,9.98510000000000,10.1257,20358.1432,9.9802,0.2741,9.7061,0.2254,10.0338,0.6687,9.3651,-0.1468,20358.1432,NA,NA,NA
ZoomTracks.exe,35460,0x253F08E0920,DXGI,0,512,1,Hardware: Independent Flip,20368.2634,NA,9.84610000000000,9.81630000000000,9.88090000000000,10.07530000000000,10.0959,20368.1234,10.0209,0.1400,9.8809,0.2790,9.9363,0.4298,9.5065,0.1639,20368.1234,NA,NA,NA
ZoomTracks.exe,35460,0x253F08E0920,DXGI,0,512,1,Hardware: Independent Flip,20378.3876,NA,10.12420000000000,10.07490000000000,9.74870000000000,10.03820000000000,10.0466,20378.1443,9.9920,0.2433,9.7487,0.1944,10.0871,0.6941,9.3930,-0.0540,20378.1443,NA,NA,NA
ZoomTracks.exe,35460,0x253F08E0920,DXGI,0,512,1,Hardware: Independent Flip,20388.2665,NA,9.87890000000000,10.06120000000000,9.90060000000000,10.10300000000000,10.2289,20388.1363,10.0308,0.1302,9.9006,0.2895,9.9437,0.4274,9.5163,-0.0692,20388.1363,NA,NA,NA
ZoomTracks.exe,35460,0x253F08E0920,DXGI,0,512,1,Hardware: Independent Flip,20398.4092,NA,10.14270000000000,9.95190000000000,9.76420000000000,10.01190000000000,10.0381,20398.1671,10.0063,0.2421,9.7642,0.2024,10.0516,0.6772,9.3744,0.0789,20398.1671,NA,26.8300,26.8300
ZoomTracks.exe,35460,0x253F08E0920,DXGI,0,512,1,Hardware: Independent Flip,20408.4771,NA,10.06790000000000,10.10400000000000,9.77520000000000,9.91410000000000,10.0742,20408.1734,10.0789,0.3037,9.7752,0.2477,9.9701,0.6315,9.3386,-0.0977,20408.1734,NA,NA,NA
ZoomTracks.exe,35460,0x253F08E0920,DXGI,0,512,1,Hardware: Independent Flip,20418.5729,NA,10.09580000000000,9.88330000000000,9.65250000000000,9.85050000000000,9.8617,20418.2523,9.9731,0.3206,9.6525,0.1389,10.0322,0.8303,9.2019,0.1956,20418.2523,NA,NA,NA
ZoomTracks.exe,35460,0x253F08E0920,DXGI,0,512,1,Hardware: Independent Flip,20428.5996,NA,10.02670000000000,9.97340000000000,9.55700000000000,9.78940000000000,9.8084,20428.2254,9.9312,0.3742,9.5570,0.1980,9.9656,0.7721,9.1935,-0.0003,20428.2254,NA,NA,NA
ZoomTracks.exe,35460,0x253F08E0920,DXGI,0,512,1,Hardware: Independent Flip,20438.4506,NA,9.85100000000000,9.98580000000000,9.71130000000000,9.92090000000000,9.9432,20438.1566,10.0053,0.2940,9.7113,0.2324,9.9825,0.6599,9.3226,-0.0546,20438.1566,NA,NA,NA
ZoomTracks.exe,35460,0x253F08E0920,DXGI,0,512,1,Hardware: Independent Flip,20448.4401,NA,9.98950000000000,9.98230000000000,9.69730000000000,9.91660000000000,9.9360,20448.1619,9.9755,0.2782,9.6973,0.2096,9.9852,0.6256,9.3596,0.0230,20448.1619,NA,11.7336,11.7336
ZoomTracks.exe,35460,0x253F08E0920,DXGI,0,512,1,Hardware: Independent Flip,20458.4134,NA,9.97330000000000,9.99350000000000,9.72790000000000,9.93890000000000,9.9562,20458.1374,10.0039,0.2760,9.7279,0.2193,9.9956,0.6291,9.3665,-0.0180,20458.1374,NA,NA,NA
ZoomTracks.exe,35460,0x253F08E0920,DXGI,0,512,1,Hardware: Independent Flip,20468.4065,NA,9.99310000000000,10.00550000000000,9.71800000000000,9.94600000000000,9.9686,20468.1413,9.9832,0.2652,9.7180,0.2110,10.0002,0.6277,9.3725,-0.0016,20468.1413,NA,NA,NA
ZoomTracks.exe,35460,0x253F08E0920,DXGI,0,512,1,Hardware: Independent Flip,20478.4150,NA,10.00850000000000,9.99520000000000,9.70250000000000,9.93410000000000,9.9553,20478.1245,9.9930,0.2905,9.7025,0.2280,9.9966,0.6433,9.3533,-0.0120,20478.1245,NA,NA,NA
ZoomTracks.exe,35460,0x253F08E0920,DXGI,0,512,1,Hardware: Independent Flip,20488.4076,NA,9.99260000000000,10.15020000000000,9.92590000000000,10.10010000000000,10.1129,20488.1175,10.2160,0.2901,9.9259,0.2316,10.1586,0.7066,9.4520,-0.1572,20488.1175,NA,NA,NA
ZoomTracks.exe,35460,0x253F08E0920,DXGI,0,512,1,Hardware: Independent Flip,20498.7640,NA,10.35640000000000,9.99760000000000,9.53410000000000,9.66490000000000,9.7541,20498.3335,9.9646,0.4305,9.5341,0.1742,9.9212,0.7553,9.1659,0.2184,20498.3335,NA,NA,NA
ZoomTracks.exe,35460,0x253F08E0920,DXGI,0,512,1,Hardware: Independent Flip,20508.7544,NA,9.99040000000000,9.92750000000000,9.47060000000000,9.67930000000000,9.6912,20508.2981,9.9269,0.4563,9.4706,0.1308,10.0048,0.8749,9.1299,0.0371,20508.2981,NA,NA,NA
ZoomTracks.exe,35460,0x253F08E0920,DXGI,0,512,1,Hardware: Independent Flip,20518.6258,NA,9.87140000000000,9.99670000000000,9.55310000000000,9.79600000000000,9.8165,20518.2250,9.9539,0.4008,9.5531,0.2087,9.9881,0.8447,9.1434,-0.0698,20518.2250,NA,NA,NA
ZoomTracks.exe,35460,0x253F08E0920,DXGI,0,512,1,Hardware: Independent Flip,20528.4812,NA,9.85540000000000,9.97450000000000,9.68040000000000,9.91640000000000,9.9356,20528.1789,9.9827,0.3023,9.6804,0.2429,9.9758,0.6700,9.3058,-0.0206,20528.1789,NA,NA,NA
ZoomTracks.exe,35460,0x253F08E0920,DXGI,0,512,1,Hardware: Independent Flip,20538.4589,NA,9.97770000000000,9.98150000000000,9.68780000000000,9.91780000000000,9.9394,20538.1616,9.9851,0.2973,9.6878,0.2360,9.9791,0.6382,9.3409,0.0012,20538.1616,NA,NA,NA
ZoomTracks.exe,35460,0x253F08E0920,DXGI,0,512,1,Hardware: Independent Flip,20548.4353,NA,9.97640000000000,10.07350000000000,9.72600000000000,10.00880000000000,10.0365,20548.1467,10.0146,0.2886,9.7260,0.2300,10.0674,0.7046,9.3628,-0.0884,20548.1467,NA,18.8754,18.8754
ZoomTracks.exe,35460,0x253F08E0920,DXGI,0,512,1,Hardware: Independent Flip,20558.2881,NA,9.85280000000000,10.03240000000000,9.83790000000000,10.08780000000000,10.2161,20558.1613,9.9647,0.1268,9.8379,0.2828,9.9318,0.6506,9.2812,-0.0178,20558.1613,NA,NA,NA
ZoomTracks.exe,35460,0x253F08E0920,DXGI,0,512,1,Hardware: Independent Flip,20568.2622,NA,9.97410000000000,9.88230000000000,9.89590000000000,10.10280000000000,10.1243,20568.1260,10.0321,0.1362,9.8959,0.2499,9.9891,0.4542,9.5349,0.0824,20568.1260,NA,29.7891,29.7891
ZoomTracks.exe,35460,0x253F08E0920,DXGI,0,512,1,Hardware: Independent Flip,20578.4245,NA,10.16230000000000,10.04150000000000,9.70540000000000,9.99580000000000,10.0035,20578.1581,9.9718,0.2664,9.7054,0.2069,10.0553,0.7072,9.3481,-0.0094,20578.1581,NA,NA,NA
ZoomTracks.exe,35460,0x253F08E0920,DXGI,0,512,1,Hardware: Independent Flip,20588.2533,NA,9.82880000000000,9.95320000000000,9.87660000000000,10.12060000000000,10.1279,20588.1299,10.0000,0.1234,9.8766,0.2904,9.9536,0.4205,9.5331,0.0186,20588.1299,NA,NA,NA
ZoomTracks.exe,35460,0x253F08E0920,DXGI,0,512,1,Hardware: Independent Flip,20598.4436,NA,10.19030000000000,9.99770000000000,9.68410000000000,9.91650000000000,9.9353,20598.1299,9.9978,0.3137,9.6841,0.2440,9.9862,0.6790,9.3072,0.0023,20598.1299,NA,NA,NA
ZoomTracks.exe,35460,0x253F08E0920,DXGI,0,512,1,Hardware: Independent Flip,20608.4086,NA,9.96500000000000,10.06650000000000,9.76120000000000,9.94940000000000,10.0368,20608.1277,10.0421,0.2809,9.7612,0.2324,9.9979,0.6363,9.3616,-0.0687,20608.1277,NA,NA,NA
ZoomTracks.exe,35460,0x253F08E0920,DXGI,0,512,1,Hardware: Independent Flip,20618.4809,NA,10.07230000000000,9.96310000000000,9.66090000000000,9.90530000000000,9.9276,20618.1698,9.9720,0.3111,9.6609,0.1882,10.0282,0.6627,9.3655,0.0790,20618.1698,NA,NA,NA
ZoomTracks.exe,35460,0x253F08E0920,DXGI,0,512,1,Hardware: Independent Flip,20628.4702,NA,9.98930000000000,10.09220000000000,9.77930000000000,10.01380000000000,10.0305,20628.1418,10.1077,0.3284,9.7793,0.2444,10.0978,0.7269,9.3709,-0.1202,20628.1418,NA,NA,NA
ZoomTracks.exe,35460,0x253F08E0920,DXGI,0,512,1,Hardware: Independent Flip,20638.6736,NA,10.20340000000000,9.91940000000000,9.47960000000000,9.66140000000000,9.7465,20638.2495,9.9037,0.4241,9.4796,0.2345,9.8510,0.7770,9.0740,0.1883,20638.2495,NA,14.8049,14.8049
ZoomTracks.exe,35460,0x253F08E0920,DXGI,0,512,1,Hardware: Independent Flip,20648.3806,NA,9.70700000000000,10.04270000000000,9.78720000000000,10.06110000000000,10.0822,20648.1532,10.0146,0.2274,9.7872,0.1818,10.1067,0.7248,9.3819,-0.1390,20648.1532,NA,NA,NA
ZoomTracks.exe,35460,0x253F08E0920,DXGI,0,512,1,Hardware: Independent Flip,20658.5010,NA,10.12040000000000,10.08900000000000,9.69290000000000,9.90920000000000,10.0508,20658.1678,10.0261,0.3332,9.6929,0.2739,9.9685,0.6674,9.3011,-0.0744,20658.1678,NA,NA,NA
ZoomTracks.exe,35460,0x253F08E0920,DXGI,0,512,1,Hardware: Independent Flip,20668.4375,NA,9.93650000000000,9.81640000000000,9.69070000000000,9.90790000000000,9.9307,20668.1939,9.9343,0.2436,9.6907,0.2163,9.9352,0.6032,9.3320,0.2097,20668.1939,NA,NA,NA
ZoomTracks.exe,35460,0x253F08E0920,DXGI,0,512,1,Hardware: Independent Flip,20678.4067,NA,9.96920000000000,11.28870000000000,9.70970000000000,11.24270000000000,11.2502,20678.1282,9.9882,0.2785,9.7097,0.2172,11.3040,1.9235,9.3805,-1.3544,20678.1282,NA,NA,NA
ZoomTracks.exe,35460,0x253F08E0920,DXGI,0,512,1,Hardware: Independent Flip,20688.2532,NA,9.84650000000000,8.76040000000000,9.87200000000000,10.08290000000000,10.1641,20688.1164,10.0088,0.1368,9.8720,1.5330,8.6867,0.3795,8.3072,1.2278,20688.1164,NA,NA,NA
ZoomTracks.exe,35460,0x253F08E0920,DXGI,0,512,1,Hardware: Independent Flip,20698.3656,NA,10.11240000000000,10.30470000000000,9.84600000000000,10.34750000000000,10.3564,20698.1252,10.0864,0.2404,9.8460,0.2109,10.3770,0.8804,9.4966,-0.2959,20698.1252,NA,NA,NA
ZoomTracks.exe,35460,0x253F08E0920,DXGI,0,512,1,Hardware: Independent Flip,20708.4073,NA,10.04170000000000,11.03110000000000,9.75710000000000,9.97160000000000,11.3458,20708.2116,9.9528,0.1957,9.7571,0.5015,9.6658,0.3458,9.3200,-0.9447,20708.2116,NA,NA,NA
ZoomTracks.exe,35460,0x253F08E0920,DXGI,0,512,1,Hardware: Independent Flip,20718.4035,NA,9.99620000000000,9.93630000000000,9.74450000000000,11.27060000000000,11.2859,20718.1644,9.9836,0.2391,9.7445,0.2145,11.2952,1.9363,9.3589,0.0165,20718.1644,NA,NA,NA
ZoomTracks.exe,35460,0x253F08E0920,DXGI,0,512,1,Hardware: Independent Flip,20728.2994,NA,9.89590000000000,9.62740000000000,9.86780000000000,10.04450000000000,11.0174,20728.1480,10.0192,0.1514,9.8678,1.5261,8.6698,0.3207,8.3491,0.3562,20728.1480,NA,NA,NA
ZoomTracks.exe,35460,0x253F08E0920,DXGI,0,512,1,Hardware: Independent Flip,20738.3844,NA,10.08500000000000,10.32470000000000,9.76910000000000,11.25010000000000,11.2571,20738.1672,9.9863,0.2172,9.7691,0.1767,11.2906,1.8416,9.4490,-0.3055,20738.1672,NA,NA,NA
ZoomTracks.exe,35460,0x253F08E0920,DXGI,0,512,1,Hardware: Independent Flip,20748.2984,NA,9.91400000000000,9.85780000000000,9.86180000000000,10.06630000000000,11.2009,20748.1535,10.0067,0.1449,9.8618,1.4810,8.7302,0.3903,8.3399,0.1285,20748.1535,NA,26.8975,26.8975
ZoomTracks.exe,35460,0x253F08E0920,DXGI,0,512,1,Hardware: Independent Flip,20758.3893,NA,10.09090000000000,10.14810000000000,9.76010000000000,11.24870000000000,11.2581,20758.1602,9.9892,0.2291,9.7601,0.2045,11.2733,1.8394,9.4339,-0.1414,20758.1602,NA,NA,NA
ZoomTracks.exe,35460,0x253F08E0920,DXGI,0,512,1,Hardware: Independent Flip,20768.2852,NA,9.89590000000000,10.11860000000000,9.87450000000000,10.10510000000000,11.4808,20768.1494,10.0103,0.1358,9.8745,1.4886,8.7523,0.3619,8.3904,-0.1294,20768.1494,NA,NA,NA
ZoomTracks.exe,35460,0x253F08E0920,DXGI,0,512,1,Hardware: Independent Flip,20778.4467,NA,10.16150000000000,9.82870000000000,9.71860000000000,11.12360000000000,11.1480,20778.1597,10.0056,0.2870,9.7186,0.2306,11.1800,1.8596,9.3204,0.1816,20778.1597,NA,NA,NA
ZoomTracks.exe,35460,0x253F08E0920,DXGI,0,512,1,Hardware: Independent Flip,20788.3143,NA,9.86760000000000,10.17440000000000,9.81380000000000,10.02680000000000,11.4548,20788.1653,9.9628,0.1490,9.8138,1.4050,8.7708,0.3291,8.4417,-0.1688,20788.1653,NA,NA,NA
ZoomTracks.exe,35460,0x253F08E0920,DXGI,0,512,1,Hardware: Independent Flip,20798.2639,NA,9.94960000000000,9.90550000000000,9.90160000000000,11.40250000000000,11.4107,20798.1281,10.0374,0.1358,9.9016,0.2130,11.3253,1.7838,9.5415,0.0573,20798.1281,NA,NA,NA
ZoomTracks.exe,35460,0x253F08E0920,DXGI,0,512,1,Hardware: Independent Flip,20808.3254,NA,10.06150000000000,9.92090000000000,9.82460000000000,10.02460000000000,11.2701,20808.1655,9.9845,0.1599,9.8246,1.5009,8.6836,0.3120,8.3716,0.1165,20808.1655,NA,NA,NA
ZoomTracks.exe,35460,0x253F08E0920,DXGI,0,512,1,Hardware: Independent Flip,20818.3860,NA,10.06060000000000,10.06490000000000,9.77680000000000,11.26620000000000,11.2744,20818.1500,10.0128,0.2360,9.7768,0.2000,11.3022,1.8819,9.4203,-0.0804,20818.1500,NA,22.0436,22.0436
ZoomTracks.exe,35460,0x253F08E0920,DXGI,0,512,1,Hardware: Independent Flip,20828.3249,NA,9.93890000000000,9.91850000000000,9.83190000000000,10.01420000000000,11.2540,20828.1628,9.9940,0.1621,9.8319,1.4894,8.6869,0.3107,8.3762,0.0943,20828.1628,NA,25.9648,25.9648
ZoomTracks.exe,35460,0x253F08E0920,DXGI,0,512,1,Hardware: Independent Flip,20838.3829,NA,10.05800000000000,10.05730000000000,9.76520000000000,11.24610000000000,11.2533,20838.1568,9.9913,0.2261,9.7652,0.1823,11.2899,1.9083,9.3816,-0.0633,20838.1568,NA,NA,NA
ZoomTracks.exe,35460,0x253F08E0920,DXGI,0,512,1,Hardware: Independent Flip,20848.2916,NA,9.90870000000000,9.96440000000000,9.83540000000000,10.01190000000000,11.3090,20848.1481,9.9789,0.1435,9.8354,1.4809,8.6745,0.2632,8.4113,0.0269,20848.1481,NA,NA,NA
ZoomTracks.exe,35460,0x253F08E0920,DXGI,0,512,1,Hardware: Independent Flip,20858.3283,NA,10.03670000000000,10.02620000000000,9.78310000000000,11.29180000000000,11.2985,20858.1270,9.9844,0.2013,9.7831,0.1765,11.3166,1.8253,9.4913,-0.0473,20858.1270,NA,NA,NA
ZoomTracks.exe,35460,0x253F08E0920,DXGI,0,512,1,Hardware: Independent Flip,20868.2477,NA,9.91940000000000,10.04680000000000,9.88120000000000,10.08450000000000,11.4259,20868.1114,10.0175,0.1363,9.8812,1.5087,8.7121,0.2893,8.4228,-0.0624,20868.1114,NA,NA,NA
ZoomTracks.exe,35460,0x253F08E0920,DXGI,0,512,1,Hardware: Independent Flip,20878.3559,NA,10.10820000000000,9.97920000000000,9.79500000000000,11.28700000000000,11.2969,20878.1289,10.0220,0.2270,9.7950,0.2033,11.3107,1.8418,9.4689,0.0383,20878.1289,NA,NA,NA
ZoomTracks.exe,35460,0x253F08E0920,DXGI,0,512,1,Hardware: Independent Flip,20888.3113,NA,9.95540000000000,10.02400000000000,9.81720000000000,10.02340000000000,11.3655,20888.1509,9.9776,0.1604,9.8172,1.4920,8.6918,0.3098,8.3820,-0.0020,20888.1509,NA,NA,NA
ZoomTracks.exe,35460,0x253F08E0920,DXGI,0,512,1,Hardware: Independent Flip,20898.2640,NA,9.95270000000000,9.96190000000000,9.92030000000000,11.36680000000000,11.3747,20898.1285,10.0558,0.1355,9.9203,0.2062,11.2961,1.8287,9.4674,0.0157,20898.1285,NA,NA,NA
ZoomTracks.exe,35460,0x253F08E0920,DXGI,0,512,1,Hardware: Independent Flip,20908.3249,NA,10.06090000000000,9.99290000000000,9.79540000000000,9.99470000000000,11.3067,20908.1843,9.9360,0.1406,9.7954,1.4465,8.6888,0.3528,8.3360,0.0629,20908.1843,NA,24.0199,24.0199
ZoomTracks.exe,35460,0x253F08E0920,DXGI,0,512,1,Hardware: Independent Flip,20918.3312,NA,10.00630000000000,10.04730000000000,9.85890000000000,11.33850000000000,11.3477,20918.1203,10.0698,0.2109,9.8589,0.1993,11.3501,1.8444,9.5057,-0.1113,20918.1203,NA,NA,NA
ZoomTracks.exe,35460,0x253F08E0920,DXGI,0,512,1,Hardware: Independent Flip,20928.3427,NA,10.01150000000000,9.97800000000000,9.83910000000000,10.03650000000000,11.3142,20928.1901,9.9917,0.1526,9.8391,1.4796,8.7095,0.3518,8.3577,0.0918,20928.1901,NA,27.0628,27.0628
ZoomTracks.exe,35460,0x253F08E0920,DXGI,0,512,1,Hardware: Independent Flip,20938.4250,NA,10.08230000000000,10.10900000000000,9.73610000000000,11.33340000000000,11.3409,20938.1818,9.9793,0.2432,9.7361,0.1974,11.3792,2.0263,9.3529,-0.1173,20938.1818,NA,NA,NA
ZoomTracks.exe,35460,0x253F08E0920,DXGI,0,512,1,Hardware: Independent Flip,20948.3337,NA,9.90870000000000,9.86930000000000,9.80180000000000,9.96450000000000,11.3015,20948.1611,9.9744,0.1726,9.8018,1.5973,8.5398,0.2661,8.2737,0.1100,20948.1611,NA,NA,NA
ZoomTracks.exe,35460,0x253F08E0920,DXGI,0,512,1,Hardware: Independent Flip,20958.3421,NA,10.00840000000000,10.03070000000000,9.77120000000000,11.31620000000000,11.3238,20958.1355,9.9778,0.2066,9.7712,0.1627,11.3601,1.8592,9.5009,-0.0563,20958.1355,NA,NA,NA
ZoomTracks.exe,35460,0x253F08E0920,DXGI,0,512,1,Hardware: Independent Flip,20968.2540,NA,9.91190000000000,10.10170000000000,9.87820000000000,10.06460000000000,11.5136,20968.1133,10.0189,0.1407,9.8782,1.5450,8.6603,0.3398,8.3205,-0.1239,20968.1133,NA,NA,NA
ZoomTracks.exe,35460,0x253F08E0920,DXGI,0,512,1,Hardware: Independent Flip,20978.3611,NA,10.10710000000000,9.86720000000000,9.79400000000000,11.26520000000000,11.2737,20978.1322,10.0229,0.2289,9.7940,0.1864,11.3077,1.9569,9.3508,0.1517,20978.1322,NA,NA,NA
ZoomTracks.exe,35460,0x253F08E0920,DXGI,0,512,1,Hardware: Independent Flip,20988.3096,NA,9.94850000000000,10.13940000000000,9.83380000000000,10.03950000000000,11.4646,20988.1551,9.9883,0.1545,9.8338,1.4712,8.7228,0.3186,8.4042,-0.1165,20988.1551,NA,NA,NA
ZoomTracks.exe,35460,0x253F08E0920,DXGI,0,512,1,Hardware: Independent Flip,20998.3730,NA,10.06340000000000,9.88720000000000,9.78270000000000,11.27990000000000,11.2884,20998.1434,10.0123,0.2296,9.7827,0.2057,11.3038,1.8704,9.4334,0.1011,20998.1434,NA,NA,NA
ZoomTracks.exe,35460,0x253F08E0920,DXGI,0,512,1,Hardware: Independent Flip,21008.3259,NA,9.95290000000000,9.97240000000000,9.81120000000000,10.00810000000000,11.3079,21008.1557,9.9814,0.1702,9.8112,1.4972,8.6811,0.3001,8.3810,0.0399,21008.1557,NA,NA,NA
ZoomTracks.exe,35460,0x253F08E0920,DXGI,0,512,1,Hardware: Independent Flip,21018.3458,NA,10.01990000000000,8.77820000000000,9.80110000000000,10.03610000000000,10.0662,21018.1371,10.0098,0.2087,9.8011,0.1969,10.0479,0.5683,9.4796,1.2032,21018.1371,NA,NA,NA
ZoomTracks.exe,35460,0x253F08E0920,DXGI,0,512,1,Hardware: Independent Flip,21028.4521,NA,10.10630000000000,11.11260000000000,9.66590000000000,9.85180000000000,11.0725,21028.1469,9.9711,0.3052,9.6659,0.2350,9.9220,0.5954,9.3266,-1.1028,21028.1469,NA,NA,NA
