Application,ProcessID,SwapChainAddress,PresentRuntime,SyncInterval,PresentFlags,AllowsTearing,PresentMode,TimeInMs,MsBetweenSimulationStart,MsBetweenPresents,MsBetweenDisplayChange,MsInPresentAPI,MsRenderPresentLatency,MsUntilDisplayed,CPUStartTimeInMs,MsBetweenAppStart,MsCPUBusy,MsCPUWait,MsGPULatency,MsGPUTime,MsGPUBusy,MsGPUWait,MsAnimationError,AnimationTime,MsFlipDelay,MsAllInputToPhotonLatency,MsClickToPhotonLatency
ZoomTracks.exe,23252,0x195FDAD7F80,DXGI,0,512,0,Composed: Flip,663.1701,NA,17.74120000000000,16.68230000000000,1.00480000000000,1.00640000000000,14.9767,646.3114,17.8635,16.8587,1.0048,17.2390,0.6261,0.1998,0.4263,NA,646.3114,NA,NA,NA
ZoomTracks.exe,23252,0x195FDAD7F80,DXGI,0,512,0,Composed: Flip,736.0112,NA,72.84110000000000,70.25190000000001,0.70200000000000,0.70610000000000,12.3875,664.1749,72.5383,71.8363,0.7020,71.6041,0.9383,0.4630,0.4753,-52.3884,664.1749,NA,NA,NA
ZoomTracks.exe,23252,0x195FDAD7F80,DXGI,0,512,1,Hardware: Independent Flip,742.0714,NA,6.06020000000000,8.26910000000000,4.37700000000000,4.40840000000000,14.5964,736.7132,9.7352,5.3582,4.3770,5.3395,4.4271,0.2737,4.1534,64.2692,736.7132,NA,NA,NA
ZoomTracks.exe,23252,0x195FDAD7F80,DXGI,0,512,1,Hardware: Independent Flip,895.1390,NA,153.06760000000000,139.03489999999999,0.26130000000000,0.55660000000000,0.5637,746.4484,148.9519,148.6906,0.2613,144.9796,4.2676,0.7982,3.4694,-129.2997,746.4484,NA,NA,NA
ZoomTracks.exe,23252,0x195FDAD7F80,DXGI,0,512,1,Hardware: Independent Flip,898.9019,NA,3.76290000000000,32.74930000000000,6.50400000000000,6.64320000000000,29.5501,895.4003,10.0056,3.5016,6.5040,0.2953,9.8495,0.5929,9.2566,116.2026,895.4003,NA,NA,NA
ZoomTracks.exe,23252,0x195FDAD7F80,DXGI,0,512,1,Hardware: Independent Flip,929.8515,NA,30.94960000000000,1.83060000000000,0.15590000000000,0.37050000000000,0.4311,905.4059,24.6015,24.4456,0.1559,24.4302,0.3859,0.3810,0.0049,8.1750,905.4059,NA,NA,NA
ZoomTracks.exe,23252,0x195FDAD7F80,DXGI,0,512,1,Hardware: Independent Flip,931.2314,NA,1.37990000000000,10.01860000000000,8.79500000000000,9.00510000000000,9.0698,930.0074,10.0190,1.2240,8.7950,0.2146,10.0145,0.6437,9.3708,14.5829,930.0074,NA,NA,NA
ZoomTracks.exe,23252,0x195FDAD7F80,DXGI,0,512,1,Hardware: Independent Flip,941.6507,NA,10.41930000000000,10.03180000000000,8.36340000000000,8.59110000000000,8.6823,940.0264,9.9877,1.6243,8.3634,0.2101,10.0053,0.6820,9.3233,-0.0128,940.0264,NA,NA,NA
ZoomTracks.exe,23252,0x195FDAD7F80,DXGI,0,512,1,Hardware: Independent Flip,951.1612,NA,9.51050000000000,9.99300000000000,8.88710000000000,9.07730000000000,9.1648,950.0141,10.0342,1.1471,8.8871,0.2277,9.9967,0.5444,9.4523,-0.0053,950.0141,NA,NA,NA
ZoomTracks.exe,23252,0x195FDAD7F80,DXGI,0,512,1,Hardware: Independent Flip,961.5425,NA,10.38130000000000,9.96260000000000,8.50120000000000,8.73860000000000,8.7461,960.0483,9.9954,1.4942,8.5012,0.1902,10.0426,0.7754,9.2672,0.0716,960.0483,NA,NA,NA
ZoomTracks.exe,23252,0x195FDAD7F80,DXGI,0,512,1,Hardware: Independent Flip,971.3773,NA,9.83480000000000,10.01460000000000,8.66980000000000,8.78690000000000,8.9259,970.0437,10.0034,1.3336,8.6698,0.2374,9.8831,0.5209,9.3622,-0.0192,970.0437,NA,NA,NA
ZoomTracks.exe,23252,0x195FDAD7F80,DXGI,0,512,1,Hardware: Independent Flip,981.2218,NA,9.84450000000000,9.96340000000000,8.90510000000000,8.97450000000000,9.0448,980.0471,10.0798,1.1747,8.9051,0.1171,10.0321,0.5642,9.4679,0.0400,980.0471,NA,NA,NA
ZoomTracks.exe,23252,0x195FDAD7F80,DXGI,0,512,1,Hardware: Independent Flip,991.1881,NA,9.96630000000000,10.02870000000000,8.84590000000000,8.99910000000000,9.1072,990.1269,9.9071,1.0612,8.8459,0.0694,9.9909,0.4872,9.5037,0.0511,990.1269,NA,NA,NA
ZoomTracks.exe,23252,0x195FDAD7F80,DXGI,0,512,1,Hardware: Independent Flip,1001.2167,NA,10.02860000000000,9.98830000000000,8.90460000000000,8.99040000000000,9.0669,1000.0340,10.0873,1.1827,8.9046,0.1532,10.0199,0.5624,9.4575,-0.0812,1000.0340,NA,NA,NA
ZoomTracks.exe,23252,0x195FDAD7F80,DXGI,0,512,1,Hardware: Independent Flip,1011.4010,NA,10.18430000000000,10.11070000000000,8.75630000000000,8.86260000000000,8.9933,1010.1213,10.0360,1.2797,8.7563,0.0858,10.0565,0.5063,9.5502,-0.0234,1010.1213,NA,NA,NA
ZoomTracks.exe,23252,0x195FDAD7F80,DXGI,0,512,1,Hardware: Independent Flip,1021.5861,NA,10.18510000000000,9.83360000000000,8.44630000000000,8.63420000000000,8.6418,1020.1573,9.8751,1.4288,8.4463,0.1063,9.9567,0.5248,9.4319,0.2024,1020.1573,NA,NA,NA
ZoomTracks.exe,23252,0x195FDAD7F80,DXGI,0,512,1,Hardware: Independent Flip,1031.0392,NA,9.45310000000000,9.96520000000000,9.00310000000000,9.14350000000000,9.1539,1030.0324,10.0099,1.0068,9.0031,0.1879,9.9624,0.4807,9.4817,-0.0901,1030.0324,NA,NA,NA
ZoomTracks.exe,23252,0x195FDAD7F80,DXGI,0,512,1,Hardware: Independent Flip,1040.9887,NA,9.94950000000000,10.16420000000000,9.22340000000000,9.28370000000000,9.3686,1040.0423,10.1698,0.9464,9.2234,0.1404,10.0897,0.5779,9.5118,-0.1543,1040.0423,NA,NA,NA
ZoomTracks.exe,23252,0x195FDAD7F80,DXGI,0,512,1,Hardware: Independent Flip,1051.0865,NA,10.09780000000000,9.90420000000000,8.94680000000000,9.07390000000000,9.1750,1050.2121,9.8212,0.8744,8.9468,0.0603,9.8880,0.4384,9.4496,0.2656,1050.2121,NA,NA,NA
ZoomTracks.exe,23252,0x195FDAD7F80,DXGI,0,512,1,Hardware: Independent Flip,1061.0100,NA,9.92350000000000,9.94870000000000,9.01390000000000,9.19330000000000,9.2002,1060.0333,9.9906,0.9767,9.0139,0.1271,10.0429,0.4942,9.5487,-0.1275,1060.0333,NA,NA,NA
ZoomTracks.exe,23252,0x195FDAD7F80,DXGI,0,512,1,Hardware: Independent Flip,1070.9072,NA,9.89720000000000,10.07700000000000,9.10540000000000,9.25250000000000,9.3800,1070.0239,9.9887,0.8833,9.1054,0.1794,9.9564,0.5291,9.4273,-0.0864,1070.0239,NA,NA,NA
ZoomTracks.exe,23252,0x195FDAD7F80,DXGI,0,512,1,Hardware: Independent Flip,1081.1272,NA,10.22000000000000,9.97940000000000,8.90550000000000,9.13170000000000,9.1394,1080.0126,10.0201,1.1146,8.9055,0.1471,10.0992,0.5383,9.5609,0.0093,1080.0126,NA,NA,NA
ZoomTracks.exe,23252,0x195FDAD7F80,DXGI,0,512,1,Hardware: Independent Flip,1091.1036,NA,9.97640000000000,9.95310000000000,8.91120000000000,9.03560000000000,9.1161,1090.0327,9.9821,1.0709,8.9112,0.2262,9.8803,0.4433,9.4370,0.0670,1090.0327,NA,NA,NA
ZoomTracks.exe,23252,0x195FDAD7F80,DXGI,0,512,1,Hardware: Independent Flip,1100.9685,NA,9.86490000000000,10.00310000000000,9.05820000000000,9.24750000000000,9.2543,1100.0148,10.0119,0.9537,9.0582,0.1244,10.0768,0.5006,9.5762,-0.0210,1100.0148,NA,NA,NA
ZoomTracks.exe,23252,0x195FDAD7F80,DXGI,0,512,1,Hardware: Independent Flip,1110.9760,NA,10.00750000000000,10.04210000000000,9.04730000000000,9.17990000000000,9.2889,1110.0267,9.9966,0.9493,9.0473,0.1893,9.9399,0.4962,9.4437,-0.0302,1110.0267,NA,NA,NA
ZoomTracks.exe,23252,0x195FDAD7F80,DXGI,0,512,1,Hardware: Independent Flip,1120.9804,NA,10.00440000000000,9.96240000000000,9.03850000000000,9.24080000000000,9.2469,1120.0233,9.9956,0.9571,9.0385,0.1326,10.0653,0.5163,9.5490,0.0342,1120.0233,NA,NA,NA
ZoomTracks.exe,23252,0x195FDAD7F80,DXGI,0,512,1,Hardware: Independent Flip,1131.2525,NA,10.27210000000000,9.99570000000000,8.77480000000000,8.90920000000000,8.9705,1130.0189,10.0084,1.2336,8.7748,0.2023,9.9405,0.5342,9.4063,-0.0001,1130.0189,NA,NA,NA
ZoomTracks.exe,23252,0x195FDAD7F80,DXGI,0,512,1,Hardware: Independent Flip,1141.1328,NA,9.88030000000000,9.98590000000000,8.90180000000000,9.06780000000000,9.0761,1140.0273,10.0073,1.1055,8.9018,0.1344,10.0389,0.4857,9.5532,0.0225,1140.0273,NA,NA,NA
ZoomTracks.exe,23252,0x195FDAD7F80,DXGI,0,512,1,Hardware: Independent Flip,1151.0351,NA,9.90230000000000,10.02570000000000,9.00080000000000,9.19240000000000,9.1995,1150.0346,10.0013,1.0005,9.0008,0.1660,10.0269,0.5130,9.5139,-0.0184,1150.0346,NA,NA,NA
ZoomTracks.exe,23252,0x195FDAD7F80,DXGI,0,512,1,Hardware: Independent Flip,1161.0452,NA,10.01010000000000,9.96560000000000,8.97410000000000,9.14890000000000,9.1550,1160.0359,9.9834,1.0093,8.9741,0.1916,9.9666,0.5702,9.3964,0.0357,1160.0359,NA,NA,NA
ZoomTracks.exe,23252,0x195FDAD7F80,DXGI,0,512,1,Hardware: Independent Flip,1172.9286,NA,11.88340000000000,10.00520000000000,7.09190000000000,7.26970000000000,7.2768,1170.0193,10.0012,2.9093,7.0919,0.1748,10.0042,0.5126,9.4916,-0.0218,1170.0193,NA,18.3309,18.3309
ZoomTracks.exe,23252,0x195FDAD7F80,DXGI,0,512,1,Hardware: Independent Flip,1180.9029,NA,7.97430000000000,9.99820000000000,9.11670000000000,9.28840000000000,9.3007,1180.0205,9.9991,0.8824,9.1167,0.1778,9.9930,0.4843,9.5087,0.0030,1180.0205,NA,NA,NA
ZoomTracks.exe,23252,0x195FDAD7F80,DXGI,0,512,1,Hardware: Independent Flip,1190.8507,NA,9.94780000000000,10.00300000000000,9.17610000000000,9.34910000000000,9.3559,1190.0196,10.0072,0.8311,9.1761,0.1717,10.0085,0.5426,9.4659,-0.0039,1190.0196,NA,NA,NA
ZoomTracks.exe,23252,0x195FDAD7F80,DXGI,0,512,1,Hardware: Independent Flip,1200.8772,NA,10.02650000000000,10.09690000000000,9.15450000000000,9.41880000000000,9.4263,1200.0268,10.0049,0.8504,9.1545,0.1730,10.0962,0.6531,9.4431,-0.0897,1200.0268,NA,NA,NA
ZoomTracks.exe,23252,0x195FDAD7F80,DXGI,0,512,1,Hardware: Independent Flip,1211.1578,NA,10.28060000000000,10.19890000000000,9.18530000000000,9.27520000000000,9.3446,1210.0317,10.3114,1.1261,9.1853,0.2643,10.1370,0.6002,9.5368,-0.1940,1210.0317,NA,NA,NA
ZoomTracks.exe,23252,0x195FDAD7F80,DXGI,0,512,1,Hardware: Independent Flip,1221.2718,NA,10.11400000000000,9.70440000000000,8.75910000000000,8.92840000000000,8.9350,1220.3431,9.6878,0.9287,8.7591,0.0899,9.7672,0.5046,9.2626,0.6070,1220.3431,NA,NA,NA
ZoomTracks.exe,23252,0x195FDAD7F80,DXGI,0,512,1,Hardware: Independent Flip,1230.8908,NA,9.61900000000000,10.08890000000000,9.13940000000000,9.39600000000000,9.4049,1230.0309,9.9993,0.8599,9.1394,0.1693,10.0866,0.6288,9.4578,-0.4011,1230.0309,NA,NA,NA
ZoomTracks.exe,23252,0x195FDAD7F80,DXGI,0,512,1,Hardware: Independent Flip,1241.0807,NA,10.18990000000000,10.22270000000000,8.92860000000000,9.17290000000000,9.4377,1240.0302,9.9791,1.0505,8.9286,0.2566,9.9668,0.5431,9.4237,-0.2234,1240.0302,NA,NA,NA
ZoomTracks.exe,23252,0x195FDAD7F80,DXGI,0,512,1,Hardware: Independent Flip,1251.1854,NA,10.10470000000000,9.69970000000000,8.84500000000000,9.02540000000000,9.0327,1250.0093,10.0211,1.1761,8.8450,0.2443,9.9572,0.5778,9.3794,0.2794,1250.0093,NA,NA,NA
ZoomTracks.exe,23252,0x195FDAD7F80,DXGI,0,512,1,Hardware: Independent Flip,1261.0399,NA,9.85450000000000,10.11210000000000,8.96000000000000,9.10170000000000,9.2903,1260.0304,9.9695,1.0095,8.9600,0.1804,9.9308,0.5043,9.4265,-0.0910,1260.0304,NA,NA,NA
ZoomTracks.exe,23252,0x195FDAD7F80,DXGI,0,512,1,Hardware: Independent Flip,1271.0841,NA,10.04420000000000,9.94310000000000,8.93660000000000,9.08330000000000,9.1892,1269.9999,10.0208,1.0842,8.9366,0.1417,10.0258,0.5187,9.5071,0.0264,1269.9999,NA,NA,NA
ZoomTracks.exe,23252,0x195FDAD7F80,DXGI,0,512,1,Hardware: Independent Flip,1280.9883,NA,9.90420000000000,9.95250000000000,9.03040000000000,9.23100000000000,9.2375,1280.0207,9.9980,0.9676,9.0304,0.1467,10.0519,0.5076,9.5443,0.0683,1280.0207,NA,NA,NA
ZoomTracks.exe,23252,0x195FDAD7F80,DXGI,0,512,1,Hardware: Independent Flip,1291.2666,NA,10.27830000000000,10.04330000000000,8.74510000000000,8.90680000000000,9.0025,1290.0187,9.9930,1.2479,8.7451,0.2006,9.9541,0.5611,9.3930,-0.0453,1290.0187,NA,19.3970,19.3970
ZoomTracks.exe,23252,0x195FDAD7F80,DXGI,0,512,1,Hardware: Independent Flip,1301.0736,NA,9.80700000000000,9.95030000000000,8.95720000000000,9.13830000000000,9.1458,1300.0117,10.0191,1.0619,8.9572,0.1617,10.0385,0.4964,9.5421,0.0427,1300.0117,NA,NA,NA
ZoomTracks.exe,23252,0x195FDAD7F80,DXGI,0,512,1,Hardware: Independent Flip,1310.9439,NA,9.87030000000000,10.04290000000000,9.08450000000000,9.25560000000000,9.3184,1310.0308,9.9976,0.9131,9.0845,0.1811,9.9876,0.5390,9.4486,-0.0238,1310.0308,NA,NA,NA
ZoomTracks.exe,23252,0x195FDAD7F80,DXGI,0,512,1,Hardware: Independent Flip,1320.9434,NA,9.99950000000000,9.98490000000000,9.09870000000000,9.29560000000000,9.3038,1320.0284,10.0137,0.9150,9.0987,0.1711,10.0395,0.5856,9.4539,0.0127,1320.0284,NA,NA,NA
ZoomTracks.exe,23252,0x195FDAD7F80,DXGI,0,512,1,Hardware: Independent Flip,1331.1719,NA,10.22850000000000,9.95310000000000,8.83770000000000,9.02030000000000,9.0284,1330.0421,9.9675,1.1298,8.8377,0.1969,9.9532,0.6353,9.3179,0.0606,1330.0421,NA,NA,NA
ZoomTracks.exe,23252,0x195FDAD7F80,DXGI,0,512,1,Hardware: Independent Flip,1340.8954,NA,9.72350000000000,10.01620000000000,9.12180000000000,9.31420000000000,9.3211,1340.0096,10.0076,0.8858,9.1218,0.1826,10.0174,0.5132,9.5042,-0.0487,1340.0096,NA,NA,NA
ZoomTracks.exe,23252,0x195FDAD7F80,DXGI,0,512,1,Hardware: Independent Flip,1350.9228,NA,10.02740000000000,9.98890000000000,9.07970000000000,9.27490000000000,9.2826,1350.0172,9.9853,0.9056,9.0797,0.1924,9.9881,0.5570,9.4311,0.0187,1350.0172,NA,NA,NA
ZoomTracks.exe,23252,0x195FDAD7F80,DXGI,0,512,1,Hardware: Independent Flip,1360.9144,NA,9.99160000000000,10.00930000000000,9.09300000000000,9.29430000000000,9.3003,1360.0025,10.0049,0.9119,9.0930,0.1952,10.0110,0.4971,9.5139,-0.0240,1360.0025,NA,NA,NA
ZoomTracks.exe,23252,0x195FDAD7F80,DXGI,0,512,1,Hardware: Independent Flip,1370.8876,NA,9.97320000000000,10.02590000000000,9.14290000000000,9.27690000000000,9.3530,1370.0074,10.0231,0.8802,9.1429,0.2013,9.9558,0.4668,9.4890,-0.0210,1370.0074,NA,NA,NA
ZoomTracks.exe,23252,0x195FDAD7F80,DXGI,0,512,1,Hardware: Independent Flip,1380.9894,NA,10.10180000000000,9.98550000000000,9.02050000000000,9.22900000000000,9.2367,1380.0305,9.9794,0.9589,9.0205,0.1340,10.0539,0.5019,9.5520,0.0376,1380.0305,NA,NA,NA
ZoomTracks.exe,23252,0x195FDAD7F80,DXGI,0,512,1,Hardware: Independent Flip,1390.9586,NA,9.96920000000000,9.98760000000000,9.06990000000000,9.24710000000000,9.2551,1390.0099,10.0186,0.9487,9.0699,0.2085,9.9873,0.5438,9.4435,-0.0082,1390.0099,NA,NA,NA
ZoomTracks.exe,23252,0x195FDAD7F80,DXGI,0,512,1,Hardware: Independent Flip,1400.9295,NA,9.97090000000000,10.00830000000000,9.10330000000000,9.28540000000000,9.2925,1400.0285,10.0043,0.9010,9.1033,0.1772,10.0092,0.5122,9.4970,0.0103,1400.0285,NA,NA,NA
ZoomTracks.exe,23252,0x195FDAD7F80,DXGI,0,512,1,Hardware: Independent Flip,1410.9721,NA,10.04260000000000,10.01810000000000,9.04100000000000,9.19400000000000,9.2680,1410.0328,9.9803,0.9393,9.0410,0.1821,9.9512,0.4504,9.5008,-0.0138,1410.0328,NA,NA,NA
ZoomTracks.exe,23252,0x195FDAD7F80,DXGI,0,512,1,Hardware: Independent Flip,1422.6226,NA,11.65050000000000,9.98160000000000,7.41070000000000,7.59250000000000,7.5991,1420.0131,10.0202,2.6095,7.4107,0.1530,10.0490,0.6014,9.4476,-0.0013,1420.0131,NA,14.3021,14.3021
ZoomTracks.exe,23252,0x195FDAD7F80,DXGI,0,512,1,Hardware: Independent Flip,1431.1993,NA,8.57670000000000,9.98850000000000,8.80750000000000,9.00420000000000,9.0109,1430.0333,9.9735,1.1660,8.8075,0.1818,9.9884,0.5735,9.4149,0.0317,1430.0333,NA,13.3302,13.3302
ZoomTracks.exe,23252,0x195FDAD7F80,DXGI,0,512,1,Hardware: Independent Flip,1440.9170,NA,9.71770000000000,9.98980000000000,9.08130000000000,9.27640000000000,9.2830,1440.0068,9.9915,0.9102,9.0813,0.1967,9.9899,0.4959,9.4940,-0.0163,1440.0068,NA,NA,NA
ZoomTracks.exe,23252,0x195FDAD7F80,DXGI,0,512,1,Hardware: Independent Flip,1450.8675,NA,9.95050000000000,10.01930000000000,9.15820000000000,9.34530000000000,9.3518,1449.9983,10.0274,0.8692,9.1582,0.1951,10.0194,0.5576,9.4618,-0.0278,1449.9983,NA,NA,NA
ZoomTracks.exe,23252,0x195FDAD7F80,DXGI,0,512,1,Hardware: Independent Flip,1460.9771,NA,10.10960000000000,9.95800000000000,9.03860000000000,9.19420000000000,9.2002,1460.0257,9.9900,0.9514,9.0386,0.1871,9.9585,0.4608,9.4977,0.0694,1460.0257,NA,NA,NA
ZoomTracks.exe,23252,0x195FDAD7F80,DXGI,0,512,1,Hardware: Independent Flip,1470.9129,NA,9.93580000000000,10.02580000000000,9.09220000000000,9.28400000000000,9.2902,1470.0157,9.9894,0.8972,9.0922,0.1556,10.0256,0.4916,9.5340,-0.0358,1470.0157,NA,NA,NA
ZoomTracks.exe,23252,0x195FDAD7F80,DXGI,0,512,1,Hardware: Independent Flip,1481.0720,NA,10.15910000000000,10.00310000000000,8.94450000000000,9.12220000000000,9.1342,1480.0051,10.0114,1.0669,8.9445,0.1918,9.9973,0.5483,9.4490,-0.0137,1480.0051,NA,NA,NA
ZoomTracks.exe,23252,0x195FDAD7F80,DXGI,0,512,1,Hardware: Independent Flip,1490.9474,NA,9.87540000000000,10.08120000000000,9.08990000000000,9.33310000000000,9.3400,1490.0165,10.0208,0.9309,9.0899,0.1777,10.0863,0.5529,9.5334,-0.0698,1490.0165,NA,NA,NA
ZoomTracks.exe,23252,0x195FDAD7F80,DXGI,0,512,1,Hardware: Independent Flip,1501.1912,NA,10.24380000000000,9.93890000000000,8.83230000000000,8.95660000000000,9.0351,1500.0373,9.9862,1.1539,8.8323,0.2432,9.8673,0.4545,9.4128,0.0819,1500.0373,NA,19.3610,19.3610
ZoomTracks.exe,23252,0x195FDAD7F80,DXGI,0,512,1,Hardware: Independent Flip,1510.9053,NA,9.71410000000000,9.99230000000000,9.11970000000000,9.30620000000000,9.3133,1510.0235,10.0015,0.8818,9.1197,0.1243,10.0637,0.4953,9.5684,-0.0061,1510.0235,NA,NA,NA
ZoomTracks.exe,23252,0x195FDAD7F80,DXGI,0,512,1,Hardware: Independent Flip,1520.9571,NA,10.05180000000000,10.09780000000000,9.05650000000000,9.20670000000000,9.3593,1520.0250,9.9886,0.9321,9.0565,0.1865,9.9523,0.4567,9.4956,-0.0963,1520.0250,NA,NA,NA
ZoomTracks.exe,23252,0x195FDAD7F80,DXGI,0,512,1,Hardware: Independent Flip,1531.0926,NA,10.13550000000000,9.91590000000000,8.93050000000000,9.13120000000000,9.1397,1530.0136,10.0095,1.0790,8.9305,0.1502,10.0600,0.5413,9.5187,0.0727,1530.0136,NA,NA,NA
ZoomTracks.exe,23252,0x195FDAD7F80,DXGI,0,512,1,Hardware: Independent Flip,1540.9681,NA,9.87550000000000,10.01740000000000,9.06020000000000,9.18220000000000,9.2816,1540.0231,10.0052,0.9450,9.0602,0.2007,9.9265,0.4449,9.4816,-0.0079,1540.0231,NA,NA,NA
ZoomTracks.exe,23252,0x195FDAD7F80,DXGI,0,512,1,Hardware: Independent Flip,1550.9880,NA,10.01990000000000,9.97460000000000,9.01920000000000,9.22940000000000,9.2363,1550.0283,9.9789,0.9597,9.0192,0.1220,10.0671,0.5044,9.5627,0.0306,1550.0283,NA,NA,NA
ZoomTracks.exe,23252,0x195FDAD7F80,DXGI,0,512,1,Hardware: Independent Flip,1560.9610,NA,9.97300000000000,9.99350000000000,9.05650000000000,9.25010000000000,9.2568,1560.0072,10.0103,0.9538,9.0565,0.2102,9.9937,0.5692,9.4245,-0.0146,1560.0072,NA,NA,NA
ZoomTracks.exe,23252,0x195FDAD7F80,DXGI,0,512,1,Hardware: Independent Flip,1570.9249,NA,9.96390000000000,10.02230000000000,9.09470000000000,9.30850000000000,9.3152,1570.0175,10.0021,0.9074,9.0947,0.1936,10.0223,0.5786,9.4437,-0.0120,1570.0175,NA,NA,NA
ZoomTracks.exe,23252,0x195FDAD7F80,DXGI,0,512,1,Hardware: Independent Flip,1580.9484,NA,10.02350000000000,9.98310000000000,9.06250000000000,9.26840000000000,9.2748,1580.0196,9.9913,0.9288,9.0625,0.2138,9.9834,0.5650,9.4184,0.0190,1580.0196,NA,NA,NA
ZoomTracks.exe,23252,0x195FDAD7F80,DXGI,0,512,1,Hardware: Independent Flip,1591.6354,NA,10.68700000000000,9.97530000000000,8.39180000000000,8.55590000000000,8.5631,1590.0109,10.0163,1.6245,8.3918,0.2059,9.9745,0.4993,9.4752,0.0160,1590.0109,NA,14.3086,14.3086
ZoomTracks.exe,23252,0x195FDAD7F80,DXGI,0,512,1,Hardware: Independent Flip,1600.9276,NA,9.29220000000000,10.02290000000000,9.07270000000000,9.28550000000000,9.2938,1600.0272,9.9731,0.9004,9.0727,0.1641,10.0218,0.5670,9.4548,-0.0066,1600.0272,NA,NA,NA
ZoomTracks.exe,23252,0x195FDAD7F80,DXGI,0,512,1,Hardware: Independent Flip,1610.9405,NA,10.01290000000000,9.93910000000000,9.07300000000000,9.20760000000000,9.2200,1610.0003,10.0132,0.9402,9.0730,0.2128,9.9350,0.4430,9.4920,0.0340,1610.0003,NA,NA,NA
ZoomTracks.exe,23252,0x195FDAD7F80,DXGI,0,512,1,Hardware: Independent Flip,1620.8195,NA,9.87900000000000,10.03440000000000,9.20330000000000,9.36870000000000,9.3754,1620.0135,10.0093,0.8060,9.2033,0.1346,10.0401,0.5459,9.4942,-0.0212,1620.0135,NA,NA,NA
ZoomTracks.exe,23252,0x195FDAD7F80,DXGI,0,512,1,Hardware: Independent Flip,1630.9732,NA,10.15370000000000,9.98120000000000,9.03070000000000,9.11930000000000,9.2029,1630.0228,9.9811,0.9504,9.0307,0.1654,9.9043,0.3823,9.5220,0.0281,1630.0228,NA,NA,NA
ZoomTracks.exe,23252,0x195FDAD7F80,DXGI,0,512,1,Hardware: Independent Flip,1641.0599,NA,10.08670000000000,10.05440000000000,8.97250000000000,9.16450000000000,9.1706,1640.0039,10.0285,1.0560,8.9725,0.0886,10.1319,0.5121,9.6198,-0.0733,1640.0039,NA,NA,NA
ZoomTracks.exe,23252,0x195FDAD7F80,DXGI,0,512,1,Hardware: Independent Flip,1650.9544,NA,9.89450000000000,10.03170000000000,9.06130000000000,9.19220000000000,9.3078,1650.0324,9.9833,0.9220,9.0613,0.1920,9.9222,0.5023,9.4199,-0.0032,1650.0324,NA,NA,NA
ZoomTracks.exe,23252,0x195FDAD7F80,DXGI,0,512,1,Hardware: Independent Flip,1661.0942,NA,10.13980000000000,9.93460000000000,8.91370000000000,9.09670000000000,9.1026,1660.0157,9.9922,1.0785,8.9137,0.1309,10.0443,0.5688,9.4755,0.0487,1660.0157,NA,NA,NA
ZoomTracks.exe,23252,0x195FDAD7F80,DXGI,0,512,1,Hardware: Independent Flip,1671.5000,NA,10.40580000000000,10.02450000000000,8.52410000000000,8.64630000000000,8.7213,1670.0079,10.0162,1.4921,8.5241,0.1830,9.9554,0.4410,9.5144,-0.0323,1670.0079,NA,19.3552,19.3552
ZoomTracks.exe,23252,0x195FDAD7F80,DXGI,0,512,1,Hardware: Independent Flip,1680.9892,NA,9.48920000000000,10.06580000000000,9.12810000000000,9.20610000000000,9.2979,1680.0241,10.0932,0.9651,9.1281,0.1222,10.0490,0.4996,9.5494,-0.0496,1680.0241,NA,NA,NA
ZoomTracks.exe,23252,0x195FDAD7F80,DXGI,0,512,1,Hardware: Independent Flip,1691.4036,NA,10.41440000000000,9.95200000000000,8.62760000000000,8.75980000000000,8.8355,1690.1173,9.9139,1.2863,8.6276,0.0780,9.9681,0.4893,9.4788,0.1412,1690.1173,NA,NA,NA
ZoomTracks.exe,23252,0x195FDAD7F80,DXGI,0,512,1,Hardware: Independent Flip,1701.2963,NA,9.89270000000000,9.98510000000000,8.72420000000000,8.92070000000000,8.9279,1700.0312,9.9893,1.2651,8.7242,0.1322,10.0536,0.5942,9.4594,-0.0712,1700.0312,NA,NA,NA
ZoomTracks.exe,23252,0x195FDAD7F80,DXGI,0,512,1,Hardware: Independent Flip,1710.9594,NA,9.66310000000000,10.00260000000000,9.05850000000000,9.19060000000000,9.2674,1710.0205,9.9974,0.9389,9.0585,0.1965,9.9330,0.4466,9.4864,-0.0133,1710.0205,NA,NA,NA
ZoomTracks.exe,23252,0x195FDAD7F80,DXGI,0,512,1,Hardware: Independent Flip,1720.9307,NA,9.97130000000000,10.16620000000000,9.32250000000000,9.39210000000000,9.4623,1720.0179,10.2353,0.9128,9.3225,0.1321,10.1728,0.5280,9.6448,-0.1688,1720.0179,NA,NA,NA
ZoomTracks.exe,23252,0x195FDAD7F80,DXGI,0,512,1,Hardware: Independent Flip,1731.5106,NA,10.57990000000000,9.93680000000000,8.50800000000000,8.66330000000000,8.8192,1730.2532,9.7654,1.2574,8.5080,0.0696,9.8511,0.4916,9.3595,0.2985,1730.2532,NA,11.4510,11.4510
ZoomTracks.exe,23252,0x195FDAD7F80,DXGI,0,512,1,Hardware: Independent Flip,1741.2333,NA,9.72270000000000,9.90320000000000,8.79100000000000,8.99350000000000,8.9997,1740.0186,10.0057,1.2147,8.7910,0.1553,10.0529,0.5399,9.5130,-0.1378,1740.0186,NA,14.3575,14.3575
ZoomTracks.exe,23252,0x195FDAD7F80,DXGI,0,512,1,Hardware: Independent Flip,1751.0280,NA,9.79470000000000,10.05510000000000,8.97750000000000,9.12000000000000,9.2601,1750.0243,9.9812,1.0037,8.9775,0.2025,9.9212,0.4444,9.4768,-0.0494,1750.0243,NA,NA,NA
ZoomTracks.exe,23252,0x195FDAD7F80,DXGI,0,512,1,Hardware: Independent Flip,1761.0193,NA,9.99130000000000,9.97790000000000,8.98090000000000,9.23590000000000,9.2467,1760.0055,9.9947,1.0138,8.9809,0.1425,10.1072,0.6046,9.5026,0.0033,1760.0055,NA,NA,NA
ZoomTracks.exe,23252,0x195FDAD7F80,DXGI,0,512,1,Hardware: Independent Flip,1771.0710,NA,10.05170000000000,10.04480000000000,8.94340000000000,9.14520000000000,9.2398,1770.0002,10.0142,1.0708,8.9434,0.2550,9.9610,0.5116,9.4494,-0.0501,1770.0002,NA,NA,NA
ZoomTracks.exe,23252,0x195FDAD7F80,DXGI,0,512,1,Hardware: Independent Flip,1781.0645,NA,9.99350000000000,9.87540000000000,8.96780000000000,9.11430000000000,9.1217,1780.0144,10.0179,1.0501,8.9678,0.2018,9.9626,0.5366,9.4260,0.1388,1780.0144,NA,NA,NA
ZoomTracks.exe,23252,0x195FDAD7F80,DXGI,0,512,1,Hardware: Independent Flip,1790.9370,NA,9.87250000000000,10.02390000000000,9.07810000000000,9.26630000000000,9.2731,1790.0323,9.9828,0.9047,9.0781,0.1465,10.0245,0.5064,9.5181,-0.0060,1790.0323,NA,NA,NA
ZoomTracks.exe,23252,0x195FDAD7F80,DXGI,0,512,1,Hardware: Independent Flip,1800.9283,NA,9.99130000000000,10.00280000000000,9.07360000000000,9.21630000000000,9.2846,1800.0151,9.9868,0.9132,9.0736,0.1882,9.9413,0.4463,9.4950,-0.0200,1800.0151,NA,NA,NA
ZoomTracks.exe,23252,0x195FDAD7F80,DXGI,0,512,1,Hardware: Independent Flip,1811.3659,NA,10.43760000000000,10.01780000000000,8.70930000000000,8.85750000000000,8.8648,1810.0019,10.0733,1.3640,8.7093,0.1427,10.0788,0.6152,9.4636,-0.0310,1810.0019,NA,14.3523,14.3523
ZoomTracks.exe,23252,0x195FDAD7F80,DXGI,0,512,1,Hardware: Independent Flip,1821.0463,NA,9.68040000000000,10.00330000000000,8.97580000000000,9.10510000000000,9.1877,1820.0752,9.9469,0.9711,8.9758,0.1482,9.9280,0.4874,9.4406,0.0700,1820.0752,NA,10.3691,10.3691
ZoomTracks.exe,23252,0x195FDAD7F80,DXGI,0,512,1,Hardware: Independent Flip,1830.9852,NA,9.93890000000000,9.98900000000000,9.03090000000000,9.23050000000000,9.2378,1830.0221,9.9940,0.9631,9.0309,0.1293,10.0643,0.5600,9.5043,-0.0421,1830.0221,NA,NA,NA
ZoomTracks.exe,23252,0x195FDAD7F80,DXGI,0,512,1,Hardware: Independent Flip,1840.9937,NA,10.00850000000000,10.08120000000000,9.01370000000000,9.22710000000000,9.3105,1840.0161,9.9913,0.9776,9.0137,0.1996,10.0051,0.5119,9.4932,-0.0872,1840.0161,NA,NA,NA
ZoomTracks.exe,23252,0x195FDAD7F80,DXGI,0,512,1,Hardware: Independent Flip,1850.9886,NA,9.99490000000000,9.91890000000000,9.03170000000000,9.22690000000000,9.2345,1850.0074,10.0129,0.9812,9.0317,0.2134,9.9947,0.5544,9.4403,0.0724,1850.0074,NA,NA,NA
ZoomTracks.exe,23252,0x195FDAD7F80,DXGI,0,512,1,Hardware: Independent Flip,1861.1068,NA,10.11820000000000,9.98410000000000,8.90310000000000,9.09310000000000,9.1004,1860.0203,9.9896,1.0865,8.9031,0.1952,9.9844,0.5019,9.4825,0.0288,1860.0203,NA,NA,NA
ZoomTracks.exe,23252,0x195FDAD7F80,DXGI,0,512,1,Hardware: Independent Flip,1870.9131,NA,9.80630000000000,10.02420000000000,9.10770000000000,9.24180000000000,9.3183,1870.0099,10.0109,0.9032,9.1077,0.1900,9.9550,0.5022,9.4528,-0.0346,1870.0099,NA,NA,NA
ZoomTracks.exe,23252,0x195FDAD7F80,DXGI,0,512,1,Hardware: Independent Flip,1881.2296,NA,10.31650000000000,10.01790000000000,8.84700000000000,9.01030000000000,9.0197,1880.0208,10.0558,1.2088,8.8470,0.1341,10.0850,0.5334,9.5516,-0.0070,1880.0208,NA,14.3697,14.3697
ZoomTracks.exe,23252,0x195FDAD7F80,DXGI,0,512,1,Hardware: Independent Flip,1891.3961,NA,10.16650000000000,9.96430000000000,8.64310000000000,8.74970000000000,8.8175,1890.0766,9.9626,1.3195,8.6431,0.1633,9.9059,0.5111,9.3948,0.0915,1890.0766,NA,NA,NA
ZoomTracks.exe,23252,0x195FDAD7F80,DXGI,0,512,1,Hardware: Independent Flip,1901.0572,NA,9.66110000000000,10.00810000000000,8.96770000000000,9.15830000000000,9.1645,1900.0392,9.9857,1.0180,8.9677,0.1066,10.0697,0.5052,9.5645,-0.0455,1900.0392,NA,NA,NA
ZoomTracks.exe,23252,0x195FDAD7F80,DXGI,0,512,1,Hardware: Independent Flip,1911.2282,NA,10.17100000000000,10.02070000000000,8.80740000000000,8.92610000000000,9.0142,1910.0249,10.0107,1.2033,8.8074,0.1906,9.9388,0.4682,9.4706,-0.0350,1910.0249,NA,12.3522,12.3522
ZoomTracks.exe,23252,0x195FDAD7F80,DXGI,0,512,1,Hardware: Independent Flip,1921.0130,NA,9.78480000000000,10.07220000000000,9.18380000000000,9.23920000000000,9.3016,1920.0356,10.1612,0.9774,9.1838,0.1187,10.0979,0.5113,9.5866,-0.0615,1920.0356,NA,NA,NA
ZoomTracks.exe,23252,0x195FDAD7F80,DXGI,0,512,1,Hardware: Independent Flip,1931.0237,NA,10.01070000000000,9.92930000000000,9.00310000000000,9.11170000000000,9.2202,1930.1968,9.8300,0.8269,9.0031,0.0554,9.8832,0.4767,9.4065,0.2319,1930.1968,NA,NA,NA
ZoomTracks.exe,23252,0x195FDAD7F80,DXGI,0,512,1,Hardware: Independent Flip,1941.0845,NA,10.06080000000000,9.98030000000000,8.95940000000000,9.13210000000000,9.1397,1940.0268,10.0171,1.0577,8.9594,0.1086,10.0812,0.5183,9.5629,-0.1503,1940.0268,NA,11.8447,11.8447
ZoomTracks.exe,23252,0x195FDAD7F80,DXGI,0,512,1,Hardware: Independent Flip,1951.0011,NA,9.91660000000000,10.07260000000000,9.01110000000000,9.14760000000000,9.2957,1950.0439,9.9683,0.9572,9.0111,0.1727,9.9321,0.4951,9.4370,-0.0555,1950.0439,NA,NA,NA
ZoomTracks.exe,23252,0x195FDAD7F80,DXGI,0,512,1,Hardware: Independent Flip,1961.0138,NA,10.01270000000000,9.94810000000000,9.00670000000000,9.22290000000000,9.2311,1960.0122,10.0083,1.0016,9.0067,0.1365,10.0880,0.5947,9.4933,0.0202,1960.0122,NA,NA,NA
ZoomTracks.exe,23252,0x195FDAD7F80,DXGI,0,512,1,Hardware: Independent Flip,1971.0885,NA,10.07470000000000,9.99640000000000,8.92250000000000,9.06590000000000,9.1528,1970.0205,9.9905,1.0680,8.9225,0.2162,9.9177,0.4539,9.4638,0.0119,1970.0205,NA,15.3546,15.3546
ZoomTracks.exe,23252,0x195FDAD7F80,DXGI,0,512,1,Hardware: Independent Flip,1981.0468,NA,9.95830000000000,10.00090000000000,9.01070000000000,9.18740000000000,9.1954,1980.0110,10.0465,1.0358,9.0107,0.1434,10.0798,0.5228,9.5570,-0.0104,1980.0110,NA,NA,NA
ZoomTracks.exe,23252,0x195FDAD7F80,DXGI,0,512,1,Hardware: Independent Flip,1991.3038,NA,10.25700000000000,10.13350000000000,8.75890000000000,8.97590000000000,9.0719,1990.0575,10.0052,1.2463,8.7589,0.1767,10.0455,0.5759,9.4696,-0.0870,1990.0575,NA,NA,NA
ZoomTracks.exe,23252,0x195FDAD7F80,DXGI,0,512,1,Hardware: Independent Flip,2001.3983,NA,10.09450000000000,9.85900000000000,8.65990000000000,8.82850000000000,8.8364,2000.0627,9.9955,1.3356,8.6599,0.2170,9.9471,0.6021,9.3450,0.1462,2000.0627,NA,NA,NA
ZoomTracks.exe,23252,0x195FDAD7F80,DXGI,0,512,1,Hardware: Independent Flip,2011.2915,NA,9.89320000000000,10.00250000000000,8.76040000000000,8.93850000000000,8.9457,2010.0582,9.9937,1.2333,8.7604,0.1686,10.0032,0.4973,9.5059,-0.0070,2010.0582,NA,NA,NA
ZoomTracks.exe,23252,0x195FDAD7F80,DXGI,0,512,1,Hardware: Independent Flip,2021.3849,NA,10.09340000000000,10.05090000000000,8.64340000000000,8.77090000000000,8.9032,2020.0519,9.9764,1.3330,8.6434,0.1781,9.9258,0.4491,9.4767,-0.0572,2020.0519,NA,12.3990,12.3990
ZoomTracks.exe,23252,0x195FDAD7F80,DXGI,0,512,1,Hardware: Independent Flip,2031.0037,NA,9.61880000000000,9.91720000000000,9.02900000000000,9.19610000000000,9.2016,2030.0283,10.0044,0.9754,9.0290,0.1275,10.0440,0.4772,9.5668,0.0592,2030.0283,NA,NA,NA
ZoomTracks.exe,23252,0x195FDAD7F80,DXGI,0,512,1,Hardware: Independent Flip,2040.9750,NA,9.97130000000000,10.03500000000000,9.05140000000000,9.16590000000000,9.2653,2040.0327,9.9937,0.9423,9.0514,0.1671,9.9411,0.5033,9.4378,-0.0306,2040.0327,NA,NA,NA
ZoomTracks.exe,23252,0x195FDAD7F80,DXGI,0,512,1,Hardware: Independent Flip,2050.9439,NA,9.96890000000000,9.96700000000000,9.07550000000000,9.25610000000000,9.2634,2050.0264,9.9930,0.9175,9.0755,0.1145,10.0591,0.5548,9.5043,0.0267,2050.0264,NA,NA,NA
ZoomTracks.exe,23252,0x195FDAD7F80,DXGI,0,512,1,Hardware: Independent Flip,2060.9184,NA,9.97450000000000,9.98040000000000,9.14520000000000,9.20250000000000,9.2693,2060.0194,10.0442,0.8990,9.1452,0.1806,9.9209,0.3898,9.5311,0.0126,2060.0194,NA,NA,NA
ZoomTracks.exe,23252,0x195FDAD7F80,DXGI,0,512,1,Hardware: Independent Flip,2070.9821,NA,10.06370000000000,10.02330000000000,9.03910000000000,9.22150000000000,9.2289,2070.0636,9.9576,0.9185,9.0391,0.0573,10.0827,0.5618,9.5209,0.0209,2070.0636,NA,NA,NA
ZoomTracks.exe,23252,0x195FDAD7F80,DXGI,0,512,1,Hardware: Independent Flip,2081.6252,NA,10.64310000000000,10.12540000000000,8.55530000000000,8.63590000000000,8.7112,2080.0212,10.1593,1.6040,8.5553,0.1824,10.0575,0.5461,9.5114,-0.1678,2080.0212,NA,17.4497,17.4497
ZoomTracks.exe,23252,0x195FDAD7F80,DXGI,0,512,1,Hardware: Independent Flip,2091.6536,NA,10.02840000000000,9.91890000000000,8.45830000000000,8.52250000000000,8.6017,2090.1805,9.9314,1.4731,8.4583,0.0806,9.9150,0.5574,9.3576,0.2404,2090.1805,NA,NA,NA
ZoomTracks.exe,23252,0x195FDAD7F80,DXGI,0,512,1,Hardware: Independent Flip,2101.5214,NA,9.86780000000000,9.99690000000000,8.59410000000000,8.72080000000000,8.7308,2100.1119,10.0036,1.4095,8.5941,0.0642,10.0661,0.5374,9.5287,-0.0655,2100.1119,NA,NA,NA
ZoomTracks.exe,23252,0x195FDAD7F80,DXGI,0,512,1,Hardware: Independent Flip,2111.5654,NA,10.04400000000000,10.03420000000000,8.51660000000000,8.62000000000000,8.7210,2110.1155,9.9665,1.4499,8.5166,0.1267,9.9432,0.4728,9.4704,-0.0306,2110.1155,NA,NA,NA
ZoomTracks.exe,23252,0x195FDAD7F80,DXGI,0,512,1,Hardware: Independent Flip,2121.3665,NA,9.80110000000000,9.93840000000000,8.68090000000000,8.85080000000000,8.8583,2120.0820,9.9654,1.2845,8.6809,0.1034,10.0319,0.5146,9.5173,0.0281,2120.0820,NA,NA,NA
ZoomTracks.exe,23252,0x195FDAD7F80,DXGI,0,512,1,Hardware: Independent Flip,2131.0535,NA,9.68700000000000,9.99080000000000,8.96890000000000,9.15500000000000,9.1621,2130.0474,9.9750,1.0061,8.9689,0.1699,9.9912,0.5011,9.4901,-0.0254,2130.0474,NA,NA,NA
ZoomTracks.exe,23252,0x195FDAD7F80,DXGI,0,512,1,Hardware: Independent Flip,2140.9611,NA,9.90760000000000,10.00870000000000,9.07190000000000,9.25490000000000,9.2632,2140.0224,10.0106,0.9387,9.0719,0.1861,10.0075,0.5013,9.5062,-0.0337,2140.0224,NA,NA,NA
ZoomTracks.exe,23252,0x195FDAD7F80,DXGI,0,512,1,Hardware: Independent Flip,2150.9945,NA,10.03340000000000,10.00950000000000,9.03240000000000,9.23170000000000,9.2393,2150.0330,9.9939,0.9615,9.0324,0.1830,10.0102,0.5216,9.4886,0.0011,2150.0330,NA,NA,NA
ZoomTracks.exe,23252,0x195FDAD7F80,DXGI,0,512,1,Hardware: Independent Flip,2160.9730,NA,9.97850000000000,9.98750000000000,9.05410000000000,9.24080000000000,9.2483,2160.0269,10.0002,0.9461,9.0541,0.1993,9.9876,0.5055,9.4821,0.0064,2160.0269,NA,NA,NA
ZoomTracks.exe,23252,0x195FDAD7F80,DXGI,0,512,1,Hardware: Independent Flip,2170.9639,NA,9.99090000000000,9.98390000000000,9.06500000000000,9.23430000000000,9.2413,2170.0271,10.0018,0.9368,9.0650,0.1867,9.9844,0.4988,9.4856,0.0163,2170.0271,NA,NA,NA
ZoomTracks.exe,23252,0x195FDAD7F80,DXGI,0,512,1,Hardware: Independent Flip,2181.4116,NA,10.44770000000000,10.02040000000000,8.63660000000000,8.80570000000000,8.8140,2180.0289,10.0193,1.3827,8.6366,0.1693,10.0191,0.5136,9.5055,-0.0186,2180.0289,NA,16.3521,16.3521
ZoomTracks.exe,23252,0x195FDAD7F80,DXGI,0,512,1,Hardware: Independent Flip,2191.1345,NA,9.72290000000000,10.01270000000000,8.88380000000000,9.09270000000000,9.1038,2190.0482,9.9701,1.0863,8.8838,0.1691,10.0099,0.5222,9.4877,0.0066,2190.0482,NA,NA,NA
ZoomTracks.exe,23252,0x195FDAD7F80,DXGI,0,512,1,Hardware: Independent Flip,2201.0566,NA,9.92210000000000,9.98440000000000,8.96870000000000,9.15720000000000,9.1661,2200.0183,10.0070,1.0383,8.9687,0.2089,9.9866,0.5719,9.4147,-0.0143,2200.0183,NA,NA,NA
ZoomTracks.exe,23252,0x195FDAD7F80,DXGI,0,512,1,Hardware: Independent Flip,2211.0426,NA,9.98600000000000,9.93300000000000,8.99100000000000,9.04960000000000,9.1131,2210.0253,10.0083,1.0173,8.9910,0.1885,9.8784,0.4018,9.4766,0.0740,2210.0253,NA,NA,NA
ZoomTracks.exe,23252,0x195FDAD7F80,DXGI,0,512,1,Hardware: Independent Flip,2220.8655,NA,9.82290000000000,10.04900000000000,9.14110000000000,9.33240000000000,9.3392,2220.0336,9.9730,0.8319,9.1411,0.0586,10.1057,0.4800,9.6257,-0.0407,2220.0336,NA,NA,NA
ZoomTracks.exe,23252,0x195FDAD7F80,DXGI,0,512,1,Hardware: Independent Flip,2230.9512,NA,10.08570000000000,10.04670000000000,9.07480000000000,9.17260000000000,9.3002,2230.0066,10.0194,0.9446,9.0748,0.1913,9.9259,0.4926,9.4333,-0.0737,2230.0066,NA,NA,NA
ZoomTracks.exe,23252,0x195FDAD7F80,DXGI,0,512,1,Hardware: Independent Flip,2240.9443,NA,9.99310000000000,9.96420000000000,9.07920000000000,9.26440000000000,9.2713,2240.0260,9.9975,0.9183,9.0792,0.0978,10.0849,0.5754,9.5095,0.0552,2240.0260,NA,NA,NA
ZoomTracks.exe,23252,0x195FDAD7F80,DXGI,0,512,1,Hardware: Independent Flip,2250.9671,NA,10.02280000000000,9.96130000000000,9.05520000000000,9.11800000000000,9.2098,2250.0235,9.9988,0.9436,9.0552,0.1852,9.8764,0.3732,9.5032,0.0362,2250.0235,NA,NA,NA
ZoomTracks.exe,23252,0x195FDAD7F80,DXGI,0,512,1,Hardware: Independent Flip,2260.9076,NA,9.94050000000000,10.22710000000000,9.37750000000000,9.43400000000000,9.4964,2260.0223,10.2628,0.8853,9.3775,0.0628,10.2565,0.5222,9.7343,-0.2283,2260.0223,NA,NA,NA
ZoomTracks.exe,23252,0x195FDAD7F80,DXGI,0,512,1,Hardware: Independent Flip,2271.1055,NA,10.19790000000000,10.02860000000000,8.92610000000000,9.07570000000000,9.3271,2270.2851,9.7465,0.8204,8.9261,0.0565,9.8396,0.4803,9.3593,0.2342,2270.2851,NA,NA,NA
ZoomTracks.exe,23252,0x195FDAD7F80,DXGI,0,512,1,Hardware: Independent Flip,2281.1430,NA,10.03750000000000,9.78310000000000,8.86260000000000,9.06540000000000,9.0727,2280.0316,9.9740,1.1114,8.8626,0.1496,10.0272,0.5165,9.5107,-0.0366,2280.0316,NA,NA,NA
ZoomTracks.exe,23252,0x195FDAD7F80,DXGI,0,512,1,Hardware: Independent Flip,2290.9501,NA,9.80710000000000,10.07080000000000,9.07390000000000,9.19750000000000,9.3364,2290.0056,10.0184,0.9445,9.0739,0.2028,9.9392,0.5021,9.4371,-0.0968,2290.0056,NA,NA,NA
ZoomTracks.exe,23252,0x195FDAD7F80,DXGI,0,512,1,Hardware: Independent Flip,2300.9780,NA,10.02790000000000,9.87110000000000,9.04700000000000,9.17200000000000,9.1796,2300.0240,10.0010,0.9540,9.0470,0.1236,10.0024,0.4372,9.5652,0.1473,2300.0240,NA,NA,NA
ZoomTracks.exe,23252,0x195FDAD7F80,DXGI,0,512,1,Hardware: Independent Flip,2310.8522,NA,9.87420000000000,10.05820000000000,9.16470000000000,9.35620000000000,9.3636,2310.0250,9.9919,0.8272,9.1647,0.1250,10.0584,0.5462,9.5122,-0.0572,2310.0250,NA,NA,NA
ZoomTracks.exe,23252,0x195FDAD7F80,DXGI,0,512,1,Hardware: Independent Flip,2320.9489,NA,10.09670000000000,9.99120000000000,9.11050000000000,9.25160000000000,9.2581,2320.0169,10.0425,0.9320,9.1105,0.1915,9.9921,0.4923,9.4998,0.0007,2320.0169,NA,NA,NA
ZoomTracks.exe,23252,0x195FDAD7F80,DXGI,0,512,1,Hardware: Independent Flip,2331.2445,NA,10.29560000000000,10.00870000000000,8.77270000000000,8.96460000000000,8.9712,2330.0594,9.9578,1.1851,8.7727,0.1411,10.0086,0.5673,9.4413,0.0338,2330.0594,NA,10.3254,10.3254
ZoomTracks.exe,23252,0x195FDAD7F80,DXGI,0,512,1,Hardware: Independent Flip,2340.9046,NA,9.66010000000000,9.99130000000000,9.10330000000000,9.22980000000000,9.3024,2340.0172,9.9907,0.8874,9.1033,0.1919,9.9253,0.4201,9.5052,-0.0335,2340.0172,NA,NA,NA
ZoomTracks.exe,23252,0x195FDAD7F80,DXGI,0,512,1,Hardware: Independent Flip,2350.8958,NA,9.99120000000000,10.01290000000000,9.13250000000000,9.31700000000000,9.3241,2350.0079,10.0204,0.8879,9.1325,0.1265,10.0784,0.4994,9.5790,-0.0222,2350.0079,NA,NA,NA
ZoomTracks.exe,23252,0x195FDAD7F80,DXGI,0,512,1,Hardware: Independent Flip,2360.9033,NA,10.00750000000000,10.00830000000000,9.11830000000000,9.23980000000000,9.3249,2360.0283,9.9933,0.8750,9.1183,0.1845,9.9303,0.4281,9.5022,0.0121,2360.0283,NA,NA,NA
ZoomTracks.exe,23252,0x195FDAD7F80,DXGI,0,512,1,Hardware: Independent Flip,2370.9261,NA,10.02280000000000,9.97600000000000,9.09710000000000,9.27210000000000,9.2781,2370.0216,10.0016,0.9045,9.0971,0.1215,10.0551,0.5404,9.5147,0.0173,2370.0216,NA,NA,NA
ZoomTracks.exe,23252,0x195FDAD7F80,DXGI,0,512,1,Hardware: Independent Flip,2380.9113,NA,9.98520000000000,10.05900000000000,9.14590000000000,9.27600000000000,9.3519,2380.0232,10.0340,0.8881,9.1459,0.1750,9.9891,0.4644,9.5247,-0.0574,2380.0232,NA,NA,NA
ZoomTracks.exe,23252,0x195FDAD7F80,DXGI,0,512,1,Hardware: Independent Flip,2391.1867,NA,10.27540000000000,9.97890000000000,8.84030000000000,9.04380000000000,9.0554,2390.0572,9.9698,1.1295,8.8403,0.1301,10.0432,0.5523,9.4909,0.0551,2390.0572,NA,10.3407,10.3407
ZoomTracks.exe,23252,0x195FDAD7F80,DXGI,0,512,1,Hardware: Independent Flip,2401.0222,NA,9.83550000000000,9.91140000000000,9.00790000000000,9.06740000000000,9.1313,2400.0270,10.0031,0.9952,9.0079,0.2035,9.8591,0.4502,9.4089,0.0584,2400.0270,NA,NA,NA
ZoomTracks.exe,23252,0x195FDAD7F80,DXGI,0,512,1,Hardware: Independent Flip,2410.9880,NA,9.96580000000000,10.05220000000000,9.03340000000000,9.21120000000000,9.2177,2410.0301,9.9913,0.9579,9.0334,0.0595,10.1096,0.4876,9.6220,-0.0491,2410.0301,NA,13.2888,13.2888
ZoomTracks.exe,23252,0x195FDAD7F80,DXGI,0,512,1,Hardware: Independent Flip,2420.8963,NA,9.90830000000000,10.02640000000000,9.12760000000000,9.24630000000000,9.3358,2420.0214,10.0025,0.8749,9.1276,0.1778,9.9434,0.4326,9.5108,-0.0351,2420.0214,NA,NA,NA
ZoomTracks.exe,23252,0x195FDAD7F80,DXGI,0,512,1,Hardware: Independent Flip,2430.9308,NA,10.03450000000000,9.99700000000000,9.08680000000000,9.29140000000000,9.2983,2430.0239,9.9937,0.9069,9.0868,0.1187,10.0796,0.5697,9.5099,0.0055,2430.0239,NA,NA,NA
ZoomTracks.exe,23252,0x195FDAD7F80,DXGI,0,512,1,Hardware: Independent Flip,2440.8853,NA,9.95450000000000,10.06070000000000,9.13300000000000,9.31950000000000,9.4045,2440.0176,10.0007,0.8677,9.1330,0.2046,9.9826,0.5550,9.4276,-0.0670,2440.0176,NA,NA,NA
ZoomTracks.exe,23252,0x195FDAD7F80,DXGI,0,512,1,Hardware: Independent Flip,2451.2421,NA,10.35680000000000,9.94330000000000,8.79730000000000,8.98300000000000,8.9910,2450.0183,10.0211,1.2238,8.7973,0.1865,10.0203,0.6398,9.3805,0.0574,2450.0183,NA,11.3621,11.3621
ZoomTracks.exe,23252,0x195FDAD7F80,DXGI,0,512,1,Hardware: Independent Flip,2460.9176,NA,9.67550000000000,10.01640000000000,9.10620000000000,9.25360000000000,9.3319,2460.0394,9.9844,0.8782,9.1062,0.1857,9.9461,0.4642,9.4819,0.0047,2460.0394,NA,NA,NA
ZoomTracks.exe,23252,0x195FDAD7F80,DXGI,0,512,1,Hardware: Independent Flip,2471.2534,NA,10.33580000000000,9.97800000000000,8.77340000000000,8.96770000000000,8.9741,2470.0238,10.0030,1.2296,8.7734,0.1474,10.0499,0.5323,9.5176,0.0064,2470.0238,NA,13.3413,13.3413
ZoomTracks.exe,23252,0x195FDAD7F80,DXGI,0,512,1,Hardware: Independent Flip,2480.9342,NA,9.68080000000000,9.99590000000000,9.09450000000000,9.28200000000000,9.2892,2480.0268,10.0019,0.9074,9.0945,0.1943,9.9951,0.5647,9.4304,0.0071,2480.0268,NA,NA,NA
ZoomTracks.exe,23252,0x195FDAD7F80,DXGI,0,512,1,Hardware: Independent Flip,2490.9490,NA,10.01480000000000,9.97970000000000,9.07470000000000,9.24780000000000,9.2541,2490.0287,9.9950,0.9203,9.0747,0.1875,9.9806,0.5416,9.4390,0.0222,2490.0287,NA,NA,NA
ZoomTracks.exe,23252,0x195FDAD7F80,DXGI,0,512,1,Hardware: Independent Flip,2500.8838,NA,9.93480000000000,10.01230000000000,9.13440000000000,9.32510000000000,9.3316,2500.0237,9.9945,0.8601,9.1344,0.1731,10.0121,0.5349,9.4772,-0.0173,2500.0237,NA,NA,NA
ZoomTracks.exe,23252,0x195FDAD7F80,DXGI,0,512,1,Hardware: Independent Flip,2510.9064,NA,10.02260000000000,10.01150000000000,9.11420000000000,9.30820000000000,9.3205,2510.0182,10.0024,0.8882,9.1142,0.1907,10.0057,0.5019,9.5038,-0.0170,2510.0182,NA,NA,NA
ZoomTracks.exe,23252,0x195FDAD7F80,DXGI,0,512,1,Hardware: Independent Flip,2520.9372,NA,10.03080000000000,9.98270000000000,9.10420000000000,9.26480000000000,9.2724,2520.0206,10.0208,0.9166,9.1042,0.1940,9.9874,0.5622,9.4252,0.0197,2520.0206,NA,NA,NA
ZoomTracks.exe,23252,0x195FDAD7F80,DXGI,0,512,1,Hardware: Independent Flip,2530.9707,NA,10.03350000000000,10.03400000000000,9.04540000000000,9.26580000000000,9.2729,2530.0414,9.9747,0.9293,9.0454,0.1606,10.0345,0.5197,9.5148,-0.0132,2530.0414,NA,NA,NA
ZoomTracks.exe,23252,0x195FDAD7F80,DXGI,0,512,1,Hardware: Independent Flip,2540.9912,NA,10.02050000000000,10.03620000000000,9.16650000000000,9.22320000000000,9.2886,2540.0161,10.1416,0.9751,9.1665,0.2204,9.9779,0.4664,9.5115,-0.0615,2540.0161,NA,NA,NA
ZoomTracks.exe,23252,0x195FDAD7F80,DXGI,0,512,1,Hardware: Independent Flip,2551.1506,NA,10.15940000000000,9.87570000000000,8.86750000000000,8.99600000000000,9.0049,2550.1577,9.8604,0.9929,8.8675,0.0567,9.9322,0.4457,9.4865,0.2659,2550.1577,NA,10.2664,10.2664
ZoomTracks.exe,23252,0x195FDAD7F80,DXGI,0,512,1,Hardware: Independent Flip,2560.8703,NA,9.71970000000000,10.06450000000000,9.15470000000000,9.34180000000000,9.3497,2560.0181,10.0069,0.8522,9.1547,0.1285,10.0655,0.5461,9.5194,-0.2041,2560.0181,NA,NA,NA
ZoomTracks.exe,23252,0x195FDAD7F80,DXGI,0,512,1,Hardware: Independent Flip,2570.9742,NA,10.10390000000000,10.07970000000000,9.08060000000000,9.18060000000000,9.3255,2570.0250,10.0298,0.9492,9.0806,0.1871,9.9427,0.4467,9.4960,-0.0728,2570.0250,NA,NA,NA
ZoomTracks.exe,23252,0x195FDAD7F80,DXGI,0,512,1,Hardware: Independent Flip,2581.0034,NA,10.02920000000000,9.92390000000000,9.01110000000000,9.21200000000000,9.2202,2580.0548,9.9597,0.9486,9.0111,0.1000,10.0606,0.5694,9.4912,0.1059,2580.0548,NA,NA,NA
ZoomTracks.exe,23252,0x195FDAD7F80,DXGI,0,512,1,Hardware: Independent Flip,2591.0230,NA,10.01960000000000,9.98930000000000,9.00520000000000,9.12710000000000,9.1899,2590.0145,10.0137,1.0085,9.0052,0.2009,9.9347,0.4498,9.4849,-0.0296,2590.0145,NA,NA,NA
ZoomTracks.exe,23252,0x195FDAD7F80,DXGI,0,512,1,Hardware: Independent Flip,2600.9499,NA,9.92690000000000,9.99930000000000,9.14420000000000,9.19730000000000,9.2623,2600.0282,10.0659,0.9217,9.1442,0.1219,9.9971,0.5090,9.4881,0.0144,2600.0282,NA,NA,NA
ZoomTracks.exe,23252,0x195FDAD7F80,DXGI,0,512,1,Hardware: Independent Flip,2611.1698,NA,10.21990000000000,10.01060000000000,8.85570000000000,8.98520000000000,9.0530,2610.0941,9.9314,1.0757,8.8557,0.0531,10.0078,0.4562,9.5516,0.0553,2610.0941,NA,10.3416,10.3416
ZoomTracks.exe,23252,0x195FDAD7F80,DXGI,0,512,1,Hardware: Independent Flip,2620.9466,NA,9.77680000000000,9.98360000000000,9.08190000000000,9.25330000000000,9.2598,2620.0255,10.0030,0.9211,9.0819,0.1295,10.0449,0.5424,9.5025,-0.0522,2620.0255,NA,NA,NA
ZoomTracks.exe,23252,0x195FDAD7F80,DXGI,0,512,1,Hardware: Independent Flip,2630.9068,NA,9.96020000000000,10.04500000000000,9.12820000000000,9.33870000000000,9.3446,2630.0285,10.0065,0.8783,9.1282,0.1714,10.0456,0.5307,9.5149,-0.0420,2630.0285,NA,NA,NA
ZoomTracks.exe,23252,0x195FDAD7F80,DXGI,0,512,1,Hardware: Independent Flip,2640.8934,NA,9.98660000000000,9.95840000000000,9.13110000000000,9.30980000000000,9.3164,2640.0350,9.9895,0.8584,9.1311,0.2105,9.9577,0.5006,9.4571,0.0481,2640.0350,NA,NA,NA
ZoomTracks.exe,23252,0x195FDAD7F80,DXGI,0,512,1,Hardware: Independent Flip,2650.9289,NA,10.03550000000000,10.00750000000000,9.09830000000000,9.28210000000000,9.2884,2650.0245,10.0027,0.9044,9.0983,0.1787,10.0078,0.4824,9.5254,-0.0180,2650.0245,NA,NA,NA
ZoomTracks.exe,23252,0x195FDAD7F80,DXGI,0,512,1,Hardware: Independent Flip,2660.9177,NA,9.98880000000000,10.00410000000000,9.09990000000000,9.22430000000000,9.3037,2660.0272,9.9904,0.8905,9.0999,0.1838,9.9310,0.4941,9.4369,-0.0014,2660.0272,NA,NA,NA
ZoomTracks.exe,23252,0x195FDAD7F80,DXGI,0,512,1,Hardware: Independent Flip,2670.8756,NA,9.95790000000000,10.00460000000000,9.15530000000000,9.34380000000000,9.3504,2670.0176,10.0133,0.8580,9.1553,0.1244,10.0774,0.5137,9.5637,-0.0142,2670.0176,NA,NA,NA
ZoomTracks.exe,23252,0x195FDAD7F80,DXGI,0,512,1,Hardware: Independent Flip,2681.0176,NA,10.14200000000000,9.94510000000000,9.01030000000000,9.08190000000000,9.1535,2680.0309,9.9970,0.9867,9.0103,0.1885,9.8801,0.3910,9.4891,0.0682,2680.0309,NA,NA,NA
ZoomTracks.exe,23252,0x195FDAD7F80,DXGI,0,512,1,Hardware: Independent Flip,2690.9099,NA,9.89230000000000,10.03340000000000,9.10450000000000,9.28800000000000,9.2946,2690.0279,9.9865,0.8820,9.1045,0.0716,10.0984,0.5296,9.5688,-0.0364,2690.0279,NA,NA,NA
ZoomTracks.exe,23252,0x195FDAD7F80,DXGI,0,512,1,Hardware: Independent Flip,2701.0493,NA,10.13940000000000,10.00440000000000,8.98850000000000,9.04600000000000,9.1596,2700.0144,10.0234,1.0349,8.9885,0.1835,9.8974,0.4572,9.4402,-0.0179,2700.0144,NA,17.3361,17.3361
ZoomTracks.exe,23252,0x195FDAD7F80,DXGI,0,512,1,Hardware: Independent Flip,2711.0801,NA,10.03080000000000,10.05030000000000,9.06660000000000,9.11680000000000,9.1791,2710.0378,10.1089,1.0423,9.0666,0.0575,10.1016,0.5190,9.5826,-0.0269,2710.0378,NA,18.4066,18.4066
ZoomTracks.exe,23252,0x195FDAD7F80,DXGI,0,512,1,Hardware: Independent Flip,2720.9884,NA,9.90830000000000,10.01470000000000,9.03580000000000,9.15740000000000,9.2855,2720.1467,9.8775,0.8417,9.0358,0.0502,9.9489,0.4829,9.4660,0.0942,2720.1467,NA,NA,NA
ZoomTracks.exe,23252,0x195FDAD7F80,DXGI,0,512,1,Hardware: Independent Flip,2730.9775,NA,9.98910000000000,9.96510000000000,9.05220000000000,9.25250000000000,9.2615,2730.0242,10.0055,0.9533,9.0522,0.1216,10.0842,0.5254,9.5588,-0.0876,2730.0242,NA,NA,NA
ZoomTracks.exe,23252,0x195FDAD7F80,DXGI,0,512,1,Hardware: Independent Flip,2740.9565,NA,9.97900000000000,10.05520000000000,9.06930000000000,9.18810000000000,9.3377,2740.0297,9.9961,0.9268,9.0693,0.2003,9.9146,0.5219,9.3927,-0.0497,2740.0297,NA,NA,NA
ZoomTracks.exe,23252,0x195FDAD7F80,DXGI,0,512,1,Hardware: Independent Flip,2751.4005,NA,10.44400000000000,9.92420000000000,8.66720000000000,8.73820000000000,8.8179,2750.0258,10.0419,1.3747,8.6672,0.1188,9.9941,0.4223,9.5718,0.0719,2750.0258,NA,11.8258,11.8258
ZoomTracks.exe,23252,0x195FDAD7F80,DXGI,0,512,1,Hardware: Independent Flip,2761.0560,NA,9.65550000000000,10.02280000000000,8.97000000000000,9.08430000000000,9.1852,2760.0677,9.9583,0.9883,8.9700,0.0710,10.0016,0.4281,9.5735,0.0191,2760.0677,NA,NA,NA
ZoomTracks.exe,23252,0x195FDAD7F80,DXGI,0,512,1,Hardware: Independent Flip,2771.4160,NA,10.36000000000000,9.95940000000000,8.59430000000000,8.77840000000000,8.7846,2770.0260,9.9843,1.3900,8.5943,0.1143,10.0541,0.5557,9.4984,-0.0011,2770.0260,NA,19.3261,19.3261
ZoomTracks.exe,23252,0x195FDAD7F80,DXGI,0,512,1,Hardware: Independent Flip,2780.8627,NA,9.44670000000000,10.06770000000000,9.17300000000000,9.39780000000000,9.4056,2780.0103,10.0254,0.8524,9.1730,0.1841,10.0661,0.5407,9.5254,-0.0834,2780.0103,NA,NA,NA
ZoomTracks.exe,23252,0x195FDAD7F80,DXGI,0,512,1,Hardware: Independent Flip,2790.9714,NA,10.10870000000000,9.98570000000000,9.05350000000000,9.17760000000000,9.2826,2790.0357,9.9892,0.9357,9.0535,0.2248,9.8885,0.4546,9.4339,0.0397,2790.0357,NA,NA,NA
ZoomTracks.exe,23252,0x195FDAD7F80,DXGI,0,512,1,Hardware: Independent Flip,2800.9046,NA,9.93320000000000,9.96810000000000,9.13110000000000,9.31110000000000,9.3175,2800.0249,10.0108,0.8797,9.1311,0.1241,10.0667,0.4810,9.5857,0.0211,2800.0249,NA,NA,NA
ZoomTracks.exe,23252,0x195FDAD7F80,DXGI,0,512,1,Hardware: Independent Flip,2810.9025,NA,9.99790000000000,10.02700000000000,9.11550000000000,9.24860000000000,9.3466,2810.0357,9.9823,0.8668,9.1155,0.1800,9.9354,0.4820,9.4534,-0.0162,2810.0357,NA,NA,NA
ZoomTracks.exe,23252,0x195FDAD7F80,DXGI,0,512,1,Hardware: Independent Flip,2820.8927,NA,9.99020000000000,9.99050000000000,9.15040000000000,9.34040000000000,9.3469,2820.0180,10.0251,0.8747,9.1504,0.1331,10.0820,0.5143,9.5677,-0.0082,2820.0180,NA,NA,NA
ZoomTracks.exe,23252,0x195FDAD7F80,DXGI,0,512,1,Hardware: Independent Flip,2831.0767,NA,10.18400000000000,9.94230000000000,8.94220000000000,9.04470000000000,9.1052,2830.0431,9.9758,1.0336,8.9422,0.1900,9.8883,0.3981,9.4902,0.0828,2830.0431,NA,NA,NA
ZoomTracks.exe,23252,0x195FDAD7F80,DXGI,0,512,1,Hardware: Independent Flip,2840.9214,NA,9.84470000000000,10.02160000000000,9.08820000000000,9.27580000000000,9.2821,2840.0189,9.9907,0.9025,9.0882,0.1025,10.0758,0.5469,9.5289,-0.0458,2840.0189,NA,NA,NA
ZoomTracks.exe,23252,0x195FDAD7F80,DXGI,0,512,1,Hardware: Independent Flip,2850.9107,NA,9.98930000000000,10.01100000000000,9.12560000000000,9.19010000000000,9.3038,2850.0096,10.0267,0.9011,9.1256,0.1876,9.9036,0.3814,9.5222,-0.0203,2850.0096,NA,NA,NA
ZoomTracks.exe,23252,0x195FDAD7F80,DXGI,0,512,1,Hardware: Independent Flip,2861.2339,NA,10.32320000000000,10.00230000000000,8.77760000000000,8.97570000000000,8.9829,2860.0363,9.9752,1.1976,8.7776,0.0645,10.1088,0.6013,9.5075,0.0244,2860.0363,NA,13.8244,13.8244
ZoomTracks.exe,23252,0x195FDAD7F80,DXGI,0,512,1,Hardware: Independent Flip,2871.0204,NA,9.78650000000000,10.06400000000000,9.00610000000000,9.14370000000000,9.2604,2870.0115,10.0150,1.0089,9.0061,0.1981,9.9545,0.4968,9.4577,-0.0888,2870.0115,NA,18.9155,18.9155
ZoomTracks.exe,23252,0x195FDAD7F80,DXGI,0,512,1,Hardware: Independent Flip,2880.9206,NA,9.90020000000000,9.93600000000000,9.10540000000000,9.28820000000000,9.2962,2880.0265,9.9995,0.8941,9.1054,0.1376,10.0447,0.4898,9.5549,0.0790,2880.0265,NA,NA,NA
ZoomTracks.exe,23252,0x195FDAD7F80,DXGI,0,512,1,Hardware: Independent Flip,2890.9219,NA,10.00130000000000,9.97950000000000,9.07960000000000,9.26760000000000,9.2744,2890.0260,9.9755,0.8959,9.0796,0.1828,9.9807,0.4752,9.5055,0.0200,2890.0260,NA,NA,NA
ZoomTracks.exe,23252,0x195FDAD7F80,DXGI,0,512,1,Hardware: Independent Flip,2900.8748,NA,9.95290000000000,10.01100000000000,9.15080000000000,9.32610000000000,9.3325,2900.0015,10.0241,0.8733,9.1508,0.1880,10.0114,0.4870,9.5244,-0.0355,2900.0015,NA,NA,NA
ZoomTracks.exe,23252,0x195FDAD7F80,DXGI,0,512,1,Hardware: Independent Flip,2910.9851,NA,10.11030000000000,10.04810000000000,9.03560000000000,9.18920000000000,9.2703,2910.0256,9.9951,0.9595,9.0356,0.1753,9.9734,0.5320,9.4414,-0.0240,2910.0256,NA,NA,NA
ZoomTracks.exe,23252,0x195FDAD7F80,DXGI,0,512,1,Hardware: Independent Flip,2920.9544,NA,9.96930000000000,9.99960000000000,9.13440000000000,9.29360000000000,9.3006,2920.0207,10.0681,0.9337,9.1344,0.1536,10.0737,0.6007,9.4730,-0.0045,2920.0207,NA,NA,NA
ZoomTracks.exe,23252,0x195FDAD7F80,DXGI,0,512,1,Hardware: Independent Flip,2931.2796,NA,10.32520000000000,9.91710000000000,8.75000000000000,8.87640000000000,8.8925,2930.0888,9.9408,1.1908,8.7500,0.1592,9.9080,0.4467,9.4613,0.1510,2930.0888,NA,11.3096,11.3096
ZoomTracks.exe,23252,0x195FDAD7F80,DXGI,0,512,1,Hardware: Independent Flip,2940.9182,NA,9.63860000000000,10.03590000000000,9.10490000000000,9.28350000000000,9.2898,2940.0296,9.9935,0.8886,9.1049,0.1264,10.0457,0.6124,9.4333,-0.0951,2940.0296,NA,NA,NA
ZoomTracks.exe,23252,0x195FDAD7F80,DXGI,0,512,1,Hardware: Independent Flip,2950.9909,NA,10.07270000000000,10.09630000000000,9.02990000000000,9.17160000000000,9.3134,2950.0231,9.9977,0.9678,9.0299,0.1786,9.9608,0.4384,9.5224,-0.1028,2950.0231,NA,NA,NA
ZoomTracks.exe,23252,0x195FDAD7F80,DXGI,0,512,1,Hardware: Independent Flip,2960.9965,NA,10.00560000000000,9.89760000000000,9.02320000000000,9.19740000000000,9.2054,2960.0208,9.9989,0.9757,9.0232,0.1417,10.0314,0.4836,9.5478,0.1001,2960.0208,NA,NA,NA
ZoomTracks.exe,23252,0x195FDAD7F80,DXGI,0,512,1,Hardware: Independent Flip,2970.8684,NA,9.87190000000000,10.02680000000000,9.19120000000000,9.35420000000000,9.3603,2970.0197,10.0399,0.8487,9.1912,0.1742,10.0287,0.5797,9.4490,-0.0279,2970.0197,NA,NA,NA
ZoomTracks.exe,23252,0x195FDAD7F80,DXGI,0,512,1,Hardware: Independent Flip,2981.2397,NA,10.37130000000000,10.00670000000000,8.79280000000000,8.98800000000000,8.9957,2980.0596,9.9729,1.1801,8.7928,0.1630,10.0051,0.5276,9.4775,0.0332,2980.0596,NA,18.3665,18.3665
ZoomTracks.exe,23252,0x195FDAD7F80,DXGI,0,512,1,Hardware: Independent Flip,2990.9767,NA,9.73700000000000,9.97480000000000,9.04720000000000,9.22710000000000,9.2335,2990.0325,9.9914,0.9442,9.0472,0.1952,9.9761,0.5743,9.4018,-0.0019,2990.0325,NA,NA,NA
ZoomTracks.exe,23252,0x195FDAD7F80,DXGI,0,512,1,Hardware: Independent Flip,3001.0718,NA,10.09510000000000,9.92150000000000,8.93140000000000,9.05160000000000,9.0599,3000.0239,9.9793,1.0479,8.9314,0.1799,9.9196,0.4567,9.4629,0.0699,3000.0239,NA,NA,NA
ZoomTracks.exe,23252,0x195FDAD7F80,DXGI,0,512,1,Hardware: Independent Flip,3010.9734,NA,9.90160000000000,10.06750000000000,9.02720000000000,9.21930000000000,9.2258,3010.0032,9.9974,0.9702,9.0272,0.1202,10.0693,0.4798,9.5895,-0.0882,3010.0032,NA,12.3048,12.3048
ZoomTracks.exe,23252,0x195FDAD7F80,DXGI,0,512,1,Hardware: Independent Flip,3021.0021,NA,10.02870000000000,10.07010000000000,9.00640000000000,9.19240000000000,9.2672,3020.0006,10.0079,1.0015,9.0064,0.1921,10.0018,0.5325,9.4693,-0.0727,3020.0006,NA,NA,NA
ZoomTracks.exe,23252,0x195FDAD7F80,DXGI,0,512,1,Hardware: Independent Flip,3030.9383,NA,9.93620000000000,9.95180000000000,9.08780000000000,9.27640000000000,9.2828,3030.0085,10.0176,0.9298,9.0878,0.1860,10.0202,0.5053,9.5149,0.0561,3030.0085,NA,NA,NA
ZoomTracks.exe,23252,0x195FDAD7F80,DXGI,0,512,1,Hardware: Independent Flip,3040.9116,NA,9.97330000000000,9.99580000000000,9.12840000000000,9.23130000000000,9.3053,3040.0261,10.0139,0.8855,9.1284,0.1886,9.9282,0.4812,9.4470,0.0218,3040.0261,NA,NA,NA
ZoomTracks.exe,23252,0x195FDAD7F80,DXGI,0,512,1,Hardware: Independent Flip,3051.0708,NA,10.15920000000000,9.93870000000000,8.94800000000000,9.07770000000000,9.0848,3050.0400,9.9788,1.0308,8.9480,0.1029,10.0056,0.4871,9.5185,0.0752,3050.0400,NA,NA,NA
ZoomTracks.exe,23252,0x195FDAD7F80,DXGI,0,512,1,Hardware: Independent Flip,3060.9020,NA,9.83120000000000,10.05030000000000,9.10760000000000,9.29780000000000,9.3039,3060.0188,9.9908,0.8832,9.1076,0.1297,10.0513,0.4783,9.5730,-0.0715,3060.0188,NA,NA,NA
ZoomTracks.exe,23252,0x195FDAD7F80,DXGI,0,512,1,Hardware: Independent Flip,3070.8888,NA,9.98680000000000,10.12080000000000,9.13330000000000,9.29300000000000,9.4379,3070.0096,10.0125,0.8792,9.1333,0.1902,9.9820,0.4662,9.5158,-0.1300,3070.0096,NA,NA,NA
ZoomTracks.exe,23252,0x195FDAD7F80,DXGI,0,512,1,Hardware: Independent Flip,3081.0541,NA,10.16530000000000,9.90660000000000,8.97530000000000,9.17240000000000,9.1792,3080.0221,10.0073,1.0320,8.9753,0.1597,10.0447,0.5558,9.4889,0.1059,3080.0221,NA,NA,NA
ZoomTracks.exe,23252,0x195FDAD7F80,DXGI,0,512,1,Hardware: Independent Flip,3090.8950,NA,9.84090000000000,9.98540000000000,9.12260000000000,9.31680000000000,9.3237,3090.0294,9.9882,0.8656,9.1226,0.1971,9.9853,0.5609,9.4244,0.0219,3090.0294,NA,NA,NA
ZoomTracks.exe,23252,0x195FDAD7F80,DXGI,0,512,1,Hardware: Independent Flip,3100.8819,NA,9.98690000000000,10.03240000000000,9.16500000000000,9.36180000000000,9.3692,3100.0176,10.0293,0.8643,9.1650,0.1942,10.0319,0.5387,9.4932,-0.0442,3100.0176,NA,NA,NA
ZoomTracks.exe,23252,0x195FDAD7F80,DXGI,0,512,1,Hardware: Independent Flip,3110.9544,NA,10.07250000000000,9.94410000000000,9.06240000000000,9.23360000000000,9.2408,3110.0469,9.9699,0.9075,9.0624,0.1968,9.9443,0.5369,9.4074,0.0852,3110.0469,NA,NA,NA
ZoomTracks.exe,23252,0x195FDAD7F80,DXGI,0,512,1,Hardware: Independent Flip,3121.2171,NA,10.26270000000000,10.24600000000000,8.82890000000000,9.21800000000000,9.2241,3120.0168,10.0292,1.2003,8.8289,0.1712,10.2471,0.7322,9.5149,-0.2761,3120.0168,NA,15.0564,15.0564
ZoomTracks.exe,23252,0x195FDAD7F80,DXGI,0,512,1,Hardware: Independent Flip,3131.1648,NA,9.94770000000000,9.91180000000000,8.86370000000000,8.97960000000000,9.1882,3130.0460,9.9825,1.1188,8.8637,0.3891,9.7093,0.4288,9.2805,0.1174,3130.0460,NA,NA,NA
ZoomTracks.exe,23252,0x195FDAD7F80,DXGI,0,512,1,Hardware: Independent Flip,3141.0505,NA,9.88570000000000,9.84290000000000,8.95530000000000,9.13990000000000,9.1454,3140.0285,9.9773,1.0220,8.9553,0.1159,10.0460,0.4976,9.5484,0.1396,3140.0285,NA,NA,NA
ZoomTracks.exe,23252,0x195FDAD7F80,DXGI,0,512,1,Hardware: Independent Flip,3150.8630,NA,9.81250000000000,10.18230000000000,9.16830000000000,9.33760000000000,9.5152,3150.0058,10.0255,0.8572,9.1683,0.1846,10.0102,0.5519,9.4583,-0.2050,3150.0058,NA,NA,NA
ZoomTracks.exe,23252,0x195FDAD7F80,DXGI,0,512,1,Hardware: Independent Flip,3161.1185,NA,10.25550000000000,9.84180000000000,8.91210000000000,9.09440000000000,9.1015,3160.0313,9.9993,1.0872,8.9121,0.1693,10.0123,0.5068,9.5055,0.1837,3160.0313,NA,NA,NA
ZoomTracks.exe,23252,0x195FDAD7F80,DXGI,0,512,1,Hardware: Independent Flip,3171.3555,NA,10.23700000000000,10.09120000000000,8.66560000000000,8.90270000000000,8.9557,3170.0306,9.9905,1.3249,8.6656,0.1823,10.0453,0.5615,9.4838,-0.0919,3170.0306,NA,18.4401,18.4401
ZoomTracks.exe,23252,0x195FDAD7F80,DXGI,0,512,1,Hardware: Independent Flip,3180.9786,NA,9.62310000000000,10.00240000000000,9.04590000000000,9.26480000000000,9.3350,3180.0211,10.0034,0.9575,9.0459,0.2371,9.9852,0.6599,9.3253,-0.0119,3180.0211,NA,NA,NA
ZoomTracks.exe,23252,0x195FDAD7F80,DXGI,0,512,1,Hardware: Independent Flip,3191.0809,NA,10.10230000000000,10.00600000000000,8.94550000000000,9.23170000000000,9.2387,3190.0245,10.0019,1.0564,8.9455,0.2189,10.0692,0.7568,9.3124,-0.0026,3190.0245,NA,NA,NA
ZoomTracks.exe,23252,0x195FDAD7F80,DXGI,0,512,1,Hardware: Independent Flip,3201.1397,NA,10.05880000000000,9.85300000000000,8.89080000000000,8.95510000000000,9.0329,3200.0264,10.0041,1.1133,8.8908,0.2862,9.7822,0.4600,9.3222,0.1489,3200.0264,NA,13.2961,13.2961
ZoomTracks.exe,23252,0x195FDAD7F80,DXGI,0,512,1,Hardware: Independent Flip,3210.8595,NA,9.71980000000000,10.03600000000000,9.16760000000000,9.34240000000000,9.3491,3210.0305,9.9966,0.8290,9.1676,0.0643,10.1071,0.4960,9.6111,-0.0319,3210.0305,NA,NA,NA
ZoomTracks.exe,23252,0x195FDAD7F80,DXGI,0,512,1,Hardware: Independent Flip,3220.8959,NA,10.03640000000000,10.31990000000000,9.41900000000000,9.48830000000000,9.6326,3220.0271,10.2878,0.8688,9.4190,0.1748,10.1823,0.5492,9.6331,-0.3233,3220.0271,NA,NA,NA
ZoomTracks.exe,23252,0x195FDAD7F80,DXGI,0,512,1,Hardware: Independent Flip,3231.2113,NA,10.31540000000000,9.69840000000000,8.81960000000000,9.00880000000000,9.0156,3230.3149,9.7160,0.8964,8.8196,0.0693,9.8359,0.5353,9.3006,0.5894,3230.3149,NA,NA,NA
ZoomTracks.exe,23252,0x195FDAD7F80,DXGI,0,512,1,Hardware: Independent Flip,3241.0690,NA,9.85770000000000,9.97460000000000,8.95830000000000,9.12040000000000,9.1325,3240.0309,9.9964,1.0381,8.9583,0.1892,9.9693,0.5398,9.4295,-0.2586,3240.0309,NA,NA,NA
ZoomTracks.exe,23252,0x195FDAD7F80,DXGI,0,512,1,Hardware: Independent Flip,3251.2269,NA,10.15790000000000,10.15810000000000,8.79840000000000,8.93470000000000,9.1327,3250.0273,9.9980,1.1996,8.7984,0.1621,9.9722,0.5222,9.4500,-0.1617,3250.0273,NA,12.4930,12.4930
ZoomTracks.exe,23252,0x195FDAD7F80,DXGI,0,512,1,Hardware: Independent Flip,3261.1050,NA,9.87810000000000,9.85300000000000,8.92130000000000,9.10060000000000,9.1076,3260.0253,10.0010,1.0797,8.9213,0.1363,10.0440,0.5353,9.5087,0.1450,3260.0253,NA,NA,NA
ZoomTracks.exe,23252,0x195FDAD7F80,DXGI,0,512,1,Hardware: Independent Flip,3271.2177,NA,10.11270000000000,10.03480000000000,8.80660000000000,9.02260000000000,9.0297,3270.0263,9.9980,1.1914,8.8066,0.1793,10.0347,0.5496,9.4851,-0.0338,3270.0263,NA,17.3915,17.3915
ZoomTracks.exe,23252,0x195FDAD7F80,DXGI,0,512,1,Hardware: Independent Flip,3280.9982,NA,9.78050000000000,9.92770000000000,9.02850000000000,9.17020000000000,9.1769,3280.0243,10.0024,0.9739,9.0285,0.2160,9.9281,0.5276,9.4005,0.0703,3280.0243,NA,NA,NA
ZoomTracks.exe,23252,0x195FDAD7F80,DXGI,0,512,1,Hardware: Independent Flip,3291.0065,NA,10.00830000000000,10.05350000000000,9.01200000000000,9.21360000000000,9.2221,3290.0267,9.9918,0.9798,9.0120,0.1417,10.0517,0.5657,9.4860,-0.0511,3290.0267,NA,NA,NA
ZoomTracks.exe,23252,0x195FDAD7F80,DXGI,0,512,1,Hardware: Independent Flip,3300.9641,NA,9.95760000000000,9.92090000000000,9.04190000000000,9.17740000000000,9.1854,3300.0185,9.9875,0.9456,9.0419,0.2016,9.9214,0.4987,9.4227,0.0709,3300.0185,NA,NA,NA
ZoomTracks.exe,23252,0x195FDAD7F80,DXGI,0,512,1,Hardware: Independent Flip,3310.8928,NA,9.92870000000000,10.05110000000000,9.10960000000000,9.30160000000000,9.3078,3310.0060,9.9964,0.8868,9.1096,0.1355,10.0529,0.4816,9.5713,-0.0636,3310.0060,NA,NA,NA
ZoomTracks.exe,23252,0x195FDAD7F80,DXGI,0,512,1,Hardware: Independent Flip,3320.8661,NA,9.97330000000000,10.09290000000000,9.15400000000000,9.29420000000000,9.4274,3320.0024,10.0177,0.8637,9.1540,0.1920,9.9659,0.4523,9.5136,-0.0965,3320.0024,NA,NA,NA
ZoomTracks.exe,23252,0x195FDAD7F80,DXGI,0,512,1,Hardware: Independent Flip,3331.2172,NA,10.35110000000000,9.94700000000000,8.79700000000000,9.01370000000000,9.0233,3330.0201,9.9941,1.1971,8.7970,0.1402,10.0706,0.5933,9.4773,0.0707,3330.0201,NA,NA,NA
ZoomTracks.exe,23252,0x195FDAD7F80,DXGI,0,512,1,Hardware: Independent Flip,3341.0679,NA,9.85070000000000,10.00660000000000,8.95610000000000,9.06800000000000,9.1792,3340.0142,10.0098,1.0537,8.9561,0.2167,9.9050,0.4202,9.4848,-0.0125,3340.0142,NA,NA,NA
ZoomTracks.exe,23252,0x195FDAD7F80,DXGI,0,512,1,Hardware: Independent Flip,3350.9201,NA,9.85220000000000,9.98510000000000,9.11780000000000,9.24710000000000,9.3121,3350.0240,10.0139,0.8961,9.1178,0.1119,10.0313,0.4921,9.5392,0.0247,3350.0240,NA,NA,NA
ZoomTracks.exe,23252,0x195FDAD7F80,DXGI,0,512,1,Hardware: Independent Flip,3361.1165,NA,10.19640000000000,10.00950000000000,8.89780000000000,9.04410000000000,9.1252,3360.0379,9.9764,1.0786,8.8978,0.1293,9.9934,0.5339,9.4595,0.0044,3360.0379,NA,19.3862,19.3862
ZoomTracks.exe,23252,0x195FDAD7F80,DXGI,0,512,1,Hardware: Independent Flip,3370.9967,NA,9.88020000000000,10.05450000000000,9.02410000000000,9.29270000000000,9.2995,3370.0143,10.0065,0.9824,9.0241,0.1463,10.1288,0.5932,9.5356,-0.0781,3370.0143,NA,18.4303,18.4303
ZoomTracks.exe,23252,0x195FDAD7F80,DXGI,0,512,1,Hardware: Independent Flip,3381.0075,NA,10.01080000000000,9.91520000000000,8.99670000000000,9.19710000000000,9.2039,3380.0208,9.9834,0.9867,8.9967,0.2686,9.9152,0.5701,9.3451,0.0913,3380.0208,NA,NA,NA
ZoomTracks.exe,23252,0x195FDAD7F80,DXGI,0,512,1,Hardware: Independent Flip,3390.9993,NA,9.99180000000000,9.99180000000000,9.01490000000000,9.19800000000000,9.2039,3390.0042,10.0100,0.9951,9.0149,0.2004,9.9927,0.5413,9.4514,-0.0084,3390.0042,NA,NA,NA
ZoomTracks.exe,23252,0x195FDAD7F80,DXGI,0,512,1,Hardware: Independent Flip,3400.9497,NA,9.95040000000000,10.08460000000000,9.07990000000000,9.27430000000000,9.3381,3400.0142,10.0154,0.9355,9.0799,0.1831,10.0267,0.5832,9.4435,-0.0746,3400.0142,NA,NA,NA
ZoomTracks.exe,23252,0x195FDAD7F80,DXGI,0,512,1,Hardware: Independent Flip,3410.9446,NA,9.99490000000000,9.91510000000000,9.07560000000000,9.25120000000000,9.2583,3410.0296,9.9906,0.9150,9.0756,0.1944,9.9718,0.6024,9.3694,0.1003,3410.0296,NA,NA,NA
ZoomTracks.exe,23252,0x195FDAD7F80,DXGI,0,512,1,Hardware: Independent Flip,3421.1866,NA,10.24200000000000,10.19680000000000,9.06270000000000,9.12360000000000,9.2131,3420.0202,10.2291,1.1664,9.0627,0.1756,10.1144,0.4912,9.6232,-0.2062,3420.0202,NA,12.4979,12.4979
ZoomTracks.exe,23252,0x195FDAD7F80,DXGI,0,512,1,Hardware: Independent Flip,3431.3967,NA,10.21010000000000,9.83180000000000,8.60540000000000,8.66780000000000,8.8348,3430.2493,9.7528,1.1474,8.6054,0.0609,9.7543,0.4386,9.3157,0.3973,3430.2493,NA,16.3608,16.3608
ZoomTracks.exe,23252,0x195FDAD7F80,DXGI,0,512,1,Hardware: Independent Flip,3440.8927,NA,9.49600000000000,9.98700000000000,9.13980000000000,9.31940000000000,9.3258,3440.0021,10.0304,0.8906,9.1398,0.0624,10.1476,0.5625,9.5851,-0.2342,3440.0021,NA,NA,NA
ZoomTracks.exe,23252,0x195FDAD7F80,DXGI,0,512,1,Hardware: Independent Flip,3451.1163,NA,10.22360000000000,10.10930000000000,8.89510000000000,8.97850000000000,9.2115,3450.0325,9.9789,1.0838,8.8951,0.1796,9.8827,0.4387,9.4440,-0.0789,3450.0325,NA,NA,NA
ZoomTracks.exe,23252,0x195FDAD7F80,DXGI,0,512,1,Hardware: Independent Flip,3461.2459,NA,10.12960000000000,9.87870000000000,8.76020000000000,8.95370000000000,8.9606,3460.0114,9.9947,1.2345,8.7602,0.0834,10.1048,0.4997,9.6051,0.1002,3460.0114,NA,NA,NA
ZoomTracks.exe,23252,0x195FDAD7F80,DXGI,0,512,1,Hardware: Independent Flip,3471.0310,NA,9.78510000000000,10.05730000000000,8.98430000000000,9.11760000000000,9.2328,3470.0061,10.0092,1.0249,8.9843,0.1935,9.9490,0.4525,9.4965,-0.0626,3470.0061,NA,NA,NA
ZoomTracks.exe,23252,0x195FDAD7F80,DXGI,0,512,1,Hardware: Independent Flip,3480.9995,NA,9.96850000000000,9.95710000000000,9.03000000000000,9.21440000000000,9.2214,3480.0153,10.0142,0.9842,9.0300,0.1333,10.0653,0.5799,9.4854,0.0521,3480.0153,NA,NA,NA
ZoomTracks.exe,23252,0x195FDAD7F80,DXGI,0,512,1,Hardware: Independent Flip,3490.9559,NA,9.95640000000000,9.98540000000000,9.06610000000000,9.18000000000000,9.2504,3490.0295,9.9925,0.9264,9.0661,0.1844,9.9220,0.4767,9.4453,0.0288,3490.0295,NA,NA,NA
ZoomTracks.exe,23252,0x195FDAD7F80,DXGI,0,512,1,Hardware: Independent Flip,3500.8825,NA,9.92660000000000,9.95790000000000,9.14690000000000,9.27580000000000,9.2817,3500.0220,10.0074,0.8605,9.1469,0.1139,10.0224,0.4339,9.5885,0.0346,3500.0220,NA,NA,NA
ZoomTracks.exe,23252,0x195FDAD7F80,DXGI,0,512,1,Hardware: Independent Flip,3510.8897,NA,10.00720000000000,10.04300000000000,9.11750000000000,9.31130000000000,9.3175,3510.0294,9.9778,0.8603,9.1175,0.1289,10.0427,0.5476,9.4951,-0.0356,3510.0294,NA,NA,NA
ZoomTracks.exe,23252,0x195FDAD7F80,DXGI,0,512,1,Hardware: Independent Flip,3520.8679,NA,9.97820000000000,10.00730000000000,9.21670000000000,9.33890000000000,9.3466,3520.0072,10.0774,0.8607,9.2167,0.1938,10.0058,0.4861,9.5197,-0.0295,3520.0072,NA,NA,NA
ZoomTracks.exe,23252,0x195FDAD7F80,DXGI,0,512,1,Hardware: Independent Flip,3531.1677,NA,10.29980000000000,10.02510000000000,8.87160000000000,9.06560000000000,9.0719,3530.0846,9.9547,1.0831,8.8716,0.1222,10.0265,0.5254,9.5011,0.0523,3530.0846,NA,10.3771,10.3771
ZoomTracks.exe,23252,0x195FDAD7F80,DXGI,0,512,1,Hardware: Independent Flip,3540.9853,NA,9.81760000000000,9.96090000000000,9.02400000000000,9.20960000000000,9.2152,3540.0393,9.9700,0.9460,9.0240,0.1940,9.9616,0.4892,9.4724,-0.0062,3540.0393,NA,NA,NA
ZoomTracks.exe,23252,0x195FDAD7F80,DXGI,0,512,1,Hardware: Independent Flip,3550.9906,NA,10.00530000000000,10.08630000000000,9.05610000000000,9.28610000000000,9.2962,3550.0093,10.0374,0.9813,9.0561,0.1856,10.0818,0.5679,9.5139,-0.1163,3550.0093,NA,NA,NA
ZoomTracks.exe,23252,0x195FDAD7F80,DXGI,0,512,1,Hardware: Independent Flip,3561.1588,NA,10.16820000000000,9.93270000000000,8.86450000000000,8.99080000000000,9.0607,3560.0467,9.9766,1.1121,8.8645,0.2300,9.8729,0.4613,9.4116,0.1047,3560.0467,NA,NA,NA
ZoomTracks.exe,23252,0x195FDAD7F80,DXGI,0,512,1,Hardware: Independent Flip,3571.0108,NA,9.85200000000000,9.99820000000000,9.00950000000000,9.19960000000000,9.2069,3570.0233,9.9970,0.9875,9.0095,0.1263,10.0608,0.5022,9.5586,-0.0216,3570.0233,NA,NA,NA
ZoomTracks.exe,23252,0x195FDAD7F80,DXGI,0,512,1,Hardware: Independent Flip,3580.9000,NA,9.88920000000000,10.08490000000000,9.12130000000000,9.26780000000000,9.4026,3580.0203,10.0010,0.8797,9.1213,0.1901,9.9574,0.4540,9.5034,-0.0879,3580.0203,NA,NA,NA
ZoomTracks.exe,23252,0x195FDAD7F80,DXGI,0,512,1,Hardware: Independent Flip,3591.2461,NA,10.34610000000000,9.90350000000000,8.75970000000000,8.95360000000000,8.9600,3590.0213,9.9845,1.2248,8.7597,0.1465,10.0319,0.4955,9.5364,0.0975,3590.0213,NA,16.3247,16.3247
ZoomTracks.exe,23252,0x195FDAD7F80,DXGI,0,512,1,Hardware: Independent Flip,3600.8736,NA,9.62750000000000,9.97880000000000,9.15010000000000,9.21470000000000,9.3113,3600.0058,10.0179,0.8678,9.1501,0.1939,9.8886,0.3798,9.5088,0.0057,3600.0058,NA,NA,NA
ZoomTracks.exe,23252,0x195FDAD7F80,DXGI,0,512,1,Hardware: Independent Flip,3611.3684,NA,10.49480000000000,10.14020000000000,8.66480000000000,8.94930000000000,8.9567,3610.0237,10.0095,1.3447,8.6648,0.0646,10.2294,0.6773,9.5521,-0.1223,3610.0237,NA,18.4521,18.4521
ZoomTracks.exe,23252,0x195FDAD7F80,DXGI,0,512,1,Hardware: Independent Flip,3621.0288,NA,9.66040000000000,9.89530000000000,8.98640000000000,9.12120000000000,9.1916,3620.0332,9.9820,0.9956,8.9864,0.2845,9.8323,0.4861,9.3462,0.1142,3620.0332,NA,NA,NA
ZoomTracks.exe,23252,0x195FDAD7F80,DXGI,0,512,1,Hardware: Independent Flip,3630.8658,NA,9.83700000000000,10.02030000000000,9.16620000000000,9.36630000000000,9.3749,3630.0152,10.0168,0.8506,9.1662,0.1348,10.0821,0.5089,9.5732,-0.0383,3630.0152,NA,NA,NA
ZoomTracks.exe,23252,0x195FDAD7F80,DXGI,0,512,1,Hardware: Independent Flip,3640.9627,NA,10.09690000000000,10.12280000000000,9.07110000000000,9.21020000000000,9.4008,3640.0320,10.0018,0.9307,9.0711,0.2001,9.9408,0.5171,9.4237,-0.1060,3640.0320,NA,NA,NA
ZoomTracks.exe,23252,0x195FDAD7F80,DXGI,0,512,1,Hardware: Independent Flip,3651.2181,NA,10.25540000000000,9.81170000000000,8.80000000000000,8.94910000000000,8.9571,3650.0338,9.9843,1.1843,8.8000,0.1391,9.9943,0.4746,9.5197,0.1901,3650.0338,NA,NA,NA
ZoomTracks.exe,23252,0x195FDAD7F80,DXGI,0,512,1,Hardware: Independent Flip,3660.9033,NA,9.68520000000000,10.13520000000000,9.11940000000000,9.26620000000000,9.4071,3660.0181,10.0046,0.8852,9.1194,0.1491,10.0023,0.4529,9.5494,-0.1509,3660.0181,NA,NA,NA
ZoomTracks.exe,23252,0x195FDAD7F80,DXGI,0,512,1,Hardware: Independent Flip,3671.1144,NA,10.21110000000000,9.92440000000000,8.90540000000000,9.04240000000000,9.1204,3670.0227,9.9971,1.0917,8.9054,0.1468,9.9873,0.5122,9.4751,0.0802,3670.0227,NA,NA,NA
ZoomTracks.exe,23252,0x195FDAD7F80,DXGI,0,512,1,Hardware: Independent Flip,3680.9138,NA,9.79940000000000,9.98580000000000,9.11530000000000,9.30070000000000,9.3068,3680.0198,10.0093,0.8940,9.1153,0.1370,10.0577,0.5102,9.5475,0.0113,3680.0198,NA,NA,NA
ZoomTracks.exe,23252,0x195FDAD7F80,DXGI,0,512,1,Hardware: Independent Flip,3690.9037,NA,9.98990000000000,10.03890000000000,9.12150000000000,9.23840000000000,9.3558,3690.0291,9.9961,0.8746,9.1215,0.1854,9.9276,0.4719,9.4557,-0.0296,3690.0291,NA,NA,NA
ZoomTracks.exe,23252,0x195FDAD7F80,DXGI,0,512,1,Hardware: Independent Flip,3701.1515,NA,10.24780000000000,9.96690000000000,8.87300000000000,9.06630000000000,9.0749,3700.0252,9.9993,1.1263,8.8730,0.1169,10.0757,0.5732,9.5025,0.0292,3700.0252,NA,15.3496,15.3496
ZoomTracks.exe,23252,0x195FDAD7F80,DXGI,0,512,1,Hardware: Independent Flip,3710.9504,NA,9.79890000000000,10.00350000000000,9.06830000000000,9.20050000000000,9.2795,3710.0245,9.9942,0.9259,9.0683,0.1933,9.9331,0.4370,9.4961,-0.0042,3710.0245,NA,NA,NA
ZoomTracks.exe,23252,0x195FDAD7F80,DXGI,0,512,1,Hardware: Independent Flip,3720.8644,NA,9.91400000000000,10.00910000000000,9.16190000000000,9.30190000000000,9.3746,3720.0187,10.0076,0.8457,9.1619,0.1322,10.0154,0.4573,9.5581,-0.0149,3720.0187,NA,NA,NA
ZoomTracks.exe,23252,0x195FDAD7F80,DXGI,0,512,1,Hardware: Independent Flip,3730.9186,NA,10.05420000000000,10.00700000000000,9.13350000000000,9.25280000000000,9.3274,3730.0263,10.0258,0.8923,9.1335,0.1400,10.0051,0.6091,9.3960,0.0006,3730.0263,NA,NA,NA
ZoomTracks.exe,23252,0x195FDAD7F80,DXGI,0,512,1,Hardware: Independent Flip,3741.2482,NA,10.32960000000000,9.95490000000000,8.75890000000000,8.94610000000000,8.9527,3740.0521,9.9550,1.1961,8.7589,0.1193,10.0229,0.5553,9.4676,0.0709,3740.0521,NA,13.3376,13.3376
ZoomTracks.exe,23252,0x195FDAD7F80,DXGI,0,512,1,Hardware: Independent Flip,3750.8497,NA,9.60150000000000,9.94420000000000,9.17120000000000,9.22920000000000,9.2954,3750.0071,10.0138,0.8426,9.1712,0.1872,9.8846,0.3595,9.5251,0.0108,3750.0071,NA,NA,NA
ZoomTracks.exe,23252,0x195FDAD7F80,DXGI,0,512,1,Hardware: Independent Flip,3761.0498,NA,10.20010000000000,10.06490000000000,8.97120000000000,9.15480000000000,9.1602,3760.0209,10.0001,1.0289,8.9712,0.0580,10.1257,0.4945,9.6312,-0.0511,3760.0209,NA,NA,NA
ZoomTracks.exe,23252,0x195FDAD7F80,DXGI,0,512,1,Hardware: Independent Flip,3771.2659,NA,10.21610000000000,10.05020000000000,8.77240000000000,8.89100000000000,8.9943,3770.0210,10.0173,1.2449,8.7724,0.1836,9.9523,0.4521,9.5002,-0.0501,3770.0210,NA,18.3923,18.3923
ZoomTracks.exe,23252,0x195FDAD7F80,DXGI,0,512,1,Hardware: Independent Flip,3781.0439,NA,9.77800000000000,9.94120000000000,8.97920000000000,9.15120000000000,9.1575,3780.0383,9.9848,1.0056,8.9792,0.1186,10.0382,0.4940,9.5442,0.0761,3780.0383,NA,NA,NA
ZoomTracks.exe,23252,0x195FDAD7F80,DXGI,0,512,1,Hardware: Independent Flip,3790.9209,NA,9.87700000000000,9.99250000000000,9.08080000000000,9.26570000000000,9.2730,3790.0231,9.9786,0.8978,9.0808,0.1720,9.9915,0.5522,9.4393,-0.0077,3790.0231,NA,NA,NA
ZoomTracks.exe,23252,0x195FDAD7F80,DXGI,0,512,1,Hardware: Independent Flip,3800.8492,NA,9.92830000000000,9.95210000000000,9.17130000000000,9.29000000000000,9.2968,3800.0017,10.0188,0.8475,9.1713,0.1849,9.9526,0.4433,9.5093,0.0265,3800.0017,NA,NA,NA
ZoomTracks.exe,23252,0x195FDAD7F80,DXGI,0,512,1,Hardware: Independent Flip,3810.9243,NA,10.07510000000000,10.08540000000000,9.09230000000000,9.29880000000000,9.3071,3810.0205,9.9961,0.9038,9.0923,0.1187,10.0839,0.5788,9.5051,-0.0666,3810.0205,NA,NA,NA
ZoomTracks.exe,23252,0x195FDAD7F80,DXGI,0,512,1,Hardware: Independent Flip,3821.0610,NA,10.13670000000000,9.98520000000000,8.94840000000000,9.14800000000000,9.1556,3820.0166,9.9928,1.0444,8.9484,0.2065,9.9859,0.6199,9.3660,0.0109,3820.0166,NA,NA,NA
ZoomTracks.exe,23252,0x195FDAD7F80,DXGI,0,512,1,Hardware: Independent Flip,3830.9340,NA,9.87300000000000,9.99590000000000,9.09760000000000,9.26970000000000,9.2785,3830.0094,10.0222,0.9246,9.0976,0.1996,9.9947,0.5765,9.4182,-0.0031,3830.0094,NA,NA,NA
ZoomTracks.exe,23252,0x195FDAD7F80,DXGI,0,512,1,Hardware: Independent Flip,3841.1113,NA,10.17730000000000,10.00770000000000,8.92150000000000,9.02060000000000,9.1089,3840.0316,10.0012,1.0797,8.9215,0.1721,9.9282,0.4084,9.5198,0.0145,3840.0316,NA,13.3277,13.3277
ZoomTracks.exe,23252,0x195FDAD7F80,DXGI,0,512,1,Hardware: Independent Flip,3851.0917,NA,9.98040000000000,9.99460000000000,8.92790000000000,9.11620000000000,9.1231,3850.0328,9.9868,1.0589,8.9279,0.0991,10.0760,0.4921,9.5839,0.0066,3850.0328,NA,17.3440,17.3440
ZoomTracks.exe,23252,0x195FDAD7F80,DXGI,0,512,1,Hardware: Independent Flip,3860.8988,NA,9.80710000000000,9.99720000000000,9.12320000000000,9.23380000000000,9.3132,3860.0196,10.0024,0.8792,9.1232,0.1883,9.9247,0.4214,9.5033,-0.0104,3860.0196,NA,NA,NA
ZoomTracks.exe,23252,0x195FDAD7F80,DXGI,0,512,1,Hardware: Independent Flip,3870.9003,NA,10.00150000000000,10.01060000000000,9.12070000000000,9.31490000000000,9.3223,3870.0220,9.9990,0.8783,9.1207,0.1106,10.0826,0.4982,9.5844,-0.0082,3870.0220,NA,NA,NA
ZoomTracks.exe,23252,0x195FDAD7F80,DXGI,0,512,1,Hardware: Independent Flip,3881.0663,NA,10.16600000000000,9.98750000000000,8.94200000000000,9.04990000000000,9.1438,3880.0210,9.9873,1.0453,8.9420,0.1942,9.9010,0.4041,9.4969,0.0115,3880.0210,NA,NA,NA
ZoomTracks.exe,23252,0x195FDAD7F80,DXGI,0,512,1,Hardware: Independent Flip,3890.9032,NA,9.83690000000000,10.03600000000000,9.13440000000000,9.33560000000000,9.3429,3890.0083,10.0293,0.8949,9.1344,0.1079,10.1226,0.5268,9.5958,-0.0487,3890.0083,NA,NA,NA
ZoomTracks.exe,23252,0x195FDAD7F80,DXGI,0,512,1,Hardware: Independent Flip,3900.9755,NA,10.07230000000000,9.93620000000000,9.04780000000000,9.10700000000000,9.2068,3900.0376,9.9857,0.9379,9.0478,0.2012,9.8437,0.4374,9.4063,0.0931,3900.0376,NA,NA,NA
ZoomTracks.exe,23252,0x195FDAD7F80,DXGI,0,512,1,Hardware: Independent Flip,3911.0550,NA,10.07950000000000,10.02490000000000,8.96000000000000,9.14540000000000,9.1522,3910.0233,9.9917,1.0317,8.9600,0.0592,10.1179,0.4933,9.6246,-0.0392,3910.0233,NA,16.3286,16.3286
ZoomTracks.exe,23252,0x195FDAD7F80,DXGI,0,512,1,Hardware: Independent Flip,3921.1855,NA,10.13050000000000,10.09750000000000,8.83750000000000,8.96290000000000,9.1192,3920.0150,10.0080,1.1705,8.8375,0.1854,9.9480,0.4661,9.4819,-0.1058,3920.0150,NA,14.3975,14.3975
ZoomTracks.exe,23252,0x195FDAD7F80,DXGI,0,512,1,Hardware: Independent Flip,3931.0073,NA,9.82180000000000,9.91760000000000,9.02950000000000,9.20900000000000,9.2150,3930.0230,10.0138,0.9843,9.0295,0.1254,10.0679,0.6337,9.4342,0.0904,3930.0230,NA,NA,NA
ZoomTracks.exe,23252,0x195FDAD7F80,DXGI,0,512,1,Hardware: Independent Flip,3940.9338,NA,9.92650000000000,10.06460000000000,9.09380000000000,9.22990000000000,9.3531,3940.0368,9.9908,0.8970,9.0938,0.1795,9.9474,0.4381,9.5093,-0.0508,3940.0368,NA,NA,NA
ZoomTracks.exe,23252,0x195FDAD7F80,DXGI,0,512,1,Hardware: Independent Flip,3951.0013,NA,10.06750000000000,9.87800000000000,9.03350000000000,9.10270000000000,9.1636,3950.0276,10.0072,0.9737,9.0335,0.1361,9.9403,0.3938,9.5465,0.1128,3950.0276,NA,NA,NA
ZoomTracks.exe,23252,0x195FDAD7F80,DXGI,0,512,1,Hardware: Independent Flip,3960.8647,NA,9.86340000000000,10.04640000000000,9.15900000000000,9.33870000000000,9.3466,3960.0348,9.9889,0.8299,9.1590,0.0692,10.0994,0.4834,9.6160,-0.0392,3960.0348,NA,NA,NA
ZoomTracks.exe,23252,0x195FDAD7F80,DXGI,0,512,1,Hardware: Independent Flip,3970.9070,NA,10.04230000000000,10.08800000000000,9.10140000000000,9.28090000000000,9.3923,3970.0237,9.9847,0.8833,9.1014,0.1797,9.9845,0.5283,9.4562,-0.0991,3970.0237,NA,NA,NA
ZoomTracks.exe,23252,0x195FDAD7F80,DXGI,0,512,1,Hardware: Independent Flip,3981.0134,NA,10.10640000000000,9.88350000000000,9.03500000000000,9.15060000000000,9.1694,3980.0084,10.0400,1.0050,9.0350,0.1795,9.9761,0.4524,9.5237,0.1012,3980.0084,NA,NA,NA
ZoomTracks.exe,23252,0x195FDAD7F80,DXGI,0,512,1,Hardware: Independent Flip,3991.0429,NA,10.02950000000000,10.02750000000000,8.96010000000000,9.16070000000000,9.1674,3990.0484,9.9546,0.9945,8.9601,0.1156,10.0396,0.6345,9.4051,0.0125,3990.0484,NA,NA,NA
ZoomTracks.exe,23252,0x195FDAD7F80,DXGI,0,512,1,Hardware: Independent Flip,4000.9003,NA,9.85740000000000,10.03750000000000,9.11830000000000,9.27070000000000,9.3475,4000.0030,10.0156,0.8973,9.1183,0.2006,9.9674,0.4588,9.5086,-0.0829,4000.0030,NA,NA,NA
ZoomTracks.exe,23252,0x195FDAD7F80,DXGI,0,512,1,Hardware: Independent Flip,4011.0440,NA,10.14370000000000,9.99420000000000,8.98290000000000,9.18950000000000,9.1980,4010.0186,10.0083,1.0254,8.9829,0.1524,10.0625,0.5317,9.5308,0.0214,4010.0186,NA,13.3454,13.3454
ZoomTracks.exe,23252,0x195FDAD7F80,DXGI,0,512,1,Hardware: Independent Flip,4020.9821,NA,9.93810000000000,9.98070000000000,9.02670000000000,9.16240000000000,9.2406,4020.0269,9.9819,0.9552,9.0267,0.2066,9.9110,0.5626,9.3484,0.0276,4020.0269,NA,NA,NA
ZoomTracks.exe,23252,0x195FDAD7F80,DXGI,0,512,1,Hardware: Independent Flip,4030.9374,NA,9.95530000000000,9.99050000000000,9.09620000000000,9.26880000000000,9.2758,4030.0088,10.0248,0.9286,9.0962,0.1357,10.0617,0.6143,9.4474,-0.0086,4030.0088,NA,NA,NA
ZoomTracks.exe,23252,0x195FDAD7F80,DXGI,0,512,1,Hardware: Independent Flip,4040.8722,NA,9.93480000000000,10.03450000000000,9.15040000000000,9.29360000000000,9.3755,4040.0336,9.9890,0.8386,9.1504,0.1726,9.9596,0.4578,9.5018,-0.0097,4040.0336,NA,NA,NA
ZoomTracks.exe,23252,0x195FDAD7F80,DXGI,0,512,1,Hardware: Independent Flip,4050.9096,NA,10.03740000000000,9.91510000000000,9.09950000000000,9.24490000000000,9.2532,4050.0226,9.9865,0.8870,9.0995,0.1432,9.9887,0.5038,9.4849,0.0739,4050.0226,NA,NA,NA
ZoomTracks.exe,23252,0x195FDAD7F80,DXGI,0,512,1,Hardware: Independent Flip,4060.8190,NA,9.90940000000000,10.07020000000000,9.21470000000000,9.40570000000000,9.4140,4060.0091,10.0246,0.8099,9.2147,0.1454,10.0702,0.5018,9.5684,-0.0837,4060.0091,NA,NA,NA
ZoomTracks.exe,23252,0x195FDAD7F80,DXGI,0,512,1,Hardware: Independent Flip,4071.2403,NA,10.42130000000000,10.03110000000000,8.77290000000000,8.92040000000000,9.0238,4070.0337,9.9795,1.2066,8.7729,0.1910,9.9360,0.4638,9.4722,-0.0065,4070.0337,NA,17.3918,17.3918
ZoomTracks.exe,23252,0x195FDAD7F80,DXGI,0,512,1,Hardware: Independent Flip,4081.1381,NA,9.89780000000000,9.94870000000000,8.87310000000000,9.06840000000000,9.0747,4080.0132,9.9980,1.1249,8.8731,0.1475,10.0458,0.5018,9.5440,0.0308,4080.0132,NA,NA,NA
ZoomTracks.exe,23252,0x195FDAD7F80,DXGI,0,512,1,Hardware: Independent Flip,4090.9375,NA,9.79940000000000,10.05220000000000,9.09260000000000,9.31970000000000,9.3275,4090.0112,10.0189,0.9263,9.0926,0.1953,10.0507,0.5601,9.4906,-0.0542,4090.0112,NA,NA,NA
ZoomTracks.exe,23252,0x195FDAD7F80,DXGI,0,512,1,Hardware: Independent Flip,4101.3573,NA,10.41980000000000,9.88820000000000,8.65300000000000,8.78930000000000,8.7959,4100.0301,9.9802,1.3272,8.6530,0.2271,9.8894,0.5037,9.3857,0.1307,4100.0301,NA,17.2775,17.2775
ZoomTracks.exe,23252,0x195FDAD7F80,DXGI,0,512,1,Hardware: Independent Flip,4110.8871,NA,9.52980000000000,10.04700000000000,9.14040000000000,9.30670000000000,9.3131,4110.0103,10.0172,0.8768,9.1404,0.1363,10.0472,0.4761,9.5711,-0.0668,4110.0103,NA,NA,NA
ZoomTracks.exe,23252,0x195FDAD7F80,DXGI,0,512,1,Hardware: Independent Flip,4120.9803,NA,10.09320000000000,10.06900000000000,9.05150000000000,9.19250000000000,9.2889,4120.0275,10.0043,0.9528,9.0515,0.1663,9.9790,0.5226,9.4564,-0.0518,4120.0275,NA,NA,NA
ZoomTracks.exe,23252,0x195FDAD7F80,DXGI,0,512,1,Hardware: Independent Flip,4130.9905,NA,10.01020000000000,9.94410000000000,9.02250000000000,9.21590000000000,9.2228,4130.0318,9.9812,0.9587,9.0225,0.1410,10.0336,0.5561,9.4775,0.0602,4130.0318,NA,NA,NA
ZoomTracks.exe,23252,0x195FDAD7F80,DXGI,0,512,1,Hardware: Independent Flip,4140.9067,NA,9.91620000000000,10.03000000000000,9.13480000000000,9.24820000000000,9.3366,4140.0130,10.0285,0.8937,9.1348,0.1934,9.9485,0.4394,9.5091,-0.0488,4140.0130,NA,NA,NA
ZoomTracks.exe,23252,0x195FDAD7F80,DXGI,0,512,1,Hardware: Independent Flip,4151.0328,NA,10.12610000000000,9.97220000000000,8.97510000000000,9.17540000000000,9.1827,4150.0415,9.9664,0.9913,8.9751,0.1134,10.0533,0.5494,9.5039,0.0563,4150.0415,NA,NA,NA
ZoomTracks.exe,23252,0x195FDAD7F80,DXGI,0,512,1,Hardware: Independent Flip,4160.9147,NA,9.88190000000000,10.01230000000000,9.12430000000000,9.30590000000000,9.3131,4160.0079,10.0311,0.9068,9.1243,0.2003,10.0124,0.5020,9.5104,-0.0459,4160.0079,NA,NA,NA
ZoomTracks.exe,23252,0x195FDAD7F80,DXGI,0,512,1,Hardware: Independent Flip,4171.3683,NA,10.45360000000000,9.98370000000000,8.65630000000000,8.83650000000000,8.8432,4170.0390,9.9856,1.3293,8.6563,0.1816,9.9842,0.5125,9.4717,0.0474,4170.0390,NA,17.3249,17.3249
ZoomTracks.exe,23252,0x195FDAD7F80,DXGI,0,512,1,Hardware: Independent Flip,4181.0196,NA,9.65130000000000,9.99240000000000,9.00160000000000,9.17780000000000,9.1843,4180.0246,9.9966,0.9950,9.0016,0.1802,9.9926,0.4759,9.5167,-0.0068,4180.0246,NA,14.3494,14.3494
ZoomTracks.exe,23252,0x195FDAD7F80,DXGI,0,512,1,Hardware: Independent Flip,4190.8423,NA,9.82270000000000,10.11890000000000,9.19110000000000,9.47340000000000,9.4805,4190.0212,10.0122,0.8211,9.1911,0.1762,10.1183,0.6098,9.5085,-0.1223,4190.0212,NA,NA,NA
ZoomTracks.exe,23252,0x195FDAD7F80,DXGI,0,512,1,Hardware: Independent Flip,4201.0213,NA,10.17900000000000,9.83740000000000,9.01440000000000,9.07810000000000,9.1389,4200.0334,10.0023,0.9879,9.0144,0.2823,9.7837,0.4428,9.3409,0.1748,4200.0334,NA,NA,NA
ZoomTracks.exe,23252,0x195FDAD7F80,DXGI,0,512,1,Hardware: Independent Flip,4210.9537,NA,9.93240000000000,10.06160000000000,9.08720000000000,9.26120000000000,9.2681,4210.0357,10.0052,0.9180,9.0872,0.0637,10.1155,0.4912,9.6243,-0.0593,4210.0357,NA,NA,NA
ZoomTracks.exe,23252,0x195FDAD7F80,DXGI,0,512,1,Hardware: Independent Flip,4220.9022,NA,9.94850000000000,10.10780000000000,9.12690000000000,9.26190000000000,9.4274,4220.0409,9.9882,0.8613,9.1269,0.1740,9.9492,0.4554,9.4938,-0.1026,4220.0409,NA,NA,NA
ZoomTracks.exe,23252,0x195FDAD7F80,DXGI,0,512,1,Hardware: Independent Flip,4231.0684,NA,10.16620000000000,9.94710000000000,8.95130000000000,9.20080000000000,9.2083,4230.0291,9.9906,1.0393,8.9513,0.1350,10.1051,0.6149,9.4902,0.0411,4230.0291,NA,NA,NA
ZoomTracks.exe,23252,0x195FDAD7F80,DXGI,0,512,1,Hardware: Independent Flip,4241.0422,NA,9.97380000000000,10.02580000000000,8.98750000000000,9.11520000000000,9.2603,4240.0197,10.0100,1.0225,8.9875,0.2495,9.8882,0.5140,9.3742,-0.0352,4240.0197,NA,NA,NA
ZoomTracks.exe,23252,0x195FDAD7F80,DXGI,0,512,1,Hardware: Independent Flip,4251.3040,NA,10.26180000000000,9.84260000000000,8.71770000000000,8.83520000000000,8.8411,4250.0297,9.9920,1.2743,8.7177,0.1277,9.9818,0.4460,9.5358,0.1674,4250.0297,NA,17.2631,17.2631
ZoomTracks.exe,23252,0x195FDAD7F80,DXGI,0,512,1,Hardware: Independent Flip,4260.9380,NA,9.63400000000000,10.15600000000000,9.09080000000000,9.23960000000000,9.3631,4260.0217,10.0071,0.9163,9.0908,0.1175,10.0384,0.5239,9.5145,-0.1640,4260.0217,NA,NA,NA
ZoomTracks.exe,23252,0x195FDAD7F80,DXGI,0,512,1,Hardware: Independent Flip,4271.4778,NA,10.53980000000000,9.99400000000000,8.56790000000000,8.69480000000000,8.8173,4270.0288,10.0169,1.4490,8.5679,0.1488,9.9950,0.6184,9.3766,0.0131,4270.0288,NA,16.4283,16.4283
ZoomTracks.exe,23252,0x195FDAD7F80,DXGI,0,512,1,Hardware: Independent Flip,4281.0308,NA,9.55300000000000,9.92490000000000,8.99210000000000,9.18250000000000,9.1892,4280.0457,9.9772,0.9851,8.9921,0.1269,10.0407,0.5439,9.4968,0.0920,4280.0457,NA,NA,NA
ZoomTracks.exe,23252,0x195FDAD7F80,DXGI,0,512,1,Hardware: Independent Flip,4290.9869,NA,9.95610000000000,10.00000000000000,9.01980000000000,9.14850000000000,9.2331,4290.0229,9.9838,0.9640,9.0198,0.1904,9.9221,0.4800,9.4421,-0.0228,4290.0229,NA,NA,NA
ZoomTracks.exe,23252,0x195FDAD7F80,DXGI,0,512,1,Hardware: Independent Flip,4300.9962,NA,10.00930000000000,10.01160000000000,9.03190000000000,9.22780000000000,9.2354,4300.0067,10.0214,0.9895,9.0319,0.1287,10.0886,0.5464,9.5422,-0.0278,4300.0067,NA,NA,NA
ZoomTracks.exe,23252,0x195FDAD7F80,DXGI,0,512,1,Hardware: Independent Flip,4311.0192,NA,10.02300000000000,10.02340000000000,9.02610000000000,9.14620000000000,9.2358,4310.0281,10.0172,0.9911,9.0261,0.1959,9.9414,0.4507,9.4907,-0.0020,4310.0281,NA,NA,NA
ZoomTracks.exe,23252,0x195FDAD7F80,DXGI,0,512,1,Hardware: Independent Flip,4321.0182,NA,9.99900000000000,9.97310000000000,9.01130000000000,9.20290000000000,9.2099,4320.0453,9.9842,0.9729,9.0113,0.1201,10.0557,0.5676,9.4881,0.0441,4320.0453,NA,NA,NA
ZoomTracks.exe,23252,0x195FDAD7F80,DXGI,0,512,1,Hardware: Independent Flip,4330.9495,NA,9.93130000000000,9.97910000000000,9.07230000000000,9.25110000000000,9.2577,4330.0295,9.9923,0.9200,9.0723,0.1916,9.9795,0.4986,9.4809,0.0051,4330.0295,NA,NA,NA
ZoomTracks.exe,23252,0x195FDAD7F80,DXGI,0,512,1,Hardware: Independent Flip,4340.8378,NA,9.88830000000000,10.13120000000000,9.22510000000000,9.49340000000000,9.5006,4340.0218,10.0411,0.8160,9.2251,0.1788,10.1306,0.6062,9.5244,-0.1389,4340.0218,NA,NA,NA
ZoomTracks.exe,23252,0x195FDAD7F80,DXGI,0,512,1,Hardware: Independent Flip,4351.1887,NA,10.35090000000000,9.89370000000000,8.84660000000000,8.92600000000000,9.0434,4350.0629,9.9724,1.1258,8.8466,0.2683,9.7835,0.3856,9.3979,0.1474,4350.0629,NA,NA,NA
ZoomTracks.exe,23252,0x195FDAD7F80,DXGI,0,512,1,Hardware: Independent Flip,4361.1778,NA,9.98910000000000,9.97760000000000,8.85100000000000,9.02390000000000,9.0319,4360.0353,9.9935,1.1425,8.8510,0.0794,10.0870,0.5025,9.5845,-0.0052,4360.0353,NA,13.3462,13.3462
ZoomTracks.exe,23252,0x195FDAD7F80,DXGI,0,512,1,Hardware: Independent Flip,4371.0346,NA,9.85680000000000,10.11260000000000,8.98620000000000,9.12740000000000,9.2877,4370.0288,9.9920,1.0058,8.9862,0.1729,9.9603,0.5120,9.4483,-0.1191,4370.0288,NA,NA,NA
ZoomTracks.exe,23252,0x195FDAD7F80,DXGI,0,512,1,Hardware: Independent Flip,4381.0680,NA,10.03340000000000,9.91280000000000,8.96220000000000,9.15770000000000,9.1671,4380.0208,10.0094,1.0472,8.9622,0.1412,10.0637,0.5179,9.5458,0.0792,4380.0208,NA,NA,NA
ZoomTracks.exe,23252,0x195FDAD7F80,DXGI,0,512,1,Hardware: Independent Flip,4391.0723,NA,10.00430000000000,9.98750000000000,8.96900000000000,9.14260000000000,9.1503,4390.0302,10.0111,1.0421,8.9690,0.1955,9.9892,0.5024,9.4868,0.0219,4390.0302,NA,NA,NA
ZoomTracks.exe,23252,0x195FDAD7F80,DXGI,0,512,1,Hardware: Independent Flip,4401.0873,NA,10.01500000000000,9.96680000000000,8.95510000000000,9.03360000000000,9.1021,4400.0413,10.0011,1.0460,8.9551,0.1736,9.9060,0.3986,9.5074,0.0443,4400.0413,NA,NA,NA
ZoomTracks.exe,23252,0x195FDAD7F80,DXGI,0,512,1,Hardware: Independent Flip,4411.0149,NA,9.92760000000000,10.02530000000000,9.01990000000000,9.19280000000000,9.1998,4410.0424,9.9924,0.9725,9.0199,0.0785,10.0868,0.5041,9.5827,-0.0242,4410.0424,NA,NA,NA
ZoomTracks.exe,23252,0x195FDAD7F80,DXGI,0,512,1,Hardware: Independent Flip,4420.9888,NA,9.97390000000000,10.04430000000000,9.02520000000000,9.26100000000000,9.2702,4420.0348,9.9792,0.9540,9.0252,0.1729,10.0421,0.5990,9.4431,-0.0519,4420.0348,NA,NA,NA
ZoomTracks.exe,23252,0x195FDAD7F80,DXGI,0,512,1,Hardware: Independent Flip,4430.9497,NA,9.96090000000000,9.96140000000000,9.07080000000000,9.26410000000000,9.2707,4430.0140,10.0065,0.9357,9.0708,0.2358,9.9640,0.5382,9.4258,0.0178,4430.0140,NA,NA,NA
ZoomTracks.exe,23252,0x195FDAD7F80,DXGI,0,512,1,Hardware: Independent Flip,4441.2959,NA,10.34620000000000,9.97380000000000,8.71050000000000,8.89180000000000,8.8983,4440.0205,9.9859,1.2754,8.7105,0.1933,9.9739,0.5687,9.4052,0.0327,4440.0205,NA,15.3253,15.3253
ZoomTracks.exe,23252,0x195FDAD7F80,DXGI,0,512,1,Hardware: Independent Flip,4450.8437,NA,9.54780000000000,10.01730000000000,9.17620000000000,9.36100000000000,9.3678,4450.0064,10.0135,0.8373,9.1762,0.1813,10.0170,0.4959,9.5211,-0.0314,4450.0064,NA,NA,NA
ZoomTracks.exe,23252,0x195FDAD7F80,DXGI,0,512,1,Hardware: Independent Flip,4460.9364,NA,10.09270000000000,10.01450000000000,9.09410000000000,9.28160000000000,9.2896,4460.0199,10.0106,0.9165,9.0941,0.1848,10.0133,0.5633,9.4500,-0.0010,4460.0199,NA,NA,NA
ZoomTracks.exe,23252,0x195FDAD7F80,DXGI,0,512,1,Hardware: Independent Flip,4470.9030,NA,9.96660000000000,10.03840000000000,9.11450000000000,9.35420000000000,9.3614,4470.0305,9.9870,0.8725,9.1145,0.1875,10.0392,0.5863,9.4529,-0.0278,4470.0305,NA,NA,NA
ZoomTracks.exe,23252,0x195FDAD7F80,DXGI,0,512,1,Hardware: Independent Flip,4480.9289,NA,10.02590000000000,9.96130000000000,9.10800000000000,9.28970000000000,9.2968,4480.0175,10.0194,0.9114,9.1080,0.2397,9.9614,0.5839,9.3775,0.0257,4480.0175,NA,NA,NA
ZoomTracks.exe,23252,0x195FDAD7F80,DXGI,0,512,1,Hardware: Independent Flip,4490.9603,NA,10.03140000000000,9.98050000000000,9.05550000000000,9.23940000000000,9.2459,4490.0369,9.9789,0.9234,9.0555,0.1817,9.9811,0.4745,9.5066,0.0389,4490.0369,NA,NA,NA
ZoomTracks.exe,23252,0x195FDAD7F80,DXGI,0,512,1,Hardware: Independent Flip,4500.9456,NA,9.98530000000000,9.95900000000000,9.08580000000000,9.14380000000000,9.2196,4500.0158,10.0156,0.9298,9.0858,0.1839,9.8897,0.3854,9.5043,0.0199,4500.0158,NA,NA,NA
ZoomTracks.exe,23252,0x195FDAD7F80,DXGI,0,512,1,Hardware: Independent Flip,4510.8133,NA,9.86770000000000,10.03490000000000,9.21250000000000,9.38040000000000,9.3868,4510.0314,9.9944,0.7819,9.2125,0.0580,10.1043,0.4703,9.6340,-0.0193,4510.0314,NA,NA,NA
ZoomTracks.exe,23252,0x195FDAD7F80,DXGI,0,512,1,Hardware: Independent Flip,4520.8962,NA,10.08290000000000,10.08120000000000,9.15400000000000,9.30370000000000,9.3851,4520.0258,10.0244,0.8704,9.1540,0.1679,10.0062,0.4799,9.5263,-0.0868,4520.0258,NA,NA,NA
ZoomTracks.exe,23252,0x195FDAD7F80,DXGI,0,512,1,Hardware: Independent Flip,4531.0685,NA,10.17230000000000,9.95520000000000,8.95880000000000,9.15860000000000,9.1680,4530.0502,9.9771,1.0183,8.9588,0.1497,10.0272,0.6349,9.3923,0.0692,4530.0502,NA,NA,NA
ZoomTracks.exe,23252,0x195FDAD7F80,DXGI,0,512,1,Hardware: Independent Flip,4540.9173,NA,9.84880000000000,9.97490000000000,9.09180000000000,9.22210000000000,9.2941,4540.0273,9.9818,0.8900,9.0918,0.1998,9.9123,0.5085,9.4038,0.0022,4540.0273,NA,NA,NA
ZoomTracks.exe,23252,0x195FDAD7F80,DXGI,0,512,1,Hardware: Independent Flip,4550.8610,NA,9.94370000000000,10.23220000000000,9.44780000000000,9.51240000000000,9.5826,4550.0091,10.2997,0.8519,9.4478,0.1303,10.2340,0.4300,9.8040,-0.2504,4550.0091,NA,NA,NA
ZoomTracks.exe,23252,0x195FDAD7F80,DXGI,0,512,1,Hardware: Independent Flip,4561.1873,NA,10.32630000000000,9.78950000000000,8.84010000000000,8.97800000000000,9.0458,4560.3088,9.7186,0.8785,8.8401,0.0646,9.7919,0.4746,9.3173,0.5102,4560.3088,NA,NA,NA
ZoomTracks.exe,23252,0x195FDAD7F80,DXGI,0,512,1,Hardware: Independent Flip,4571.0062,NA,9.81890000000000,10.01460000000000,9.01520000000000,9.23530000000000,9.2415,4570.0274,9.9940,0.9788,9.0152,0.1379,10.0762,0.5163,9.5599,-0.2960,4570.0274,NA,NA,NA
ZoomTracks.exe,23252,0x195FDAD7F80,DXGI,0,512,1,Hardware: Independent Flip,4581.1089,NA,10.10270000000000,10.19650000000000,8.91900000000000,9.04900000000000,9.3353,4580.0214,10.0065,1.0875,8.9190,0.2201,9.9164,0.5632,9.3532,-0.2025,4580.0214,NA,11.5928,11.5928
ZoomTracks.exe,23252,0x195FDAD7F80,DXGI,0,512,1,Hardware: Independent Flip,4591.1042,NA,9.99530000000000,9.77030000000000,8.91840000000000,9.10290000000000,9.1103,4590.0279,9.9947,1.0763,8.9184,0.1300,10.0492,0.5644,9.4848,0.2362,4590.0279,NA,NA,NA
ZoomTracks.exe,23252,0x195FDAD7F80,DXGI,0,512,1,Hardware: Independent Flip,4600.9027,NA,9.79850000000000,10.17340000000000,9.14160000000000,9.29000000000000,9.4852,4600.0226,10.0217,0.8801,9.1416,0.1845,9.9856,0.4757,9.5099,-0.1787,4600.0226,NA,NA,NA
ZoomTracks.exe,23252,0x195FDAD7F80,DXGI,0,512,1,Hardware: Independent Flip,4611.3585,NA,10.45580000000000,9.84290000000000,8.66200000000000,8.79000000000000,8.8723,4610.0443,9.9762,1.3142,8.6620,0.1484,9.9558,0.5498,9.4060,0.1788,4610.0443,NA,NA,NA
ZoomTracks.exe,23252,0x195FDAD7F80,DXGI,0,512,1,Hardware: Independent Flip,4620.9428,NA,9.58430000000000,9.99760000000000,9.08250000000000,9.27860000000000,9.2856,4620.0205,10.0048,0.9223,9.0825,0.1280,10.0729,0.5009,9.5720,-0.0214,4620.0205,NA,NA,NA
ZoomTracks.exe,23252,0x195FDAD7F80,DXGI,0,512,1,Hardware: Independent Flip,4630.9004,NA,9.95760000000000,10.08750000000000,9.12220000000000,9.25790000000000,9.4155,4630.0253,9.9973,0.8751,9.1222,0.1961,9.9369,0.4511,9.4858,-0.0827,4630.0253,NA,NA,NA
ZoomTracks.exe,23252,0x195FDAD7F80,DXGI,0,512,1,Hardware: Independent Flip,4641.0205,NA,10.12010000000000,9.90380000000000,8.99870000000000,9.19130000000000,9.1992,4640.0226,9.9966,0.9979,8.9987,0.1357,10.0535,0.5647,9.4888,0.0935,4640.0226,NA,NA,NA
ZoomTracks.exe,23252,0x195FDAD7F80,DXGI,0,512,1,Hardware: Independent Flip,4651.1479,NA,10.12740000000000,9.93050000000000,8.86800000000000,8.93440000000000,9.0023,4650.0192,9.9967,1.1287,8.8680,0.1926,9.8705,0.3882,9.4823,0.0661,4650.0192,NA,11.7529,11.7529
ZoomTracks.exe,23252,0x195FDAD7F80,DXGI,0,512,1,Hardware: Independent Flip,4661.1041,NA,9.95620000000000,10.09610000000000,8.92410000000000,9.13090000000000,9.1422,4660.0159,10.0123,1.0882,8.9241,0.0664,10.1527,0.5225,9.6302,-0.0994,4660.0159,NA,11.3791,11.3791
ZoomTracks.exe,23252,0x195FDAD7F80,DXGI,0,512,1,Hardware: Independent Flip,4670.9661,NA,9.86200000000000,10.04400000000000,9.04000000000000,9.17750000000000,9.3242,4670.0282,9.9779,0.9379,9.0400,0.2068,9.9086,0.4321,9.4765,-0.0317,4670.0282,NA,NA,NA
ZoomTracks.exe,23252,0x195FDAD7F80,DXGI,0,512,1,Hardware: Independent Flip,4680.9253,NA,9.95920000000000,9.93690000000000,9.09380000000000,9.29500000000000,9.3019,4680.0061,10.0130,0.9192,9.0938,0.1375,10.0767,0.5635,9.5132,0.0410,4680.0061,NA,NA,NA
ZoomTracks.exe,23252,0x195FDAD7F80,DXGI,0,512,1,Hardware: Independent Flip,4690.9449,NA,10.01960000000000,10.01590000000000,9.07190000000000,9.21320000000000,9.2982,4690.0191,9.9977,0.9258,9.0719,0.2012,9.9378,0.4434,9.4944,-0.0029,4690.0191,NA,NA,NA
ZoomTracks.exe,23252,0x195FDAD7F80,DXGI,0,512,1,Hardware: Independent Flip,4700.9531,NA,10.00820000000000,9.88760000000000,9.05270000000000,9.17110000000000,9.1776,4700.0168,9.9890,0.9363,9.0527,0.1413,9.9661,0.4072,9.5589,0.1101,4700.0168,NA,NA,NA
ZoomTracks.exe,23252,0x195FDAD7F80,DXGI,0,512,1,Hardware: Independent Flip,4710.8319,NA,9.87880000000000,10.07490000000000,9.18900000000000,9.36670000000000,9.3737,4710.0058,10.0151,0.8261,9.1890,0.1184,10.0744,0.4806,9.5938,-0.0859,4710.0058,NA,NA,NA
ZoomTracks.exe,23252,0x195FDAD7F80,DXGI,0,512,1,Hardware: Independent Flip,4720.9237,NA,10.09180000000000,10.00360000000000,9.09730000000000,9.27800000000000,9.2855,4720.0209,10.0001,0.9028,9.0973,0.1777,10.0031,0.4862,9.5169,0.0115,4720.0209,NA,NA,NA
ZoomTracks.exe,23252,0x195FDAD7F80,DXGI,0,512,1,Hardware: Independent Flip,4730.9194,NA,9.99570000000000,10.01830000000000,9.11280000000000,9.30070000000000,9.3081,4730.0210,10.0112,0.8984,9.1128,0.1807,10.0184,0.5586,9.4598,-0.0182,4730.0210,NA,NA,NA
ZoomTracks.exe,23252,0x195FDAD7F80,DXGI,0,512,1,Hardware: Independent Flip,4741.0332,NA,10.11380000000000,10.02480000000000,8.98600000000000,9.12710000000000,9.2191,4740.0322,9.9870,1.0010,8.9860,0.1879,9.9402,0.4595,9.4807,-0.0136,4740.0322,NA,NA,NA
ZoomTracks.exe,23252,0x195FDAD7F80,DXGI,0,512,1,Hardware: Independent Flip,4750.8868,NA,9.85360000000000,9.96890000000000,9.13670000000000,9.32790000000000,9.3344,4750.0192,10.0043,0.8676,9.1367,0.1411,10.0544,0.5053,9.5491,0.0181,4750.0192,NA,NA,NA
ZoomTracks.exe,23252,0x195FDAD7F80,DXGI,0,512,1,Hardware: Independent Flip,4760.9407,NA,10.05390000000000,10.02290000000000,9.07080000000000,9.21210000000000,9.3034,4760.0235,9.9880,0.9172,9.0708,0.1912,9.9381,0.4509,9.4872,-0.0186,4760.0235,NA,NA,NA
ZoomTracks.exe,23252,0x195FDAD7F80,DXGI,0,512,1,Hardware: Independent Flip,4771.0044,NA,10.06370000000000,9.91010000000000,9.01860000000000,9.14170000000000,9.1498,4770.0115,10.0115,0.9929,9.0186,0.1413,9.9933,0.4734,9.5199,0.0779,4770.0115,NA,NA,NA
ZoomTracks.exe,23252,0x195FDAD7F80,DXGI,0,512,1,Hardware: Independent Flip,4781.1881,NA,10.18370000000000,10.06780000000000,8.82390000000000,8.96510000000000,9.0339,4780.0230,9.9890,1.1651,8.8239,0.1231,10.0071,0.5560,9.4511,-0.0563,4780.0230,NA,16.3521,16.3521
ZoomTracks.exe,23252,0x195FDAD7F80,DXGI,0,512,1,Hardware: Independent Flip,4790.8948,NA,9.70670000000000,10.02690000000000,9.12730000000000,9.25400000000000,9.3541,4790.0120,10.0101,0.8828,9.1273,0.1412,9.9956,0.4521,9.5435,-0.0379,4790.0120,NA,NA,NA
ZoomTracks.exe,23252,0x195FDAD7F80,DXGI,0,512,1,Hardware: Independent Flip,4800.9682,NA,10.07340000000000,9.91690000000000,9.04280000000000,9.18740000000000,9.1976,4800.0221,9.9889,0.9461,9.0428,0.1267,10.0068,0.4398,9.5670,0.0932,4800.0221,NA,NA,NA
ZoomTracks.exe,23252,0x195FDAD7F80,DXGI,0,512,1,Hardware: Independent Flip,4810.8437,NA,9.87550000000000,10.02250000000000,9.16550000000000,9.33820000000000,9.3446,4810.0110,9.9982,0.8327,9.1655,0.1446,10.0263,0.5781,9.4482,-0.0336,4810.0110,NA,NA,NA
ZoomTracks.exe,23252,0x195FDAD7F80,DXGI,0,512,1,Hardware: Independent Flip,4820.9390,NA,10.09530000000000,10.01050000000000,9.06500000000000,9.25230000000000,9.2598,4820.0092,9.9948,0.9298,9.0650,0.1727,10.0094,0.4945,9.5149,-0.0123,4820.0092,NA,NA,NA
ZoomTracks.exe,23252,0x195FDAD7F80,DXGI,0,512,1,Hardware: Independent Flip,4830.8473,NA,9.90830000000000,10.02510000000000,9.17850000000000,9.36240000000000,9.3766,4830.0040,10.0218,0.8433,9.1785,0.1873,10.0184,0.4937,9.5247,-0.0303,4830.0040,NA,NA,NA
ZoomTracks.exe,23252,0x195FDAD7F80,DXGI,0,512,1,Hardware: Independent Flip,4840.9657,NA,10.11840000000000,9.97900000000000,9.03260000000000,9.22990000000000,9.2372,4840.0258,9.9725,0.9399,9.0326,0.1839,9.9859,0.4995,9.4864,0.0428,4840.0258,NA,NA,NA
ZoomTracks.exe,23252,0x195FDAD7F80,DXGI,0,512,1,Hardware: Independent Flip,4851.2468,NA,10.28110000000000,10.02260000000000,8.78290000000000,8.97120000000000,8.9787,4849.9983,10.0314,1.2485,8.7829,0.1973,10.0224,0.5116,9.5108,-0.0501,4849.9983,NA,14.3744,14.3744
ZoomTracks.exe,23252,0x195FDAD7F80,DXGI,0,512,1,Hardware: Independent Flip,4860.9867,NA,9.73990000000000,10.03240000000000,9.03060000000000,9.17560000000000,9.2712,4860.0297,9.9876,0.9570,9.0306,0.1883,9.9443,0.5023,9.4420,-0.0010,4860.0297,NA,NA,NA
ZoomTracks.exe,23252,0x195FDAD7F80,DXGI,0,512,1,Hardware: Independent Flip,4871.0042,NA,10.01750000000000,9.99920000000000,9.02210000000000,9.24610000000000,9.2529,4870.0173,10.0090,0.9869,9.0221,0.1450,10.0880,0.5904,9.4976,-0.0116,4870.0173,NA,NA,NA
ZoomTracks.exe,23252,0x195FDAD7F80,DXGI,0,512,1,Hardware: Independent Flip,4881.1099,NA,10.10570000000000,9.99230000000000,8.92180000000000,9.05570000000000,9.1395,4880.0263,10.0054,1.0836,8.9218,0.2240,9.9153,0.4660,9.4493,0.0167,4880.0263,NA,NA,NA
ZoomTracks.exe,23252,0x195FDAD7F80,DXGI,0,512,1,Hardware: Independent Flip,4891.1451,NA,10.03520000000000,9.95180000000000,8.87940000000000,9.04870000000000,9.0561,4890.0317,9.9928,1.1134,8.8794,0.1339,10.0282,0.4943,9.5339,0.0536,4890.0317,NA,10.8279,10.8279
ZoomTracks.exe,23252,0x195FDAD7F80,DXGI,0,512,1,Hardware: Independent Flip,4901.0205,NA,9.87540000000000,10.03530000000000,8.99500000000000,9.12390000000000,9.2160,4900.0245,9.9910,0.9960,8.9950,0.1693,9.9506,0.4271,9.5235,-0.0425,4900.0245,NA,NA,NA
ZoomTracks.exe,23252,0x195FDAD7F80,DXGI,0,512,1,Hardware: Independent Flip,4910.8961,NA,9.87560000000000,9.99070000000000,9.12230000000000,9.32470000000000,9.3311,4910.0155,10.0029,0.8806,9.1223,0.1289,10.0764,0.4996,9.5768,0.0003,4910.0155,NA,NA,NA
ZoomTracks.exe,23252,0x195FDAD7F80,DXGI,0,512,1,Hardware: Independent Flip,4920.8653,NA,9.96920000000000,9.98510000000000,9.18310000000000,9.33940000000000,9.3470,4920.0184,10.0300,0.8469,9.1831,0.2024,9.9839,0.4937,9.4902,0.0178,4920.0184,NA,NA,NA
ZoomTracks.exe,23252,0x195FDAD7F80,DXGI,0,512,1,Hardware: Independent Flip,4931.1496,NA,10.28430000000000,9.97290000000000,8.88220000000000,9.01920000000000,9.0356,4930.0484,9.9834,1.1012,8.8822,0.1563,9.9641,0.5187,9.4454,0.0571,4930.0484,NA,10.3030,10.3030
ZoomTracks.exe,23252,0x195FDAD7F80,DXGI,0,512,1,Hardware: Independent Flip,4940.8911,NA,9.74150000000000,10.02840000000000,9.12880000000000,9.31610000000000,9.3225,4940.0318,9.9881,0.8593,9.1288,0.1370,10.0384,0.5697,9.4687,-0.0450,4940.0318,NA,NA,NA
ZoomTracks.exe,23252,0x195FDAD7F80,DXGI,0,512,1,Hardware: Independent Flip,4951.0236,NA,10.13250000000000,9.95080000000000,8.98360000000000,9.12550000000000,9.1408,4950.0199,9.9873,1.0037,8.9836,0.1873,9.9419,0.5044,9.4375,0.0373,4950.0199,NA,13.2958,13.2958
ZoomTracks.exe,23252,0x195FDAD7F80,DXGI,0,512,1,Hardware: Independent Flip,4960.8974,NA,9.87380000000000,10.07740000000000,9.11950000000000,9.33600000000000,9.3444,4960.0072,10.0097,0.8902,9.1195,0.1419,10.0843,0.5241,9.5602,-0.0901,4960.0072,NA,NA,NA
ZoomTracks.exe,23252,0x195FDAD7F80,DXGI,0,512,1,Hardware: Independent Flip,4971.0887,NA,10.19130000000000,10.06050000000000,8.92950000000000,9.06220000000000,9.2136,4970.0169,10.0013,1.0718,8.9295,0.2165,9.9175,0.5790,9.3385,-0.0508,4970.0169,NA,NA,NA
ZoomTracks.exe,23252,0x195FDAD7F80,DXGI,0,512,1,Hardware: Independent Flip,4980.9418,NA,9.85310000000000,9.92500000000000,9.09230000000000,9.27890000000000,9.2855,4980.0182,10.0159,0.9236,9.0923,0.1327,10.0698,0.5027,9.5671,0.0763,4980.0182,NA,NA,NA
ZoomTracks.exe,23252,0x195FDAD7F80,DXGI,0,512,1,Hardware: Independent Flip,4990.9361,NA,9.99430000000000,10.00320000000000,9.09710000000000,9.21360000000000,9.2944,4990.0341,9.9991,0.9020,9.0971,0.1866,9.9290,0.4947,9.4343,0.0127,4990.0341,NA,NA,NA
ZoomTracks.exe,23252,0x195FDAD7F80,DXGI,0,512,1,Hardware: Independent Flip,5000.9320,NA,9.99590000000000,9.92940000000000,9.09070000000000,9.22070000000000,9.2279,5000.0332,9.9895,0.8988,9.0907,0.1165,10.0030,0.4836,9.5194,0.0697,5000.0332,NA,NA,NA
ZoomTracks.exe,23252,0x195FDAD7F80,DXGI,0,512,1,Hardware: Independent Flip,5010.8101,NA,9.87810000000000,10.04460000000000,9.21620000000000,9.38750000000000,9.3944,5010.0227,10.0036,0.7874,9.2162,0.1300,10.0449,0.4876,9.5573,-0.0551,5010.0227,NA,NA,NA
ZoomTracks.exe,23252,0x195FDAD7F80,DXGI,0,512,1,Hardware: Independent Flip,5020.8654,NA,10.05530000000000,9.99980000000000,9.14500000000000,9.33170000000000,9.3389,5020.0263,9.9841,0.8391,9.1450,0.1713,9.9995,0.4929,9.5066,0.0038,5020.0263,NA,NA,NA
ZoomTracks.exe,23252,0x195FDAD7F80,DXGI,0,512,1,Hardware: Independent Flip,5030.8921,NA,10.02670000000000,10.01360000000000,9.13090000000000,9.31900000000000,9.3258,5030.0104,10.0126,0.8817,9.1309,0.1867,10.0140,0.5035,9.5105,-0.0295,5030.0104,NA,NA,NA
ZoomTracks.exe,23252,0x195FDAD7F80,DXGI,0,512,1,Hardware: Independent Flip,5040.8555,NA,9.96340000000000,9.98580000000000,9.16120000000000,9.34120000000000,9.3482,5040.0230,9.9937,0.8325,9.1612,0.1881,9.9856,0.4915,9.4941,0.0268,5040.0230,NA,NA,NA
ZoomTracks.exe,23252,0x195FDAD7F80,DXGI,0,512,1,Hardware: Independent Flip,5051.0244,NA,10.16890000000000,10.03370000000000,9.00260000000000,9.20510000000000,9.2130,5050.0167,10.0103,1.0077,9.0026,0.1800,10.0328,0.5257,9.5071,-0.0400,5050.0167,NA,18.3803,18.3803
ZoomTracks.exe,23252,0x195FDAD7F80,DXGI,0,512,1,Hardware: Independent Flip,5061.2425,NA,10.21810000000000,9.98790000000000,8.77500000000000,8.89900000000000,8.9828,5060.0270,9.9905,1.2155,8.7750,0.2025,9.9120,0.4892,9.4228,0.0224,5060.0270,NA,15.3532,15.3532
ZoomTracks.exe,23252,0x195FDAD7F80,DXGI,0,512,1,Hardware: Independent Flip,5070.8784,NA,9.63590000000000,9.98400000000000,9.14310000000000,9.32400000000000,9.3309,5070.0175,10.0040,0.8609,9.1431,0.1240,10.0609,0.5040,9.5569,0.0065,5070.0175,NA,NA,NA
ZoomTracks.exe,23252,0x195FDAD7F80,DXGI,0,512,1,Hardware: Independent Flip,5080.9030,NA,10.02460000000000,10.04180000000000,9.12410000000000,9.26150000000000,9.3481,5080.0215,10.0056,0.8815,9.1241,0.1809,9.9621,0.4995,9.4626,-0.0378,5080.0215,NA,NA,NA
ZoomTracks.exe,23252,0x195FDAD7F80,DXGI,0,512,1,Hardware: Independent Flip,5090.9015,NA,9.99850000000000,9.95310000000000,9.11790000000000,9.29470000000000,9.3027,5090.0271,9.9923,0.8744,9.1179,0.1374,10.0317,0.4879,9.5438,0.0525,5090.0271,NA,NA,NA
ZoomTracks.exe,23252,0x195FDAD7F80,DXGI,0,512,1,Hardware: Independent Flip,5100.8855,NA,9.98400000000000,10.01870000000000,9.13780000000000,9.26580000000000,9.3374,5100.0194,10.0039,0.8661,9.1378,0.1768,9.9551,0.4904,9.4647,-0.0264,5100.0194,NA,NA,NA
ZoomTracks.exe,23252,0x195FDAD7F80,DXGI,0,512,1,Hardware: Independent Flip,5110.9783,NA,10.09280000000000,9.99470000000000,9.04480000000000,9.23270000000000,9.2393,5110.0233,9.9998,0.9550,9.0448,0.1280,10.0597,0.4977,9.5620,0.0092,5110.0233,NA,NA,NA
ZoomTracks.exe,23252,0x195FDAD7F80,DXGI,0,512,1,Hardware: Independent Flip,5121.5227,NA,10.54440000000000,10.00210000000000,8.48890000000000,8.68950000000000,8.6970,5120.0231,9.9885,1.4996,8.4889,0.1879,10.0012,0.5781,9.4231,-0.0023,5120.0231,NA,15.3470,15.3470
ZoomTracks.exe,23252,0x195FDAD7F80,DXGI,0,512,1,Hardware: Independent Flip,5130.8825,NA,9.35980000000000,10.11520000000000,9.15850000000000,9.44510000000000,9.4524,5130.0116,10.0294,0.8709,9.1585,0.2006,10.1154,0.6812,9.4342,-0.1267,5130.0116,NA,NA,NA
ZoomTracks.exe,23252,0x195FDAD7F80,DXGI,0,512,1,Hardware: Independent Flip,5141.1484,NA,10.26590000000000,9.85700000000000,8.85950000000000,9.03700000000000,9.0435,5140.0410,9.9669,1.1074,8.8595,0.2866,9.8578,0.4686,9.3892,0.1724,5140.0410,NA,NA,NA
ZoomTracks.exe,23252,0x195FDAD7F80,DXGI,0,512,1,Hardware: Independent Flip,5150.8867,NA,9.73830000000000,9.96820000000000,9.13230000000000,9.26610000000000,9.2734,5150.0079,10.0111,0.8788,9.1323,0.1775,9.9674,0.4408,9.5266,-0.0013,5150.0079,NA,NA,NA
ZoomTracks.exe,23252,0x195FDAD7F80,DXGI,0,512,1,Hardware: Independent Flip,5160.8972,NA,10.01050000000000,10.15410000000000,9.13310000000000,9.25010000000000,9.4170,5160.0190,10.0113,0.8782,9.1331,0.1338,9.9945,0.4759,9.5186,-0.1430,5160.0190,NA,NA,NA
ZoomTracks.exe,23252,0x195FDAD7F80,DXGI,0,512,1,Hardware: Independent Flip,5171.0118,NA,10.11460000000000,9.91710000000000,9.01780000000000,9.20980000000000,9.2195,5170.0303,9.9993,0.9815,9.0178,0.1170,10.0743,0.5137,9.5606,0.0942,5170.0303,NA,NA,NA
ZoomTracks.exe,23252,0x195FDAD7F80,DXGI,0,512,1,Hardware: Independent Flip,5181.0790,NA,10.06720000000000,9.99440000000000,8.93260000000000,9.07490000000000,9.1467,5180.0296,9.9820,1.0494,8.9326,0.1920,9.9323,0.5161,9.4162,0.0049,5180.0296,NA,NA,NA
ZoomTracks.exe,23252,0x195FDAD7F80,DXGI,0,512,1,Hardware: Independent Flip,5190.9041,NA,9.82510000000000,9.97740000000000,9.11730000000000,9.29190000000000,9.2990,5190.0116,10.0098,0.8925,9.1173,0.1423,10.0421,0.5381,9.5040,0.0046,5190.0116,NA,NA,NA
ZoomTracks.exe,23252,0x195FDAD7F80,DXGI,0,512,1,Hardware: Independent Flip,5200.9770,NA,10.07290000000000,10.01720000000000,9.04830000000000,9.23600000000000,9.2433,5200.0214,10.0039,0.9556,9.0483,0.1746,10.0170,0.5105,9.5065,-0.0074,5200.0214,NA,12.3390,12.3390
ZoomTracks.exe,23252,0x195FDAD7F80,DXGI,0,512,1,Hardware: Independent Flip,5210.8634,NA,9.88640000000000,10.00070000000000,9.16280000000000,9.28720000000000,9.3576,5210.0253,10.0009,0.8381,9.1628,0.1877,9.9376,0.4417,9.4959,0.0032,5210.0253,NA,NA,NA
ZoomTracks.exe,23252,0x195FDAD7F80,DXGI,0,512,1,Hardware: Independent Flip,5220.8975,NA,10.03410000000000,10.00830000000000,9.13080000000000,9.32390000000000,9.3318,5220.0262,10.0021,0.8713,9.1308,0.1244,10.0708,0.5149,9.5559,-0.0074,5220.0262,NA,NA,NA
ZoomTracks.exe,23252,0x195FDAD7F80,DXGI,0,512,1,Hardware: Independent Flip,5231.0008,NA,10.10330000000000,10.02420000000000,9.01130000000000,9.16450000000000,9.2527,5230.0283,9.9838,0.9725,9.0113,0.1931,9.9439,0.4557,9.4882,-0.0221,5230.0283,NA,NA,NA
ZoomTracks.exe,23252,0x195FDAD7F80,DXGI,0,512,1,Hardware: Independent Flip,5241.0443,NA,10.04350000000000,9.94930000000000,8.97110000000000,9.15200000000000,9.1585,5240.0121,10.0033,1.0322,8.9711,0.1532,10.0310,0.4945,9.5365,0.0345,5240.0121,NA,18.3349,18.3349
ZoomTracks.exe,23252,0x195FDAD7F80,DXGI,0,512,1,Hardware: Independent Flip,5250.8645,NA,9.82020000000000,10.02940000000000,9.17510000000000,9.35920000000000,9.3677,5250.0154,10.0242,0.8491,9.1751,0.1809,10.0274,0.5166,9.5108,-0.0261,5250.0154,NA,NA,NA
ZoomTracks.exe,23252,0x195FDAD7F80,DXGI,0,512,1,Hardware: Independent Flip,5261.0227,NA,10.15820000000000,9.97720000000000,9.00950000000000,9.18030000000000,9.1867,5260.0396,9.9926,0.9831,9.0095,0.1841,9.9793,0.4879,9.4914,0.0470,5260.0396,NA,NA,NA
ZoomTracks.exe,23252,0x195FDAD7F80,DXGI,0,512,1,Hardware: Independent Flip,5271.0146,NA,9.99190000000000,9.99850000000000,8.99390000000000,9.18630000000000,9.1933,5270.0322,9.9763,0.9824,8.9939,0.1708,9.9979,0.4859,9.5120,-0.0059,5270.0322,NA,NA,NA
ZoomTracks.exe,23252,0x195FDAD7F80,DXGI,0,512,1,Hardware: Independent Flip,5280.8817,NA,9.86710000000000,10.05620000000000,9.15770000000000,9.37140000000000,9.3824,5280.0085,10.0309,0.8732,9.1577,0.1924,10.0522,0.5260,9.5262,-0.0799,5280.0085,NA,NA,NA
ZoomTracks.exe,23252,0x195FDAD7F80,DXGI,0,512,1,Hardware: Independent Flip,5291.5777,NA,10.69600000000000,9.92930000000000,8.44020000000000,8.60850000000000,8.6157,5290.0394,9.9785,1.5383,8.4402,0.2137,9.9331,0.5670,9.3661,0.1016,5290.0394,NA,17.3133,17.3133
ZoomTracks.exe,23252,0x195FDAD7F80,DXGI,0,512,1,Hardware: Independent Flip,5301.1269,NA,9.54920000000000,10.03760000000000,8.90490000000000,9.09560000000000,9.1041,5300.0179,10.0139,1.1090,8.9049,0.1683,10.0363,0.5028,9.5335,-0.0591,5300.0179,NA,18.3682,18.3682
ZoomTracks.exe,23252,0x195FDAD7F80,DXGI,0,512,1,Hardware: Independent Flip,5310.9632,NA,9.83630000000000,10.01720000000000,9.05120000000000,9.18920000000000,9.2850,5310.0318,9.9826,0.9314,9.0512,0.1907,9.9299,0.4964,9.4335,-0.0033,5310.0318,NA,NA,NA
ZoomTracks.exe,23252,0x195FDAD7F80,DXGI,0,512,1,Hardware: Independent Flip,5320.9520,NA,9.98880000000000,9.97750000000000,9.07090000000000,9.26680000000000,9.2737,5320.0144,10.0085,0.9376,9.0709,0.1380,10.0664,0.4994,9.5670,0.0051,5320.0144,NA,NA,NA
ZoomTracks.exe,23252,0x195FDAD7F80,DXGI,0,512,1,Hardware: Independent Flip,5330.9341,NA,9.98210000000000,10.01450000000000,9.08810000000000,9.21960000000000,9.3061,5330.0229,9.9993,0.9112,9.0881,0.1959,9.9349,0.4515,9.4834,-0.0060,5330.0229,NA,NA,NA
ZoomTracks.exe,23252,0x195FDAD7F80,DXGI,0,512,1,Hardware: Independent Flip,5340.8610,NA,9.92690000000000,9.97870000000000,9.18290000000000,9.35030000000000,9.3579,5340.0222,10.0217,0.8388,9.1829,0.1315,10.0576,0.5045,9.5531,0.0206,5340.0222,NA,NA,NA
ZoomTracks.exe,23252,0x195FDAD7F80,DXGI,0,512,1,Hardware: Independent Flip,5351.1280,NA,10.26700000000000,10.00680000000000,8.89870000000000,9.03580000000000,9.0977,5350.0439,9.9828,1.0841,8.8987,0.1674,9.9525,0.5220,9.4305,0.0149,5350.0439,NA,NA,NA
ZoomTracks.exe,23252,0x195FDAD7F80,DXGI,0,512,1,Hardware: Independent Flip,5361.0031,NA,9.87510000000000,9.97210000000000,9.03040000000000,9.18820000000000,9.1947,5360.0267,10.0068,0.9764,9.0304,0.1371,10.0275,0.5392,9.4883,0.0107,5360.0267,NA,NA,NA
ZoomTracks.exe,23252,0x195FDAD7F80,DXGI,0,512,1,Hardware: Independent Flip,5370.8661,NA,9.86300000000000,10.00820000000000,9.15110000000000,9.33330000000000,9.3399,5370.0335,9.9837,0.8326,9.1511,0.1578,10.0081,0.4935,9.5146,-0.0014,5370.0335,NA,NA,NA
ZoomTracks.exe,23252,0x195FDAD7F80,DXGI,0,512,1,Hardware: Independent Flip,5380.9038,NA,10.03770000000000,9.97130000000000,9.10570000000000,9.26740000000000,9.2735,5380.0172,9.9923,0.8866,9.1057,0.1822,9.9718,0.5240,9.4478,0.0124,5380.0172,NA,NA,NA
ZoomTracks.exe,23252,0x195FDAD7F80,DXGI,0,512,1,Hardware: Independent Flip,5391.2235,NA,10.31970000000000,10.01240000000000,8.81050000000000,8.94860000000000,8.9662,5390.0095,10.0245,1.2140,8.8105,0.1617,10.0009,0.4842,9.5167,-0.0201,5390.0095,NA,17.3110,17.3110
ZoomTracks.exe,23252,0x195FDAD7F80,DXGI,0,512,1,Hardware: Independent Flip,5401.0122,NA,9.78870000000000,9.97180000000000,9.00360000000000,9.08010000000000,9.1493,5400.0340,9.9818,0.9782,9.0036,0.1381,9.9202,0.5172,9.4030,0.0527,5400.0340,NA,NA,NA
ZoomTracks.exe,23252,0x195FDAD7F80,DXGI,0,512,1,Hardware: Independent Flip,5410.9446,NA,9.93240000000000,10.06310000000000,9.09030000000000,9.27270000000000,9.2800,5410.0158,10.0191,0.9288,9.0903,0.0765,10.1250,0.5113,9.6137,-0.0813,5410.0158,NA,18.3594,18.3594
ZoomTracks.exe,23252,0x195FDAD7F80,DXGI,0,512,1,Hardware: Independent Flip,5420.9180,NA,9.97340000000000,10.02320000000000,9.11000000000000,9.32200000000000,9.3298,5420.0349,9.9931,0.8831,9.1100,0.1824,10.0227,0.5329,9.4898,-0.0041,5420.0349,NA,NA,NA
ZoomTracks.exe,23252,0x195FDAD7F80,DXGI,0,512,1,Hardware: Independent Flip,5430.9850,NA,10.06700000000000,9.98610000000000,9.06610000000000,9.24150000000000,9.2489,5430.0280,10.0231,0.9570,9.0661,0.2120,9.9865,0.6445,9.3420,0.0070,5430.0280,NA,NA,NA
ZoomTracks.exe,23252,0x195FDAD7F80,DXGI,0,512,1,Hardware: Independent Flip,5441.2240,NA,10.23900000000000,9.99590000000000,8.78760000000000,8.91630000000000,9.0058,5440.0511,9.9605,1.1729,8.7876,0.1754,9.9138,0.4353,9.4785,0.0272,5440.0511,NA,10.3573,10.3573
ZoomTracks.exe,23252,0x195FDAD7F80,DXGI,0,512,1,Hardware: Independent Flip,5450.9002,NA,9.67620000000000,9.90710000000000,9.11440000000000,9.22950000000000,9.2367,5450.0116,10.0030,0.8886,9.1144,0.1287,9.9894,0.4165,9.5729,0.0534,5450.0116,NA,NA,NA
ZoomTracks.exe,23252,0x195FDAD7F80,DXGI,0,512,1,Hardware: Independent Flip,5461.2163,NA,10.31610000000000,10.11530000000000,8.81480000000000,8.95070000000000,9.0359,5460.0146,10.0165,1.2017,8.8148,0.1151,10.0373,0.4726,9.5647,-0.1123,5460.0146,NA,11.3881,11.3881
ZoomTracks.exe,23252,0x195FDAD7F80,DXGI,0,512,1,Hardware: Independent Flip,5470.9504,NA,9.73410000000000,10.00370000000000,9.08780000000000,9.21070000000000,9.3055,5470.0311,10.0071,0.9193,9.0878,0.1359,9.9941,0.5120,9.4821,0.0128,5470.0311,NA,NA,NA
ZoomTracks.exe,23252,0x195FDAD7F80,DXGI,0,512,1,Hardware: Independent Flip,5481.0262,NA,10.07580000000000,9.95210000000000,8.99420000000000,9.17510000000000,9.1818,5480.0382,9.9822,0.9880,8.9942,0.1229,10.0402,0.5361,9.5041,0.0550,5480.0382,NA,NA,NA
ZoomTracks.exe,23252,0x195FDAD7F80,DXGI,0,512,1,Hardware: Independent Flip,5490.8968,NA,9.87060000000000,10.01790000000000,9.12960000000000,9.26180000000000,9.3291,5490.0204,10.0060,0.8764,9.1296,0.1809,9.9573,0.4427,9.5146,-0.0357,5490.0204,NA,NA,NA
ZoomTracks.exe,23252,0x195FDAD7F80,DXGI,0,512,1,Hardware: Independent Flip,5500.9966,NA,10.09980000000000,10.07200000000000,9.02240000000000,9.29390000000000,9.3013,5500.0264,9.9926,0.9702,9.0224,0.1322,10.1319,0.6489,9.4830,-0.0660,5500.0264,NA,NA,NA
ZoomTracks.exe,23252,0x195FDAD7F80,DXGI,0,512,1,Hardware: Independent Flip,5510.9772,NA,9.98060000000000,9.93380000000000,9.04210000000000,9.16400000000000,9.2545,5510.0190,10.0003,0.9582,9.0421,0.2715,9.8507,0.4157,9.4350,0.0588,5510.0190,NA,NA,NA
ZoomTracks.exe,23252,0x195FDAD7F80,DXGI,0,512,1,Hardware: Independent Flip,5520.8750,NA,9.89780000000000,9.98990000000000,9.14740000000000,9.34090000000000,9.3466,5520.0193,10.0031,0.8557,9.1474,0.1219,10.0747,0.4971,9.5776,0.0104,5520.0193,NA,NA,NA
ZoomTracks.exe,23252,0x195FDAD7F80,DXGI,0,512,1,Hardware: Independent Flip,5530.9492,NA,10.07420000000000,9.98730000000000,9.07100000000000,9.14140000000000,9.2597,5530.0224,9.9978,0.9268,9.0710,0.1935,9.8747,0.3848,9.4899,0.0158,5530.0224,NA,NA,NA
ZoomTracks.exe,23252,0x195FDAD7F80,DXGI,0,512,1,Hardware: Independent Flip,5540.8788,NA,9.92960000000000,10.01540000000000,9.14480000000000,9.33870000000000,9.3455,5540.0202,10.0034,0.8586,9.1448,0.0704,10.1269,0.4938,9.6331,-0.0176,5540.0202,NA,NA,NA
ZoomTracks.exe,23252,0x195FDAD7F80,DXGI,0,512,1,Hardware: Independent Flip,5550.8969,NA,10.01810000000000,10.06620000000000,9.11900000000000,9.25530000000000,9.3936,5550.0236,9.9923,0.8733,9.1190,0.1939,9.9347,0.4967,9.4380,-0.0628,5550.0236,NA,NA,NA
ZoomTracks.exe,23252,0x195FDAD7F80,DXGI,0,512,1,Hardware: Independent Flip,5560.9951,NA,10.09820000000000,9.93660000000000,9.04300000000000,9.22410000000000,9.2320,5560.0159,10.0222,0.9792,9.0430,0.1363,10.0670,0.5145,9.5525,0.0557,5560.0159,NA,NA,NA
ZoomTracks.exe,23252,0x195FDAD7F80,DXGI,0,512,1,Hardware: Independent Flip,5571.0825,NA,10.08740000000000,10.01010000000000,8.94000000000000,9.08300000000000,9.1547,5570.0381,9.9844,1.0444,8.9400,0.1811,9.9463,0.5161,9.4302,0.0121,5570.0381,NA,10.3670,10.3670
ZoomTracks.exe,23252,0x195FDAD7F80,DXGI,0,512,1,Hardware: Independent Flip,5580.9603,NA,9.87780000000000,9.97620000000000,9.04460000000000,9.24700000000000,9.2531,5580.0225,9.9824,0.9378,9.0446,0.1430,10.0418,0.4987,9.5431,0.0082,5580.0225,NA,NA,NA
ZoomTracks.exe,23252,0x195FDAD7F80,DXGI,0,512,1,Hardware: Independent Flip,5590.8804,NA,9.92010000000000,10.00230000000000,9.13830000000000,9.32870000000000,9.3353,5590.0049,10.0138,0.8755,9.1383,0.2024,10.0018,0.5162,9.4856,-0.0199,5590.0049,NA,NA,NA
ZoomTracks.exe,23252,0x195FDAD7F80,DXGI,0,512,1,Hardware: Independent Flip,5600.8564,NA,9.97600000000000,9.92340000000000,9.16790000000000,9.27680000000000,9.2827,5600.0187,10.0056,0.8377,9.1679,0.1904,9.9241,0.4306,9.4935,0.0904,5600.0187,NA,NA,NA
ZoomTracks.exe,23252,0x195FDAD7F80,DXGI,0,512,1,Hardware: Independent Flip,5610.8485,NA,9.99210000000000,10.07450000000000,9.17880000000000,9.35740000000000,9.3651,5610.0243,10.0030,0.8242,9.1788,0.1089,10.0727,0.5400,9.5327,-0.0689,5610.0243,NA,NA,NA
ZoomTracks.exe,23252,0x195FDAD7F80,DXGI,0,512,1,Hardware: Independent Flip,5620.9122,NA,10.06370000000000,10.03970000000000,9.11540000000000,9.33360000000000,9.3411,5620.0273,10.0003,0.8849,9.1154,0.1786,10.0399,0.5231,9.5168,-0.0367,5620.0273,NA,NA,NA
ZoomTracks.exe,23252,0x195FDAD7F80,DXGI,0,512,1,Hardware: Independent Flip,5631.0194,NA,10.10720000000000,9.96090000000000,8.98620000000000,9.18770000000000,9.1948,5630.0276,9.9780,0.9918,8.9862,0.2182,9.9613,0.5614,9.3999,0.0394,5630.0276,NA,NA,NA
ZoomTracks.exe,23252,0x195FDAD7F80,DXGI,0,512,1,Hardware: Independent Flip,5641.1371,NA,10.11770000000000,10.01670000000000,8.89100000000000,9.01860000000000,9.0938,5640.0056,10.0225,1.1315,8.8910,0.2015,9.9486,0.4438,9.5048,-0.0387,5640.0056,NA,11.3574,11.3574
ZoomTracks.exe,23252,0x195FDAD7F80,DXGI,0,512,1,Hardware: Independent Flip,5651.0711,NA,9.93400000000000,9.98760000000000,8.94960000000000,9.14000000000000,9.1474,5650.0281,9.9926,1.0430,8.9496,0.1276,10.0554,0.5000,9.5554,0.0349,5650.0281,NA,NA,NA
ZoomTracks.exe,23252,0x195FDAD7F80,DXGI,0,512,1,Hardware: Independent Flip,5661.2549,NA,10.18380000000000,9.97970000000000,8.77230000000000,8.93580000000000,8.9433,5660.0207,10.0065,1.2342,8.7723,0.1904,9.9796,0.5417,9.4379,0.0129,5660.0207,NA,18.3289,18.3289
ZoomTracks.exe,23252,0x195FDAD7F80,DXGI,0,512,1,Hardware: Independent Flip,5670.8410,NA,9.58610000000000,10.11040000000000,9.21520000000000,9.45600000000000,9.4676,5670.0272,10.0290,0.8138,9.2152,0.1635,10.1063,0.5716,9.5347,-0.1039,5670.0272,NA,NA,NA
ZoomTracks.exe,23252,0x195FDAD7F80,DXGI,0,512,1,Hardware: Independent Flip,5681.2470,NA,10.40600000000000,9.93530000000000,8.80330000000000,8.98980000000000,8.9969,5680.0562,9.9941,1.1908,8.8033,0.2408,9.9398,0.6744,9.2654,0.0937,5680.0562,NA,NA,NA
ZoomTracks.exe,23252,0x195FDAD7F80,DXGI,0,512,1,Hardware: Independent Flip,5691.1182,NA,9.87120000000000,9.96760000000000,8.90270000000000,9.08640000000000,9.0933,5690.0503,9.9706,1.0679,8.9027,0.1865,9.9678,0.4958,9.4720,0.0265,5690.0503,NA,NA,NA
ZoomTracks.exe,23252,0x195FDAD7F80,DXGI,0,512,1,Hardware: Independent Flip,5700.8976,NA,9.77940000000000,9.99840000000000,9.13380000000000,9.18910000000000,9.3123,5700.0209,10.0105,0.8767,9.1338,0.1837,9.8821,0.3686,9.5135,-0.0278,5700.0209,NA,NA,NA
ZoomTracks.exe,23252,0x195FDAD7F80,DXGI,0,512,1,Hardware: Independent Flip,5710.8764,NA,9.97880000000000,9.98950000000000,9.13990000000000,9.31520000000000,9.3230,5710.0314,9.9849,0.8450,9.1399,0.0553,10.1049,0.5534,9.5515,0.0210,5710.0314,NA,NA,NA
ZoomTracks.exe,23252,0x195FDAD7F80,DXGI,0,512,1,Hardware: Independent Flip,5720.8180,NA,9.94160000000000,10.04640000000000,9.20390000000000,9.32560000000000,9.4278,5720.0163,10.0056,0.8017,9.2039,0.1753,9.9520,0.4906,9.4614,-0.0615,5720.0163,NA,NA,NA
ZoomTracks.exe,23252,0x195FDAD7F80,DXGI,0,512,1,Hardware: Independent Flip,5730.9221,NA,10.10410000000000,9.96780000000000,9.10810000000000,9.28530000000000,9.2915,5730.0219,10.0083,0.9002,9.1081,0.1217,10.0638,0.4928,9.5710,0.0378,5730.0219,NA,NA,NA
ZoomTracks.exe,23252,0x195FDAD7F80,DXGI,0,512,1,Hardware: Independent Flip,5740.9056,NA,9.98350000000000,10.00750000000000,9.11250000000000,9.24230000000000,9.3155,5740.0302,9.9879,0.8754,9.1125,0.1772,9.9405,0.4500,9.4905,0.0008,5740.0302,NA,NA,NA
ZoomTracks.exe,23252,0x195FDAD7F80,DXGI,0,512,1,Hardware: Independent Flip,5751.2222,NA,10.31660000000000,9.93810000000000,8.80120000000000,8.93040000000000,8.9370,5750.0181,10.0053,1.2041,8.8012,0.1298,10.0047,0.4596,9.5451,0.0498,5750.0181,NA,11.2845,11.2845
ZoomTracks.exe,23252,0x195FDAD7F80,DXGI,0,512,1,Hardware: Independent Flip,5760.9041,NA,9.68190000000000,10.05280000000000,9.12820000000000,9.30130000000000,9.3079,5760.0234,10.0089,0.8807,9.1282,0.1292,10.0528,0.5332,9.5196,-0.0475,5760.0234,NA,NA,NA
ZoomTracks.exe,23252,0x195FDAD7F80,DXGI,0,512,1,Hardware: Independent Flip,5771.0305,NA,10.12640000000000,10.06180000000000,9.00230000000000,9.15510000000000,9.2433,5770.0323,10.0005,0.9982,9.0023,0.1731,9.9802,0.4765,9.5037,-0.0529,5770.0323,NA,18.4101,18.4101
ZoomTracks.exe,23252,0x195FDAD7F80,DXGI,0,512,1,Hardware: Independent Flip,5780.9236,NA,9.89310000000000,10.01340000000000,9.09610000000000,9.35710000000000,9.3636,5780.0328,9.9869,0.8908,9.0961,0.1528,10.0951,0.5763,9.5188,-0.0129,5780.0328,NA,NA,NA
ZoomTracks.exe,23252,0x195FDAD7F80,DXGI,0,512,1,Hardware: Independent Flip,5790.9680,NA,10.04440000000000,9.97820000000000,9.05460000000000,9.23080000000000,9.2974,5790.0197,10.0029,0.9483,9.0546,0.2610,9.9181,0.4957,9.4224,0.0087,5790.0197,NA,NA,NA
ZoomTracks.exe,23252,0x195FDAD7F80,DXGI,0,512,1,Hardware: Independent Flip,5801.0667,NA,10.09870000000000,9.95940000000000,8.95520000000000,9.15060000000000,9.1581,5800.0226,9.9993,1.0441,8.9552,0.1762,10.0185,0.6325,9.3860,0.0435,5800.0226,NA,NA,NA
ZoomTracks.exe,23252,0x195FDAD7F80,DXGI,0,512,1,Hardware: Independent Flip,5811.2150,NA,10.14830000000000,9.97770000000000,8.79450000000000,8.97940000000000,8.9875,5810.0219,9.9876,1.1931,8.7945,0.1954,9.9771,0.4851,9.4920,0.0216,5810.0219,NA,17.3291,17.3291
ZoomTracks.exe,23252,0x195FDAD7F80,DXGI,0,512,1,Hardware: Independent Flip,5821.0074,NA,9.79240000000000,10.21760000000000,9.00510000000000,9.40540000000000,9.4127,5820.0095,10.0030,0.9979,9.0051,0.1849,10.2184,0.7609,9.4575,-0.2300,5820.0095,NA,NA,NA
ZoomTracks.exe,23252,0x195FDAD7F80,DXGI,0,512,1,Hardware: Independent Flip,5831.0920,NA,10.08460000000000,9.88710000000000,8.92420000000000,9.03320000000000,9.2152,5830.0125,10.0037,1.0795,8.9242,0.4003,9.7124,0.4092,9.3032,0.1159,5830.0125,NA,NA,NA
ZoomTracks.exe,23252,0x195FDAD7F80,DXGI,0,512,1,Hardware: Independent Flip,5841.2252,NA,10.13320000000000,9.89850000000000,8.79520000000000,8.97370000000000,8.9805,5840.0162,10.0042,1.2090,8.7952,0.1090,10.0737,0.4850,9.5887,0.1052,5840.0162,NA,11.3305,11.3305
ZoomTracks.exe,23252,0x195FDAD7F80,DXGI,0,512,1,Hardware: Independent Flip,5850.9178,NA,9.69260000000000,10.14420000000000,9.14240000000000,9.24660000000000,9.4321,5850.0204,10.0398,0.8974,9.1424,0.1785,9.9655,0.4137,9.5518,-0.1400,5850.0204,NA,NA,NA
ZoomTracks.exe,23252,0x195FDAD7F80,DXGI,0,512,1,Hardware: Independent Flip,5861.1139,NA,10.19610000000000,9.87520000000000,8.90130000000000,9.10390000000000,9.1112,5860.0602,9.9550,1.0537,8.9013,0.1042,10.0534,0.5754,9.4780,0.1646,5860.0602,NA,NA,NA
ZoomTracks.exe,23252,0x195FDAD7F80,DXGI,0,512,1,Hardware: Independent Flip,5870.9569,NA,9.84300000000000,9.98690000000000,9.05900000000000,9.24770000000000,9.2551,5870.0152,10.0007,0.9417,9.0590,0.2026,9.9868,0.5643,9.4225,-0.0319,5870.0152,NA,NA,NA
ZoomTracks.exe,23252,0x195FDAD7F80,DXGI,0,512,1,Hardware: Independent Flip,5880.9837,NA,10.02680000000000,10.03000000000000,9.03530000000000,9.24950000000000,9.2583,5880.0159,10.0031,0.9678,9.0353,0.1887,10.0286,0.5215,9.5071,-0.0293,5880.0159,NA,NA,NA
ZoomTracks.exe,23252,0x195FDAD7F80,DXGI,0,512,1,Hardware: Independent Flip,5891.0532,NA,10.06950000000000,10.05040000000000,8.95400000000000,9.16380000000000,9.2392,5890.0190,9.9882,1.0342,8.9540,0.2142,9.9838,0.5105,9.4733,-0.0473,5890.0190,NA,NA,NA
ZoomTracks.exe,23252,0x195FDAD7F80,DXGI,0,512,1,Hardware: Independent Flip,5900.9655,NA,9.91230000000000,9.88130000000000,9.08590000000000,9.14650000000000,9.2082,5900.0072,10.0442,0.9583,9.0859,0.2098,9.8950,0.3891,9.5059,0.1069,5900.0072,NA,NA,NA
ZoomTracks.exe,23252,0x195FDAD7F80,DXGI,0,512,1,Hardware: Independent Flip,5910.8613,NA,9.89580000000000,10.07890000000000,9.18010000000000,9.38320000000000,9.3913,5910.0514,9.9900,0.8099,9.1801,0.0606,10.1325,0.5732,9.5593,-0.0347,5910.0514,NA,NA,NA
ZoomTracks.exe,23252,0x195FDAD7F80,DXGI,0,512,1,Hardware: Independent Flip,5920.9280,NA,10.06670000000000,10.03040000000000,9.08880000000000,9.26270000000000,9.3550,5920.0414,9.9754,0.8866,9.0888,0.2031,9.9462,0.5275,9.4187,-0.0404,5920.0414,NA,NA,NA
ZoomTracks.exe,23252,0x195FDAD7F80,DXGI,0,512,1,Hardware: Independent Flip,5930.9514,NA,10.02340000000000,9.99860000000000,9.07140000000000,9.32080000000000,9.3302,5930.0168,10.0060,0.9346,9.0714,0.1739,10.0815,0.5809,9.5006,-0.0232,5930.0168,NA,NA,NA
ZoomTracks.exe,23252,0x195FDAD7F80,DXGI,0,512,1,Hardware: Independent Flip,5941.1707,NA,10.21930000000000,9.98560000000000,8.85140000000000,8.98030000000000,9.0965,5940.0228,9.9993,1.1479,8.8514,0.2494,9.8788,0.5224,9.3564,0.0204,5940.0228,NA,18.4019,18.4019
ZoomTracks.exe,23252,0x195FDAD7F80,DXGI,0,512,1,Hardware: Independent Flip,5950.9594,NA,9.78870000000000,9.94490000000000,9.05700000000000,9.24540000000000,9.2527,5950.0221,9.9943,0.9373,9.0570,0.1289,10.0538,0.5429,9.5109,0.0544,5950.0221,NA,NA,NA
ZoomTracks.exe,23252,0x195FDAD7F80,DXGI,0,512,1,Hardware: Independent Flip,5960.9483,NA,9.98890000000000,10.05030000000000,9.07670000000000,9.19930000000000,9.3141,5960.0164,10.0086,0.9319,9.0767,0.1884,9.9428,0.4424,9.5004,-0.0560,5960.0164,NA,NA,NA
ZoomTracks.exe,23252,0x195FDAD7F80,DXGI,0,512,1,Hardware: Independent Flip,5970.9785,NA,10.03020000000000,9.96520000000000,9.04480000000000,9.24230000000000,9.2491,5970.0250,9.9983,0.9535,9.0448,0.1226,10.0732,0.5754,9.4978,0.0434,5970.0250,NA,NA,NA
ZoomTracks.exe,23252,0x195FDAD7F80,DXGI,0,512,1,Hardware: Independent Flip,5981.0398,NA,10.06130000000000,10.06180000000000,8.97000000000000,9.18460000000000,9.2496,5980.0233,9.9865,1.0165,8.9700,0.1975,10.0036,0.5633,9.4403,-0.0635,5980.0233,NA,NA,NA
ZoomTracks.exe,23252,0x195FDAD7F80,DXGI,0,512,1,Hardware: Independent Flip,5990.9671,NA,9.92730000000000,9.93700000000000,9.05030000000000,9.18980000000000,9.2593,5990.0098,10.0076,0.9573,9.0503,0.2146,9.9325,0.4992,9.4333,0.0495,5990.0098,NA,NA,NA
ZoomTracks.exe,23252,0x195FDAD7F80,DXGI,0,512,1,Hardware: Independent Flip,6000.9125,NA,9.94540000000000,9.92840000000000,9.10680000000000,9.17510000000000,9.2423,6000.0174,10.0019,0.8951,9.1068,0.1395,9.9307,0.4446,9.4861,0.0792,6000.0174,NA,NA,NA
ZoomTracks.exe,23252,0x195FDAD7F80,DXGI,0,512,1,Hardware: Independent Flip,6011.0223,NA,10.10980000000000,10.07660000000000,8.99600000000000,9.20130000000000,9.2091,6010.0193,9.9990,1.0030,8.9960,0.0683,10.1360,0.5526,9.5834,-0.0747,6010.0193,NA,13.3332,13.3332
ZoomTracks.exe,23252,0x195FDAD7F80,DXGI,0,512,1,Hardware: Independent Flip,6021.2090,NA,10.18670000000000,9.97730000000000,8.79750000000000,8.99260000000000,8.9997,6020.0183,9.9882,1.1907,8.7975,0.2053,9.9780,0.4956,9.4824,0.0217,6020.0183,NA,19.3621,19.3621
ZoomTracks.exe,23252,0x195FDAD7F80,DXGI,0,512,1,Hardware: Independent Flip,6030.9216,NA,9.71260000000000,10.00440000000000,9.09480000000000,9.28550000000000,9.2915,6030.0065,10.0099,0.9151,9.0948,0.1951,10.0055,0.5051,9.5004,-0.0162,6030.0065,NA,NA,NA
ZoomTracks.exe,23252,0x195FDAD7F80,DXGI,0,512,1,Hardware: Independent Flip,6040.8720,NA,9.95040000000000,9.99810000000000,9.14710000000000,9.33210000000000,9.3392,6040.0164,10.0027,0.8556,9.1471,0.1907,9.9970,0.5012,9.4958,0.0118,6040.0164,NA,NA,NA
ZoomTracks.exe,23252,0x195FDAD7F80,DXGI,0,512,1,Hardware: Independent Flip,6050.9002,NA,10.02820000000000,9.93680000000000,9.12270000000000,9.24170000000000,9.2478,6050.0191,10.0038,0.8811,9.1227,0.1850,9.9378,0.5134,9.4244,0.0659,6050.0191,NA,NA,NA
ZoomTracks.exe,23252,0x195FDAD7F80,DXGI,0,512,1,Hardware: Independent Flip,6060.8769,NA,9.97670000000000,10.05490000000000,9.12840000000000,9.25790000000000,9.3260,6060.0229,9.9824,0.8540,9.1284,0.1190,9.9929,0.4151,9.5778,-0.0511,6060.0229,NA,NA,NA
ZoomTracks.exe,23252,0x195FDAD7F80,DXGI,0,512,1,Hardware: Independent Flip,6070.8362,NA,9.95930000000000,10.00070000000000,9.18270000000000,9.30040000000000,9.3674,6070.0053,10.0136,0.8309,9.1827,0.1295,10.0018,0.4780,9.5238,-0.0183,6070.0053,NA,NA,NA
ZoomTracks.exe,23252,0x195FDAD7F80,DXGI,0,512,1,Hardware: Independent Flip,6080.8546,NA,10.01840000000000,10.02180000000000,9.17030000000000,9.36310000000000,9.3708,6080.0189,10.0060,0.8357,9.1703,0.1177,10.0811,0.5084,9.5727,-0.0082,6080.0189,NA,NA,NA
ZoomTracks.exe,23252,0x195FDAD7F80,DXGI,0,512,1,Hardware: Independent Flip,6090.9545,NA,10.09990000000000,9.99250000000000,9.06170000000000,9.18670000000000,9.2634,6090.0249,9.9913,0.9296,9.0617,0.1928,9.9235,0.4349,9.4886,0.0135,6090.0249,NA,NA,NA
ZoomTracks.exe,23252,0x195FDAD7F80,DXGI,0,512,1,Hardware: Independent Flip,6101.0141,NA,10.05960000000000,9.99480000000000,8.99440000000000,9.19170000000000,9.1986,6100.0162,9.9923,0.9979,8.9944,0.1250,10.0646,0.5365,9.5281,-0.0035,6100.0162,NA,NA,NA
ZoomTracks.exe,23252,0x195FDAD7F80,DXGI,0,512,1,Hardware: Independent Flip,6110.8794,NA,9.86530000000000,9.99840000000000,9.13140000000000,9.26000000000000,9.3317,6110.0085,10.0023,0.8709,9.1314,0.1973,9.9336,0.4254,9.5082,-0.0061,6110.0085,NA,NA,NA
ZoomTracks.exe,23252,0x195FDAD7F80,DXGI,0,512,1,Hardware: Independent Flip,6120.9707,NA,10.09130000000000,10.00700000000000,9.05110000000000,9.24050000000000,9.2474,6120.0108,10.0110,0.9599,9.0511,0.1286,10.0718,0.4965,9.5753,-0.0047,6120.0108,NA,11.3658,11.3658
ZoomTracks.exe,23252,0x195FDAD7F80,DXGI,0,512,1,Hardware: Independent Flip,6131.0528,NA,10.08210000000000,10.01780000000000,8.97480000000000,9.10880000000000,9.1831,6130.0218,10.0058,1.0310,8.9748,0.1894,9.9504,0.5468,9.4036,-0.0068,6130.0218,NA,NA,NA
ZoomTracks.exe,23252,0x195FDAD7F80,DXGI,0,512,1,Hardware: Independent Flip,6140.9586,NA,9.90580000000000,9.97610000000000,9.06000000000000,9.24760000000000,9.2534,6140.0276,9.9910,0.9310,9.0600,0.1340,10.0446,0.4902,9.5544,0.0297,6140.0276,NA,NA,NA
ZoomTracks.exe,23252,0x195FDAD7F80,DXGI,0,512,1,Hardware: Independent Flip,6150.9782,NA,10.01960000000000,9.92540000000000,9.03520000000000,9.15120000000000,9.1592,6150.0186,9.9948,0.9596,9.0352,0.1876,9.9232,0.4193,9.5039,0.0656,6150.0186,NA,16.2658,16.2658
ZoomTracks.exe,23252,0x195FDAD7F80,DXGI,0,512,1,Hardware: Independent Flip,6160.7909,NA,9.81270000000000,10.05530000000000,9.21030000000000,9.39600000000000,9.4018,6160.0134,9.9878,0.7775,9.2103,0.1160,10.0575,0.4744,9.5831,-0.0605,6160.0134,NA,NA,NA
ZoomTracks.exe,23252,0x195FDAD7F80,DXGI,0,512,1,Hardware: Independent Flip,6170.8637,NA,10.07280000000000,10.07210000000000,9.14330000000000,9.27470000000000,9.4011,6170.0012,10.0058,0.8625,9.1433,0.1857,9.9515,0.4297,9.5218,-0.0843,6170.0012,NA,NA,NA
ZoomTracks.exe,23252,0x195FDAD7F80,DXGI,0,512,1,Hardware: Independent Flip,6180.9720,NA,10.10830000000000,9.98060000000000,9.05420000000000,9.26460000000000,9.2734,6180.0070,10.0192,0.9650,9.0542,0.1314,10.0982,0.5378,9.5604,0.0252,6180.0070,NA,NA,NA
ZoomTracks.exe,23252,0x195FDAD7F80,DXGI,0,512,1,Hardware: Independent Flip,6190.9787,NA,10.00670000000000,9.98840000000000,9.04540000000000,9.16330000000000,9.2551,6190.0262,9.9979,0.9525,9.0454,0.2104,9.9054,0.5688,9.3366,0.0308,6190.0262,NA,NA,NA
ZoomTracks.exe,23252,0x195FDAD7F80,DXGI,0,512,1,Hardware: Independent Flip,6201.3223,NA,10.34360000000000,9.98260000000000,8.77190000000000,8.83160000000000,8.8941,6200.0241,10.0701,1.2982,8.7719,0.1179,10.0119,0.4077,9.6042,0.0153,6200.0241,NA,17.3574,17.3574
ZoomTracks.exe,23252,0x195FDAD7F80,DXGI,0,512,1,Hardware: Independent Flip,6211.1632,NA,9.84090000000000,10.01700000000000,8.86930000000000,8.98680000000000,9.0702,6210.0942,9.9383,1.0690,8.8693,0.0597,9.9961,0.4358,9.5603,0.0531,6210.0942,NA,10.3620,10.3620
ZoomTracks.exe,23252,0x195FDAD7F80,DXGI,0,512,1,Hardware: Independent Flip,6221.0019,NA,9.83870000000000,10.14760000000000,9.20090000000000,9.30560000000000,9.3791,6220.0325,10.1703,0.9694,9.2009,0.1175,10.1575,0.5802,9.5773,-0.2093,6220.0325,NA,NA,NA
ZoomTracks.exe,23252,0x195FDAD7F80,DXGI,0,512,1,Hardware: Independent Flip,6231.0696,NA,10.06770000000000,9.92030000000000,8.93510000000000,9.08040000000000,9.2317,6230.2028,9.8019,0.8668,8.9351,0.1047,9.8425,0.4491,9.3934,0.2500,6230.2028,NA,NA,NA
ZoomTracks.exe,23252,0x195FDAD7F80,DXGI,0,512,1,Hardware: Independent Flip,6240.9894,NA,9.91980000000000,9.90260000000000,9.03020000000000,9.20770000000000,9.2145,6240.0047,10.0149,0.9847,9.0302,0.1453,10.0471,0.4972,9.5499,-0.1007,6240.0047,NA,NA,NA
ZoomTracks.exe,23252,0x195FDAD7F80,DXGI,0,512,1,Hardware: Independent Flip,6250.8697,NA,9.88030000000000,10.08980000000000,9.16260000000000,9.29490000000000,9.4240,6250.0196,10.0127,0.8501,9.1626,0.1775,9.9675,0.4442,9.5233,-0.0749,6250.0196,NA,NA,NA
ZoomTracks.exe,23252,0x195FDAD7F80,DXGI,0,512,1,Hardware: Independent Flip,6260.9879,NA,10.11820000000000,9.91620000000000,9.02350000000000,9.21000000000000,9.2220,6260.0323,9.9791,0.9556,9.0235,0.1323,10.0333,0.5543,9.4790,0.0965,6260.0323,NA,NA,NA
ZoomTracks.exe,23252,0x195FDAD7F80,DXGI,0,512,1,Hardware: Independent Flip,6271.0543,NA,10.06640000000000,10.01060000000000,8.96200000000000,9.15890000000000,9.1662,6270.0114,10.0049,1.0429,8.9620,0.1865,10.0153,0.5857,9.4296,-0.0315,6270.0114,NA,NA,NA
ZoomTracks.exe,23252,0x195FDAD7F80,DXGI,0,512,1,Hardware: Independent Flip,6281.0058,NA,9.95150000000000,9.93860000000000,9.01720000000000,9.14540000000000,9.1533,6280.0163,10.0067,0.9895,9.0172,0.1969,9.9380,0.4800,9.4580,0.0663,6280.0163,NA,NA,NA
ZoomTracks.exe,23252,0x195FDAD7F80,DXGI,0,512,1,Hardware: Independent Flip,6290.8345,NA,9.82870000000000,10.04390000000000,9.18090000000000,9.36250000000000,9.3685,6290.0230,9.9924,0.8115,9.1809,0.1282,10.0458,0.4716,9.5742,-0.0372,6290.0230,NA,NA,NA
ZoomTracks.exe,23252,0x195FDAD7F80,DXGI,0,512,1,Hardware: Independent Flip,6300.8719,NA,10.03740000000000,9.99920000000000,9.14780000000000,9.32240000000000,9.3303,6300.0154,10.0043,0.8565,9.1478,0.1816,9.9973,0.5487,9.4486,-0.0068,6300.0154,NA,NA,NA
ZoomTracks.exe,23252,0x195FDAD7F80,DXGI,0,512,1,Hardware: Independent Flip,6311.1676,NA,10.29570000000000,10.01460000000000,8.84750000000000,9.04240000000000,9.0492,6310.0197,9.9954,1.1479,8.8475,0.1746,10.0157,0.5295,9.4862,-0.0103,6310.0197,NA,14.3338,14.3338
ZoomTracks.exe,23252,0x195FDAD7F80,DXGI,0,512,1,Hardware: Independent Flip,6320.9336,NA,9.76600000000000,10.02450000000000,9.08320000000000,9.21160000000000,9.3077,6320.0151,10.0017,0.9185,9.0832,0.1949,9.9352,0.4762,9.4590,-0.0291,6320.0151,NA,NA,NA
ZoomTracks.exe,23252,0x195FDAD7F80,DXGI,0,512,1,Hardware: Independent Flip,6330.8955,NA,9.96190000000000,9.93460000000000,9.12910000000000,9.27350000000000,9.2804,6330.0168,10.0078,0.8787,9.1291,0.1284,10.0238,0.4612,9.5626,0.0671,6330.0168,NA,NA,NA
ZoomTracks.exe,23252,0x195FDAD7F80,DXGI,0,512,1,Hardware: Independent Flip,6340.9587,NA,10.06320000000000,10.11660000000000,9.06480000000000,9.23450000000000,9.3338,6340.0246,9.9989,0.9341,9.0648,0.1444,10.0242,0.5604,9.4638,-0.1088,6340.0246,NA,14.4058,14.4058
ZoomTracks.exe,23252,0x195FDAD7F80,DXGI,0,512,1,Hardware: Independent Flip,6350.9573,NA,9.99860000000000,9.87060000000000,9.06170000000000,9.14190000000000,9.2058,6350.0235,9.9955,0.9338,9.0617,0.1697,9.9060,0.3960,9.5100,0.1283,6350.0235,NA,NA,NA
ZoomTracks.exe,23252,0x195FDAD7F80,DXGI,0,512,1,Hardware: Independent Flip,6360.8604,NA,9.90310000000000,10.04570000000000,9.14360000000000,9.34220000000000,9.3484,6360.0190,9.9850,0.8414,9.1436,0.0802,10.1034,0.4911,9.6123,-0.0502,6360.0190,NA,NA,NA
ZoomTracks.exe,23252,0x195FDAD7F80,DXGI,0,512,1,Hardware: Independent Flip,6370.9099,NA,10.04950000000000,10.06380000000000,9.10610000000000,9.19840000000000,9.3627,6370.0040,10.0120,0.9059,9.1061,0.1986,9.9057,0.4472,9.4585,-0.0788,6370.0040,NA,NA,NA
ZoomTracks.exe,23252,0x195FDAD7F80,DXGI,0,512,1,Hardware: Independent Flip,6380.9696,NA,10.05970000000000,9.97900000000000,9.07410000000000,9.21200000000000,9.2820,6380.0160,10.0277,0.9536,9.0741,0.0923,10.0733,0.4782,9.5951,0.0330,6380.0160,NA,NA,NA
ZoomTracks.exe,23252,0x195FDAD7F80,DXGI,0,512,1,Hardware: Independent Flip,6391.2522,NA,10.28260000000000,10.02630000000000,8.77360000000000,8.90230000000000,9.0257,6390.0437,9.9821,1.2085,8.7736,0.1379,9.9729,0.6038,9.3691,0.0014,6390.0437,NA,11.3896,11.3896
ZoomTracks.exe,23252,0x195FDAD7F80,DXGI,0,512,1,Hardware: Independent Flip,6400.9596,NA,9.70740000000000,9.93090000000000,9.04510000000000,9.24280000000000,9.2492,6400.0258,9.9789,0.9338,9.0451,0.1287,10.0479,0.4909,9.5570,0.0512,6400.0258,NA,NA,NA
ZoomTracks.exe,23252,0x195FDAD7F80,DXGI,0,512,1,Hardware: Independent Flip,6410.9144,NA,9.95480000000000,10.00860000000000,9.11080000000000,9.22650000000000,9.3030,6410.0047,10.0205,0.9097,9.1108,0.1977,9.9385,0.4425,9.4960,-0.0297,6410.0047,NA,NA,NA
ZoomTracks.exe,23252,0x195FDAD7F80,DXGI,0,512,1,Hardware: Independent Flip,6420.9364,NA,10.02200000000000,9.98650000000000,9.06980000000000,9.25980000000000,9.2675,6420.0252,9.9810,0.9112,9.0698,0.1157,10.0553,0.6110,9.4443,0.0340,6420.0252,NA,NA,NA
ZoomTracks.exe,23252,0x195FDAD7F80,DXGI,0,512,1,Hardware: Independent Flip,6430.9088,NA,9.97240000000000,10.01750000000000,9.09640000000000,9.24440000000000,9.3126,6430.0062,9.9990,0.9026,9.0964,0.1900,9.9570,0.4443,9.5127,-0.0365,6430.0062,NA,NA,NA
ZoomTracks.exe,23252,0x195FDAD7F80,DXGI,0,512,1,Hardware: Independent Flip,6440.9368,NA,10.02800000000000,9.98230000000000,9.08770000000000,9.26060000000000,9.2669,6440.0052,10.0193,0.9316,9.0877,0.1480,10.0442,0.4784,9.5658,0.0167,6440.0052,NA,NA,NA
ZoomTracks.exe,23252,0x195FDAD7F80,DXGI,0,512,1,Hardware: Independent Flip,6450.9072,NA,9.97040000000000,9.93150000000000,9.09320000000000,9.15740000000000,9.2280,6450.0245,9.9759,0.8827,9.0932,0.1729,9.8672,0.4171,9.4501,0.0878,6450.0245,NA,NA,NA
ZoomTracks.exe,23252,0x195FDAD7F80,DXGI,0,512,1,Hardware: Independent Flip,6460.8008,NA,9.89360000000000,10.07430000000000,9.21770000000000,9.40230000000000,9.4087,6460.0004,10.0181,0.8004,9.2177,0.0642,10.1385,0.5317,9.6068,-0.0984,6460.0004,NA,NA,NA
ZoomTracks.exe,23252,0x195FDAD7F80,DXGI,0,512,1,Hardware: Independent Flip,6471.3015,NA,10.50070000000000,10.03300000000000,8.75170000000000,8.82070000000000,8.9410,6470.0185,10.0347,1.2830,8.7517,0.1846,9.9191,0.3932,9.5259,-0.0149,6470.0185,NA,12.3566,12.3566
ZoomTracks.exe,23252,0x195FDAD7F80,DXGI,0,512,1,Hardware: Independent Flip,6480.9868,NA,9.68530000000000,9.95660000000000,9.03330000000000,9.20600000000000,9.2123,6480.0532,9.9669,0.9336,9.0333,0.0690,10.0706,0.5569,9.5137,0.0781,6480.0532,NA,NA,NA
ZoomTracks.exe,23252,0x195FDAD7F80,DXGI,0,512,1,Hardware: Independent Flip,6490.8903,NA,9.90350000000000,10.12030000000000,9.14000000000000,9.33130000000000,9.4291,6490.0201,10.0102,0.8702,9.1400,0.1727,10.0288,0.5058,9.5230,-0.1534,6490.0201,NA,NA,NA
ZoomTracks.exe,23252,0x195FDAD7F80,DXGI,0,512,1,Hardware: Independent Flip,6501.0496,NA,10.15930000000000,9.83690000000000,8.97410000000000,9.09980000000000,9.1067,6500.0303,9.9934,1.0193,8.9741,0.1913,9.9278,0.4398,9.4880,0.1733,6500.0303,NA,NA,NA
ZoomTracks.exe,23252,0x195FDAD7F80,DXGI,0,512,1,Hardware: Independent Flip,6511.0458,NA,9.99620000000000,10.02920000000000,8.96050000000000,9.13360000000000,9.1397,6510.0237,9.9826,1.0221,8.9605,0.1257,10.0300,0.4655,9.5645,-0.0358,6510.0237,NA,17.3072,17.3072
ZoomTracks.exe,23252,0x195FDAD7F80,DXGI,0,512,1,Hardware: Independent Flip,6520.8633,NA,9.81750000000000,10.12480000000000,9.17780000000000,9.32940000000000,9.4470,6520.0063,10.0348,0.8570,9.1778,0.1731,10.0133,0.5362,9.4771,-0.1422,6520.0063,NA,NA,NA
ZoomTracks.exe,23252,0x195FDAD7F80,DXGI,0,512,1,Hardware: Independent Flip,6531.0122,NA,10.14890000000000,9.91860000000000,9.01450000000000,9.20900000000000,9.2167,6530.0411,9.9856,0.9711,9.0145,0.1516,10.0285,0.5086,9.5199,0.1162,6530.0411,NA,NA,NA
ZoomTracks.exe,23252,0x195FDAD7F80,DXGI,0,512,1,Hardware: Independent Flip,6540.9651,NA,9.95290000000000,10.05610000000000,9.03930000000000,9.24740000000000,9.3199,6540.0267,9.9777,0.9384,9.0393,0.1945,9.9913,0.5029,9.4884,-0.0705,6540.0267,NA,NA,NA
ZoomTracks.exe,23252,0x195FDAD7F80,DXGI,0,512,1,Hardware: Independent Flip,6550.9525,NA,9.98740000000000,9.94400000000000,9.07340000000000,9.21320000000000,9.2765,6550.0044,10.0215,0.9481,9.0734,0.2081,9.9532,0.4601,9.4931,0.0337,6550.0044,NA,NA,NA
ZoomTracks.exe,23252,0x195FDAD7F80,DXGI,0,512,1,Hardware: Independent Flip,6560.9907,NA,10.03820000000000,9.96240000000000,9.01500000000000,9.19280000000000,9.2007,6560.0259,9.9798,0.9648,9.0150,0.1398,10.0178,0.5919,9.4259,0.0591,6560.0259,NA,NA,NA
ZoomTracks.exe,23252,0x195FDAD7F80,DXGI,0,512,1,Hardware: Independent Flip,6570.8549,NA,9.86420000000000,10.05980000000000,9.17690000000000,9.30880000000000,9.3963,6570.0057,10.0261,0.8492,9.1769,0.1778,9.9802,0.4516,9.5286,-0.0800,6570.0057,NA,NA,NA
ZoomTracks.exe,23252,0x195FDAD7F80,DXGI,0,512,1,Hardware: Independent Flip,6580.9374,NA,10.08250000000000,10.04530000000000,9.09150000000000,9.35170000000000,9.3591,6580.0318,9.9971,0.9056,9.0915,0.1319,10.1254,0.6413,9.4841,-0.0192,6580.0318,NA,NA,NA
ZoomTracks.exe,23252,0x195FDAD7F80,DXGI,0,512,1,Hardware: Independent Flip,6591.0121,NA,10.07470000000000,9.92860000000000,9.00510000000000,9.13220000000000,9.2130,6590.0289,9.9883,0.9832,9.0051,0.2602,9.8552,0.4928,9.3624,0.0685,6590.0289,NA,NA,NA
ZoomTracks.exe,23252,0x195FDAD7F80,DXGI,0,512,1,Hardware: Independent Flip,6600.8904,NA,9.87830000000000,9.92590000000000,9.12520000000000,9.25240000000000,9.2606,6600.0172,9.9984,0.8732,9.1252,0.1271,9.9985,0.4365,9.5620,0.0624,6600.0172,NA,NA,NA
ZoomTracks.exe,23252,0x195FDAD7F80,DXGI,0,512,1,Hardware: Independent Flip,6610.8865,NA,9.99610000000000,10.06220000000000,9.13590000000000,9.25570000000000,9.3267,6610.0156,10.0068,0.8709,9.1359,0.1272,9.9994,0.4191,9.5803,-0.0638,6610.0156,NA,NA,NA
ZoomTracks.exe,23252,0x195FDAD7F80,DXGI,0,512,1,Hardware: Independent Flip,6621.1646,NA,10.27810000000000,9.96400000000000,8.85980000000000,9.00460000000000,9.0126,6620.0224,10.0020,1.1422,8.8598,0.1198,10.0270,0.5287,9.4983,0.0428,6620.0224,NA,16.2977,16.2977
ZoomTracks.exe,23252,0x195FDAD7F80,DXGI,0,512,1,Hardware: Independent Flip,6630.9219,NA,9.75730000000000,10.04850000000000,9.11370000000000,9.29730000000000,9.3038,6630.0244,10.0112,0.8975,9.1137,0.1448,10.0500,0.5988,9.4512,-0.0465,6630.0244,NA,NA,NA
ZoomTracks.exe,23252,0x195FDAD7F80,DXGI,0,512,1,Hardware: Independent Flip,6640.9674,NA,10.04550000000000,10.00820000000000,9.04360000000000,9.26080000000000,9.2665,6640.0356,9.9754,0.9318,9.0436,0.1836,10.0090,0.5726,9.4364,0.0030,6640.0356,NA,NA,NA
ZoomTracks.exe,23252,0x195FDAD7F80,DXGI,0,512,1,Hardware: Independent Flip,6650.9260,NA,9.95860000000000,9.91530000000000,9.10000000000000,9.21640000000000,9.2232,6650.0110,10.0150,0.9150,9.1000,0.2172,9.9142,0.4355,9.4787,0.0601,6650.0110,NA,NA,NA
ZoomTracks.exe,23252,0x195FDAD7F80,DXGI,0,512,1,Hardware: Independent Flip,6660.8400,NA,9.91400000000000,10.07080000000000,9.16190000000000,9.29250000000000,9.3800,6660.0260,9.9759,0.8140,9.1619,0.1164,9.9901,0.4733,9.5168,-0.0558,6660.0260,NA,NA,NA
ZoomTracks.exe,23252,0x195FDAD7F80,DXGI,0,512,1,Hardware: Independent Flip,6671.0054,NA,10.16540000000000,10.01080000000000,9.02560000000000,9.15700000000000,9.2254,6670.0019,10.0291,1.0035,9.0256,0.1306,10.0299,0.4550,9.5749,-0.0349,6670.0019,NA,NA,NA
ZoomTracks.exe,23252,0x195FDAD7F80,DXGI,0,512,1,Hardware: Independent Flip,6680.9184,NA,9.91300000000000,9.97380000000000,9.09380000000000,9.27970000000000,9.2862,6680.0310,9.9812,0.8874,9.0938,0.1314,10.0357,0.5486,9.4871,0.0553,6680.0310,NA,NA,NA
ZoomTracks.exe,23252,0x195FDAD7F80,DXGI,0,512,1,Hardware: Independent Flip,6691.2610,NA,10.34260000000000,10.00070000000000,8.75410000000000,8.93750000000000,8.9443,6690.0122,10.0029,1.2488,8.7541,0.1859,10.0004,0.5092,9.4912,-0.0195,6690.0122,NA,NA,NA
ZoomTracks.exe,23252,0x195FDAD7F80,DXGI,0,512,1,Hardware: Independent Flip,6700.9046,NA,9.64360000000000,10.00530000000000,9.10880000000000,9.29870000000000,9.3060,6700.0151,9.9983,0.8895,9.1088,0.1834,10.0048,0.4886,9.5162,-0.0024,6700.0151,NA,NA,NA
ZoomTracks.exe,23252,0x195FDAD7F80,DXGI,0,512,1,Hardware: Independent Flip,6710.9250,NA,10.02040000000000,9.98720000000000,9.09170000000000,9.26640000000000,9.2728,6710.0134,10.0033,0.9116,9.0917,0.1899,9.9881,0.4821,9.5060,0.0111,6710.0134,NA,NA,NA
ZoomTracks.exe,23252,0x195FDAD7F80,DXGI,0,512,1,Hardware: Independent Flip,6720.9213,NA,9.99630000000000,10.03400000000000,9.11390000000000,9.30330000000000,9.3105,6720.0167,10.0185,0.9046,9.1139,0.1747,10.0332,0.5629,9.4703,-0.0307,6720.0167,NA,NA,NA
ZoomTracks.exe,23252,0x195FDAD7F80,DXGI,0,512,1,Hardware: Independent Flip,6730.8715,NA,9.95020000000000,10.02340000000000,9.16320000000000,9.30460000000000,9.3837,6730.0352,9.9995,0.8363,9.1632,0.1894,9.9515,0.4618,9.4897,-0.0049,6730.0352,NA,NA,NA
ZoomTracks.exe,23252,0x195FDAD7F80,DXGI,0,512,1,Hardware: Independent Flip,6741.0190,NA,10.14750000000000,10.17300000000000,9.01950000000000,9.40320000000000,9.4092,6740.0347,10.0038,0.9843,9.0195,0.1414,10.2461,0.7163,9.5298,-0.1735,6740.0347,NA,NA,NA
ZoomTracks.exe,23252,0x195FDAD7F80,DXGI,0,512,1,Hardware: Independent Flip,6751.2333,NA,10.21430000000000,9.90350000000000,8.79660000000000,8.93920000000000,9.0984,6750.0385,9.9914,1.1948,8.7966,0.3837,9.7503,0.4579,9.2924,0.1003,6750.0385,NA,NA,NA
ZoomTracks.exe,23252,0x195FDAD7F80,DXGI,0,512,1,Hardware: Independent Flip,6761.0460,NA,9.81270000000000,9.87730000000000,8.95930000000000,9.15610000000000,9.1630,6760.0299,9.9754,1.0161,8.9593,0.1426,10.0296,0.4808,9.5488,0.1141,6760.0299,NA,NA,NA
ZoomTracks.exe,23252,0x195FDAD7F80,DXGI,0,512,1,Hardware: Independent Flip,6770.9024,NA,9.85640000000000,10.01740000000000,9.10550000000000,9.17150000000000,9.3240,6770.0053,10.0026,0.8971,9.1055,0.1968,9.8718,0.4146,9.4572,-0.0420,6770.0053,NA,NA,NA
ZoomTracks.exe,23252,0x195FDAD7F80,DXGI,0,512,1,Hardware: Independent Flip,6781.0755,NA,10.17310000000000,9.97900000000000,8.94130000000000,9.12340000000000,9.1299,6780.0079,10.0089,1.0676,8.9413,0.0660,10.1250,0.4857,9.6393,0.0236,6780.0079,NA,17.3078,17.3078
ZoomTracks.exe,23252,0x195FDAD7F80,DXGI,0,512,1,Hardware: Independent Flip,6790.8934,NA,9.81790000000000,10.08300000000000,9.13210000000000,9.25620000000000,9.3950,6790.0168,10.0087,0.8766,9.1321,0.1821,9.9507,0.5000,9.4507,-0.0741,6790.0168,NA,NA,NA
ZoomTracks.exe,23252,0x195FDAD7F80,DXGI,0,512,1,Hardware: Independent Flip,6800.9341,NA,10.04070000000000,9.93000000000000,9.09170000000000,9.27720000000000,9.2843,6800.0255,10.0003,0.9086,9.0917,0.1241,10.0617,0.5031,9.5586,0.0787,6800.0255,NA,NA,NA
ZoomTracks.exe,23252,0x195FDAD7F80,DXGI,0,512,1,Hardware: Independent Flip,6811.0142,NA,10.08010000000000,9.98110000000000,8.99460000000000,9.12230000000000,9.1853,6810.0258,9.9830,0.9884,8.9946,0.1855,9.9252,0.4848,9.4404,0.0192,6810.0258,NA,NA,NA
ZoomTracks.exe,23252,0x195FDAD7F80,DXGI,0,512,1,Hardware: Independent Flip,6820.9576,NA,9.94340000000000,9.99680000000000,9.04690000000000,9.23180000000000,9.2387,6820.0088,9.9957,0.9488,9.0469,0.1277,10.0529,0.5804,9.4725,-0.0138,6820.0088,NA,NA,NA
ZoomTracks.exe,23252,0x195FDAD7F80,DXGI,0,512,1,Hardware: Independent Flip,6830.8522,NA,9.89460000000000,10.03170000000000,9.17970000000000,9.30590000000000,9.3758,6830.0045,10.0274,0.8477,9.1797,0.1849,9.9687,0.4395,9.5292,-0.0360,6830.0045,NA,NA,NA
ZoomTracks.exe,23252,0x195FDAD7F80,DXGI,0,512,1,Hardware: Independent Flip,6840.9317,NA,10.07950000000000,10.06390000000000,9.12120000000000,9.35330000000000,9.3602,6840.0319,10.0210,0.8998,9.1212,0.1262,10.1269,0.5778,9.5491,-0.0365,6840.0319,NA,NA,NA
ZoomTracks.exe,23252,0x195FDAD7F80,DXGI,0,512,1,Hardware: Independent Flip,6851.0413,NA,10.10960000000000,9.95830000000000,8.99170000000000,9.12010000000000,9.2089,6850.0529,9.9801,0.9884,8.9917,0.2321,9.8764,0.4464,9.4300,0.0627,6850.0529,NA,NA,NA
ZoomTracks.exe,23252,0x195FDAD7F80,DXGI,0,512,1,Hardware: Independent Flip,6860.9202,NA,9.87890000000000,9.95240000000000,9.09640000000000,9.27580000000000,9.2824,6860.0330,9.9836,0.8872,9.0964,0.1284,10.0346,0.4915,9.5431,0.0277,6860.0330,NA,NA,NA
ZoomTracks.exe,23252,0x195FDAD7F80,DXGI,0,512,1,Hardware: Independent Flip,6870.8542,NA,9.93400000000000,10.03250000000000,9.15400000000000,9.29560000000000,9.3809,6870.0166,9.9916,0.8376,9.1540,0.1794,9.9538,0.5016,9.4522,-0.0489,6870.0166,NA,NA,NA
ZoomTracks.exe,23252,0x195FDAD7F80,DXGI,0,512,1,Hardware: Independent Flip,6880.9440,NA,10.08980000000000,9.98730000000000,9.08260000000000,9.27060000000000,9.2784,6880.0082,10.0184,0.9358,9.0826,0.1416,10.0648,0.4942,9.5706,0.0043,6880.0082,NA,NA,NA
ZoomTracks.exe,23252,0x195FDAD7F80,DXGI,0,512,1,Hardware: Independent Flip,6890.9346,NA,9.99060000000000,9.99770000000000,9.09840000000000,9.21370000000000,9.2855,6890.0266,10.0064,0.9080,9.0984,0.1880,9.9337,0.4899,9.4438,0.0207,6890.0266,NA,NA,NA
ZoomTracks.exe,23252,0x195FDAD7F80,DXGI,0,512,1,Hardware: Independent Flip,6901.1588,NA,10.22420000000000,9.95320000000000,8.89390000000000,8.95260000000000,9.0145,6900.0330,10.0197,1.1258,8.8939,0.1153,9.9631,0.3694,9.5937,0.0532,6900.0330,NA,19.3169,19.3169
ZoomTracks.exe,23252,0x195FDAD7F80,DXGI,0,512,1,Hardware: Independent Flip,6910.8680,NA,9.70920000000000,10.02070000000000,9.13740000000000,9.31950000000000,9.3260,6910.0527,9.9527,0.8153,9.1374,0.0587,10.0761,0.4723,9.6038,-0.0010,6910.0527,NA,NA,NA
ZoomTracks.exe,23252,0x195FDAD7F80,DXGI,0,512,1,Hardware: Independent Flip,6920.9636,NA,10.09560000000000,10.02390000000000,9.05550000000000,9.24710000000000,9.2543,6920.0054,10.0137,0.9582,9.0555,0.1821,10.0232,0.5387,9.4845,-0.0712,6920.0054,NA,NA,NA
ZoomTracks.exe,23252,0x195FDAD7F80,DXGI,0,512,1,Hardware: Independent Flip,6931.0344,NA,10.07080000000000,10.00090000000000,8.98850000000000,9.17740000000000,9.1844,6930.0191,10.0038,1.0153,8.9885,0.1916,10.0011,0.5024,9.4987,0.0128,6930.0191,NA,18.3517,18.3517
ZoomTracks.exe,23252,0x195FDAD7F80,DXGI,0,512,1,Hardware: Independent Flip,6940.8872,NA,9.85280000000000,10.09260000000000,9.14890000000000,9.41670000000000,9.4242,6940.0229,10.0132,0.8643,9.1489,0.1889,10.0921,0.5853,9.5068,-0.0888,6940.0229,NA,NA,NA
ZoomTracks.exe,23252,0x195FDAD7F80,DXGI,0,512,1,Hardware: Independent Flip,6951.0298,NA,10.14260000000000,9.95570000000000,9.00150000000000,9.15380000000000,9.2373,6950.0361,9.9952,0.9937,9.0015,0.2678,9.8797,0.5502,9.3295,0.0575,6950.0361,NA,NA,NA
ZoomTracks.exe,23252,0x195FDAD7F80,DXGI,0,512,1,Hardware: Independent Flip,6960.9432,NA,9.91340000000000,9.94020000000000,9.06740000000000,9.25760000000000,9.2641,6960.0313,9.9793,0.9119,9.0674,0.1523,10.0172,0.5440,9.4732,0.0550,6960.0313,NA,NA,NA
ZoomTracks.exe,23252,0x195FDAD7F80,DXGI,0,512,1,Hardware: Independent Flip,6970.8604,NA,9.91720000000000,9.99690000000000,9.16140000000000,9.28180000000000,9.3438,6970.0106,10.0112,0.8498,9.1614,0.1902,9.9414,0.4168,9.5246,-0.0176,6970.0106,NA,NA,NA
ZoomTracks.exe,23252,0x195FDAD7F80,DXGI,0,512,1,Hardware: Independent Flip,6980.9403,NA,10.07990000000000,9.99620000000000,9.07890000000000,9.25320000000000,9.2601,6980.0218,9.9974,0.9185,9.0789,0.1204,10.0513,0.5368,9.5145,0.0150,6980.0218,NA,16.3091,16.3091
ZoomTracks.exe,23252,0x195FDAD7F80,DXGI,0,512,1,Hardware: Independent Flip,6990.9034,NA,9.96310000000000,10.01660000000000,9.11790000000000,9.23190000000000,9.3136,6990.0192,10.0021,0.8842,9.1179,0.1743,9.9418,0.4798,9.4620,-0.0192,6990.0192,NA,NA,NA
ZoomTracks.exe,23252,0x195FDAD7F80,DXGI,0,512,1,Hardware: Independent Flip,7000.8309,NA,9.92750000000000,10.01540000000000,9.20240000000000,9.39250000000000,9.4015,7000.0213,10.0120,0.8096,9.2024,0.1140,10.0881,0.5682,9.5199,-0.0133,7000.0213,NA,NA,NA
ZoomTracks.exe,23252,0x195FDAD7F80,DXGI,0,512,1,Hardware: Independent Flip,7010.9632,NA,10.13230000000000,9.96890000000000,9.04620000000000,9.16040000000000,9.2381,7010.0333,9.9761,0.9299,9.0462,0.1901,9.9002,0.4136,9.4866,0.0431,7010.0333,NA,NA,NA
ZoomTracks.exe,23252,0x195FDAD7F80,DXGI,0,512,1,Hardware: Independent Flip,7020.9034,NA,9.94020000000000,10.01860000000000,9.11680000000000,9.30930000000000,9.3165,7020.0094,10.0108,0.8940,9.1168,0.1142,10.0891,0.4939,9.5952,-0.0425,7020.0094,NA,NA,NA
ZoomTracks.exe,23252,0x195FDAD7F80,DXGI,0,512,1,Hardware: Independent Flip,7031.0122,NA,10.10880000000000,10.03400000000000,9.00950000000000,9.14010000000000,9.2417,7030.0202,10.0015,0.9920,9.0095,0.1925,9.9396,0.5003,9.4393,-0.0232,7030.0202,NA,NA,NA
ZoomTracks.exe,23252,0x195FDAD7F80,DXGI,0,512,1,Hardware: Independent Flip,7041.3630,NA,10.35080000000000,10.04380000000000,8.71940000000000,8.92610000000000,8.9347,7040.0217,10.0607,1.3413,8.7194,0.1306,10.1368,0.5940,9.5428,-0.0423,7040.0217,NA,12.4280,12.4280
ZoomTracks.exe,23252,0x195FDAD7F80,DXGI,0,512,1,Hardware: Independent Flip,7050.9873,NA,9.62430000000000,9.92860000000000,9.02150000000000,9.13050000000000,9.2390,7050.0824,9.9264,0.9049,9.0215,0.2067,9.8287,0.3999,9.4288,0.1321,7050.0824,NA,NA,NA
ZoomTracks.exe,23252,0x195FDAD7F80,DXGI,0,512,1,Hardware: Independent Flip,7060.8906,NA,9.90330000000000,9.96670000000000,9.11940000000000,9.29540000000000,9.3024,7060.0088,10.0012,0.8818,9.1194,0.1090,10.0682,0.5230,9.5452,-0.0403,7060.0088,NA,NA,NA
ZoomTracks.exe,23252,0x195FDAD7F80,DXGI,0,512,1,Hardware: Independent Flip,7070.8703,NA,9.97970000000000,10.06040000000000,9.15230000000000,9.25530000000000,9.3831,7070.0100,10.0126,0.8603,9.1523,0.1760,9.9396,0.4122,9.5274,-0.0592,7070.0100,NA,NA,NA
ZoomTracks.exe,23252,0x195FDAD7F80,DXGI,0,512,1,Hardware: Independent Flip,7080.9573,NA,10.08700000000000,9.95690000000000,9.05450000000000,9.24580000000000,9.2530,7080.0226,9.9892,0.9347,9.0545,0.1030,10.0775,0.5450,9.5325,0.0557,7080.0226,NA,NA,NA
ZoomTracks.exe,23252,0x195FDAD7F80,DXGI,0,512,1,Hardware: Independent Flip,7090.9286,NA,9.97130000000000,10.04480000000000,9.18880000000000,9.24750000000000,9.3265,7090.0118,10.1056,0.9168,9.1888,0.1913,9.9730,0.4609,9.5121,-0.0556,7090.0118,NA,NA,NA
ZoomTracks.exe,23252,0x195FDAD7F80,DXGI,0,512,1,Hardware: Independent Flip,7100.9906,NA,10.06200000000000,9.89450000000000,9.02590000000000,9.15190000000000,9.1590,7100.1174,9.8991,0.8732,9.0259,0.0587,9.9664,0.4314,9.5350,0.2111,7100.1174,NA,NA,NA
ZoomTracks.exe,23252,0x195FDAD7F80,DXGI,0,512,1,Hardware: Independent Flip,7111.0404,NA,10.04980000000000,10.05580000000000,8.98000000000000,9.15830000000000,9.1650,7110.0165,10.0039,1.0239,8.9800,0.1260,10.0562,0.5041,9.5521,-0.1567,7110.0165,NA,11.3262,11.3262
ZoomTracks.exe,23252,0x195FDAD7F80,DXGI,0,512,1,Hardware: Independent Flip,7120.8768,NA,9.83640000000000,10.04760000000000,9.14410000000000,9.29020000000000,9.3762,7120.0204,10.0005,0.8564,9.1441,0.1783,9.9683,0.5201,9.4482,-0.0437,7120.0204,NA,NA,NA
ZoomTracks.exe,23252,0x195FDAD7F80,DXGI,0,512,1,Hardware: Independent Flip,7130.9336,NA,10.05680000000000,9.96300000000000,9.09640000000000,9.27600000000000,9.2824,7130.0209,10.0091,0.9127,9.0964,0.1461,10.0426,0.5013,9.5413,0.0375,7130.0209,NA,NA,NA
ZoomTracks.exe,23252,0x195FDAD7F80,DXGI,0,512,1,Hardware: Independent Flip,7140.8527,NA,9.91910000000000,10.05520000000000,9.16490000000000,9.32970000000000,9.4185,7140.0300,9.9876,0.8227,9.1649,0.1796,9.9728,0.4752,9.4976,-0.0461,7140.0300,NA,NA,NA
ZoomTracks.exe,23252,0x195FDAD7F80,DXGI,0,512,1,Hardware: Independent Flip,7150.8821,NA,10.02940000000000,9.95090000000000,9.15060000000000,9.33320000000000,9.3400,7150.0176,10.0151,0.8645,9.1506,0.1648,10.0329,0.4836,9.5493,0.0367,7150.0176,NA,NA,NA
ZoomTracks.exe,23252,0x195FDAD7F80,DXGI,0,512,1,Hardware: Independent Flip,7160.8635,NA,9.98140000000000,9.96950000000000,9.14080000000000,9.32160000000000,9.3281,7160.0327,9.9716,0.8308,9.1408,0.1826,9.9698,0.5368,9.4330,0.0456,7160.0327,NA,NA,NA
ZoomTracks.exe,23252,0x195FDAD7F80,DXGI,0,512,1,Hardware: Independent Flip,7170.8005,NA,9.93700000000000,10.01670000000000,9.22310000000000,9.40090000000000,9.4078,7170.0043,10.0193,0.7962,9.2231,0.1808,10.0163,0.5025,9.5138,-0.0451,7170.0043,NA,NA,NA
ZoomTracks.exe,23252,0x195FDAD7F80,DXGI,0,512,1,Hardware: Independent Flip,7181.1852,NA,10.38470000000000,10.03100000000000,8.85120000000000,9.04680000000000,9.0541,7180.0236,10.0128,1.1616,8.8512,0.1778,10.0306,0.5223,9.5083,-0.0117,7180.0236,NA,11.3718,11.3718
ZoomTracks.exe,23252,0x195FDAD7F80,DXGI,0,512,1,Hardware: Independent Flip,7190.9320,NA,9.74680000000000,10.12840000000000,9.08630000000000,9.34330000000000,9.4357,7190.0364,9.9819,0.8956,9.0863,0.1956,10.0433,0.5686,9.4747,-0.1156,7190.0364,NA,NA,NA
ZoomTracks.exe,23252,0x195FDAD7F80,DXGI,0,512,1,Hardware: Independent Flip,7201.0636,NA,10.13160000000000,9.83340000000000,8.95630000000000,9.13010000000000,9.1375,7200.0183,10.0016,1.0453,8.9563,0.2570,9.9184,0.5726,9.3458,0.1485,7200.0183,NA,NA,NA
ZoomTracks.exe,23252,0x195FDAD7F80,DXGI,0,512,1,Hardware: Independent Flip,7211.1985,NA,10.13490000000000,10.01670000000000,8.82980000000000,9.01300000000000,9.0193,7210.0199,10.0084,1.1786,8.8298,0.1738,10.0178,0.5008,9.5170,-0.0151,7210.0199,NA,11.8281,11.8281
ZoomTracks.exe,23252,0x195FDAD7F80,DXGI,0,512,1,Hardware: Independent Flip,7220.9189,NA,9.72040000000000,9.97400000000000,9.09850000000000,9.16120000000000,9.2729,7220.0283,9.9891,0.8906,9.0985,0.1832,9.8686,0.3596,9.5090,0.0344,7220.0283,NA,NA,NA
ZoomTracks.exe,23252,0x195FDAD7F80,DXGI,0,512,1,Hardware: Independent Flip,7230.8596,NA,9.94070000000000,10.00370000000000,9.14320000000000,9.32910000000000,9.3359,7230.0174,9.9854,0.8422,9.1432,0.0627,10.1086,0.5735,9.5351,-0.0146,7230.0174,NA,NA,NA
ZoomTracks.exe,23252,0x195FDAD7F80,DXGI,0,512,1,Hardware: Independent Flip,7240.8520,NA,9.99240000000000,10.16390000000000,9.16140000000000,9.37180000000000,9.5074,7240.0028,10.0106,0.8492,9.1614,0.1859,10.0351,0.5271,9.5080,-0.1785,7240.0028,NA,NA,NA
ZoomTracks.exe,23252,0x195FDAD7F80,DXGI,0,512,1,Hardware: Independent Flip,7251.0186,NA,10.16660000000000,9.86810000000000,9.00960000000000,9.20090000000000,9.2089,7250.0134,10.0148,1.0052,9.0096,0.2104,9.9957,0.4971,9.4986,0.1425,7250.0134,NA,NA,NA
ZoomTracks.exe,23252,0x195FDAD7F80,DXGI,0,512,1,Hardware: Independent Flip,7261.1016,NA,10.08300000000000,9.98500000000000,8.92960000000000,9.10450000000000,9.1109,7260.0282,10.0030,1.0734,8.9296,0.1913,9.9866,0.4922,9.4944,0.0298,7260.0282,NA,12.2902,12.2902
ZoomTracks.exe,23252,0x195FDAD7F80,DXGI,0,512,1,Hardware: Independent Flip,7271.1088,NA,10.00720000000000,9.98950000000000,8.89990000000000,9.00030000000000,9.0932,7270.0312,9.9775,1.0776,8.8999,0.1749,9.9030,0.3919,9.5111,0.0135,7270.0312,NA,18.3412,18.3412
ZoomTracks.exe,23252,0x195FDAD7F80,DXGI,0,512,1,Hardware: Independent Flip,7280.8655,NA,9.75670000000000,10.07290000000000,9.15420000000000,9.40180000000000,9.4094,7280.0087,10.0110,0.8568,9.1542,0.1004,10.1582,0.5461,9.6121,-0.0954,7280.0087,NA,NA,NA
ZoomTracks.exe,23252,0x195FDAD7F80,DXGI,0,512,1,Hardware: Independent Flip,7291.0134,NA,10.14790000000000,10.11550000000000,9.01430000000000,9.19210000000000,9.3770,7290.0197,10.0080,0.9937,9.0143,0.2476,9.9382,0.6419,9.2963,-0.1045,7290.0197,NA,NA,NA
ZoomTracks.exe,23252,0x195FDAD7F80,DXGI,0,512,1,Hardware: Independent Flip,7301.0237,NA,10.01030000000000,9.83010000000000,9.00390000000000,9.19090000000000,9.1968,7300.0277,9.9999,0.9960,9.0039,0.1778,10.0091,0.5011,9.5080,0.1779,7300.0277,NA,NA,NA
ZoomTracks.exe,23252,0x195FDAD7F80,DXGI,0,512,1,Hardware: Independent Flip,7310.8686,NA,9.84490000000000,10.00310000000000,9.15010000000000,9.34690000000000,9.3550,7310.0276,9.9911,0.8410,9.1501,0.1870,10.0009,0.4892,9.5117,-0.0032,7310.0276,NA,NA,NA
ZoomTracks.exe,23252,0x195FDAD7F80,DXGI,0,512,1,Hardware: Independent Flip,7320.8620,NA,9.99340000000000,9.97430000000000,9.14550000000000,9.32920000000000,9.3359,7320.0187,9.9888,0.8433,9.1455,0.1968,9.9757,0.4855,9.4902,0.0168,7320.0187,NA,NA,NA
ZoomTracks.exe,23252,0x195FDAD7F80,DXGI,0,512,1,Hardware: Independent Flip,7330.9182,NA,10.05620000000000,10.03910000000000,9.08710000000000,9.31250000000000,9.3188,7330.0075,9.9978,0.9107,9.0871,0.1837,10.0395,0.5707,9.4688,-0.0503,7330.0075,NA,NA,NA
ZoomTracks.exe,23252,0x195FDAD7F80,DXGI,0,512,1,Hardware: Independent Flip,7340.9762,NA,10.05800000000000,9.99740000000000,9.04000000000000,9.24930000000000,9.2582,7340.0053,10.0109,0.9709,9.0400,0.2254,9.9948,0.5050,9.4898,0.0004,7340.0053,NA,NA,NA
ZoomTracks.exe,23252,0x195FDAD7F80,DXGI,0,512,1,Hardware: Independent Flip,7351.1173,NA,10.14110000000000,9.96960000000000,8.91020000000000,9.07220000000000,9.0867,7350.0162,10.0113,1.1011,8.9102,0.2093,9.9640,0.4893,9.4747,0.0413,7350.0162,NA,NA,NA
ZoomTracks.exe,23252,0x195FDAD7F80,DXGI,0,512,1,Hardware: Independent Flip,7361.1192,NA,10.00190000000000,10.01700000000000,8.89350000000000,9.03000000000000,9.1018,7360.0275,9.9852,1.0917,8.8935,0.1620,9.9597,0.4497,9.5100,-0.0057,7360.0275,NA,17.3505,17.3505
ZoomTracks.exe,23252,0x195FDAD7F80,DXGI,0,512,1,Hardware: Independent Flip,7371.1292,NA,10.01000000000000,9.99990000000000,8.90050000000000,9.08400000000000,9.0917,7370.0127,10.0170,1.1165,8.9005,0.1365,10.0640,0.4902,9.5738,-0.0147,7370.0127,NA,17.3494,17.3494
ZoomTracks.exe,23252,0x195FDAD7F80,DXGI,0,512,1,Hardware: Independent Flip,7380.9877,NA,9.85850000000000,9.97120000000000,9.02280000000000,9.19780000000000,9.2044,7380.0297,9.9808,0.9580,9.0228,0.1835,9.9723,0.5446,9.4277,0.0458,7380.0297,NA,NA,NA
ZoomTracks.exe,23252,0x195FDAD7F80,DXGI,0,512,1,Hardware: Independent Flip,7390.9097,NA,9.92200000000000,10.04360000000000,9.10910000000000,9.31890000000000,9.3260,7390.0105,10.0083,0.8992,9.1091,0.1750,10.0431,0.5145,9.5286,-0.0628,7390.0105,NA,NA,NA
ZoomTracks.exe,23252,0x195FDAD7F80,DXGI,0,512,1,Hardware: Independent Flip,7400.9607,NA,10.05100000000000,9.90630000000000,9.05010000000000,9.17430000000000,9.1813,7400.0188,9.9920,0.9419,9.0501,0.2098,9.9064,0.5520,9.3544,0.1020,7400.0188,NA,NA,NA
ZoomTracks.exe,23252,0x195FDAD7F80,DXGI,0,512,1,Hardware: Independent Flip,7410.8731,NA,9.91240000000000,10.07270000000000,9.15240000000000,9.33500000000000,9.3416,7410.0108,10.0147,0.8623,9.1524,0.1242,10.0731,0.4767,9.5964,-0.0807,7410.0108,NA,NA,NA
ZoomTracks.exe,23252,0x195FDAD7F80,DXGI,0,512,1,Hardware: Independent Flip,7421.0202,NA,10.14710000000000,10.02040000000000,9.00120000000000,9.12980000000000,9.2149,7420.0255,9.9959,0.9947,9.0012,0.1826,9.9419,0.4417,9.5002,-0.0057,7420.0255,NA,16.3523,16.3523
ZoomTracks.exe,23252,0x195FDAD7F80,DXGI,0,512,1,Hardware: Independent Flip,7430.9280,NA,9.90780000000000,9.97080000000000,9.08820000000000,9.27210000000000,9.2779,7430.0214,9.9948,0.9066,9.0882,0.1286,10.0501,0.4811,9.5690,0.0251,7430.0214,NA,NA,NA
ZoomTracks.exe,23252,0x195FDAD7F80,DXGI,0,512,1,Hardware: Independent Flip,7440.9934,NA,10.06540000000000,10.07720000000000,9.02470000000000,9.15770000000000,9.2897,7440.0162,10.0019,0.9772,9.0247,0.1839,9.9510,0.4384,9.5126,-0.0824,7440.0162,NA,16.3644,16.3644
ZoomTracks.exe,23252,0x195FDAD7F80,DXGI,0,512,1,Hardware: Independent Flip,7451.0721,NA,10.07870000000000,9.96460000000000,8.94060000000000,9.16820000000000,9.1756,7450.0181,9.9946,1.0540,8.9406,0.1330,10.0892,0.5334,9.5558,0.0373,7450.0181,NA,NA,NA
ZoomTracks.exe,23252,0x195FDAD7F80,DXGI,0,512,1,Hardware: Independent Flip,7460.9571,NA,9.88500000000000,9.99700000000000,9.08080000000000,9.21380000000000,9.2876,7460.0127,10.0252,0.9444,9.0808,0.2276,9.9306,0.4503,9.4803,-0.0024,7460.0127,NA,NA,NA
ZoomTracks.exe,23252,0x195FDAD7F80,DXGI,0,512,1,Hardware: Independent Flip,7470.9598,NA,10.00270000000000,9.96580000000000,9.04770000000000,9.24380000000000,9.2507,7470.0379,9.9696,0.9219,9.0477,0.1330,10.0327,0.6398,9.3929,0.0594,7470.0379,NA,NA,NA
ZoomTracks.exe,23252,0x195FDAD7F80,DXGI,0,512,1,Hardware: Independent Flip,7480.8420,NA,9.88220000000000,10.02390000000000,9.17890000000000,9.32480000000000,9.3924,7480.0075,10.0134,0.8345,9.1789,0.1961,9.9632,0.4552,9.5080,-0.0543,7480.0075,NA,NA,NA
ZoomTracks.exe,23252,0x195FDAD7F80,DXGI,0,512,1,Hardware: Independent Flip,7490.9442,NA,10.10220000000000,9.98860000000000,9.07820000000000,9.27100000000000,9.2788,7490.0209,10.0015,0.9233,9.0782,0.1459,10.0484,0.5129,9.5355,0.0248,7490.0209,NA,NA,NA
ZoomTracks.exe,23252,0x195FDAD7F80,DXGI,0,512,1,Hardware: Independent Flip,7501.1183,NA,10.17410000000000,10.00010000000000,8.90440000000000,9.09800000000000,9.1048,7500.0224,10.0003,1.0959,8.9044,0.1928,10.0011,0.6283,9.3728,0.0014,7500.0224,NA,NA,NA
ZoomTracks.exe,23252,0x195FDAD7F80,DXGI,0,512,1,Hardware: Independent Flip,7511.2932,NA,10.17490000000000,9.97850000000000,8.71960000000000,8.90180000000000,8.9084,7510.0227,9.9901,1.2705,8.7196,0.1936,9.9787,0.5572,9.4215,0.0218,7510.0227,NA,10.3246,10.3246
ZoomTracks.exe,23252,0x195FDAD7F80,DXGI,0,512,1,Hardware: Independent Flip,7520.8807,NA,9.58750000000000,9.95230000000000,9.12870000000000,9.26470000000000,9.2732,7520.0128,9.9966,0.8679,9.1287,0.1822,9.9504,0.4313,9.5191,0.0378,7520.0128,NA,NA,NA
ZoomTracks.exe,23252,0x195FDAD7F80,DXGI,0,512,1,Hardware: Independent Flip,7530.8545,NA,9.97380000000000,10.08280000000000,9.20330000000000,9.37470000000000,9.3822,7530.0094,10.0484,0.8451,9.2033,0.1360,10.0838,0.5194,9.5644,-0.0862,7530.0094,NA,NA,NA
ZoomTracks.exe,23252,0x195FDAD7F80,DXGI,0,512,1,Hardware: Independent Flip,7541.1478,NA,10.29330000000000,9.96930000000000,8.87270000000000,9.05130000000000,9.0582,7540.0578,9.9627,1.0900,8.8727,0.1714,9.9699,0.6314,9.3385,0.0791,7540.0578,NA,NA,NA
ZoomTracks.exe,23252,0x195FDAD7F80,DXGI,0,512,1,Hardware: Independent Flip,7550.8929,NA,9.74510000000000,9.94880000000000,9.13400000000000,9.25540000000000,9.2619,7550.0205,10.0064,0.8724,9.1340,0.1786,9.9492,0.4373,9.5119,0.0139,7550.0205,NA,NA,NA
ZoomTracks.exe,23252,0x195FDAD7F80,DXGI,0,512,1,Hardware: Independent Flip,7561.3133,NA,10.42040000000000,10.09920000000000,8.70270000000000,8.83150000000000,8.9407,7560.0269,9.9891,1.2864,8.7027,0.1214,9.9965,0.4358,9.5607,-0.0928,7560.0269,NA,17.3757,17.3757
ZoomTracks.exe,23252,0x195FDAD7F80,DXGI,0,512,1,Hardware: Independent Flip,7570.9011,NA,9.58780000000000,9.99620000000000,9.13620000000000,9.33920000000000,9.3491,7570.0160,10.0213,0.8851,9.1362,0.1288,10.0955,0.5267,9.5688,-0.0071,7570.0160,NA,NA,NA
ZoomTracks.exe,23252,0x195FDAD7F80,DXGI,0,512,1,Hardware: Independent Flip,7581.1223,NA,10.22120000000000,9.96230000000000,8.90100000000000,9.08210000000000,9.0902,7580.0373,9.9860,1.0850,8.9010,0.2030,9.9641,0.5010,9.4631,0.0590,7580.0373,NA,18.3247,18.3247
ZoomTracks.exe,23252,0x195FDAD7F80,DXGI,0,512,1,Hardware: Independent Flip,7591.0433,NA,9.92100000000000,9.99700000000000,8.98030000000000,9.15910000000000,9.1662,7590.0233,10.0003,1.0200,8.9803,0.1811,9.9980,0.5635,9.4345,-0.0110,7590.0233,NA,16.3349,16.3349
ZoomTracks.exe,23252,0x195FDAD7F80,DXGI,0,512,1,Hardware: Independent Flip,7600.9170,NA,9.87370000000000,10.02420000000000,9.11270000000000,9.30850000000000,9.3167,7600.0236,10.0061,0.8934,9.1127,0.1788,10.0231,0.5909,9.4322,-0.0239,7600.0236,NA,NA,NA
ZoomTracks.exe,23252,0x195FDAD7F80,DXGI,0,512,1,Hardware: Independent Flip,7610.9054,NA,9.98840000000000,9.96710000000000,9.11430000000000,9.28910000000000,9.2954,7610.0297,9.9900,0.8757,9.1143,0.1958,9.9690,0.4885,9.4805,0.0390,7610.0297,NA,NA,NA
ZoomTracks.exe,23252,0x195FDAD7F80,DXGI,0,512,1,Hardware: Independent Flip,7620.9570,NA,10.05160000000000,10.02820000000000,9.06670000000000,9.26520000000000,9.2720,7620.0197,10.0040,0.9373,9.0667,0.1748,10.0277,0.5729,9.4548,-0.0382,7620.0197,NA,NA,NA
ZoomTracks.exe,23252,0x195FDAD7F80,DXGI,0,512,1,Hardware: Independent Flip,7630.9813,NA,10.02430000000000,10.04240000000000,9.04280000000000,9.20620000000000,9.2901,7630.0237,10.0004,0.9576,9.0428,0.1985,9.9653,0.5334,9.4319,-0.0384,7630.0237,NA,NA,NA
ZoomTracks.exe,23252,0x195FDAD7F80,DXGI,0,512,1,Hardware: Independent Flip,7640.9195,NA,9.93820000000000,9.94630000000000,9.09600000000000,9.29060000000000,9.2982,7640.0241,9.9914,0.8954,9.0960,0.1634,10.0226,0.5015,9.5211,0.0541,7640.0241,NA,NA,NA
ZoomTracks.exe,23252,0x195FDAD7F80,DXGI,0,512,1,Hardware: Independent Flip,7650.8552,NA,9.93570000000000,9.95800000000000,9.17890000000000,9.24000000000000,9.3205,7650.0155,10.0186,0.8397,9.1789,0.1946,9.8851,0.3807,9.5044,0.0334,7650.0155,NA,NA,NA
ZoomTracks.exe,23252,0x195FDAD7F80,DXGI,0,512,1,Hardware: Independent Flip,7660.8806,NA,10.02540000000000,10.02680000000000,9.12930000000000,9.31510000000000,9.3219,7660.0341,9.9758,0.8465,9.1293,0.0611,10.1005,0.5465,9.5540,-0.0082,7660.0341,NA,NA,NA
ZoomTracks.exe,23252,0x195FDAD7F80,DXGI,0,512,1,Hardware: Independent Flip,7671.1559,NA,10.27530000000000,10.04160000000000,8.87040000000000,9.00310000000000,9.0882,7670.0099,10.0164,1.1460,8.8704,0.1858,9.9633,0.4531,9.5102,-0.0658,7670.0099,NA,15.3545,15.3545
ZoomTracks.exe,23252,0x195FDAD7F80,DXGI,0,512,1,Hardware: Independent Flip,7680.9056,NA,9.74970000000000,9.97190000000000,9.11540000000000,9.30380000000000,9.3104,7680.0263,9.9947,0.8793,9.1154,0.1327,10.0504,0.4998,9.5506,0.0445,7680.0263,NA,NA,NA
ZoomTracks.exe,23252,0x195FDAD7F80,DXGI,0,512,1,Hardware: Independent Flip,7691.0212,NA,10.11560000000000,10.00260000000000,9.01790000000000,9.18610000000000,9.1974,7690.0210,10.0181,1.0002,9.0179,0.1884,9.9979,0.5623,9.4356,-0.0079,7690.0210,NA,NA,NA
ZoomTracks.exe,23252,0x195FDAD7F80,DXGI,0,512,1,Hardware: Independent Flip,7700.9300,NA,9.90880000000000,9.92670000000000,9.08330000000000,9.20880000000000,9.2153,7700.0391,9.9742,0.8909,9.0833,0.1682,9.9315,0.4994,9.4321,0.0914,7700.0391,NA,NA,NA
ZoomTracks.exe,23252,0x195FDAD7F80,DXGI,0,512,1,Hardware: Independent Flip,7711.1876,NA,10.25760000000000,10.08270000000000,8.84780000000000,9.03400000000000,9.0404,7710.0133,10.0221,1.1743,8.8478,0.1255,10.0828,0.5176,9.5652,-0.1085,7710.0133,NA,14.3363,14.3363
ZoomTracks.exe,23252,0x195FDAD7F80,DXGI,0,512,1,Hardware: Independent Flip,7721.1521,NA,9.96450000000000,9.94280000000000,8.85690000000000,9.01210000000000,9.0187,7720.0354,9.9736,1.1167,8.8569,0.1862,9.9426,0.5145,9.4281,0.0793,7720.0354,NA,NA,NA
ZoomTracks.exe,23252,0x195FDAD7F80,DXGI,0,512,1,Hardware: Independent Flip,7730.8153,NA,9.66320000000000,10.05960000000000,9.21730000000000,9.40850000000000,9.4151,7730.0090,10.0236,0.8063,9.2173,0.1552,10.0596,0.5176,9.5420,-0.0860,7730.0090,NA,NA,NA
ZoomTracks.exe,23252,0x195FDAD7F80,DXGI,0,512,1,Hardware: Independent Flip,7740.9113,NA,10.09600000000000,10.03600000000000,9.10600000000000,9.23500000000000,9.3551,7740.0326,9.9847,0.8787,9.1060,0.1912,9.9225,0.5079,9.4146,-0.0124,7740.0326,NA,NA,NA
ZoomTracks.exe,23252,0x195FDAD7F80,DXGI,0,512,1,Hardware: Independent Flip,7751.1164,NA,10.20510000000000,9.96220000000000,8.90580000000000,9.10560000000000,9.1122,7750.0173,10.0049,1.0991,8.9058,0.1290,10.0757,0.5674,9.5083,0.0225,7750.0173,NA,14.3503,14.3503
ZoomTracks.exe,23252,0x195FDAD7F80,DXGI,0,512,1,Hardware: Independent Flip,7760.8994,NA,9.78300000000000,10.06740000000000,9.13990000000000,9.26370000000000,9.3966,7760.0222,10.0171,0.8772,9.1399,0.1998,9.9411,0.4433,9.4978,-0.0625,7760.0222,NA,NA,NA
ZoomTracks.exe,23252,0x195FDAD7F80,DXGI,0,512,1,Hardware: Independent Flip,7770.9545,NA,10.05510000000000,9.94240000000000,9.07100000000000,9.27670000000000,9.2839,7770.0393,9.9862,0.9152,9.0710,0.1238,10.0681,0.5270,9.5411,0.0747,7770.0393,NA,NA,NA
ZoomTracks.exe,23252,0x195FDAD7F80,DXGI,0,512,1,Hardware: Independent Flip,7780.8760,NA,9.92150000000000,10.02670000000000,9.14960000000000,9.30150000000000,9.3891,7780.0255,10.0001,0.8505,9.1496,0.2057,9.9463,0.4620,9.4843,-0.0405,7780.0255,NA,NA,NA
ZoomTracks.exe,23252,0x195FDAD7F80,DXGI,0,512,1,Hardware: Independent Flip,7790.9151,NA,10.03910000000000,10.03390000000000,9.12290000000000,9.37450000000000,9.3839,7790.0256,10.0124,0.8895,9.1229,0.1519,10.1121,0.6528,9.4593,-0.0338,7790.0256,NA,NA,NA
ZoomTracks.exe,23252,0x195FDAD7F80,DXGI,0,512,1,Hardware: Independent Flip,7801.1265,NA,10.21140000000000,9.89790000000000,8.88800000000000,9.06330000000000,9.0704,7800.0380,9.9765,1.0885,8.8880,0.2516,9.9002,0.5496,9.3506,0.1145,7800.0380,NA,NA,NA
ZoomTracks.exe,23252,0x195FDAD7F80,DXGI,0,512,1,Hardware: Independent Flip,7810.9052,NA,9.77870000000000,10.02540000000000,9.12290000000000,9.31070000000000,9.3171,7810.0145,10.0136,0.8907,9.1229,0.1753,10.0261,0.5095,9.5166,-0.0489,7810.0145,NA,NA,NA
ZoomTracks.exe,23252,0x195FDAD7F80,DXGI,0,512,1,Hardware: Independent Flip,7820.8690,NA,9.96380000000000,10.04220000000000,9.15970000000000,9.29820000000000,9.3955,7820.0281,10.0006,0.8409,9.1597,0.1878,9.9513,0.4628,9.4885,-0.0286,7820.0281,NA,NA,NA
ZoomTracks.exe,23252,0x195FDAD7F80,DXGI,0,512,1,Hardware: Independent Flip,7831.4360,NA,10.56700000000000,10.03100000000000,8.57060000000000,8.85270000000000,8.8595,7830.0287,9.9779,1.4073,8.5706,0.1385,10.1215,0.6530,9.4685,-0.0304,7830.0287,NA,13.4277,13.4277
ZoomTracks.exe,23252,0x195FDAD7F80,DXGI,0,512,1,Hardware: Independent Flip,7840.9744,NA,9.53840000000000,9.94520000000000,9.04590000000000,9.17480000000000,9.2663,7840.0066,10.0137,0.9678,9.0459,0.2821,9.8605,0.4467,9.4138,0.0327,7840.0066,NA,NA,NA
ZoomTracks.exe,23252,0x195FDAD7F80,DXGI,0,512,1,Hardware: Independent Flip,7851.2189,NA,10.24450000000000,9.92190000000000,8.79920000000000,8.93480000000000,8.9437,7850.0203,9.9978,1.1986,8.7992,0.1289,10.0045,0.4599,9.5446,0.0918,7850.0203,NA,NA,NA
ZoomTracks.exe,23252,0x195FDAD7F80,DXGI,0,512,1,Hardware: Independent Flip,7860.8577,NA,9.63880000000000,10.12190000000000,9.14830000000000,9.28640000000000,9.4268,7860.0181,9.9879,0.8396,9.1483,0.1356,9.9904,0.4987,9.4917,-0.1241,7860.0181,NA,NA,NA
ZoomTracks.exe,23252,0x195FDAD7F80,DXGI,0,512,1,Hardware: Independent Flip,7870.9697,NA,10.11200000000000,9.93420000000000,9.06680000000000,9.24140000000000,9.2490,7870.0060,10.0305,0.9637,9.0668,0.1381,10.0670,0.4908,9.5762,0.0537,7870.0060,NA,NA,NA
ZoomTracks.exe,23252,0x195FDAD7F80,DXGI,0,512,1,Hardware: Independent Flip,7880.9701,NA,10.00040000000000,9.99580000000000,9.05890000000000,9.23750000000000,9.2444,7880.0365,9.9925,0.9336,9.0589,0.1746,9.9965,0.4986,9.4979,0.0347,7880.0365,NA,NA,NA
ZoomTracks.exe,23252,0x195FDAD7F80,DXGI,0,512,1,Hardware: Independent Flip,7891.0825,NA,10.11240000000000,10.00290000000000,8.93740000000000,9.06590000000000,9.1349,7890.0290,9.9909,1.0535,8.9374,0.1786,9.9408,0.4422,9.4986,-0.0104,7890.0290,NA,13.3364,13.3364
ZoomTracks.exe,23252,0x195FDAD7F80,DXGI,0,512,1,Hardware: Independent Flip,7900.8671,NA,9.78460000000000,10.00600000000000,9.16890000000000,9.34960000000000,9.3563,7900.0199,10.0161,0.8472,9.1689,0.1285,10.0683,0.5030,9.5653,-0.0151,7900.0199,NA,NA,NA
ZoomTracks.exe,23252,0x195FDAD7F80,DXGI,0,512,1,Hardware: Independent Flip,7910.9895,NA,10.12240000000000,9.98220000000000,9.03470000000000,9.14690000000000,9.2161,7910.0360,9.9882,0.9535,9.0347,0.1807,9.9197,0.4295,9.4902,0.0339,7910.0360,NA,12.3283,12.3283
ZoomTracks.exe,23252,0x195FDAD7F80,DXGI,0,512,1,Hardware: Independent Flip,7920.8237,NA,9.83420000000000,10.01910000000000,9.20440000000000,9.39390000000000,9.4010,7920.0242,10.0039,0.7995,9.2044,0.1122,10.0812,0.4994,9.5818,-0.0309,7920.0242,NA,NA,NA
ZoomTracks.exe,23252,0x195FDAD7F80,DXGI,0,512,1,Hardware: Independent Flip,7930.9070,NA,10.08330000000000,10.05290000000000,9.12440000000000,9.27320000000000,9.3706,7930.0281,10.0033,0.8789,9.1244,0.1895,9.9626,0.4728,9.4898,-0.0490,7930.0281,NA,NA,NA
ZoomTracks.exe,23252,0x195FDAD7F80,DXGI,0,512,1,Hardware: Independent Flip,7940.9512,NA,10.04420000000000,9.96900000000000,9.07140000000000,9.28840000000000,9.2954,7940.0314,9.9912,0.9198,9.0714,0.1488,10.0594,0.5960,9.4634,0.0343,7940.0314,NA,NA,NA
ZoomTracks.exe,23252,0x195FDAD7F80,DXGI,0,512,1,Hardware: Independent Flip,7951.1843,NA,10.23310000000000,9.90620000000000,8.81820000000000,8.96040000000000,8.9685,7950.0226,9.9799,1.1617,8.8182,0.2170,9.9051,0.4534,9.4517,0.0850,7950.0226,NA,NA,NA
ZoomTracks.exe,23252,0x195FDAD7F80,DXGI,0,512,1,Hardware: Independent Flip,7960.8637,NA,9.67940000000000,10.04600000000000,9.15760000000000,9.32860000000000,9.3351,7960.0025,10.0188,0.8612,9.1576,0.1422,10.0476,0.5337,9.5139,-0.0661,7960.0025,NA,NA,NA
ZoomTracks.exe,23252,0x195FDAD7F80,DXGI,0,512,1,Hardware: Independent Flip,7970.9489,NA,10.08520000000000,10.03490000000000,9.07130000000000,9.16910000000000,9.2848,7970.0213,9.9989,0.9276,9.0713,0.1710,9.9257,0.3961,9.5296,-0.0161,7970.0213,NA,NA,NA
ZoomTracks.exe,23252,0x195FDAD7F80,DXGI,0,512,1,Hardware: Independent Flip,7981.1788,NA,10.22990000000000,9.98000000000000,8.84630000000000,9.02840000000000,9.0349,7980.0202,10.0049,1.1586,8.8463,0.0978,10.0892,0.5103,9.5789,0.0189,7980.0202,NA,16.3372,16.3372
ZoomTracks.exe,23252,0x195FDAD7F80,DXGI,0,512,1,Hardware: Independent Flip,7990.8948,NA,9.71600000000000,10.04220000000000,9.13020000000000,9.26480000000000,9.3611,7990.0251,9.9999,0.8697,9.1302,0.1821,9.9524,0.4521,9.5003,-0.0373,7990.0251,NA,NA,NA
ZoomTracks.exe,23252,0x195FDAD7F80,DXGI,0,512,1,Hardware: Independent Flip,8000.9826,NA,10.08780000000000,9.92590000000000,9.05420000000000,9.19180000000000,9.1992,8000.0250,10.0118,0.9576,9.0542,0.1346,10.0148,0.5082,9.5066,0.0740,8000.0250,NA,NA,NA
ZoomTracks.exe,23252,0x195FDAD7F80,DXGI,0,512,1,Hardware: Independent Flip,8010.9111,NA,9.92850000000000,10.04290000000000,9.12070000000000,9.30660000000000,9.3136,8010.0368,9.9950,0.8743,9.1207,0.1376,10.0433,0.5543,9.4890,-0.0311,8010.0368,NA,NA,NA
ZoomTracks.exe,23252,0x195FDAD7F80,DXGI,0,512,1,Hardware: Independent Flip,8020.8978,NA,9.98670000000000,9.98610000000000,9.13400000000000,9.30560000000000,9.3130,8020.0318,10.0000,0.8660,9.1340,0.1859,9.9857,0.4866,9.4991,0.0089,8020.0318,NA,NA,NA
ZoomTracks.exe,23252,0x195FDAD7F80,DXGI,0,512,1,Hardware: Independent Flip,8030.9135,NA,10.01570000000000,10.00140000000000,9.10520000000000,9.29000000000000,9.2987,8030.0318,9.9869,0.8817,9.1052,0.1716,10.0001,0.4942,9.5059,-0.0014,8030.0318,NA,NA,NA
ZoomTracks.exe,23252,0x195FDAD7F80,DXGI,0,512,1,Hardware: Independent Flip,8041.1041,NA,10.19060000000000,10.01030000000000,8.90320000000000,9.11140000000000,9.1184,8040.0187,9.9886,1.0854,8.9032,0.1848,10.0120,0.5642,9.4478,-0.0234,8040.0187,NA,17.3503,17.3503
ZoomTracks.exe,23252,0x195FDAD7F80,DXGI,0,512,1,Hardware: Independent Flip,8051.0775,NA,9.97340000000000,10.01630000000000,8.94520000000000,9.15310000000000,9.1613,8050.0073,10.0154,1.0702,8.9452,0.2082,10.0151,0.5783,9.4368,-0.0277,8050.0073,NA,NA,NA
ZoomTracks.exe,23252,0x195FDAD7F80,DXGI,0,512,1,Hardware: Independent Flip,8060.9592,NA,9.88170000000000,9.96260000000000,9.08020000000000,9.23470000000000,9.2422,8060.0227,10.0167,0.9365,9.0802,0.2079,9.9633,0.5437,9.4196,0.0528,8060.0227,NA,NA,NA
ZoomTracks.exe,23252,0x195FDAD7F80,DXGI,0,512,1,Hardware: Independent Flip,8070.8881,NA,9.92890000000000,10.01310000000000,9.13570000000000,9.31990000000000,9.3264,8070.0394,9.9844,0.8487,9.1357,0.1545,10.0141,0.4956,9.5185,0.0036,8070.0394,NA,NA,NA
ZoomTracks.exe,23252,0x195FDAD7F80,DXGI,0,512,1,Hardware: Independent Flip,8080.9060,NA,10.01790000000000,10.02460000000000,9.12180000000000,9.24600000000000,9.3331,8080.0238,10.0040,0.8822,9.1218,0.1842,9.9440,0.4909,9.4531,-0.0402,8080.0238,NA,NA,NA
ZoomTracks.exe,23252,0x195FDAD7F80,DXGI,0,512,1,Hardware: Independent Flip,8090.9004,NA,9.99440000000000,9.97180000000000,9.12540000000000,9.30360000000000,9.3105,8090.0278,9.9980,0.8726,9.1254,0.1242,10.0520,0.4927,9.5593,0.0322,8090.0278,NA,NA,NA
ZoomTracks.exe,23252,0x195FDAD7F80,DXGI,0,512,1,Hardware: Independent Flip,8100.8884,NA,9.98800000000000,9.96990000000000,9.14310000000000,9.21450000000000,9.2924,8100.0258,10.0057,0.8626,9.1431,0.1782,9.8989,0.3936,9.5053,0.0281,8100.0258,NA,NA,NA
ZoomTracks.exe,23252,0x195FDAD7F80,DXGI,0,512,1,Hardware: Independent Flip,8110.9410,NA,10.05260000000000,10.05390000000000,9.08040000000000,9.28610000000000,9.2937,8110.0315,9.9899,0.9095,9.0804,0.0714,10.1242,0.5527,9.5715,-0.0482,8110.0315,NA,NA,NA
ZoomTracks.exe,23252,0x195FDAD7F80,DXGI,0,512,1,Hardware: Independent Flip,8121.2999,NA,10.35890000000000,9.93920000000000,8.74160000000000,8.79990000000000,8.8740,8120.0214,10.0201,1.2785,8.7416,0.2057,9.8727,0.3967,9.4760,0.0507,8120.0214,NA,14.2928,14.2928
ZoomTracks.exe,23252,0x195FDAD7F80,DXGI,0,512,1,Hardware: Independent Flip,8131.0111,NA,9.71120000000000,10.03310000000000,9.00110000000000,9.18950000000000,9.1959,8130.0415,9.9707,0.9696,9.0011,0.0583,10.1008,0.5652,9.5356,-0.0130,8130.0415,NA,NA,NA
ZoomTracks.exe,23252,0x195FDAD7F80,DXGI,0,512,1,Hardware: Independent Flip,8140.8923,NA,9.88120000000000,10.08170000000000,9.12730000000000,9.26850000000000,9.3964,8140.0122,10.0074,0.8801,9.1273,0.1884,9.9602,0.4612,9.4990,-0.1110,8140.0122,NA,NA,NA
ZoomTracks.exe,23252,0x195FDAD7F80,DXGI,0,512,1,Hardware: Independent Flip,8150.9825,NA,10.09020000000000,9.85940000000000,9.03520000000000,9.15950000000000,9.1656,8150.0196,9.9981,0.9629,9.0352,0.1412,9.9812,0.5409,9.4403,0.1480,8150.0196,NA,NA,NA
ZoomTracks.exe,23252,0x195FDAD7F80,DXGI,0,512,1,Hardware: Independent Flip,8160.8765,NA,9.89400000000000,10.11100000000000,9.15730000000000,9.26800000000000,9.3826,8160.0177,10.0161,0.8588,9.1573,0.1243,10.0025,0.4254,9.5771,-0.1129,8160.0177,NA,NA,NA
ZoomTracks.exe,23252,0x195FDAD7F80,DXGI,0,512,1,Hardware: Independent Flip,8170.9563,NA,10.07980000000000,9.97660000000000,9.06770000000000,9.20440000000000,9.2794,8170.0338,9.9902,0.9225,9.0677,0.1107,10.0162,0.4335,9.5827,0.0395,8170.0338,NA,NA,NA
ZoomTracks.exe,23252,0x195FDAD7F80,DXGI,0,512,1,Hardware: Independent Flip,8180.8908,NA,9.93450000000000,9.96840000000000,9.12320000000000,9.30700000000000,9.3133,8180.0240,9.9900,0.8668,9.1232,0.1367,10.0371,0.4871,9.5500,0.0218,8180.0240,NA,NA,NA
ZoomTracks.exe,23252,0x195FDAD7F80,DXGI,0,512,1,Hardware: Independent Flip,8190.8548,NA,9.96400000000000,10.01740000000000,9.16080000000000,9.28930000000000,9.3667,8190.0140,10.0016,0.8408,9.1608,0.1838,9.9463,0.4961,9.4502,-0.0274,8190.0140,NA,NA,NA
ZoomTracks.exe,23252,0x195FDAD7F80,DXGI,0,512,1,Hardware: Independent Flip,8200.9589,NA,10.10410000000000,9.99880000000000,9.06070000000000,9.25450000000000,9.2614,8200.0156,10.0040,0.9433,9.0607,0.1285,10.0693,0.4891,9.5802,0.0028,8200.0156,NA,NA,NA
ZoomTracks.exe,23252,0x195FDAD7F80,DXGI,0,512,1,Hardware: Independent Flip,8211.0130,NA,10.05410000000000,9.99650000000000,9.00830000000000,9.12830000000000,9.2038,8210.0196,10.0017,0.9934,9.0083,0.1938,9.9279,0.4413,9.4866,0.0075,8210.0196,NA,16.3348,16.3348
ZoomTracks.exe,23252,0x195FDAD7F80,DXGI,0,512,1,Hardware: Independent Flip,8220.9453,NA,9.93230000000000,9.99630000000000,9.06450000000000,9.26010000000000,9.2678,8220.0213,9.9885,0.9240,9.0645,0.1200,10.0641,0.5625,9.5016,0.0054,8220.0213,NA,NA,NA
ZoomTracks.exe,23252,0x195FDAD7F80,DXGI,0,512,1,Hardware: Independent Flip,8230.8658,NA,9.92050000000000,10.00780000000000,9.15050000000000,9.27910000000000,9.3551,8230.0098,10.0065,0.8560,9.1505,0.1956,9.9395,0.4245,9.5150,-0.0193,8230.0098,NA,NA,NA
ZoomTracks.exe,23252,0x195FDAD7F80,DXGI,0,512,1,Hardware: Independent Flip,8240.8849,NA,10.01910000000000,9.98820000000000,9.13510000000000,9.31770000000000,9.3242,8240.0163,10.0037,0.8686,9.1351,0.1286,10.0577,0.4923,9.5654,0.0183,8240.0163,NA,NA,NA
ZoomTracks.exe,23252,0x195FDAD7F80,DXGI,0,512,1,Hardware: Independent Flip,8251.0880,NA,10.20310000000000,10.00590000000000,8.92810000000000,9.05440000000000,9.1270,8250.0200,9.9961,1.0680,8.9281,0.1826,9.9398,0.5707,9.3691,-0.0022,8250.0200,NA,NA,NA
ZoomTracks.exe,23252,0x195FDAD7F80,DXGI,0,512,1,Hardware: Independent Flip,8260.9398,NA,9.85180000000000,10.00320000000000,9.08060000000000,9.27190000000000,9.2784,8260.0161,10.0043,0.9237,9.0806,0.1263,10.0693,0.4968,9.5725,-0.0071,8260.0161,NA,NA,NA
ZoomTracks.exe,23252,0x195FDAD7F80,DXGI,0,512,1,Hardware: Independent Flip,8270.9407,NA,10.00090000000000,9.93680000000000,9.09770000000000,9.14970000000000,9.2143,8270.0204,10.0180,0.9203,9.0977,0.1913,9.8787,0.3684,9.5103,0.0675,8270.0204,NA,NA,NA
ZoomTracks.exe,23252,0x195FDAD7F80,DXGI,0,512,1,Hardware: Independent Flip,8281.1010,NA,10.16030000000000,10.06620000000000,8.92620000000000,9.11270000000000,9.1202,8280.0384,9.9888,1.0626,8.9262,0.0520,10.1233,0.5165,9.6068,-0.0482,8280.0384,NA,13.3314,13.3314
ZoomTracks.exe,23252,0x195FDAD7F80,DXGI,0,512,1,Hardware: Independent Flip,8291.2228,NA,10.12180000000000,10.05090000000000,8.78590000000000,8.91700000000000,9.0493,8290.0272,9.9815,1.1956,8.7859,0.1865,9.9261,0.4977,9.4284,-0.0621,8290.0272,NA,11.3993,11.3993
ZoomTracks.exe,23252,0x195FDAD7F80,DXGI,0,512,1,Hardware: Independent Flip,8301.1372,NA,9.91440000000000,9.88390000000000,8.88780000000000,9.01250000000000,9.0188,8300.0087,10.0163,1.1285,8.8878,0.1311,10.0099,0.4560,9.5539,0.0976,8300.0087,NA,NA,NA
ZoomTracks.exe,23252,0x195FDAD7F80,DXGI,0,512,1,Hardware: Independent Flip,8310.9672,NA,9.83000000000000,10.05350000000000,9.04230000000000,9.23530000000000,9.2423,8310.0250,9.9845,0.9422,9.0423,0.1247,10.0528,0.5570,9.4958,-0.0372,8310.0250,NA,NA,NA
ZoomTracks.exe,23252,0x195FDAD7F80,DXGI,0,512,1,Hardware: Independent Flip,8320.8987,NA,9.93150000000000,9.98000000000000,9.12270000000000,9.28250000000000,9.2908,8320.0095,10.0119,0.8892,9.1227,0.1930,9.9787,0.4546,9.5241,0.0045,8320.0095,NA,NA,NA
ZoomTracks.exe,23252,0x195FDAD7F80,DXGI,0,512,1,Hardware: Independent Flip,8330.8418,NA,9.94310000000000,10.03630000000000,9.20330000000000,9.37730000000000,9.3840,8330.0214,10.0237,0.8204,9.2033,0.1598,10.0379,0.4925,9.5454,-0.0244,8330.0214,NA,NA,NA
ZoomTracks.exe,23252,0x195FDAD7F80,DXGI,0,512,1,Hardware: Independent Flip,8341.0408,NA,10.19900000000000,9.98480000000000,8.98470000000000,9.16280000000000,9.1698,8340.0451,9.9804,0.9957,8.9847,0.1740,9.9845,0.4884,9.4961,0.0389,8340.0451,NA,NA,NA
ZoomTracks.exe,23252,0x195FDAD7F80,DXGI,0,512,1,Hardware: Independent Flip,8350.9717,NA,9.93090000000000,10.01060000000000,9.05390000000000,9.24200000000000,9.2495,8350.0255,10.0001,0.9462,9.0539,0.1781,10.0101,0.4997,9.5104,-0.0302,8350.0255,NA,NA,NA
ZoomTracks.exe,23252,0x195FDAD7F80,DXGI,0,512,1,Hardware: Independent Flip,8361.0492,NA,10.07750000000000,10.01830000000000,8.97240000000000,9.10510000000000,9.1903,8360.0256,9.9960,1.0236,8.9724,0.1881,9.9406,0.5047,9.4359,-0.0182,8360.0256,NA,NA,NA
ZoomTracks.exe,23252,0x195FDAD7F80,DXGI,0,512,1,Hardware: Independent Flip,8371.0923,NA,10.04310000000000,9.99170000000000,8.93110000000000,9.13190000000000,9.1389,8370.0216,10.0018,1.0707,8.9311,0.1327,10.0699,0.5024,9.5675,0.0043,8370.0216,NA,11.3730,11.3730
ZoomTracks.exe,23252,0x195FDAD7F80,DXGI,0,512,1,Hardware: Independent Flip,8380.9596,NA,9.86730000000000,10.04950000000000,9.07220000000000,9.23160000000000,9.3211,8380.0234,10.0084,0.9362,9.0722,0.2008,9.9670,0.5443,9.4227,-0.0477,8380.0234,NA,NA,NA
ZoomTracks.exe,23252,0x195FDAD7F80,DXGI,0,512,1,Hardware: Independent Flip,8390.9848,NA,10.02520000000000,9.95430000000000,9.02950000000000,9.23940000000000,9.2502,8390.0318,9.9825,0.9530,9.0295,0.1594,10.0330,0.5621,9.4709,0.0541,8390.0318,NA,NA,NA
ZoomTracks.exe,23252,0x195FDAD7F80,DXGI,0,512,1,Hardware: Independent Flip,8400.9322,NA,9.94740000000000,9.92260000000000,9.08630000000000,9.15670000000000,9.2254,8400.0143,10.0042,0.9179,9.0863,0.2099,9.8647,0.3753,9.4894,0.0599,8400.0143,NA,NA,NA
ZoomTracks.exe,23252,0x195FDAD7F80,DXGI,0,512,1,Hardware: Independent Flip,8410.8351,NA,9.90290000000000,10.04930000000000,9.18360000000000,9.36530000000000,9.3718,8410.0185,10.0002,0.8166,9.1836,0.0704,10.1115,0.5586,9.5529,-0.0451,8410.0185,NA,NA,NA
ZoomTracks.exe,23252,0x195FDAD7F80,DXGI,0,512,1,Hardware: Independent Flip,8420.9128,NA,10.07770000000000,9.97510000000000,9.11460000000000,9.25970000000000,9.2692,8420.0187,10.0087,0.8941,9.1146,0.1817,9.9721,0.4527,9.5194,0.0251,8420.0187,NA,NA,NA
ZoomTracks.exe,23252,0x195FDAD7F80,DXGI,0,512,1,Hardware: Independent Flip,8431.0240,NA,10.11120000000000,10.02530000000000,8.98410000000000,9.17680000000000,9.1833,8430.0274,9.9807,0.9966,8.9841,0.1451,10.0283,0.5655,9.4628,-0.0166,8430.0274,NA,NA,NA
ZoomTracks.exe,23252,0x195FDAD7F80,DXGI,0,512,1,Hardware: Independent Flip,8440.8518,NA,9.82780000000000,10.09640000000000,9.17230000000000,9.33870000000000,9.4519,8440.0081,10.0160,0.8437,9.1723,0.1927,9.9897,0.4789,9.5108,-0.1157,8440.0081,NA,NA,NA
ZoomTracks.exe,23252,0x195FDAD7F80,DXGI,0,512,1,Hardware: Independent Flip,8450.9708,NA,10.11900000000000,9.91420000000000,9.06890000000000,9.23870000000000,9.2471,8450.0241,10.0156,0.9467,9.0689,0.1664,10.0190,0.5712,9.4478,0.1018,8450.0241,NA,NA,NA
ZoomTracks.exe,23252,0x195FDAD7F80,DXGI,0,512,1,Hardware: Independent Flip,8461.3507,NA,10.37990000000000,10.00160000000000,8.66200000000000,8.78460000000000,8.8688,8460.0397,9.9730,1.3110,8.6620,0.1698,9.9258,0.5029,9.4229,0.0140,8460.0397,NA,15.3236,15.3236
ZoomTracks.exe,23252,0x195FDAD7F80,DXGI,0,512,1,Hardware: Independent Flip,8471.2091,NA,9.85840000000000,9.97360000000000,8.83570000000000,8.97740000000000,8.9840,8470.0127,10.0321,1.1964,8.8357,0.1226,10.0512,0.4604,9.5908,-0.0006,8470.0127,NA,14.3041,14.3041
ZoomTracks.exe,23252,0x195FDAD7F80,DXGI,0,512,1,Hardware: Independent Flip,8480.9781,NA,9.76900000000000,9.98510000000000,9.02200000000000,9.19220000000000,9.2001,8480.0448,9.9553,0.9333,9.0220,0.1417,9.9838,0.5251,9.4587,0.0470,8480.0448,NA,NA,NA
ZoomTracks.exe,23252,0x195FDAD7F80,DXGI,0,512,1,Hardware: Independent Flip,8490.9122,NA,9.93410000000000,10.03770000000000,9.10900000000000,9.29620000000000,9.3037,8490.0001,10.0211,0.9121,9.1090,0.1702,10.0381,0.5143,9.5238,-0.0824,8490.0001,NA,NA,NA
ZoomTracks.exe,23252,0x195FDAD7F80,DXGI,0,512,1,Hardware: Independent Flip,8500.8966,NA,9.98440000000000,10.01890000000000,9.12840000000000,9.33060000000000,9.3382,8500.0212,10.0038,0.8754,9.1284,0.1872,10.0188,0.6173,9.4015,0.0022,8500.0212,NA,NA,NA
ZoomTracks.exe,23252,0x195FDAD7F80,DXGI,0,512,1,Hardware: Independent Flip,8510.9547,NA,10.05810000000000,9.97670000000000,9.07140000000000,9.24990000000000,9.2568,8510.0250,10.0011,0.9297,9.0714,0.2022,9.9774,0.4864,9.4910,0.0271,8510.0250,NA,NA,NA
ZoomTracks.exe,23252,0x195FDAD7F80,DXGI,0,512,1,Hardware: Independent Flip,8521.0075,NA,10.05280000000000,10.01940000000000,9.00170000000000,9.21680000000000,9.2234,8520.0261,9.9831,0.9814,9.0017,0.1785,10.0197,0.5616,9.4581,-0.0183,8520.0261,NA,NA,NA
ZoomTracks.exe,23252,0x195FDAD7F80,DXGI,0,512,1,Hardware: Independent Flip,8531.0112,NA,10.00370000000000,9.98980000000000,9.00300000000000,9.13570000000000,9.2095,8530.0092,10.0050,1.0020,9.0030,0.2151,9.9226,0.4270,9.4956,-0.0067,8530.0092,NA,NA,NA
ZoomTracks.exe,23252,0x195FDAD7F80,DXGI,0,512,1,Hardware: Independent Flip,8541.0144,NA,10.00320000000000,10.00370000000000,9.01440000000000,9.20160000000000,9.2100,8540.0142,10.0146,1.0002,9.0144,0.1327,10.0691,0.5827,9.4864,0.0013,8540.0142,NA,13.3095,13.3095
ZoomTracks.exe,23252,0x195FDAD7F80,DXGI,0,512,1,Hardware: Independent Flip,8550.9748,NA,9.96040000000000,9.93600000000000,9.04750000000000,9.10360000000000,9.1856,8550.0288,9.9935,0.9460,9.0475,0.1872,9.8624,0.4406,9.4218,0.0786,8550.0288,NA,15.2774,15.2774
ZoomTracks.exe,23252,0x195FDAD7F80,DXGI,0,512,1,Hardware: Independent Flip,8560.9149,NA,9.94010000000000,10.05160000000000,9.11100000000000,9.29080000000000,9.2971,8560.0223,10.0036,0.8926,9.1110,0.0561,10.1273,0.4751,9.6522,-0.0581,8560.0223,NA,NA,NA
ZoomTracks.exe,23252,0x195FDAD7F80,DXGI,0,512,1,Hardware: Independent Flip,8570.9423,NA,10.02740000000000,10.04840000000000,9.08470000000000,9.17370000000000,9.3181,8570.0259,10.0011,0.9164,9.0847,0.1798,9.9103,0.4045,9.5058,-0.0448,8570.0259,NA,NA,NA
ZoomTracks.exe,23252,0x195FDAD7F80,DXGI,0,512,1,Hardware: Independent Flip,8581.0575,NA,10.11520000000000,9.95630000000000,8.96590000000000,9.15110000000000,9.1592,8580.0270,9.9964,1.0305,8.9659,0.0890,10.0926,0.5556,9.5370,0.0448,8580.0270,NA,NA,NA
ZoomTracks.exe,23252,0x195FDAD7F80,DXGI,0,512,1,Hardware: Independent Flip,8590.9020,NA,9.84450000000000,10.04520000000000,9.11980000000000,9.28460000000000,9.3599,8590.0234,9.9984,0.8786,9.1198,0.1852,9.9780,0.4657,9.5123,-0.0488,8590.0234,NA,NA,NA
ZoomTracks.exe,23252,0x195FDAD7F80,DXGI,0,512,1,Hardware: Independent Flip,8601.0539,NA,10.15190000000000,9.92610000000000,8.96820000000000,9.12540000000000,9.1341,8600.0218,10.0003,1.0321,8.9682,0.1648,9.9927,0.4916,9.5011,0.0723,8600.0218,NA,NA,NA
ZoomTracks.exe,23252,0x195FDAD7F80,DXGI,0,512,1,Hardware: Independent Flip,8611.0820,NA,10.02810000000000,10.07250000000000,8.94090000000000,9.16890000000000,9.1785,8610.0221,10.0008,1.0599,8.9409,0.1572,10.0716,0.5621,9.5095,-0.0722,8610.0221,NA,NA,NA
ZoomTracks.exe,23252,0x195FDAD7F80,DXGI,0,512,1,Hardware: Independent Flip,8621.0124,NA,9.93040000000000,9.96880000000000,9.01400000000000,9.20970000000000,9.2169,8620.0229,10.0035,0.9895,9.0140,0.2280,9.9712,0.6512,9.3200,0.0320,8620.0229,NA,NA,NA
ZoomTracks.exe,23252,0x195FDAD7F80,DXGI,0,512,1,Hardware: Independent Flip,8631.1763,NA,10.16390000000000,9.97800000000000,8.84960000000000,9.02460000000000,9.0310,8630.0264,9.9995,1.1499,8.8496,0.1957,9.9788,0.5044,9.4744,0.0255,8630.0264,NA,18.3568,18.3568
ZoomTracks.exe,23252,0x195FDAD7F80,DXGI,0,512,1,Hardware: Independent Flip,8640.8698,NA,9.69350000000000,10.02820000000000,9.13460000000000,9.27660000000000,9.3657,8640.0259,9.9785,0.8439,9.1346,0.1750,9.9455,0.4365,9.5090,-0.0287,8640.0259,NA,NA,NA
ZoomTracks.exe,23252,0x195FDAD7F80,DXGI,0,512,1,Hardware: Independent Flip,8650.8988,NA,10.02900000000000,9.98490000000000,9.12650000000000,9.31420000000000,9.3216,8650.0044,10.0209,0.8944,9.1265,0.1420,10.0666,0.5026,9.5640,-0.0064,8650.0044,NA,NA,NA
ZoomTracks.exe,23252,0x195FDAD7F80,DXGI,0,512,1,Hardware: Independent Flip,8661.2102,NA,10.31140000000000,10.01630000000000,8.81100000000000,8.94170000000000,9.0265,8660.0253,9.9959,1.1849,8.8110,0.1877,9.9389,0.4571,9.4818,0.0046,8660.0253,NA,18.3684,18.3684
ZoomTracks.exe,23252,0x195FDAD7F80,DXGI,0,512,1,Hardware: Independent Flip,8670.8837,NA,9.67350000000000,9.99130000000000,9.14180000000000,9.33610000000000,9.3443,8670.0212,10.0043,0.8625,9.1418,0.1307,10.0679,0.5110,9.5569,0.0046,8670.0212,NA,NA,NA
ZoomTracks.exe,23252,0x195FDAD7F80,DXGI,0,512,1,Hardware: Independent Flip,8680.9619,NA,10.07820000000000,10.01000000000000,9.04720000000000,9.26970000000000,9.2761,8680.0255,9.9836,0.9364,9.0472,0.1943,10.0118,0.5921,9.4197,-0.0057,8680.0255,NA,NA,NA
ZoomTracks.exe,23252,0x195FDAD7F80,DXGI,0,512,1,Hardware: Independent Flip,8690.9447,NA,9.98280000000000,9.98840000000000,9.08550000000000,9.27300000000000,9.2817,8690.0091,10.0211,0.9356,9.0855,0.2225,9.9861,0.5249,9.4612,-0.0048,8690.0091,NA,NA,NA
ZoomTracks.exe,23252,0x195FDAD7F80,DXGI,0,512,1,Hardware: Independent Flip,8700.9354,NA,9.99070000000000,9.98360000000000,9.08760000000000,9.26690000000000,9.2746,8700.0302,9.9928,0.9052,9.0876,0.1875,9.9846,0.5180,9.4666,0.0375,8700.0302,NA,NA,NA
ZoomTracks.exe,23252,0x195FDAD7F80,DXGI,0,512,1,Hardware: Independent Flip,8711.0271,NA,10.09170000000000,9.99940000000000,8.99970000000000,9.17580000000000,9.1823,8710.0230,10.0038,1.0041,8.9997,0.1793,10.0006,0.4829,9.5177,-0.0066,8710.0230,NA,NA,NA
ZoomTracks.exe,23252,0x195FDAD7F80,DXGI,0,512,1,Hardware: Independent Flip,8721.0401,NA,10.01300000000000,9.95020000000000,9.00620000000000,9.05890000000000,9.1195,8720.0268,10.0195,1.0133,9.0062,0.1761,9.8961,0.3714,9.5247,0.0536,8720.0268,NA,18.2901,18.2901
ZoomTracks.exe,23252,0x195FDAD7F80,DXGI,0,512,1,Hardware: Independent Flip,8730.8830,NA,9.84290000000000,10.13810000000000,9.14290000000000,9.40760000000000,9.4147,8730.0463,9.9796,0.8367,9.1429,0.0527,10.1916,0.6440,9.5476,-0.1186,8730.0463,NA,16.4311,16.4311
ZoomTracks.exe,23252,0x195FDAD7F80,DXGI,0,512,1,Hardware: Independent Flip,8740.9934,NA,10.11040000000000,9.92870000000000,9.02640000000000,9.22490000000000,9.2330,8740.0259,9.9939,0.9675,9.0264,0.2647,9.9277,0.5936,9.3341,0.0509,8740.0259,NA,NA,NA
ZoomTracks.exe,23252,0x195FDAD7F80,DXGI,0,512,1,Hardware: Independent Flip,8750.9321,NA,9.93870000000000,9.90730000000000,9.06970000000000,9.19550000000000,9.2016,8750.0198,9.9820,0.9123,9.0697,0.1985,9.9093,0.5327,9.3766,0.0866,8750.0198,NA,NA,NA
ZoomTracks.exe,23252,0x195FDAD7F80,DXGI,0,512,1,Hardware: Independent Flip,8760.8670,NA,9.93490000000000,10.18680000000000,9.14670000000000,9.27940000000000,9.4535,8760.0018,10.0119,0.8652,9.1467,0.1258,10.0188,0.4451,9.5737,-0.2048,8760.0018,NA,NA,NA
ZoomTracks.exe,23252,0x195FDAD7F80,DXGI,0,512,1,Hardware: Independent Flip,8771.0715,NA,10.20450000000000,9.87820000000000,8.93540000000000,9.11910000000000,9.1272,8770.0137,9.9932,1.0578,8.9354,0.1327,10.0442,0.4673,9.5769,0.1337,8770.0137,NA,NA,NA
ZoomTracks.exe,23252,0x195FDAD7F80,DXGI,0,512,1,Hardware: Independent Flip,8780.8420,NA,9.77050000000000,10.02490000000000,9.18120000000000,9.37530000000000,9.3816,8780.0069,10.0163,0.8351,9.1812,0.1837,10.0267,0.4977,9.5290,-0.0317,8780.0069,NA,NA,NA
ZoomTracks.exe,23252,0x195FDAD7F80,DXGI,0,512,1,Hardware: Independent Flip,8790.9692,NA,10.12720000000000,10.04790000000000,9.10790000000000,9.17680000000000,9.3023,8790.0232,10.0539,0.9460,9.1079,0.1941,9.9287,0.4344,9.4943,-0.0316,8790.0232,NA,NA,NA
ZoomTracks.exe,23252,0x195FDAD7F80,DXGI,0,512,1,Hardware: Independent Flip,8801.3137,NA,10.34450000000000,9.93620000000000,8.69640000000000,8.88710000000000,8.8940,8800.0771,9.9330,1.2366,8.6964,0.0689,10.0548,0.5560,9.4988,0.1177,8800.0771,NA,10.3386,10.3386
ZoomTracks.exe,23252,0x195FDAD7F80,DXGI,0,512,1,Hardware: Independent Flip,8810.8754,NA,9.56170000000000,10.00520000000000,9.14690000000000,9.26520000000000,9.3375,8810.0101,10.0122,0.8653,9.1469,0.1907,9.9398,0.4277,9.5121,-0.0722,8810.0101,NA,NA,NA
ZoomTracks.exe,23252,0x195FDAD7F80,DXGI,0,512,1,Hardware: Independent Flip,8820.8739,NA,9.99850000000000,10.03730000000000,9.14650000000000,9.36600000000000,9.3763,8820.0223,9.9981,0.8516,9.1465,0.1183,10.0993,0.5336,9.5657,-0.0251,8820.0223,NA,NA,NA
ZoomTracks.exe,23252,0x195FDAD7F80,DXGI,0,512,1,Hardware: Independent Flip,8830.9175,NA,10.04360000000000,10.01100000000000,9.10210000000000,9.25760000000000,9.3437,8830.0204,9.9992,0.8971,9.1021,0.2195,9.9352,0.5194,9.4158,-0.0129,8830.0204,NA,NA,NA
ZoomTracks.exe,23252,0x195FDAD7F80,DXGI,0,512,1,Hardware: Independent Flip,8840.8872,NA,9.96970000000000,9.93660000000000,9.14230000000000,9.30390000000000,9.3106,8840.0196,10.0099,0.8676,9.1423,0.1555,10.0160,0.4886,9.5274,0.0626,8840.0196,NA,NA,NA
ZoomTracks.exe,23252,0x195FDAD7F80,DXGI,0,512,1,Hardware: Independent Flip,8851.2104,NA,10.32320000000000,9.95820000000000,8.82740000000000,8.88350000000000,8.9456,8850.0295,10.0083,1.1809,8.8274,0.1616,9.9028,0.4451,9.4577,0.0517,8850.0295,NA,18.2798,18.2798
ZoomTracks.exe,23252,0x195FDAD7F80,DXGI,0,512,1,Hardware: Independent Flip,8860.9096,NA,9.69920000000000,10.04530000000000,9.11030000000000,9.28520000000000,9.2917,8860.0378,9.9821,0.8718,9.1103,0.0561,10.1009,0.4679,9.6330,-0.0370,8860.0378,NA,NA,NA
ZoomTracks.exe,23252,0x195FDAD7F80,DXGI,0,512,1,Hardware: Independent Flip,8871.0044,NA,10.09480000000000,10.03980000000000,9.01610000000000,9.15060000000000,9.2367,8870.0199,10.0006,0.9845,9.0161,0.1749,9.9602,0.4878,9.4724,-0.0577,8870.0199,NA,NA,NA
ZoomTracks.exe,23252,0x195FDAD7F80,DXGI,0,512,1,Hardware: Independent Flip,8881.0842,NA,10.07980000000000,9.97250000000000,8.93790000000000,9.12220000000000,9.1294,8880.0205,10.0016,1.0637,8.9379,0.1345,10.0514,0.5016,9.5498,0.0281,8880.0205,NA,16.3342,16.3342
ZoomTracks.exe,23252,0x195FDAD7F80,DXGI,0,512,1,Hardware: Independent Flip,8891.0386,NA,9.95440000000000,9.99090000000000,8.98080000000000,9.15910000000000,9.1659,8890.0221,9.9973,1.0165,8.9808,0.1843,9.9913,0.4899,9.5014,0.0107,8890.0221,NA,17.3402,17.3402
ZoomTracks.exe,23252,0x195FDAD7F80,DXGI,0,512,1,Hardware: Independent Flip,8900.8821,NA,9.84350000000000,10.02020000000000,9.14470000000000,9.33520000000000,9.3426,8900.0194,10.0074,0.8627,9.1447,0.1783,10.0196,0.5107,9.5089,-0.0229,8900.0194,NA,NA,NA
ZoomTracks.exe,23252,0x195FDAD7F80,DXGI,0,512,1,Hardware: Independent Flip,8910.9287,NA,10.04660000000000,9.99810000000000,9.08170000000000,9.22080000000000,9.2941,8910.0268,9.9836,0.9019,9.0817,0.1905,9.9322,0.4999,9.4323,0.0093,8910.0268,NA,NA,NA
ZoomTracks.exe,23252,0x195FDAD7F80,DXGI,0,512,1,Hardware: Independent Flip,8920.9985,NA,10.06980000000000,10.00390000000000,9.03290000000000,9.21890000000000,9.2282,8920.0104,10.0210,0.9881,9.0329,0.1391,10.0679,0.4980,9.5699,-0.0203,8920.0104,NA,NA,NA
ZoomTracks.exe,23252,0x195FDAD7F80,DXGI,0,512,1,Hardware: Independent Flip,8930.9205,NA,9.92200000000000,10.00440000000000,9.08410000000000,9.23210000000000,9.3106,8930.0314,9.9732,0.8891,9.0841,0.1860,9.9352,0.5246,9.4106,0.0166,8930.0314,NA,NA,NA
ZoomTracks.exe,23252,0x195FDAD7F80,DXGI,0,512,1,Hardware: Independent Flip,8940.8807,NA,9.96020000000000,9.99540000000000,9.13450000000000,9.33880000000000,9.3458,8940.0046,10.0106,0.8761,9.1345,0.1480,10.0669,0.5119,9.5550,-0.0222,8940.0046,NA,NA,NA
ZoomTracks.exe,23252,0x195FDAD7F80,DXGI,0,512,1,Hardware: Independent Flip,8950.9122,NA,10.03150000000000,10.02200000000000,9.11920000000000,9.24520000000000,9.3363,8950.0152,10.0162,0.8970,9.1192,0.2043,9.9379,0.4933,9.4446,-0.0114,8950.0152,NA,NA,NA
ZoomTracks.exe,23252,0x195FDAD7F80,DXGI,0,512,1,Hardware: Independent Flip,8961.1925,NA,10.28030000000000,9.96420000000000,8.82620000000000,9.01380000000000,9.0202,8960.0314,9.9873,1.1611,8.8262,0.1260,10.0489,0.5134,9.5355,0.0520,8960.0314,NA,NA,NA
ZoomTracks.exe,23252,0x195FDAD7F80,DXGI,0,512,1,Hardware: Independent Flip,8971.3839,NA,10.19140000000000,10.00740000000000,8.62400000000000,8.82890000000000,8.8362,8970.0187,9.9892,1.3652,8.6240,0.1876,10.0065,0.5175,9.4890,-0.0201,8970.0187,NA,10.3679,10.3679
ZoomTracks.exe,23252,0x195FDAD7F80,DXGI,0,512,1,Hardware: Independent Flip,8980.9114,NA,9.52750000000000,10.02800000000000,9.10870000000000,9.33040000000000,9.3367,8980.0079,10.0122,0.9035,9.1087,0.2049,10.0290,0.5288,9.5002,-0.0388,8980.0079,NA,NA,NA
ZoomTracks.exe,23252,0x195FDAD7F80,DXGI,0,512,1,Hardware: Independent Flip,8990.9175,NA,10.00610000000000,9.98270000000000,9.09810000000000,9.23020000000000,9.3133,8990.0201,9.9955,0.8974,9.0981,0.2217,9.9059,0.5032,9.4027,0.0295,8990.0201,NA,NA,NA
ZoomTracks.exe,23252,0x195FDAD7F80,DXGI,0,512,1,Hardware: Independent Flip,9000.9490,NA,10.03150000000000,9.97140000000000,9.06850000000000,9.24670000000000,9.2532,9000.0156,10.0019,0.9334,9.0685,0.1321,10.0480,0.4798,9.5682,0.0241,9000.0156,NA,NA,NA
ZoomTracks.exe,23252,0x195FDAD7F80,DXGI,0,512,1,Hardware: Independent Flip,9011.0538,NA,10.10480000000000,10.03190000000000,8.96760000000000,9.09640000000000,9.1803,9010.0175,10.0039,1.0363,8.9676,0.1782,9.9545,0.4766,9.4779,-0.0300,9010.0175,NA,NA,NA
ZoomTracks.exe,23252,0x195FDAD7F80,DXGI,0,512,1,Hardware: Independent Flip,9020.9515,NA,9.89770000000000,9.98050000000000,9.06180000000000,9.25490000000000,9.2631,9020.0214,9.9919,0.9301,9.0618,0.1288,10.0562,0.4862,9.5700,0.0234,9020.0214,NA,NA,NA
ZoomTracks.exe,23252,0x195FDAD7F80,DXGI,0,512,1,Hardware: Independent Flip,9030.9359,NA,9.98440000000000,10.00880000000000,9.10490000000000,9.28060000000000,9.2875,9030.0133,10.0275,0.9226,9.1049,0.1931,10.0101,0.4935,9.5166,-0.0169,9030.0133,NA,NA,NA
ZoomTracks.exe,23252,0x195FDAD7F80,DXGI,0,512,1,Hardware: Independent Flip,9040.9040,NA,9.96810000000000,9.99610000000000,9.11570000000000,9.29940000000000,9.3155,9040.0408,9.9789,0.8632,9.1157,0.1757,9.9869,0.4821,9.5048,0.0314,9040.0408,NA,NA,NA
ZoomTracks.exe,23252,0x195FDAD7F80,DXGI,0,512,1,Hardware: Independent Flip,9051.0673,NA,10.16330000000000,9.99010000000000,8.97530000000000,9.07020000000000,9.1423,9050.0197,10.0229,1.0476,8.9753,0.1837,9.9341,0.4943,9.4398,-0.0112,9050.0197,NA,19.3495,19.3495
ZoomTracks.exe,23252,0x195FDAD7F80,DXGI,0,512,1,Hardware: Independent Flip,9061.0357,NA,9.96840000000000,9.99200000000000,8.97050000000000,9.15890000000000,9.1659,9060.0426,9.9636,0.9931,8.9705,0.0949,10.0571,0.4782,9.5789,0.0309,9060.0426,NA,17.3284,17.3284
ZoomTracks.exe,23252,0x195FDAD7F80,DXGI,0,512,1,Hardware: Independent Flip,9070.8333,NA,9.79760000000000,9.98360000000000,9.19780000000000,9.34620000000000,9.3519,9070.0062,10.0249,0.8271,9.1978,0.1884,9.9849,0.4636,9.5213,-0.0200,9070.0062,NA,NA,NA
ZoomTracks.exe,23252,0x195FDAD7F80,DXGI,0,512,1,Hardware: Independent Flip,9080.9426,NA,10.10930000000000,10.08120000000000,9.05200000000000,9.30990000000000,9.3238,9080.0311,9.9635,0.9115,9.0520,0.1484,10.0730,0.5418,9.5312,-0.0563,9080.0311,NA,NA,NA
ZoomTracks.exe,23252,0x195FDAD7F80,DXGI,0,512,1,Hardware: Independent Flip,9090.9411,NA,9.99850000000000,10.00990000000000,9.08240000000000,9.23370000000000,9.3352,9089.9946,10.0289,0.9465,9.0824,0.2579,9.9223,0.4714,9.4509,-0.0464,9089.9946,NA,NA,NA
ZoomTracks.exe,23252,0x195FDAD7F80,DXGI,0,512,1,Hardware: Independent Flip,9101.0592,NA,10.11810000000000,9.93050000000000,8.95870000000000,9.14060000000000,9.1476,9100.0235,9.9944,1.0357,8.9587,0.1513,10.0250,0.5437,9.4813,0.0984,9100.0235,NA,NA,NA
ZoomTracks.exe,23252,0x195FDAD7F80,DXGI,0,512,1,Hardware: Independent Flip,9110.9241,NA,9.86490000000000,9.99610000000000,9.09420000000000,9.20900000000000,9.2788,9110.0179,10.0004,0.9062,9.0942,0.1819,9.9333,0.4199,9.5134,-0.0017,9110.0179,NA,NA,NA
ZoomTracks.exe,23252,0x195FDAD7F80,DXGI,0,512,1,Hardware: Independent Flip,9121.5157,NA,10.59160000000000,10.01100000000000,8.50080000000000,8.69030000000000,8.6982,9120.0183,9.9982,1.4974,8.5008,0.1148,10.0729,0.6520,9.4209,-0.0106,9120.0183,NA,14.3234,14.3234
ZoomTracks.exe,23252,0x195FDAD7F80,DXGI,0,512,1,Hardware: Independent Flip,9130.9142,NA,9.39850000000000,10.03570000000000,9.11190000000000,9.32630000000000,9.3354,9130.0165,10.0096,0.8977,9.1119,0.1895,10.0345,0.5358,9.4987,-0.0375,9130.0165,NA,NA,NA
ZoomTracks.exe,23252,0x195FDAD7F80,DXGI,0,512,1,Hardware: Independent Flip,9140.8877,NA,9.97350000000000,9.95620000000000,9.13550000000000,9.31130000000000,9.3181,9140.0261,9.9971,0.8616,9.1355,0.2144,9.9585,0.5386,9.4199,0.0534,9140.0261,NA,NA,NA
ZoomTracks.exe,23252,0x195FDAD7F80,DXGI,0,512,1,Hardware: Independent Flip,9150.8358,NA,9.94810000000000,9.94660000000000,9.17780000000000,9.30780000000000,9.3166,9150.0232,9.9904,0.8126,9.1778,0.1758,9.9446,0.4319,9.5127,0.0505,9150.0232,NA,NA,NA
ZoomTracks.exe,23252,0x195FDAD7F80,DXGI,0,512,1,Hardware: Independent Flip,9160.8627,NA,10.02690000000000,10.05230000000000,9.14380000000000,9.33460000000000,9.3420,9160.0136,9.9929,0.8491,9.1438,0.1300,10.0537,0.4787,9.5750,-0.0619,9160.0136,NA,NA,NA
ZoomTracks.exe,23252,0x195FDAD7F80,DXGI,0,512,1,Hardware: Independent Flip,9171.0488,NA,10.18610000000000,9.98940000000000,8.95910000000000,9.03470000000000,9.1453,9170.0065,10.0014,1.0423,8.9591,0.1908,9.8862,0.4686,9.4176,0.0035,9170.0065,NA,NA,NA
ZoomTracks.exe,23252,0x195FDAD7F80,DXGI,0,512,1,Hardware: Independent Flip,9181.1325,NA,10.08370000000000,10.04730000000000,8.89410000000000,9.09950000000000,9.1089,9180.0079,10.0187,1.1246,8.8941,0.0756,10.1485,0.5322,9.6163,-0.0459,9180.0079,NA,19.3747,19.3747
ZoomTracks.exe,23252,0x195FDAD7F80,DXGI,0,512,1,Hardware: Independent Flip,9190.9442,NA,9.81170000000000,10.07300000000000,9.07380000000000,9.23070000000000,9.3702,9190.0266,9.9914,0.9176,9.0738,0.2054,9.9429,0.4497,9.4932,-0.0543,9190.0266,NA,NA,NA
ZoomTracks.exe,23252,0x195FDAD7F80,DXGI,0,512,1,Hardware: Independent Flip,9201.1276,NA,10.18340000000000,9.90450000000000,8.89770000000000,9.01990000000000,9.0913,9200.0180,10.0073,1.1096,8.8977,0.1569,9.9726,0.4393,9.5333,0.0869,9200.0180,NA,NA,NA
ZoomTracks.exe,23252,0x195FDAD7F80,DXGI,0,512,1,Hardware: Independent Flip,9210.9344,NA,9.80680000000000,9.99690000000000,9.11090000000000,9.27580000000000,9.2814,9210.0253,10.0200,0.9091,9.1109,0.1222,10.0627,0.5753,9.4874,0.0104,9210.0253,NA,NA,NA
ZoomTracks.exe,23252,0x195FDAD7F80,DXGI,0,512,1,Hardware: Independent Flip,9221.0527,NA,10.11830000000000,10.01210000000000,8.98840000000000,9.16760000000000,9.1752,9220.0453,9.9958,1.0074,8.9884,0.1649,10.0101,0.4919,9.5182,0.0079,9220.0453,NA,17.3566,17.3566
ZoomTracks.exe,23252,0x195FDAD7F80,DXGI,0,512,1,Hardware: Independent Flip,9230.8553,NA,9.80260000000000,9.98980000000000,9.23320000000000,9.35660000000000,9.3624,9230.0411,10.0474,0.8142,9.2332,0.1792,9.9916,0.5557,9.4359,0.0060,9230.0411,NA,NA,NA
ZoomTracks.exe,23252,0x195FDAD7F80,DXGI,0,512,1,Hardware: Independent Flip,9240.9842,NA,10.12890000000000,9.99170000000000,9.03630000000000,9.21750000000000,9.2252,9240.0885,9.9320,0.8957,9.0363,0.1234,9.9898,0.4964,9.4934,0.0557,9240.0885,NA,10.3416,10.3416
ZoomTracks.exe,23252,0x195FDAD7F80,DXGI,0,512,1,Hardware: Independent Flip,9250.9073,NA,9.92310000000000,10.01580000000000,9.10760000000000,9.30810000000000,9.3179,9250.0205,9.9944,0.8868,9.1076,0.1812,10.0137,0.5553,9.4584,-0.0838,9250.0205,NA,NA,NA
ZoomTracks.exe,23252,0x195FDAD7F80,DXGI,0,512,1,Hardware: Independent Flip,9260.8889,NA,9.98160000000000,10.00260000000000,9.12240000000000,9.33210000000000,9.3389,9260.0149,9.9964,0.8740,9.1224,0.2005,10.0056,0.5102,9.4954,-0.0082,9260.0149,NA,NA,NA
ZoomTracks.exe,23252,0x195FDAD7F80,DXGI,0,512,1,Hardware: Independent Flip,9270.9387,NA,10.04980000000000,9.99280000000000,9.08180000000000,9.27470000000000,9.2819,9270.0113,10.0092,0.9274,9.0818,0.2097,9.9924,0.4880,9.5044,0.0036,9270.0113,NA,NA,NA
ZoomTracks.exe,23252,0x195FDAD7F80,DXGI,0,512,1,Hardware: Independent Flip,9280.9143,NA,9.97560000000000,10.00520000000000,9.11140000000000,9.30500000000000,9.3115,9280.0205,10.0052,0.8938,9.1114,0.1929,10.0059,0.5137,9.4922,0.0040,9280.0205,NA,NA,NA
ZoomTracks.exe,23252,0x195FDAD7F80,DXGI,0,512,1,Hardware: Independent Flip,9290.9482,NA,10.03390000000000,10.17640000000000,9.07990000000000,9.44560000000000,9.4540,9290.0257,10.0024,0.9225,9.0799,0.1936,10.1745,0.6747,9.4998,-0.1712,9290.0257,NA,NA,NA
ZoomTracks.exe,23252,0x195FDAD7F80,DXGI,0,512,1,Hardware: Independent Flip,9301.0408,NA,10.09260000000000,9.74430000000000,8.99580000000000,9.04360000000000,9.1057,9300.0281,10.0085,1.0127,8.9958,0.3657,9.6906,0.4158,9.2748,0.2581,9300.0281,NA,NA,NA
ZoomTracks.exe,23252,0x195FDAD7F80,DXGI,0,512,1,Hardware: Independent Flip,9311.1007,NA,10.05990000000000,10.06580000000000,8.98130000000000,9.10520000000000,9.1116,9310.0366,10.0454,1.0641,8.9813,0.0478,10.1215,0.4965,9.6250,-0.0573,9310.0366,NA,15.3050,15.3050
ZoomTracks.exe,23252,0x195FDAD7F80,DXGI,0,512,1,Hardware: Independent Flip,9321.1253,NA,10.02460000000000,10.18430000000000,8.90370000000000,9.02430000000000,9.2713,9320.0820,9.9470,1.0433,8.9037,0.1239,9.9437,0.4800,9.4637,-0.1389,9320.0820,NA,10.5288,10.5288
ZoomTracks.exe,23252,0x195FDAD7F80,DXGI,0,512,1,Hardware: Independent Flip,9331.1039,NA,9.97860000000000,9.81750000000000,8.92410000000000,9.10360000000000,9.1102,9330.0290,9.9990,1.0749,8.9241,0.1206,10.0579,0.5000,9.5579,0.1295,9330.0290,NA,NA,NA
ZoomTracks.exe,23252,0x195FDAD7F80,DXGI,0,512,1,Hardware: Independent Flip,9340.9377,NA,9.83380000000000,10.12520000000000,9.07750000000000,9.21250000000000,9.4016,9340.0280,9.9872,0.9097,9.0775,0.1795,9.9427,0.4310,9.5117,-0.1262,9340.0280,NA,NA,NA
ZoomTracks.exe,23252,0x195FDAD7F80,DXGI,0,512,1,Hardware: Independent Flip,9351.0405,NA,10.10280000000000,9.88710000000000,8.98830000000000,9.17720000000000,9.1859,9350.0152,10.0136,1.0253,8.9883,0.1350,10.0675,0.5704,9.4971,0.1001,9350.0152,NA,NA,NA
ZoomTracks.exe,23252,0x195FDAD7F80,DXGI,0,512,1,Hardware: Independent Flip,9360.9295,NA,9.88900000000000,9.97810000000000,9.07810000000000,9.26870000000000,9.2750,9360.0288,9.9788,0.9007,9.0781,0.1889,9.9805,0.5378,9.4427,0.0355,9360.0288,NA,NA,NA
ZoomTracks.exe,23252,0x195FDAD7F80,DXGI,0,512,1,Hardware: Independent Flip,9370.9556,NA,10.02610000000000,9.99080000000000,9.05440000000000,9.16240000000000,9.2397,9370.0076,10.0024,0.9480,9.0544,0.1906,9.9198,0.4079,9.5119,-0.0120,9370.0076,NA,NA,NA
ZoomTracks.exe,23252,0x195FDAD7F80,DXGI,0,512,1,Hardware: Independent Flip,9380.9155,NA,9.95990000000000,10.00820000000000,9.10930000000000,9.28090000000000,9.2880,9380.0100,10.0148,0.9055,9.1093,0.1080,10.0784,0.4859,9.5925,-0.0058,9380.0100,NA,NA,NA
ZoomTracks.exe,23252,0x195FDAD7F80,DXGI,0,512,1,Hardware: Independent Flip,9390.9639,NA,10.04840000000000,10.08930000000000,9.04020000000000,9.21660000000000,9.3289,9390.0248,9.9793,0.9391,9.0402,0.1716,9.9841,0.5248,9.4593,-0.0745,9390.0248,NA,NA,NA
ZoomTracks.exe,23252,0x195FDAD7F80,DXGI,0,512,1,Hardware: Independent Flip,9400.9311,NA,9.96720000000000,9.92880000000000,9.09650000000000,9.28370000000000,9.2905,9400.0041,10.0235,0.9270,9.0965,0.1764,10.0343,0.5018,9.5325,0.0505,9400.0041,NA,NA,NA
ZoomTracks.exe,23252,0x195FDAD7F80,DXGI,0,512,1,Hardware: Independent Flip,9411.0041,NA,10.07300000000000,9.99500000000000,9.02660000000000,9.20400000000000,9.2125,9410.0276,10.0031,0.9765,9.0266,0.1872,9.9933,0.4933,9.5000,0.0285,9410.0276,NA,NA,NA
ZoomTracks.exe,23252,0x195FDAD7F80,DXGI,0,512,1,Hardware: Independent Flip,9420.9671,NA,9.96300000000000,9.99450000000000,9.05580000000000,9.23710000000000,9.2440,9420.0307,9.9922,0.9364,9.0558,0.1774,9.9961,0.5618,9.4343,0.0086,9420.0307,NA,NA,NA
ZoomTracks.exe,23252,0x195FDAD7F80,DXGI,0,512,1,Hardware: Independent Flip,9430.9184,NA,9.95130000000000,9.99220000000000,9.10100000000000,9.27800000000000,9.2849,9430.0229,9.9965,0.8955,9.1010,0.1813,9.9922,0.5716,9.4206,0.0000,9430.0229,NA,NA,NA
ZoomTracks.exe,23252,0x195FDAD7F80,DXGI,0,512,1,Hardware: Independent Flip,9440.8724,NA,9.95400000000000,10.07300000000000,9.15750000000000,9.39630000000000,9.4039,9440.0194,10.0105,0.8530,9.1575,0.1770,10.0723,0.5657,9.5066,-0.0765,9440.0194,NA,NA,NA
ZoomTracks.exe,23252,0x195FDAD7F80,DXGI,0,512,1,Hardware: Independent Flip,9451.0750,NA,10.20260000000000,9.94430000000000,8.94670000000000,9.06400000000000,9.1456,9450.0299,9.9918,1.0451,8.9467,0.2388,9.8703,0.4371,9.4332,0.0662,9450.0299,NA,15.3193,15.3193
ZoomTracks.exe,23252,0x195FDAD7F80,DXGI,0,512,1,Hardware: Independent Flip,9460.9275,NA,9.85250000000000,9.97920000000000,9.10120000000000,9.26570000000000,9.2723,9460.0217,10.0070,0.9058,9.1012,0.1173,10.0542,0.4771,9.5771,0.0126,9460.0217,NA,NA,NA
ZoomTracks.exe,23252,0x195FDAD7F80,DXGI,0,512,1,Hardware: Independent Flip,9470.9765,NA,10.04900000000000,9.96860000000000,9.02600000000000,9.09940000000000,9.1919,9470.0287,9.9738,0.9478,9.0260,0.1645,9.8827,0.4395,9.4432,0.0384,9470.0287,NA,14.2739,14.2739
ZoomTracks.exe,23252,0x195FDAD7F80,DXGI,0,512,1,Hardware: Independent Flip,9480.8269,NA,9.85040000000000,10.09500000000000,9.21320000000000,9.41960000000000,9.4365,9480.0025,10.0376,0.8244,9.2132,0.0734,10.1706,0.5216,9.6490,-0.1212,9480.0025,NA,NA,NA
ZoomTracks.exe,23252,0x195FDAD7F80,DXGI,0,512,1,Hardware: Independent Flip,9490.9936,NA,10.16670000000000,10.03700000000000,9.03410000000000,9.16030000000000,9.3068,9490.0401,9.9876,0.9535,9.0341,0.2064,9.9074,0.5134,9.3940,0.0006,9490.0401,NA,NA,NA
ZoomTracks.exe,23252,0x195FDAD7F80,DXGI,0,512,1,Hardware: Independent Flip,9501.1022,NA,10.10860000000000,9.83230000000000,8.90870000000000,9.02430000000000,9.0305,9500.0277,9.9832,1.0745,8.9087,0.1262,9.9726,0.4296,9.5430,0.1553,9500.0277,NA,NA,NA
ZoomTracks.exe,23252,0x195FDAD7F80,DXGI,0,512,1,Hardware: Independent Flip,9510.8805,NA,9.77830000000000,10.07250000000000,9.13480000000000,9.31810000000000,9.3247,9510.0109,10.0044,0.8696,9.1348,0.1156,10.0721,0.4942,9.5779,-0.0893,9510.0109,NA,NA,NA
ZoomTracks.exe,23252,0x195FDAD7F80,DXGI,0,512,1,Hardware: Independent Flip,9520.9120,NA,10.03150000000000,9.97700000000000,9.12560000000000,9.26120000000000,9.2702,9520.0153,10.0223,0.8967,9.1256,0.1833,9.9746,0.5291,9.4455,0.0274,9520.0153,NA,NA,NA
ZoomTracks.exe,23252,0x195FDAD7F80,DXGI,0,512,1,Hardware: Independent Flip,9530.9246,NA,10.01260000000000,10.01660000000000,9.08260000000000,9.26750000000000,9.2742,9530.0376,9.9696,0.8870,9.0826,0.1356,10.0189,0.5584,9.4605,0.0057,9530.0376,NA,NA,NA
ZoomTracks.exe,23252,0x195FDAD7F80,DXGI,0,512,1,Hardware: Independent Flip,9540.8886,NA,9.96400000000000,10.04430000000000,9.12010000000000,9.26500000000000,9.3545,9540.0072,10.0015,0.8814,9.1201,0.1849,9.9615,0.5065,9.4550,-0.0747,9540.0072,NA,NA,NA
ZoomTracks.exe,23252,0x195FDAD7F80,DXGI,0,512,1,Hardware: Independent Flip,9550.8983,NA,10.00970000000000,9.97980000000000,9.10630000000000,9.31850000000000,9.3246,9550.0087,9.9959,0.8896,9.1063,0.1449,10.0632,0.5190,9.5442,0.0217,9550.0087,NA,NA,NA
ZoomTracks.exe,23252,0x195FDAD7F80,DXGI,0,512,1,Hardware: Independent Flip,9560.9260,NA,10.02770000000000,10.01600000000000,9.08700000000000,9.23430000000000,9.3129,9560.0046,10.0084,0.9214,9.0870,0.2122,9.9435,0.5006,9.4429,-0.0201,9560.0046,NA,NA,NA
ZoomTracks.exe,23252,0x195FDAD7F80,DXGI,0,512,1,Hardware: Independent Flip,9571.2068,NA,10.28080000000000,9.98610000000000,8.81410000000000,9.01130000000000,9.0182,9570.0130,10.0079,1.1938,8.8141,0.1473,10.0578,0.5820,9.4758,0.0223,9570.0130,NA,16.3545,16.3545
ZoomTracks.exe,23252,0x195FDAD7F80,DXGI,0,512,1,Hardware: Independent Flip,9581.2064,NA,9.99960000000000,9.99190000000000,8.81570000000000,8.94220000000000,9.0105,9580.0209,10.0012,1.1855,8.8157,0.1972,9.9305,0.5263,9.4042,0.0160,9580.0209,NA,18.3415,18.3415
ZoomTracks.exe,23252,0x195FDAD7F80,DXGI,0,512,1,Hardware: Independent Flip,9590.8643,NA,9.65790000000000,9.99750000000000,9.13850000000000,9.34280000000000,9.3501,9590.0221,9.9807,0.8422,9.1385,0.1265,10.0585,0.5672,9.4913,0.0037,9590.0221,NA,NA,NA
ZoomTracks.exe,23252,0x195FDAD7F80,DXGI,0,512,1,Hardware: Independent Flip,9600.8877,NA,10.02340000000000,9.93510000000000,9.12350000000000,9.25340000000000,9.2618,9600.0028,10.0084,0.8849,9.1235,0.2043,9.9340,0.4300,9.5040,0.0456,9600.0028,NA,NA,NA
ZoomTracks.exe,23252,0x195FDAD7F80,DXGI,0,512,1,Hardware: Independent Flip,9610.8751,NA,9.98740000000000,10.05700000000000,9.14210000000000,9.32460000000000,9.3314,9610.0112,10.0060,0.8639,9.1421,0.1299,10.0586,0.4960,9.5626,-0.0486,9610.0112,NA,NA,NA
ZoomTracks.exe,23252,0x195FDAD7F80,DXGI,0,512,1,Hardware: Independent Flip,9621.0276,NA,10.15250000000000,9.96630000000000,8.97420000000000,9.04640000000000,9.1452,9620.0172,9.9846,1.0104,8.9742,0.1825,9.8743,0.3600,9.5143,0.0397,9620.0172,NA,12.2842,12.2842
ZoomTracks.exe,23252,0x195FDAD7F80,DXGI,0,512,1,Hardware: Independent Flip,9630.8373,NA,9.80970000000000,10.03690000000000,9.18600000000000,9.36640000000000,9.3724,9630.0018,10.0215,0.8355,9.1860,0.0722,10.1297,0.4995,9.6302,-0.0523,9630.0018,NA,NA,NA
ZoomTracks.exe,23252,0x195FDAD7F80,DXGI,0,512,1,Hardware: Independent Flip,9640.8930,NA,10.05570000000000,10.10680000000000,9.12210000000000,9.27600000000000,9.4235,9640.0233,9.9918,0.8697,9.1221,0.1804,9.9653,0.5275,9.4378,-0.0853,9640.0233,NA,NA,NA
ZoomTracks.exe,23252,0x195FDAD7F80,DXGI,0,512,1,Hardware: Independent Flip,9651.1233,NA,10.23030000000000,10.09830000000000,9.15850000000000,9.22210000000000,9.2915,9650.0151,10.2667,1.1082,9.1585,0.1539,10.1764,0.5490,9.6274,-0.1065,9650.0151,NA,NA,NA
ZoomTracks.exe,23252,0x195FDAD7F80,DXGI,0,512,1,Hardware: Independent Flip,9662.2769,NA,11.15360000000000,9.92750000000000,7.88160000000000,7.93520000000000,8.0654,9660.2818,9.8767,1.9951,7.8816,0.0636,9.8667,0.6722,9.1945,0.3392,9660.2818,NA,10.4502,10.4502
ZoomTracks.exe,23252,0x195FDAD7F80,DXGI,0,512,1,Hardware: Independent Flip,9671.7528,NA,9.47590000000000,9.96220000000000,8.39530000000000,8.47740000000000,8.5517,9670.1585,9.9896,1.5943,8.3953,0.0536,10.0181,0.5077,9.5104,-0.0855,9670.1585,NA,NA,NA
ZoomTracks.exe,23252,0x195FDAD7F80,DXGI,0,512,1,Hardware: Independent Flip,9681.5135,NA,9.76070000000000,10.06980000000000,8.55730000000000,8.64090000000000,8.8608,9680.1481,9.9227,1.3654,8.5573,0.0821,9.9242,0.4410,9.4832,-0.0802,9680.1481,NA,NA,NA
ZoomTracks.exe,23252,0x195FDAD7F80,DXGI,0,512,1,Hardware: Independent Flip,9691.6420,NA,10.12850000000000,9.85380000000000,8.39770000000000,8.57230000000000,8.5861,9690.0708,9.9689,1.5712,8.3977,0.0836,10.0599,0.5164,9.5435,0.0689,9690.0708,NA,NA,NA
ZoomTracks.exe,23252,0x195FDAD7F80,DXGI,0,512,1,Hardware: Independent Flip,9701.2605,NA,9.61850000000000,10.08440000000000,8.76190000000000,8.89170000000000,9.0520,9700.0397,9.9827,1.2208,8.7619,0.1746,9.9379,0.5065,9.4314,-0.1155,9700.0397,NA,NA,NA
ZoomTracks.exe,23252,0x195FDAD7F80,DXGI,0,512,1,Hardware: Independent Flip,9711.0628,NA,9.80230000000000,9.88990000000000,8.95790000000000,9.13310000000000,9.1396,9710.0224,9.9983,1.0404,8.9579,0.1298,10.0437,0.4849,9.5588,0.0928,9710.0224,NA,NA,NA
ZoomTracks.exe,23252,0x195FDAD7F80,DXGI,0,512,1,Hardware: Independent Flip,9721.2065,NA,10.14370000000000,10.01470000000000,8.81490000000000,9.00330000000000,9.0106,9720.0207,10.0007,1.1858,8.8149,0.1752,10.0139,0.4961,9.5178,-0.0164,9720.0207,NA,16.3324,16.3324
ZoomTracks.exe,23252,0x195FDAD7F80,DXGI,0,512,1,Hardware: Independent Flip,9730.9324,NA,9.72590000000000,10.08020000000000,9.11060000000000,9.26110000000000,9.3649,9730.0214,10.0216,0.9110,9.1106,0.1884,9.9837,0.5079,9.4758,-0.0795,9730.0214,NA,NA,NA
ZoomTracks.exe,23252,0x195FDAD7F80,DXGI,0,512,1,Hardware: Independent Flip,9741.0266,NA,10.09420000000000,9.92070000000000,8.99690000000000,9.18430000000000,9.1914,9740.0430,9.9805,0.9836,8.9969,0.1505,10.0174,0.4978,9.5196,0.1009,9740.0430,NA,NA,NA
ZoomTracks.exe,23252,0x195FDAD7F80,DXGI,0,512,1,Hardware: Independent Flip,9750.9452,NA,9.91860000000000,9.93400000000000,9.07780000000000,9.19910000000000,9.2068,9750.0235,9.9995,0.9217,9.0778,0.1874,9.9334,0.4343,9.4991,0.0465,9750.0235,NA,NA,NA
ZoomTracks.exe,23252,0x195FDAD7F80,DXGI,0,512,1,Hardware: Independent Flip,9761.2475,NA,10.30230000000000,10.06120000000000,8.76940000000000,8.95750000000000,8.9657,9760.0230,9.9939,1.2245,8.7694,0.1213,10.0607,0.5738,9.4869,-0.0617,9760.0230,NA,14.3467,14.3467
ZoomTracks.exe,23252,0x195FDAD7F80,DXGI,0,512,1,Hardware: Independent Flip,9770.9210,NA,9.67350000000000,9.97710000000000,9.09110000000000,9.17960000000000,9.2693,9770.0169,9.9952,0.9041,9.0911,0.1881,9.8956,0.4248,9.4708,0.0168,9770.0169,NA,NA,NA
ZoomTracks.exe,23252,0x195FDAD7F80,DXGI,0,512,1,Hardware: Independent Flip,9780.8496,NA,9.92860000000000,10.02190000000000,9.17940000000000,9.35600000000000,9.3626,9780.0121,10.0169,0.8375,9.1794,0.0885,10.1050,0.5041,9.6009,-0.0267,9780.0121,NA,NA,NA
ZoomTracks.exe,23252,0x195FDAD7F80,DXGI,0,512,1,Hardware: Independent Flip,9790.9465,NA,10.09690000000000,10.06400000000000,9.07430000000000,9.21930000000000,9.3297,9790.0290,9.9918,0.9175,9.0743,0.1766,9.9602,0.4521,9.5081,-0.0471,9790.0290,NA,NA,NA
ZoomTracks.exe,23252,0x195FDAD7F80,DXGI,0,512,1,Hardware: Independent Flip,9801.0972,NA,10.15070000000000,9.88420000000000,8.94200000000000,9.00070000000000,9.0632,9800.0208,10.0184,1.0764,8.9420,0.1450,9.9321,0.3926,9.5395,0.1076,9800.0208,NA,12.2838,12.2838
ZoomTracks.exe,23252,0x195FDAD7F80,DXGI,0,512,1,Hardware: Independent Flip,9810.9229,NA,9.82570000000000,10.04650000000000,9.09200000000000,9.27770000000000,9.2840,9810.0392,9.9757,0.8837,9.0920,0.0587,10.1027,0.5731,9.5296,-0.0281,9810.0392,NA,NA,NA
ZoomTracks.exe,23252,0x195FDAD7F80,DXGI,0,512,1,Hardware: Independent Flip,9820.8931,NA,9.97020000000000,10.00580000000000,9.13590000000000,9.31060000000000,9.3196,9820.0149,10.0141,0.8782,9.1359,0.1857,10.0031,0.4846,9.5185,-0.0301,9820.0149,NA,NA,NA
ZoomTracks.exe,23252,0x195FDAD7F80,DXGI,0,512,1,Hardware: Independent Flip,9830.9246,NA,10.03150000000000,9.99880000000000,9.09470000000000,9.27980000000000,9.2869,9830.0290,9.9903,0.8956,9.0947,0.1747,10.0007,0.4930,9.5077,0.0153,9830.0290,NA,NA,NA
ZoomTracks.exe,23252,0x195FDAD7F80,DXGI,0,512,1,Hardware: Independent Flip,9840.8852,NA,9.96060000000000,10.01730000000000,9.13120000000000,9.26260000000000,9.3436,9840.0193,9.9971,0.8659,9.1312,0.1851,9.9434,0.4277,9.5157,-0.0270,9840.0193,NA,NA,NA
ZoomTracks.exe,23252,0x195FDAD7F80,DXGI,0,512,1,Hardware: Independent Flip,9850.8831,NA,9.99790000000000,9.98930000000000,9.14510000000000,9.32870000000000,9.3350,9850.0164,10.0118,0.8667,9.1451,0.1314,10.0640,0.5022,9.5618,0.0078,9850.0164,NA,NA,NA
ZoomTracks.exe,23252,0x195FDAD7F80,DXGI,0,512,1,Hardware: Independent Flip,9860.8984,NA,10.01530000000000,10.00970000000000,9.12600000000000,9.25230000000000,9.3294,9860.0282,9.9962,0.8702,9.1260,0.1836,9.9389,0.5132,9.4257,0.0021,9860.0282,NA,NA,NA
ZoomTracks.exe,23252,0x195FDAD7F80,DXGI,0,512,1,Hardware: Independent Flip,9870.9306,NA,10.03220000000000,9.97870000000000,9.07390000000000,9.26870000000000,9.2759,9870.0244,9.9801,0.9062,9.0739,0.1263,10.0486,0.5473,9.5013,0.0175,9870.0244,NA,NA,NA
ZoomTracks.exe,23252,0x195FDAD7F80,DXGI,0,512,1,Hardware: Independent Flip,9880.8587,NA,9.92810000000000,10.06380000000000,9.16680000000000,9.40410000000000,9.4116,9880.0045,10.0210,0.8542,9.1668,0.1948,10.0635,0.5596,9.5039,-0.0837,9880.0045,NA,NA,NA
ZoomTracks.exe,23252,0x195FDAD7F80,DXGI,0,512,1,Hardware: Independent Flip,9890.9149,NA,10.05620000000000,9.99430000000000,9.10990000000000,9.34210000000000,9.3497,9890.0255,9.9993,0.8894,9.1099,0.2373,9.9942,0.6141,9.3801,0.0267,9890.0255,NA,NA,NA
ZoomTracks.exe,23252,0x195FDAD7F80,DXGI,0,512,1,Hardware: Independent Flip,9901.3222,NA,10.40730000000000,9.95650000000000,8.70770000000000,8.89150000000000,8.8989,9900.0248,10.0051,1.2974,8.7077,0.2322,9.9567,0.5946,9.3621,0.0428,9900.0248,NA,15.2766,15.2766
ZoomTracks.exe,23252,0x195FDAD7F80,DXGI,0,512,1,Hardware: Independent Flip,9910.9632,NA,9.64100000000000,9.98060000000000,9.05910000000000,9.23230000000000,9.2385,9910.0299,9.9924,0.9333,9.0591,0.1838,9.9818,0.4898,9.4920,0.0245,9910.0299,NA,NA,NA
ZoomTracks.exe,23252,0x195FDAD7F80,DXGI,0,512,1,Hardware: Independent Flip,9920.9204,NA,9.95720000000000,9.95130000000000,9.10670000000000,9.22610000000000,9.2326,9920.0223,10.0048,0.8981,9.1067,0.1732,9.9510,0.4433,9.5077,0.0411,9920.0223,NA,NA,NA
ZoomTracks.exe,23252,0x195FDAD7F80,DXGI,0,512,1,Hardware: Independent Flip,9931.0777,NA,10.15730000000000,10.04840000000000,8.95190000000000,9.11770000000000,9.1237,9930.0271,10.0025,1.0506,8.9519,0.1194,10.0489,0.5471,9.5018,-0.0436,9930.0271,NA,NA,NA
ZoomTracks.exe,23252,0x195FDAD7F80,DXGI,0,512,1,Hardware: Independent Flip,9940.8222,NA,9.74450000000000,10.04270000000000,9.19970000000000,9.35950000000000,9.4219,9940.0296,9.9923,0.7926,9.1997,0.1658,9.9863,0.4627,9.5236,-0.0402,9940.0296,NA,NA,NA
ZoomTracks.exe,23252,0x195FDAD7F80,DXGI,0,512,1,Hardware: Independent Flip,9950.9350,NA,10.11280000000000,9.95980000000000,9.08180000000000,9.26180000000000,9.2689,9950.0219,9.9949,0.9131,9.0818,0.1598,10.0151,0.5544,9.4607,0.0325,9950.0219,NA,NA,NA
ZoomTracks.exe,23252,0x195FDAD7F80,DXGI,0,512,1,Hardware: Independent Flip,9960.8750,NA,9.94000000000000,10.05700000000000,9.26510000000000,9.32280000000000,9.3859,9960.0168,10.1233,0.8582,9.2651,0.1800,10.0010,0.4673,9.5337,-0.0621,9960.0168,NA,NA,NA
ZoomTracks.exe,23252,0x195FDAD7F80,DXGI,0,512,1,Hardware: Independent Flip,9971.0719,NA,10.19690000000000,9.95070000000000,8.96610000000000,9.06070000000000,9.1397,9970.1401,9.8979,0.9318,8.9661,0.0577,9.9348,0.4108,9.5240,0.1726,9970.1401,NA,10.3395,10.3395
ZoomTracks.exe,23252,0x195FDAD7F80,DXGI,0,512,1,Hardware: Independent Flip,9980.9911,NA,9.91920000000000,10.00800000000000,9.04260000000000,9.22180000000000,9.2285,9980.0380,9.9957,0.9531,9.0426,0.0946,10.0803,0.5092,9.5711,-0.1101,9980.0380,NA,16.3466,16.3466
ZoomTracks.exe,23252,0x195FDAD7F80,DXGI,0,512,1,Hardware: Independent Flip,9990.9165,NA,9.92540000000000,9.97450000000000,9.10630000000000,9.17200000000000,9.2776,9990.0337,9.9891,0.8828,9.1063,0.1792,9.8756,0.3753,9.5003,0.0212,9990.0337,NA,NA,NA
ZoomTracks.exe,23252,0x195FDAD7F80,DXGI,0,512,1,Hardware: Independent Flip,10000.8393,NA,9.92280000000000,10.01070000000000,9.17970000000000,9.35880000000000,9.3655,10000.0228,9.9962,0.8165,9.1797,0.0657,10.1096,0.4750,9.6346,-0.0216,10000.0228,NA,NA,NA
ZoomTracks.exe,23252,0x195FDAD7F80,DXGI,0,512,1,Hardware: Independent Flip,10010.9278,NA,10.08850000000000,10.06480000000000,9.08950000000000,9.21340000000000,9.3418,10010.0190,9.9983,0.9088,9.0895,0.1791,9.9431,0.4227,9.5204,-0.0686,10010.0190,NA,NA,NA
ZoomTracks.exe,23252,0x195FDAD7F80,DXGI,0,512,1,Hardware: Independent Flip,10020.9499,NA,10.02210000000000,9.96080000000000,9.07270000000000,9.27320000000000,9.2805,10020.0173,10.0053,0.9326,9.0727,0.1239,10.0819,0.5218,9.5601,0.0375,10020.0173,NA,NA,NA
ZoomTracks.exe,23252,0x195FDAD7F80,DXGI,0,512,1,Hardware: Independent Flip,10030.8898,NA,9.93990000000000,10.00750000000000,9.14390000000000,9.25790000000000,9.3481,10030.0226,10.0111,0.8672,9.1439,0.2005,9.9246,0.4451,9.4795,-0.0022,10030.0226,NA,NA,NA
ZoomTracks.exe,23252,0x195FDAD7F80,DXGI,0,512,1,Hardware: Independent Flip,10041.1890,NA,10.29920000000000,9.97140000000000,8.83050000000000,9.01150000000000,9.0203,10040.0337,9.9858,1.1553,8.8305,0.1140,10.0528,0.5011,9.5517,0.0397,10040.0337,NA,17.3355,17.3355
ZoomTracks.exe,23252,0x195FDAD7F80,DXGI,0,512,1,Hardware: Independent Flip,10050.8604,NA,9.67140000000000,9.94750000000000,9.16350000000000,9.22660000000000,9.2964,10050.0195,10.0044,0.8409,9.1635,0.1810,9.8865,0.3690,9.5175,0.0383,10050.0195,NA,NA,NA
ZoomTracks.exe,23252,0x195FDAD7F80,DXGI,0,512,1,Hardware: Independent Flip,10060.9415,NA,10.08110000000000,10.06730000000000,9.06820000000000,9.27400000000000,9.2826,10060.0239,9.9858,0.9176,9.0682,0.0631,10.1285,0.5498,9.5787,-0.0629,10060.0239,NA,NA,NA
ZoomTracks.exe,23252,0x195FDAD7F80,DXGI,0,512,1,Hardware: Independent Flip,10070.8985,NA,9.95700000000000,10.00100000000000,9.13060000000000,9.19600000000000,9.3266,10070.0097,10.0194,0.8888,9.1306,0.2058,9.8790,0.3801,9.4989,-0.0152,10070.0097,NA,NA,NA
ZoomTracks.exe,23252,0x195FDAD7F80,DXGI,0,512,1,Hardware: Independent Flip,10081.2855,NA,10.38700000000000,9.97490000000000,8.72580000000000,8.90750000000000,8.9145,10080.0291,9.9822,1.2564,8.7258,0.0654,10.0985,0.4837,9.6148,0.0445,10080.0291,NA,17.3222,17.3222
ZoomTracks.exe,23252,0x195FDAD7F80,DXGI,0,512,1,Hardware: Independent Flip,10090.8681,NA,9.58260000000000,10.13280000000000,9.15300000000000,9.29810000000000,9.4647,10090.0113,10.0098,0.8568,9.1530,0.1817,9.9732,0.4522,9.5210,-0.1506,10090.0113,NA,NA,NA
ZoomTracks.exe,23252,0x195FDAD7F80,DXGI,0,512,1,Hardware: Independent Flip,10101.0159,NA,10.14780000000000,9.91550000000000,8.99880000000000,9.22480000000000,9.2324,10100.0211,9.9936,0.9948,8.9988,0.1451,10.0745,0.5706,9.5039,0.0943,10100.0211,NA,NA,NA
ZoomTracks.exe,23252,0x195FDAD7F80,DXGI,0,512,1,Hardware: Independent Flip,10110.9221,NA,9.90620000000000,9.95490000000000,9.09380000000000,9.21700000000000,9.2811,10110.0147,10.0012,0.9074,9.0938,0.2260,9.8984,0.5222,9.3762,0.0387,10110.0147,NA,NA,NA
ZoomTracks.exe,23252,0x195FDAD7F80,DXGI,0,512,1,Hardware: Independent Flip,10120.9509,NA,10.02880000000000,9.97620000000000,9.07400000000000,9.22120000000000,9.2285,10120.0159,10.0090,0.9350,9.0740,0.1232,10.0330,0.5058,9.5272,0.0250,10120.0159,NA,NA,NA
ZoomTracks.exe,23252,0x195FDAD7F80,DXGI,0,512,1,Hardware: Independent Flip,10130.8674,NA,9.91650000000000,10.05240000000000,9.16010000000000,9.28130000000000,9.3644,10130.0249,10.0026,0.8425,9.1601,0.1472,9.9766,0.4296,9.5470,-0.0434,10130.0249,NA,NA,NA
ZoomTracks.exe,23252,0x195FDAD7F80,DXGI,0,512,1,Hardware: Independent Flip,10141.0969,NA,10.22950000000000,9.97110000000000,8.91640000000000,9.09990000000000,9.1060,10140.0275,9.9858,1.0694,8.9164,0.1212,10.0481,0.5470,9.5011,0.0315,10140.0275,NA,19.3310,19.3310
ZoomTracks.exe,23252,0x195FDAD7F80,DXGI,0,512,1,Hardware: Independent Flip,10150.9578,NA,9.86090000000000,10.00720000000000,9.05040000000000,9.24550000000000,9.2523,10150.0133,9.9949,0.9445,9.0504,0.1835,10.0065,0.5650,9.4415,-0.0214,10150.0133,NA,NA,NA
ZoomTracks.exe,23252,0x195FDAD7F80,DXGI,0,512,1,Hardware: Independent Flip,10160.8740,NA,9.91620000000000,10.02830000000000,9.16260000000000,9.35700000000000,9.3644,10160.0082,10.0284,0.8658,9.1626,0.1951,10.0277,0.5671,9.4606,-0.0334,10160.0082,NA,NA,NA
ZoomTracks.exe,23252,0x195FDAD7F80,DXGI,0,512,1,Hardware: Independent Flip,10171.1269,NA,10.25290000000000,9.98860000000000,8.90630000000000,9.09320000000000,9.1001,10170.0366,9.9966,1.0903,8.9063,0.1944,9.9891,0.5285,9.4606,0.0398,10170.0366,NA,15.3378,15.3378
ZoomTracks.exe,23252,0x195FDAD7F80,DXGI,0,512,1,Hardware: Independent Flip,10180.9170,NA,9.79010000000000,10.06310000000000,9.09960000000000,9.36040000000000,9.3731,10180.0332,9.9834,0.8838,9.0996,0.1869,10.0573,0.6131,9.4442,-0.0665,10180.0332,NA,NA,NA
ZoomTracks.exe,23252,0x195FDAD7F80,DXGI,0,512,1,Hardware: Independent Flip,10191.0563,NA,10.13930000000000,9.95740000000000,8.97050000000000,9.18080000000000,9.1912,10190.0166,10.0102,1.0397,8.9705,0.2608,9.9597,0.5266,9.4331,0.0260,10190.0166,NA,NA,NA
ZoomTracks.exe,23252,0x195FDAD7F80,DXGI,0,512,1,Hardware: Independent Flip,10200.9471,NA,9.89080000000000,10.01360000000000,9.08340000000000,9.29910000000000,9.3140,10200.0268,10.0037,0.9203,9.0834,0.2103,10.0091,0.5341,9.4750,-0.0034,10200.0268,NA,NA,NA
ZoomTracks.exe,23252,0x195FDAD7F80,DXGI,0,512,1,Hardware: Independent Flip,10211.3585,NA,10.41140000000000,9.99450000000000,8.66610000000000,8.81780000000000,8.8971,10210.0305,9.9941,1.3280,8.6661,0.2157,9.9301,0.4720,9.4581,0.0092,10210.0305,NA,15.3678,15.3678
ZoomTracks.exe,23252,0x195FDAD7F80,DXGI,0,512,1,Hardware: Independent Flip,10221.1516,NA,9.79310000000000,9.90260000000000,8.88730000000000,8.94380000000000,9.0066,10220.0246,10.0143,1.1270,8.8873,0.1517,9.9191,0.4059,9.5132,0.0915,10220.0246,NA,11.3055,11.3055
ZoomTracks.exe,23252,0x195FDAD7F80,DXGI,0,512,1,Hardware: Independent Flip,10230.8194,NA,9.66780000000000,10.04480000000000,9.19850000000000,9.37680000000000,9.3836,10230.0389,9.9790,0.7805,9.1985,0.0565,10.1008,0.5053,9.5955,-0.0305,10230.0389,NA,NA,NA
ZoomTracks.exe,23252,0x195FDAD7F80,DXGI,0,512,1,Hardware: Independent Flip,10240.8975,NA,10.07810000000000,10.01680000000000,9.10940000000000,9.31520000000000,9.3223,10240.0179,9.9890,0.8796,9.1094,0.1783,10.0165,0.5477,9.4688,-0.0378,10240.0179,NA,NA,NA
ZoomTracks.exe,23252,0x195FDAD7F80,DXGI,0,512,1,Hardware: Independent Flip,10250.8947,NA,9.99720000000000,10.00860000000000,9.12660000000000,9.32640000000000,9.3337,10250.0069,10.0144,0.8878,9.1266,0.2058,10.0084,0.5034,9.5050,-0.0196,10250.0069,NA,NA,NA
ZoomTracks.exe,23252,0x195FDAD7F80,DXGI,0,512,1,Hardware: Independent Flip,10260.9222,NA,10.02750000000000,9.97870000000000,9.08970000000000,9.27810000000000,9.2849,10260.0213,9.9906,0.9009,9.0897,0.1998,9.9792,0.5455,9.4337,0.0357,10260.0213,NA,NA,NA
ZoomTracks.exe,23252,0x195FDAD7F80,DXGI,0,512,1,Hardware: Independent Flip,10270.9395,NA,10.01730000000000,9.99700000000000,9.08420000000000,9.25580000000000,9.2646,10270.0119,10.0118,0.9276,9.0842,0.1884,9.9950,0.4840,9.5110,-0.0064,10270.0119,NA,NA,NA
ZoomTracks.exe,23252,0x195FDAD7F80,DXGI,0,512,1,Hardware: Independent Flip,10280.9407,NA,10.00120000000000,10.06540000000000,9.19660000000000,9.26170000000000,9.3288,10280.0237,10.1136,0.9170,9.1966,0.1716,10.0071,0.5404,9.4667,-0.0536,10280.0237,NA,NA,NA
ZoomTracks.exe,23252,0x195FDAD7F80,DXGI,0,512,1,Hardware: Independent Flip,10291.1121,NA,10.17140000000000,9.93200000000000,8.90950000000000,9.08140000000000,9.0894,10290.1373,9.8843,0.9748,8.9095,0.0651,9.9911,0.4852,9.5059,0.1816,10290.1373,NA,10.3285,10.3285
ZoomTracks.exe,23252,0x195FDAD7F80,DXGI,0,512,1,Hardware: Independent Flip,10300.9960,NA,9.88390000000000,10.01960000000000,9.02520000000000,9.21820000000000,9.2251,10300.0216,9.9996,0.9744,9.0252,0.1719,10.0207,0.4992,9.5215,-0.1353,10300.0216,NA,14.3202,14.3202
ZoomTracks.exe,23252,0x195FDAD7F80,DXGI,0,512,1,Hardware: Independent Flip,10310.8800,NA,9.88400000000000,10.03630000000000,9.14910000000000,9.26870000000000,9.3774,10310.0212,10.0079,0.8588,9.1491,0.1930,9.9345,0.4981,9.4364,-0.0367,10310.0212,NA,NA,NA
ZoomTracks.exe,23252,0x195FDAD7F80,DXGI,0,512,1,Hardware: Independent Flip,10321.0445,NA,10.16450000000000,9.96430000000000,8.97510000000000,9.16960000000000,9.1772,10320.0291,9.9905,1.0154,8.9751,0.1196,10.0654,0.5881,9.4773,0.0436,10320.0291,NA,NA,NA
ZoomTracks.exe,23252,0x195FDAD7F80,DXGI,0,512,1,Hardware: Independent Flip,10330.9141,NA,9.86960000000000,10.03500000000000,9.09610000000000,9.33580000000000,9.3426,10330.0196,9.9906,0.8945,9.0961,0.1945,10.0358,0.5402,9.4956,-0.0445,10330.0196,NA,NA,NA
ZoomTracks.exe,23252,0x195FDAD7F80,DXGI,0,512,1,Hardware: Independent Flip,10340.9028,NA,9.98870000000000,9.97280000000000,9.12330000000000,9.31950000000000,9.3267,10340.0102,10.0159,0.8926,9.1233,0.2397,9.9724,0.5169,9.4555,0.0178,10340.0102,NA,NA,NA
ZoomTracks.exe,23252,0x195FDAD7F80,DXGI,0,512,1,Hardware: Independent Flip,10350.9373,NA,10.03450000000000,9.93140000000000,9.08790000000000,9.21550000000000,9.2236,10350.0261,9.9991,0.9112,9.0879,0.1962,9.9305,0.4960,9.4345,0.0845,10350.0261,NA,NA,NA
ZoomTracks.exe,23252,0x195FDAD7F80,DXGI,0,512,1,Hardware: Independent Flip,10360.8501,NA,9.91280000000000,10.05710000000000,9.18240000000000,9.36100000000000,9.3679,10360.0252,10.0073,0.8249,9.1824,0.1276,10.0583,0.5050,9.5533,-0.0580,10360.0252,NA,NA,NA
ZoomTracks.exe,23252,0x195FDAD7F80,DXGI,0,512,1,Hardware: Independent Flip,10371.4495,NA,10.59940000000000,10.03240000000000,8.56430000000000,8.67750000000000,8.8009,10370.0325,9.9813,1.4170,8.5643,0.1786,9.9159,0.4839,9.4320,-0.0251,10370.0325,NA,12.3676,12.3676
ZoomTracks.exe,23252,0x195FDAD7F80,DXGI,0,512,1,Hardware: Independent Flip,10380.8995,NA,9.45000000000000,9.97830000000000,9.14220000000000,9.32040000000000,9.3292,10380.0138,10.0279,0.8857,9.1422,0.1132,10.0929,0.5067,9.5862,0.0030,10380.0138,NA,NA,NA
ZoomTracks.exe,23252,0x195FDAD7F80,DXGI,0,512,1,Hardware: Independent Flip,10390.8939,NA,9.99440000000000,10.03050000000000,9.12630000000000,9.26440000000000,9.3653,10390.0417,9.9785,0.8522,9.1263,0.1782,9.9384,0.5065,9.4319,-0.0026,10390.0417,NA,NA,NA
ZoomTracks.exe,23252,0x195FDAD7F80,DXGI,0,512,1,Hardware: Independent Flip,10400.9270,NA,10.03310000000000,9.94000000000000,9.08230000000000,9.26440000000000,9.2722,10400.0202,9.9891,0.9068,9.0823,0.1381,10.0331,0.4784,9.5547,0.0385,10400.0202,NA,NA,NA
ZoomTracks.exe,23252,0x195FDAD7F80,DXGI,0,512,1,Hardware: Independent Flip,10410.9006,NA,9.97360000000000,10.02390000000000,9.13420000000000,9.23470000000000,9.3225,10410.0093,10.0255,0.8913,9.1342,0.1821,9.9439,0.4213,9.5226,-0.0348,10410.0093,NA,NA,NA
ZoomTracks.exe,23252,0x195FDAD7F80,DXGI,0,512,1,Hardware: Independent Flip,10421.0573,NA,10.15670000000000,9.95840000000000,8.95760000000000,9.11560000000000,9.1242,10420.0348,9.9801,1.0225,8.9576,0.1005,10.0376,0.4477,9.5899,0.0671,10420.0348,NA,19.3159,19.3159
ZoomTracks.exe,23252,0x195FDAD7F80,DXGI,0,512,1,Hardware: Independent Flip,10430.8461,NA,9.78880000000000,10.05380000000000,9.16430000000000,9.38150000000000,9.3892,10430.0149,9.9955,0.8312,9.1643,0.1580,10.0547,0.5217,9.5330,-0.0737,10430.0149,NA,NA,NA
ZoomTracks.exe,23252,0x195FDAD7F80,DXGI,0,512,1,Hardware: Independent Flip,10441.1149,NA,10.26880000000000,9.96980000000000,8.90090000000000,9.08270000000000,9.0902,10440.0104,10.0054,1.1045,8.9009,0.2172,9.9700,0.5784,9.3916,0.0257,10440.0104,NA,13.3239,13.3239
ZoomTracks.exe,23252,0x195FDAD7F80,DXGI,0,512,1,Hardware: Independent Flip,10450.9201,NA,9.80520000000000,10.00810000000000,9.09140000000000,9.28580000000000,9.2931,10450.0158,9.9957,0.9043,9.0914,0.1818,10.0083,0.4895,9.5188,-0.0027,10450.0158,NA,NA,NA
ZoomTracks.exe,23252,0x195FDAD7F80,DXGI,0,512,1,Hardware: Independent Flip,10460.8978,NA,9.97770000000000,10.00910000000000,9.11660000000000,9.26060000000000,9.3245,10460.0115,10.0029,0.8863,9.1166,0.1944,9.9525,0.4560,9.4965,-0.0134,10460.0115,NA,NA,NA
ZoomTracks.exe,23252,0x195FDAD7F80,DXGI,0,512,1,Hardware: Independent Flip,10470.8969,NA,9.99910000000000,9.99560000000000,9.12050000000000,9.31420000000000,9.3210,10470.0144,10.0030,0.8825,9.1205,0.1440,10.0527,0.5664,9.4863,0.0073,10470.0144,NA,NA,NA
ZoomTracks.exe,23252,0x195FDAD7F80,DXGI,0,512,1,Hardware: Independent Flip,10480.8727,NA,9.97580000000000,9.99170000000000,9.15010000000000,9.33040000000000,9.3369,10480.0174,10.0054,0.8553,9.1501,0.1937,9.9920,0.5537,9.4383,0.0113,10480.0174,NA,NA,NA
ZoomTracks.exe,23252,0x195FDAD7F80,DXGI,0,512,1,Hardware: Independent Flip,10490.9941,NA,10.12140000000000,10.00850000000000,9.01940000000000,9.21470000000000,9.2240,10490.0228,9.9907,0.9713,9.0194,0.1803,10.0057,0.5347,9.4710,-0.0031,10490.0228,NA,NA,NA
ZoomTracks.exe,23252,0x195FDAD7F80,DXGI,0,512,1,Hardware: Independent Flip,10501.1800,NA,10.18590000000000,9.99080000000000,8.83830000000000,9.02150000000000,9.0289,10500.0135,10.0048,1.1665,8.8383,0.1953,9.9927,0.5553,9.4374,-0.0001,10500.0135,NA,14.3265,14.3265
ZoomTracks.exe,23252,0x195FDAD7F80,DXGI,0,512,1,Hardware: Independent Flip,10511.1244,NA,9.94440000000000,10.05040000000000,8.90940000000000,9.03700000000000,9.1349,10510.0183,10.0155,1.1061,8.9094,0.1832,9.9599,0.4525,9.5074,-0.0456,10510.0183,NA,16.3750,16.3750
ZoomTracks.exe,23252,0x195FDAD7F80,DXGI,0,512,1,Hardware: Independent Flip,10520.9866,NA,9.86220000000000,9.89690000000000,9.03870000000000,9.10490000000000,9.1696,10520.0338,9.9915,0.9528,9.0387,0.1276,9.9301,0.5100,9.4201,0.1186,10520.0338,NA,NA,NA
ZoomTracks.exe,23252,0x195FDAD7F80,DXGI,0,512,1,Hardware: Independent Flip,10530.8713,NA,9.88470000000000,10.04760000000000,9.13750000000000,9.32610000000000,9.3325,10530.0253,9.9835,0.8460,9.1375,0.0662,10.1059,0.4906,9.6153,-0.0561,10530.0253,NA,NA,NA
ZoomTracks.exe,23252,0x195FDAD7F80,DXGI,0,512,1,Hardware: Independent Flip,10541.0112,NA,10.13990000000000,10.11840000000000,9.13750000000000,9.18870000000000,9.3110,10540.0088,10.1399,1.0024,9.1375,0.1886,10.0025,0.3855,9.6170,-0.1349,10540.0088,NA,NA,NA
ZoomTracks.exe,23252,0x195FDAD7F80,DXGI,0,512,1,Hardware: Independent Flip,10551.1154,NA,10.10420000000000,9.89230000000000,8.91160000000000,9.09130000000000,9.0991,10550.1487,9.8783,0.9667,8.9116,0.0512,10.0068,0.5709,9.4359,0.2476,10550.1487,NA,10.3340,10.3340
ZoomTracks.exe,23252,0x195FDAD7F80,DXGI,0,512,1,Hardware: Independent Flip,10560.8645,NA,9.74910000000000,10.02000000000000,9.13840000000000,9.27710000000000,9.3700,10560.0270,9.9759,0.8375,9.1384,0.1797,9.9349,0.4268,9.5081,-0.1417,10560.0270,NA,NA,NA
ZoomTracks.exe,23252,0x195FDAD7F80,DXGI,0,512,1,Hardware: Independent Flip,10570.9169,NA,10.05240000000000,10.01820000000000,9.10180000000000,9.32870000000000,9.3358,10570.0029,10.0158,0.9140,9.1018,0.1387,10.1040,0.5253,9.5787,-0.0423,10570.0029,NA,NA,NA
ZoomTracks.exe,23252,0x195FDAD7F80,DXGI,0,512,1,Hardware: Independent Flip,10580.9616,NA,10.04470000000000,9.95490000000000,9.06710000000000,9.23970000000000,9.2460,10580.0187,10.0100,0.9429,9.0671,0.2269,9.9557,0.5043,9.4514,0.0609,10580.0187,NA,NA,NA
ZoomTracks.exe,23252,0x195FDAD7F80,DXGI,0,512,1,Hardware: Independent Flip,10591.0090,NA,10.04740000000000,9.94170000000000,9.02090000000000,9.07250000000000,9.1403,10590.0287,10.0012,0.9803,9.0209,0.1726,9.8802,0.3563,9.5239,0.0683,10590.0287,NA,18.2648,18.2648
ZoomTracks.exe,23252,0x195FDAD7F80,DXGI,0,512,1,Hardware: Independent Flip,10600.8179,NA,9.80890000000000,10.07030000000000,9.19780000000000,9.39430000000000,9.4017,10600.0299,9.9858,0.7880,9.1978,0.0516,10.1307,0.4978,9.6329,-0.0691,10600.0299,NA,NA,NA
ZoomTracks.exe,23252,0x195FDAD7F80,DXGI,0,512,1,Hardware: Independent Flip,10610.9772,NA,10.15930000000000,10.00590000000000,9.03140000000000,9.15400000000000,9.2483,10610.0157,9.9929,0.9615,9.0314,0.1965,9.9190,0.4799,9.4391,-0.0201,10610.0157,NA,NA,NA
ZoomTracks.exe,23252,0x195FDAD7F80,DXGI,0,512,1,Hardware: Independent Flip,10620.9029,NA,9.92570000000000,10.01040000000000,9.11970000000000,9.32500000000000,9.3330,10620.0086,10.0140,0.8943,9.1197,0.1226,10.0967,0.5135,9.5832,-0.0175,10620.0086,NA,NA,NA
ZoomTracks.exe,23252,0x195FDAD7F80,DXGI,0,512,1,Hardware: Independent Flip,10631.2956,NA,10.39270000000000,10.02590000000000,8.72670000000000,8.86190000000000,8.9662,10630.0226,9.9997,1.2730,8.7267,0.2053,9.9296,0.4575,9.4721,-0.0119,10630.0226,NA,12.4042,12.4042
ZoomTracks.exe,23252,0x195FDAD7F80,DXGI,0,512,1,Hardware: Independent Flip,10641.0651,NA,9.76950000000000,9.97390000000000,8.94210000000000,9.16330000000000,9.1706,10640.0223,9.9849,1.0428,8.9421,0.1352,10.0709,0.5815,9.4894,0.0258,10640.0223,NA,NA,NA
ZoomTracks.exe,23252,0x195FDAD7F80,DXGI,0,512,1,Hardware: Independent Flip,10650.8961,NA,9.83100000000000,9.99000000000000,9.12960000000000,9.26360000000000,9.3296,10650.0072,10.0185,0.8889,9.1296,0.2212,9.9313,0.4476,9.4837,-0.0051,10650.0072,NA,NA,NA
ZoomTracks.exe,23252,0x195FDAD7F80,DXGI,0,512,1,Hardware: Independent Flip,10660.9349,NA,10.03880000000000,9.97910000000000,9.08810000000000,9.26370000000000,9.2699,10660.0257,9.9973,0.9092,9.0881,0.1340,10.0389,0.6036,9.4353,0.0394,10660.0257,NA,NA,NA
ZoomTracks.exe,23252,0x195FDAD7F80,DXGI,0,512,1,Hardware: Independent Flip,10670.8842,NA,9.94930000000000,9.94820000000000,9.14290000000000,9.26290000000000,9.2688,10670.0230,10.0041,0.8612,9.1429,0.1756,9.9485,0.4387,9.5098,0.0491,10670.0230,NA,NA,NA
ZoomTracks.exe,23252,0x195FDAD7F80,DXGI,0,512,1,Hardware: Independent Flip,10680.8816,NA,9.99740000000000,10.10430000000000,9.13210000000000,9.30010000000000,9.3757,10680.0271,9.9866,0.8545,9.1321,0.1200,10.0346,0.4698,9.5648,-0.1002,10680.0271,NA,NA,NA
ZoomTracks.exe,23252,0x195FDAD7F80,DXGI,0,512,1,Hardware: Independent Flip,10690.9648,NA,10.08320000000000,10.02090000000000,9.05930000000000,9.19160000000000,9.3134,10690.0137,10.0104,0.9511,9.0593,0.1680,9.9747,0.5960,9.3787,-0.0343,10690.0137,NA,NA,NA
ZoomTracks.exe,23252,0x195FDAD7F80,DXGI,0,512,1,Hardware: Independent Flip,10701.2456,NA,10.28080000000000,9.91860000000000,8.75910000000000,8.94370000000000,8.9512,10700.0241,9.9806,1.2215,8.7591,0.1323,10.0329,0.5455,9.4874,0.0918,10700.0241,NA,18.3199,18.3199
ZoomTracks.exe,23252,0x195FDAD7F80,DXGI,0,512,1,Hardware: Independent Flip,10710.8758,NA,9.63020000000000,10.02720000000000,9.17880000000000,9.27900000000000,9.3482,10710.0047,10.0499,0.8711,9.1788,0.1846,9.9655,0.4428,9.5227,-0.0466,10710.0047,NA,NA,NA
ZoomTracks.exe,23252,0x195FDAD7F80,DXGI,0,512,1,Hardware: Independent Flip,10721.2414,NA,10.36560000000000,10.00560000000000,8.79250000000000,8.98030000000000,8.9882,10720.0546,9.9793,1.1868,8.7925,0.1002,10.0669,0.5252,9.5417,0.0443,10720.0546,NA,13.3228,13.3228
ZoomTracks.exe,23252,0x195FDAD7F80,DXGI,0,512,1,Hardware: Independent Flip,10730.9848,NA,9.74340000000000,9.97280000000000,9.03520000000000,9.21100000000000,9.2176,10730.0339,9.9861,0.9509,9.0352,0.1878,9.9741,0.4740,9.5001,0.0065,10730.0339,NA,NA,NA
ZoomTracks.exe,23252,0x195FDAD7F80,DXGI,0,512,1,Hardware: Independent Flip,10740.9135,NA,9.92870000000000,9.96800000000000,9.11400000000000,9.24760000000000,9.2569,10740.0200,10.0075,0.8935,9.1140,0.1758,9.9653,0.5311,9.4342,0.0181,10740.0200,NA,NA,NA
ZoomTracks.exe,23252,0x195FDAD7F80,DXGI,0,512,1,Hardware: Independent Flip,10750.9398,NA,10.02630000000000,10.02500000000000,9.05820000000000,9.24880000000000,9.2556,10750.0275,9.9705,0.9123,9.0582,0.1336,10.0275,0.4743,9.5532,-0.0175,10750.0275,NA,NA,NA
ZoomTracks.exe,23252,0x195FDAD7F80,DXGI,0,512,1,Hardware: Independent Flip,10760.9074,NA,9.96760000000000,9.99800000000000,9.09840000000000,9.27940000000000,9.2860,10759.9980,10.0078,0.9094,9.0984,0.1906,9.9982,0.5235,9.4747,-0.0275,10759.9980,NA,NA,NA
ZoomTracks.exe,23252,0x195FDAD7F80,DXGI,0,512,1,Hardware: Independent Flip,10771.2323,NA,10.32490000000000,10.01950000000000,8.78320000000000,8.97330000000000,8.9806,10770.0058,10.0097,1.2265,8.7832,0.1810,10.0188,0.5071,9.5117,-0.0117,10770.0058,NA,13.3274,13.3274
ZoomTracks.exe,23252,0x195FDAD7F80,DXGI,0,512,1,Hardware: Independent Flip,10780.9316,NA,9.69930000000000,10.01570000000000,9.10700000000000,9.29060000000000,9.2970,10780.0155,10.0231,0.9161,9.1070,0.1901,10.0166,0.5110,9.5056,-0.0060,10780.0155,NA,NA,NA
ZoomTracks.exe,23252,0x195FDAD7F80,DXGI,0,512,1,Hardware: Independent Flip,10790.9249,NA,9.99330000000000,9.99830000000000,9.11190000000000,9.29530000000000,9.3020,10790.0386,9.9982,0.8863,9.1119,0.1836,9.9980,0.5054,9.4926,0.0248,10790.0386,NA,NA,NA
ZoomTracks.exe,23252,0x195FDAD7F80,DXGI,0,512,1,Hardware: Independent Flip,10800.8929,NA,9.96800000000000,9.98090000000000,9.13120000000000,9.30780000000000,9.3149,10800.0368,9.9873,0.8561,9.1312,0.1834,9.9805,0.4963,9.4842,0.0173,10800.0368,NA,NA,NA
ZoomTracks.exe,23252,0x195FDAD7F80,DXGI,0,512,1,Hardware: Independent Flip,10810.8822,NA,9.98930000000000,9.99770000000000,9.12750000000000,9.31710000000000,9.3233,10810.0241,9.9856,0.8581,9.1275,0.1766,9.9986,0.5306,9.4680,-0.0104,10810.0241,NA,NA,NA
ZoomTracks.exe,23252,0x195FDAD7F80,DXGI,0,512,1,Hardware: Independent Flip,10821.1289,NA,10.24670000000000,10.01220000000000,8.89520000000000,9.08130000000000,9.0888,10820.0097,10.0144,1.1192,8.8952,0.1896,10.0109,0.5010,9.5099,-0.0266,10820.0097,NA,15.3332,15.3332
ZoomTracks.exe,23252,0x195FDAD7F80,DXGI,0,512,1,Hardware: Independent Flip,10830.9112,NA,9.78230000000000,9.98670000000000,9.10910000000000,9.28700000000000,9.2932,10830.0241,9.9962,0.8871,9.1091,0.1861,9.9880,0.5359,9.4521,0.0277,10830.0241,NA,NA,NA
ZoomTracks.exe,23252,0x195FDAD7F80,DXGI,0,512,1,Hardware: Independent Flip,10840.9565,NA,10.04530000000000,10.00340000000000,9.06080000000000,9.24460000000000,9.2513,10840.0203,9.9970,0.9362,9.0608,0.1779,10.0029,0.5116,9.4913,-0.0072,10840.0203,NA,14.3390,14.3390
ZoomTracks.exe,23252,0x195FDAD7F80,DXGI,0,512,1,Hardware: Independent Flip,10850.8353,NA,9.87880000000000,10.03090000000000,9.20300000000000,9.39580000000000,9.4034,10850.0173,10.0210,0.8180,9.2030,0.1838,10.0300,0.5125,9.5175,-0.0339,10850.0173,NA,NA,NA
ZoomTracks.exe,23252,0x195FDAD7F80,DXGI,0,512,1,Hardware: Independent Flip,10861.0075,NA,10.17220000000000,9.95010000000000,8.99960000000000,9.17590000000000,9.1813,10860.0383,9.9688,0.9692,8.9996,0.1928,9.9523,0.5326,9.4197,0.0709,10860.0383,NA,NA,NA
ZoomTracks.exe,23252,0x195FDAD7F80,DXGI,0,512,1,Hardware: Independent Flip,10870.8829,NA,9.87540000000000,9.97950000000000,9.14120000000000,9.27970000000000,9.2854,10870.0071,10.0170,0.8758,9.1412,0.1763,9.9792,0.4433,9.5359,-0.0107,10870.0071,NA,NA,NA
ZoomTracks.exe,23252,0x195FDAD7F80,DXGI,0,512,1,Hardware: Independent Flip,10880.9105,NA,10.02760000000000,10.07580000000000,9.08600000000000,9.23900000000000,9.3336,10880.0241,9.9724,0.8864,9.0860,0.1385,9.9869,0.4365,9.5504,-0.0588,10880.0241,NA,NA,NA
ZoomTracks.exe,23252,0x195FDAD7F80,DXGI,0,512,1,Hardware: Independent Flip,10890.9280,NA,10.01750000000000,9.88400000000000,9.08590000000000,9.19270000000000,9.2001,10889.9965,10.0174,0.9315,9.0859,0.1530,9.9712,0.4067,9.5645,0.0884,10889.9965,NA,NA,NA
ZoomTracks.exe,23252,0x195FDAD7F80,DXGI,0,512,1,Hardware: Independent Flip,10900.8194,NA,9.89140000000000,10.09060000000000,9.19460000000000,9.39170000000000,9.3993,10900.0139,10.0001,0.8055,9.1946,0.1068,10.0904,0.4923,9.5981,-0.0732,10900.0139,NA,NA,NA
ZoomTracks.exe,23252,0x195FDAD7F80,DXGI,0,512,1,Hardware: Independent Flip,10910.8993,NA,10.07990000000000,10.05200000000000,9.12060000000000,9.23280000000000,9.3714,10910.0140,10.0059,0.8853,9.1206,0.1971,9.9210,0.4244,9.4966,-0.0519,10910.0140,NA,NA,NA
ZoomTracks.exe,23252,0x195FDAD7F80,DXGI,0,512,1,Hardware: Independent Flip,10920.9466,NA,10.04730000000000,9.95340000000000,9.08040000000000,9.27020000000000,9.2775,10920.0199,10.0071,0.9267,9.0804,0.1122,10.0847,0.5074,9.5773,0.0525,10920.0199,NA,NA,NA
ZoomTracks.exe,23252,0x195FDAD7F80,DXGI,0,512,1,Hardware: Independent Flip,10931.2403,NA,10.29370000000000,10.02450000000000,8.79450000000000,8.90940000000000,9.0083,10930.0270,10.0078,1.2133,8.7945,0.1898,9.9329,0.5005,9.4324,-0.0174,10930.0270,NA,13.3713,13.3713
ZoomTracks.exe,23252,0x195FDAD7F80,DXGI,0,512,1,Hardware: Independent Flip,10941.0086,NA,9.76830000000000,9.95980000000000,8.99960000000000,9.19250000000000,9.1998,10940.0348,9.9734,0.9738,8.9996,0.1149,10.0514,0.5447,9.5067,0.0480,10940.0348,NA,NA,NA
ZoomTracks.exe,23252,0x195FDAD7F80,DXGI,0,512,1,Hardware: Independent Flip,10950.8840,NA,9.87540000000000,10.03600000000000,9.13380000000000,9.29590000000000,9.3604,10950.0082,10.0096,0.8758,9.1338,0.1929,9.9788,0.4723,9.5065,-0.0626,10950.0082,NA,NA,NA
ZoomTracks.exe,23252,0x195FDAD7F80,DXGI,0,512,1,Hardware: Independent Flip,10960.9145,NA,10.03050000000000,9.96470000000000,9.10340000000000,9.28820000000000,9.2946,10960.0178,10.0001,0.8967,9.1034,0.1621,10.0228,0.5959,9.4269,0.0449,10960.0178,NA,NA,NA
ZoomTracks.exe,23252,0x195FDAD7F80,DXGI,0,512,1,Hardware: Independent Flip,10970.9124,NA,9.99790000000000,10.07270000000000,9.11540000000000,9.36140000000000,9.3694,10970.0179,10.0099,0.8945,9.1154,0.1848,10.0711,0.5526,9.5185,-0.0726,10970.0179,NA,NA,NA
ZoomTracks.exe,23252,0x195FDAD7F80,DXGI,0,512,1,Hardware: Independent Flip,10981.0998,NA,10.18740000000000,9.93450000000000,8.92950000000000,9.11020000000000,9.1165,10980.0278,10.0015,1.0720,8.9295,0.2460,9.9362,0.5024,9.4338,0.0754,10980.0278,NA,NA,NA
ZoomTracks.exe,23252,0x195FDAD7F80,DXGI,0,512,1,Hardware: Independent Flip,10990.9252,NA,9.82540000000000,10.02830000000000,9.08870000000000,9.31260000000000,9.3194,10990.0293,9.9846,0.8959,9.0887,0.1807,10.0278,0.5253,9.5025,-0.0268,10990.0293,NA,NA,NA
ZoomTracks.exe,23252,0x195FDAD7F80,DXGI,0,512,1,Hardware: Independent Flip,11000.9043,NA,9.97910000000000,10.00860000000000,9.11260000000000,9.23550000000000,9.3489,11000.0139,10.0030,0.8904,9.1126,0.2239,9.9020,0.4236,9.4784,-0.0240,11000.0139,NA,NA,NA
ZoomTracks.exe,23252,0x195FDAD7F80,DXGI,0,512,1,Hardware: Independent Flip,11010.8818,NA,9.97750000000000,9.94920000000000,9.15580000000000,9.31330000000000,9.3206,11010.0169,10.0207,0.8649,9.1558,0.1229,10.0553,0.4877,9.5676,0.0538,11010.0169,NA,NA,NA
ZoomTracks.exe,23252,0x195FDAD7F80,DXGI,0,512,1,Hardware: Independent Flip,11020.9587,NA,10.07690000000000,10.08160000000000,9.07270000000000,9.20430000000000,9.3253,11020.0376,9.9938,0.9211,9.0727,0.1575,9.9679,0.4414,9.5265,-0.0609,11020.0376,NA,NA,NA
ZoomTracks.exe,23252,0x195FDAD7F80,DXGI,0,512,1,Hardware: Independent Flip,11031.4768,NA,10.51810000000000,9.92950000000000,8.54260000000000,8.73010000000000,8.7367,11030.0314,9.9880,1.4454,8.5426,0.1316,10.0439,0.5057,9.5382,0.0643,11030.0314,NA,NA,NA
ZoomTracks.exe,23252,0x195FDAD7F80,DXGI,0,512,1,Hardware: Independent Flip,11040.8691,NA,9.39230000000000,9.94150000000000,9.14720000000000,9.27740000000000,9.2859,11040.0194,9.9969,0.8497,9.1472,0.1875,9.9396,0.4346,9.5050,0.0465,11040.0194,NA,NA,NA
ZoomTracks.exe,23252,0x195FDAD7F80,DXGI,0,512,1,Hardware: Independent Flip,11050.9631,NA,10.09400000000000,10.05410000000000,9.04300000000000,9.23910000000000,9.2460,11050.0163,9.9898,0.9468,9.0430,0.1302,10.0557,0.5054,9.5503,-0.0572,11050.0163,NA,NA,NA
ZoomTracks.exe,23252,0x195FDAD7F80,DXGI,0,512,1,Hardware: Independent Flip,11060.9283,NA,9.96520000000000,10.04700000000000,9.09750000000000,9.32170000000000,9.3278,11060.0061,10.0197,0.9222,9.0975,0.1961,10.0478,0.5454,9.5024,-0.0572,11060.0061,NA,NA,NA
ZoomTracks.exe,23252,0x195FDAD7F80,DXGI,0,512,1,Hardware: Independent Flip,11070.9384,NA,10.01010000000000,9.95800000000000,9.07580000000000,9.26900000000000,9.2757,11070.0258,9.9884,0.9126,9.0758,0.2242,9.9574,0.4999,9.4575,0.0617,11070.0258,NA,NA,NA
ZoomTracks.exe,23252,0x195FDAD7F80,DXGI,0,512,1,Hardware: Independent Flip,11080.9034,NA,9.96500000000000,10.00450000000000,9.11700000000000,9.24810000000000,9.3152,11080.0142,10.0062,0.8892,9.1170,0.1932,9.9441,0.5096,9.4345,-0.0161,11080.0142,NA,NA,NA
ZoomTracks.exe,23252,0x195FDAD7F80,DXGI,0,512,1,Hardware: Independent Flip,11090.8558,NA,9.95240000000000,9.99870000000000,9.16440000000000,9.35490000000000,9.3615,11090.0204,9.9998,0.8354,9.1644,0.1311,10.0592,0.4990,9.5602,0.0075,11090.0204,NA,NA,NA
ZoomTracks.exe,23252,0x195FDAD7F80,DXGI,0,512,1,Hardware: Independent Flip,11100.8269,NA,9.97110000000000,9.98750000000000,9.19540000000000,9.37140000000000,9.3779,11100.0202,10.0021,0.8067,9.1954,0.1905,9.9876,0.5057,9.4819,0.0123,11100.0202,NA,NA,NA
ZoomTracks.exe,23252,0x195FDAD7F80,DXGI,0,512,1,Hardware: Independent Flip,11110.9002,NA,10.07330000000000,10.01730000000000,9.13850000000000,9.31390000000000,9.3219,11110.0223,10.0164,0.8779,9.1385,0.1760,10.0158,0.5451,9.4707,-0.0152,11110.0223,NA,NA,NA
ZoomTracks.exe,23252,0x195FDAD7F80,DXGI,0,512,1,Hardware: Independent Flip,11120.9135,NA,10.01330000000000,9.94360000000000,9.11930000000000,9.24460000000000,9.2522,11120.0387,9.9941,0.8748,9.1193,0.1754,9.9440,0.4393,9.5047,0.0728,11120.0387,NA,NA,NA
ZoomTracks.exe,23252,0x195FDAD7F80,DXGI,0,512,1,Hardware: Independent Flip,11131.0468,NA,10.13330000000000,10.03680000000000,8.95210000000000,9.14920000000000,9.1557,11130.0328,9.9661,1.0140,8.9521,0.1253,10.0379,0.4997,9.5382,-0.0427,11130.0328,NA,NA,NA
ZoomTracks.exe,23252,0x195FDAD7F80,DXGI,0,512,1,Hardware: Independent Flip,11140.8719,NA,9.82510000000000,10.02640000000000,9.14220000000000,9.27490000000000,9.3570,11139.9989,10.0152,0.8730,9.1422,0.1971,9.9508,0.4380,9.5128,-0.0603,11139.9989,NA,NA,NA
ZoomTracks.exe,23252,0x195FDAD7F80,DXGI,0,512,1,Hardware: Independent Flip,11150.8430,NA,9.97110000000000,10.01240000000000,9.19610000000000,9.39080000000000,9.3983,11150.0141,10.0250,0.8289,9.1961,0.1327,10.0870,0.5157,9.5713,0.0028,11150.0141,NA,NA,NA
ZoomTracks.exe,23252,0x195FDAD7F80,DXGI,0,512,1,Hardware: Independent Flip,11160.9930,NA,10.15000000000000,10.02880000000000,9.05590000000000,9.17970000000000,9.2771,11160.0391,10.0098,0.9539,9.0559,0.1947,9.9389,0.4923,9.4466,-0.0038,11160.0391,NA,NA,NA
ZoomTracks.exe,23252,0x195FDAD7F80,DXGI,0,512,1,Hardware: Independent Flip,11171.1604,NA,10.16740000000000,9.90370000000000,8.84510000000000,9.00580000000000,9.0134,11170.0489,9.9566,1.1115,8.8451,0.1238,9.9935,0.5911,9.4024,0.1061,11170.0489,NA,NA,NA
ZoomTracks.exe,23252,0x195FDAD7F80,DXGI,0,512,1,Hardware: Independent Flip,11180.8301,NA,9.66970000000000,10.05720000000000,9.18750000000000,9.31050000000000,9.4009,11180.0055,10.0121,0.8246,9.1875,0.1607,9.9744,0.4959,9.4785,-0.1006,11180.0055,NA,NA,NA
ZoomTracks.exe,23252,0x195FDAD7F80,DXGI,0,512,1,Hardware: Independent Flip,11190.8780,NA,10.04790000000000,9.99960000000000,9.14380000000000,9.28310000000000,9.3526,11190.0176,10.0042,0.8604,9.1438,0.1230,10.0205,0.4577,9.5628,0.0125,11190.0176,NA,NA,NA
ZoomTracks.exe,23252,0x195FDAD7F80,DXGI,0,512,1,Hardware: Independent Flip,11200.9407,NA,10.06270000000000,9.99670000000000,9.07810000000000,9.27880000000000,9.2866,11200.0218,9.9970,0.9189,9.0781,0.1393,10.0584,0.5584,9.5000,0.0075,11200.0218,NA,NA,NA
ZoomTracks.exe,23252,0x195FDAD7F80,DXGI,0,512,1,Hardware: Independent Flip,11210.8764,NA,9.93570000000000,9.99130000000000,9.19580000000000,9.26620000000000,9.3422,11210.0188,10.0534,0.8576,9.1958,0.2007,9.9231,0.4276,9.4955,0.0057,11210.0188,NA,NA,NA
ZoomTracks.exe,23252,0x195FDAD7F80,DXGI,0,512,1,Hardware: Independent Flip,11221.0091,NA,10.13270000000000,9.94720000000000,9.01930000000000,9.14790000000000,9.1567,11220.0722,9.9562,0.9369,9.0193,0.0704,10.0144,0.5129,9.5015,0.1062,11220.0722,NA,NA,NA
ZoomTracks.exe,23252,0x195FDAD7F80,DXGI,0,512,1,Hardware: Independent Flip,11230.8785,NA,9.86940000000000,10.05670000000000,9.14600000000000,9.33650000000000,9.3440,11230.0284,9.9961,0.8501,9.1460,0.1286,10.0580,0.6362,9.4218,-0.1005,11230.0284,NA,NA,NA
ZoomTracks.exe,23252,0x195FDAD7F80,DXGI,0,512,1,Hardware: Independent Flip,11240.8872,NA,10.00870000000000,10.00230000000000,9.14250000000000,9.32960000000000,9.3376,11240.0245,10.0052,0.8627,9.1425,0.1905,10.0018,0.5264,9.4754,-0.0062,11240.0245,NA,NA,NA
ZoomTracks.exe,23252,0x195FDAD7F80,DXGI,0,512,1,Hardware: Independent Flip,11251.1529,NA,10.26570000000000,9.96640000000000,8.85380000000000,9.03150000000000,9.0383,11250.0297,9.9770,1.1232,8.8538,0.1871,9.9676,0.4777,9.4899,0.0388,11250.0297,NA,NA,NA
ZoomTracks.exe,23252,0x195FDAD7F80,DXGI,0,512,1,Hardware: Independent Flip,11260.8276,NA,9.67470000000000,10.06470000000000,9.19480000000000,9.42100000000000,9.4283,11260.0067,10.0157,0.8209,9.1948,0.1777,10.0642,0.5809,9.4833,-0.0877,11260.0067,NA,NA,NA
ZoomTracks.exe,23252,0x195FDAD7F80,DXGI,0,512,1,Hardware: Independent Flip,11270.9275,NA,10.09990000000000,9.96330000000000,9.09180000000000,9.22950000000000,9.2917,11270.0224,9.9969,0.9051,9.0918,0.2262,9.9084,0.4541,9.4543,0.0524,11270.0224,NA,NA,NA
ZoomTracks.exe,23252,0x195FDAD7F80,DXGI,0,512,1,Hardware: Independent Flip,11280.8930,NA,9.96550000000000,9.99470000000000,9.13310000000000,9.31490000000000,9.3209,11280.0193,10.0068,0.8737,9.1331,0.1377,10.0509,0.4937,9.5572,0.0022,11280.0193,NA,NA,NA
ZoomTracks.exe,23252,0x195FDAD7F80,DXGI,0,512,1,Hardware: Independent Flip,11290.8841,NA,9.99110000000000,10.06110000000000,9.13310000000000,9.29560000000000,9.3909,11290.0261,9.9911,0.8580,9.1331,0.1818,9.9718,0.5289,9.4429,-0.0543,11290.0261,NA,NA,NA
ZoomTracks.exe,23252,0x195FDAD7F80,DXGI,0,512,1,Hardware: Independent Flip,11300.9285,NA,10.04440000000000,9.93830000000000,9.09060000000000,9.27630000000000,9.2848,11300.0172,10.0019,0.9113,9.0906,0.1625,10.0251,0.5035,9.5216,0.0528,11300.0172,NA,NA,NA
ZoomTracks.exe,23252,0x195FDAD7F80,DXGI,0,512,1,Hardware: Independent Flip,11310.8887,NA,9.96020000000000,10.10760000000000,9.11640000000000,9.33380000000000,9.4322,11310.0191,9.9860,0.8696,9.1164,0.1857,10.0177,0.6411,9.3766,-0.1057,11310.0191,NA,NA,NA
ZoomTracks.exe,23252,0x195FDAD7F80,DXGI,0,512,1,Hardware: Independent Flip,11321.0265,NA,10.13780000000000,9.86810000000000,8.99540000000000,9.15400000000000,9.1625,11320.0051,10.0168,1.0214,8.9954,0.2174,9.9580,0.4625,9.4955,0.1179,11320.0051,NA,NA,NA
ZoomTracks.exe,23252,0x195FDAD7F80,DXGI,0,512,1,Hardware: Independent Flip,11330.8608,NA,9.83430000000000,10.01450000000000,9.14130000000000,9.33640000000000,9.3427,11330.0219,9.9802,0.8389,9.1413,0.1586,10.0167,0.4943,9.5224,0.0023,11330.0219,NA,NA,NA
ZoomTracks.exe,23252,0x195FDAD7F80,DXGI,0,512,1,Hardware: Independent Flip,11340.8721,NA,10.01130000000000,9.98290000000000,9.14460000000000,9.20610000000000,9.3143,11340.0021,10.0146,0.8700,9.1446,0.1951,9.8810,0.3684,9.5126,-0.0027,11340.0021,NA,NA,NA
ZoomTracks.exe,23252,0x195FDAD7F80,DXGI,0,512,1,Hardware: Independent Flip,11350.9923,NA,10.12020000000000,10.02690000000000,9.01970000000000,9.21470000000000,9.2210,11350.0167,9.9953,0.9756,9.0197,0.0615,10.1288,0.5454,9.5834,-0.0123,11350.0167,NA,NA,NA
ZoomTracks.exe,23252,0x195FDAD7F80,DXGI,0,512,1,Hardware: Independent Flip,11360.9464,NA,9.95410000000000,10.13250000000000,9.09800000000000,9.27570000000000,9.3994,11360.0120,10.0324,0.9344,9.0980,0.1950,10.0151,0.4995,9.5156,-0.1372,11360.0120,NA,NA,NA
ZoomTracks.exe,23252,0x195FDAD7F80,DXGI,0,512,1,Hardware: Independent Flip,11371.0024,NA,10.05600000000000,9.88140000000000,9.03100000000000,9.21760000000000,9.2248,11370.0444,9.9890,0.9580,9.0310,0.1777,9.9979,0.5093,9.4886,0.1510,11370.0444,NA,NA,NA
ZoomTracks.exe,23252,0x195FDAD7F80,DXGI,0,512,1,Hardware: Independent Flip,11380.8999,NA,9.89750000000000,10.02250000000000,9.11910000000000,9.28660000000000,9.3498,11380.0334,9.9856,0.8665,9.1191,0.1866,9.9665,0.5720,9.3945,-0.0335,11380.0334,NA,NA,NA
ZoomTracks.exe,23252,0x195FDAD7F80,DXGI,0,512,1,Hardware: Independent Flip,11390.8661,NA,9.96620000000000,10.00070000000000,9.16580000000000,9.29630000000000,9.3843,11390.0190,10.0129,0.8471,9.1658,0.1675,9.9759,0.5122,9.4637,-0.0151,11390.0190,NA,NA,NA
ZoomTracks.exe,23252,0x195FDAD7F80,DXGI,0,512,1,Hardware: Independent Flip,11400.8833,NA,10.01720000000000,9.96860000000000,9.13720000000000,9.32520000000000,9.3357,11400.0319,9.9886,0.8514,9.1372,0.1305,10.0461,0.4972,9.5489,0.0443,11400.0319,NA,NA,NA
ZoomTracks.exe,23252,0x195FDAD7F80,DXGI,0,512,1,Hardware: Independent Flip,11410.8369,NA,9.95360000000000,10.08160000000000,9.18340000000000,9.37010000000000,9.4637,11410.0205,9.9998,0.8164,9.1834,0.1880,9.9985,0.5339,9.4646,-0.0930,11410.0205,NA,NA,NA
ZoomTracks.exe,23252,0x195FDAD7F80,DXGI,0,512,1,Hardware: Independent Flip,11421.1316,NA,10.29470000000000,9.92520000000000,8.90530000000000,9.08490000000000,9.0942,11420.0203,10.0166,1.1113,8.9053,0.1867,10.0095,0.5131,9.4964,0.0746,11420.0203,NA,NA,NA
ZoomTracks.exe,23252,0x195FDAD7F80,DXGI,0,512,1,Hardware: Independent Flip,11431.0699,NA,9.93830000000000,9.98630000000000,8.93910000000000,9.13410000000000,9.1422,11430.0369,9.9721,1.0330,8.9391,0.1796,9.9875,0.5465,9.4410,0.0303,11430.0369,NA,16.3260,16.3260
ZoomTracks.exe,23252,0x195FDAD7F80,DXGI,0,512,1,Hardware: Independent Flip,11440.9337,NA,9.86380000000000,10.03070000000000,9.09280000000000,9.23790000000000,9.3091,11440.0090,10.0175,0.9247,9.0928,0.1950,9.9676,0.4601,9.5075,-0.0586,11440.0090,NA,18.8834,18.8834
ZoomTracks.exe,23252,0x195FDAD7F80,DXGI,0,512,1,Hardware: Independent Flip,11450.9636,NA,10.02990000000000,9.95800000000000,9.04020000000000,9.23020000000000,9.2372,11450.0265,9.9773,0.9371,9.0402,0.1451,10.0222,0.4800,9.5422,0.0595,11450.0265,NA,NA,NA
ZoomTracks.exe,23252,0x195FDAD7F80,DXGI,0,512,1,Hardware: Independent Flip,11460.8572,NA,9.89360000000000,10.03820000000000,9.17080000000000,9.37550000000000,9.3818,11460.0038,10.0242,0.8534,9.1708,0.1900,10.0389,0.5909,9.4480,-0.0609,11460.0038,NA,NA,NA
ZoomTracks.exe,23252,0x195FDAD7F80,DXGI,0,512,1,Hardware: Independent Flip,11470.9050,NA,10.04780000000000,9.97260000000000,9.11010000000000,9.29920000000000,9.3066,11470.0280,9.9871,0.8770,9.1101,0.2047,9.9715,0.5010,9.4705,0.0516,11470.0280,NA,NA,NA
ZoomTracks.exe,23252,0x195FDAD7F80,DXGI,0,512,1,Hardware: Independent Flip,11480.8629,NA,9.95790000000000,9.99170000000000,9.15660000000000,9.33230000000000,9.3404,11480.0151,10.0044,0.8478,9.1566,0.1891,9.9910,0.4813,9.5097,-0.0046,11480.0151,NA,NA,NA
ZoomTracks.exe,23252,0x195FDAD7F80,DXGI,0,512,1,Hardware: Independent Flip,11490.8814,NA,10.01850000000000,9.95790000000000,9.14460000000000,9.27260000000000,9.2798,11490.0195,10.0065,0.8619,9.1446,0.1757,9.9588,0.4412,9.5176,0.0465,11490.0195,NA,NA,NA
ZoomTracks.exe,23252,0x195FDAD7F80,DXGI,0,512,1,Hardware: Independent Flip,11501.0421,NA,10.16070000000000,10.03170000000000,8.96680000000000,9.14460000000000,9.1508,11500.0260,9.9829,1.0161,8.9668,0.1280,10.0327,0.5429,9.4898,-0.0252,11500.0260,NA,NA,NA
ZoomTracks.exe,23252,0x195FDAD7F80,DXGI,0,512,1,Hardware: Independent Flip,11510.8724,NA,9.83030000000000,10.05530000000000,9.14730000000000,9.27160000000000,9.3758,11510.0089,10.0108,0.8635,9.1473,0.1778,9.9573,0.4293,9.5280,-0.0724,11510.0089,NA,NA,NA
ZoomTracks.exe,23252,0x195FDAD7F80,DXGI,0,512,1,Hardware: Independent Flip,11521.5922,NA,10.71980000000000,10.07320000000000,8.48670000000000,8.71840000000000,8.7292,11520.0197,10.0592,1.5725,8.4867,0.1243,10.1666,0.7378,9.4288,-0.0624,11520.0197,NA,12.4632,12.4632
ZoomTracks.exe,23252,0x195FDAD7F80,DXGI,0,512,1,Hardware: Independent Flip,11531.3722,NA,9.78000000000000,9.93540000000000,8.65520000000000,8.77210000000000,8.8846,11530.0789,9.9485,1.2933,8.6552,0.2317,9.8337,0.5095,9.3242,0.1238,11530.0789,NA,NA,NA
ZoomTracks.exe,23252,0x195FDAD7F80,DXGI,0,512,1,Hardware: Independent Flip,11540.9731,NA,9.60090000000000,9.95220000000000,9.03630000000000,9.22930000000000,9.2359,11540.0274,9.9820,0.9457,9.0363,0.1169,10.0581,0.4882,9.5699,-0.0037,11540.0274,NA,NA,NA
ZoomTracks.exe,23252,0x195FDAD7F80,DXGI,0,512,1,Hardware: Independent Flip,11551.1300,NA,10.15690000000000,10.06400000000000,8.91140000000000,9.02550000000000,9.1430,11550.0094,10.0320,1.1206,8.9114,0.1930,9.9531,0.5034,9.4497,-0.0820,11550.0094,NA,16.3917,16.3917
ZoomTracks.exe,23252,0x195FDAD7F80,DXGI,0,512,1,Hardware: Independent Flip,11560.9485,NA,9.81850000000000,9.97980000000000,9.08410000000000,9.29710000000000,9.3043,11560.0414,9.9912,0.9071,9.0841,0.1141,10.0901,0.5330,9.5571,0.0522,11560.0414,NA,NA,NA
ZoomTracks.exe,23252,0x195FDAD7F80,DXGI,0,512,1,Hardware: Independent Flip,11570.9319,NA,9.98340000000000,9.96430000000000,9.08780000000000,9.27770000000000,9.2852,11570.0326,9.9871,0.8993,9.0878,0.2130,9.9640,0.5837,9.3803,0.0269,11570.0326,NA,NA,NA
ZoomTracks.exe,23252,0x195FDAD7F80,DXGI,0,512,1,Hardware: Independent Flip,11580.8991,NA,9.96720000000000,9.99340000000000,9.14280000000000,9.30520000000000,9.3114,11580.0197,10.0222,0.8794,9.1428,0.1899,9.9947,0.5570,9.4377,-0.0063,11580.0197,NA,NA,NA
ZoomTracks.exe,23252,0x195FDAD7F80,DXGI,0,512,1,Hardware: Independent Flip,11591.0024,NA,10.10330000000000,9.95810000000000,9.02730000000000,9.14560000000000,9.1662,11590.0419,9.9878,0.9605,9.0273,0.1624,9.9437,0.4830,9.4607,0.0641,11590.0419,NA,15.2698,15.2698
ZoomTracks.exe,23252,0x195FDAD7F80,DXGI,0,512,1,Hardware: Independent Flip,11600.9272,NA,9.92480000000000,10.03880000000000,9.08190000000000,9.27300000000000,9.2802,11600.0297,9.9794,0.8975,9.0819,0.1183,10.0522,0.6299,9.4223,-0.0510,11600.0297,NA,18.3482,18.3482
ZoomTracks.exe,23252,0x195FDAD7F80,DXGI,0,512,1,Hardware: Independent Flip,11610.9593,NA,10.03210000000000,10.07920000000000,9.06100000000000,9.18660000000000,9.3273,11610.0091,10.0112,0.9502,9.0610,0.1911,9.9457,0.4278,9.5179,-0.0998,11610.0091,NA,NA,NA
ZoomTracks.exe,23252,0x195FDAD7F80,DXGI,0,512,1,Hardware: Independent Flip,11620.9503,NA,9.99100000000000,9.94150000000000,9.07940000000000,9.26870000000000,9.2778,11620.0203,10.0094,0.9300,9.0794,0.1256,10.0731,0.5802,9.4929,0.0697,11620.0203,NA,NA,NA
ZoomTracks.exe,23252,0x195FDAD7F80,DXGI,0,512,1,Hardware: Independent Flip,11630.8889,NA,9.93860000000000,10.01790000000000,9.15060000000000,9.28440000000000,9.3571,11630.0297,10.0098,0.8592,9.1506,0.1893,9.9543,0.4496,9.5047,-0.0085,11630.0297,NA,NA,NA
ZoomTracks.exe,23252,0x195FDAD7F80,DXGI,0,512,1,Hardware: Independent Flip,11640.9634,NA,10.07450000000000,10.01310000000000,9.06330000000000,9.28750000000000,9.2957,11640.0395,9.9872,0.9239,9.0633,0.1338,10.0776,0.6153,9.4623,-0.0033,11640.0395,NA,NA,NA
ZoomTracks.exe,23252,0x195FDAD7F80,DXGI,0,512,1,Hardware: Independent Flip,11650.9629,NA,9.99950000000000,9.96000000000000,9.06620000000000,9.17890000000000,9.2562,11650.0267,10.0024,0.9362,9.0662,0.2242,9.8909,0.4279,9.4630,0.0272,11650.0267,NA,NA,NA
ZoomTracks.exe,23252,0x195FDAD7F80,DXGI,0,512,1,Hardware: Independent Flip,11661.5214,NA,10.55850000000000,10.00000000000000,8.49240000000000,8.69030000000000,8.6977,11660.0291,9.9847,1.4923,8.4924,0.1127,10.0699,0.5821,9.4878,0.0024,11660.0291,NA,13.3383,13.3383
ZoomTracks.exe,23252,0x195FDAD7F80,DXGI,0,512,1,Hardware: Independent Flip,11671.1738,NA,9.65240000000000,10.05930000000000,8.85390000000000,9.00340000000000,9.1046,11670.0138,10.0139,1.1600,8.8539,0.1979,9.9655,0.5599,9.4056,-0.0746,11670.0138,NA,18.4337,18.4337
ZoomTracks.exe,23252,0x195FDAD7F80,DXGI,0,512,1,Hardware: Independent Flip,11680.9701,NA,9.79630000000000,9.93560000000000,9.05410000000000,9.23740000000000,9.2439,11680.0277,9.9965,0.9424,9.0541,0.1495,10.0303,0.6088,9.4215,0.0783,11680.0277,NA,NA,NA
ZoomTracks.exe,23252,0x195FDAD7F80,DXGI,0,512,1,Hardware: Independent Flip,11690.9157,NA,9.94560000000000,10.00540000000000,9.10190000000000,9.29660000000000,9.3037,11690.0242,9.9934,0.8915,9.1019,0.1833,10.0048,0.5693,9.4355,-0.0089,11690.0242,NA,NA,NA
ZoomTracks.exe,23252,0x195FDAD7F80,DXGI,0,512,1,Hardware: Independent Flip,11700.8881,NA,9.97240000000000,9.98440000000000,9.13670000000000,9.30850000000000,9.3157,11700.0176,10.0072,0.8705,9.1367,0.1947,9.9843,0.5446,9.4397,0.0090,11700.0176,NA,NA,NA
ZoomTracks.exe,23252,0x195FDAD7F80,DXGI,0,512,1,Hardware: Independent Flip,11710.9562,NA,10.06810000000000,10.00780000000000,9.07340000000000,9.24890000000000,9.2554,11710.0248,10.0048,0.9314,9.0734,0.1718,10.0085,0.5366,9.4719,-0.0006,11710.0248,NA,17.3501,17.3501
ZoomTracks.exe,23252,0x195FDAD7F80,DXGI,0,512,1,Hardware: Independent Flip,11720.8713,NA,9.91510000000000,9.95390000000000,9.16030000000000,9.28750000000000,9.2942,11720.0296,10.0020,0.8417,9.1603,0.1755,9.9537,0.5204,9.4333,0.0509,11720.0296,NA,NA,NA
ZoomTracks.exe,23252,0x195FDAD7F80,DXGI,0,512,1,Hardware: Independent Flip,11730.9743,NA,10.10300000000000,10.05380000000000,9.04200000000000,9.23820000000000,9.2450,11730.0316,9.9847,0.9427,9.0420,0.1272,10.0537,0.5550,9.4987,-0.0518,11730.0316,NA,13.3388,13.3388
ZoomTracks.exe,23252,0x195FDAD7F80,DXGI,0,512,1,Hardware: Independent Flip,11740.9492,NA,9.97490000000000,9.99800000000000,9.07200000000000,9.19670000000000,9.2681,11740.0163,10.0049,0.9329,9.0720,0.1962,9.9334,0.4450,9.4884,-0.0133,11740.0163,NA,NA,NA
ZoomTracks.exe,23252,0x195FDAD7F80,DXGI,0,512,1,Hardware: Independent Flip,11750.8626,NA,9.91340000000000,9.98810000000000,9.15230000000000,9.33550000000000,9.3428,11750.0212,9.9937,0.8414,9.1523,0.1247,10.0522,0.5383,9.5139,0.0168,11750.0212,NA,NA,NA
ZoomTracks.exe,23252,0x195FDAD7F80,DXGI,0,512,1,Hardware: Independent Flip,11760.8484,NA,9.98580000000000,10.05650000000000,9.17180000000000,9.31710000000000,9.4135,11760.0149,10.0053,0.8335,9.1718,0.1832,9.9674,0.4609,9.5065,-0.0628,11760.0149,NA,NA,NA
ZoomTracks.exe,23252,0x195FDAD7F80,DXGI,0,512,1,Hardware: Independent Flip,11770.9430,NA,10.09460000000000,9.96190000000000,9.09370000000000,9.27410000000000,9.2808,11770.0202,10.0165,0.9228,9.0937,0.1453,10.0516,0.5353,9.5163,0.0434,11770.0202,NA,NA,NA
ZoomTracks.exe,23252,0x195FDAD7F80,DXGI,0,512,1,Hardware: Independent Flip,11780.8514,NA,9.90840000000000,9.99910000000000,9.19810000000000,9.36370000000000,9.3715,11780.0367,10.0128,0.8147,9.1981,0.1804,9.9980,0.5066,9.4914,0.0174,11780.0367,NA,NA,NA
ZoomTracks.exe,23252,0x195FDAD7F80,DXGI,0,512,1,Hardware: Independent Flip,11791.3341,NA,10.48270000000000,9.92330000000000,8.69230000000000,8.80500000000000,8.8121,11790.0495,9.9769,1.2846,8.6923,0.1656,9.9240,0.4330,9.4910,0.0895,11790.0495,NA,14.2379,14.2379
ZoomTracks.exe,23252,0x195FDAD7F80,DXGI,0,512,1,Hardware: Independent Flip,11801.0967,NA,9.76260000000000,10.05460000000000,8.92300000000000,9.09780000000000,9.1041,11800.0264,9.9933,1.0703,8.9230,0.1127,10.0554,0.5055,9.5499,-0.0777,11800.0264,NA,13.3124,13.3124
ZoomTracks.exe,23252,0x195FDAD7F80,DXGI,0,512,1,Hardware: Independent Flip,11810.8568,NA,9.76010000000000,10.04330000000000,9.15280000000000,9.28350000000000,9.3873,11810.0197,9.9899,0.8371,9.1528,0.1748,9.9458,0.4882,9.4576,-0.0500,11810.0197,NA,NA,NA
ZoomTracks.exe,23252,0x195FDAD7F80,DXGI,0,512,1,Hardware: Independent Flip,11820.9806,NA,10.12380000000000,10.02680000000000,9.13430000000000,9.22190000000000,9.2903,11820.0096,10.1053,0.9710,9.1343,0.1307,10.0622,0.5552,9.5070,-0.0369,11820.0096,NA,NA,NA
ZoomTracks.exe,23252,0x195FDAD7F80,DXGI,0,512,1,Hardware: Independent Flip,11831.2125,NA,10.23190000000000,9.99010000000000,8.80760000000000,8.94720000000000,9.0485,11830.1149,9.9052,1.0976,8.8076,0.0876,9.9572,0.4702,9.4870,0.1152,11830.1149,NA,10.3923,10.3923
ZoomTracks.exe,23252,0x195FDAD7F80,DXGI,0,512,1,Hardware: Independent Flip,11841.0438,NA,9.83130000000000,10.05760000000000,8.97480000000000,9.26760000000000,9.2748,11840.0201,9.9985,1.0237,8.9748,0.1396,10.1517,0.5987,9.5530,-0.1524,11840.0201,NA,14.9248,14.9248
ZoomTracks.exe,23252,0x195FDAD7F80,DXGI,0,512,1,Hardware: Independent Flip,11851.0418,NA,9.99800000000000,9.98630000000000,8.96580000000000,9.13500000000000,9.2631,11850.0186,9.9890,1.0232,8.9658,0.2928,9.8654,0.4601,9.4053,0.0122,11850.0186,NA,NA,NA
ZoomTracks.exe,23252,0x195FDAD7F80,DXGI,0,512,1,Hardware: Independent Flip,11860.9542,NA,9.91240000000000,9.90770000000000,9.05420000000000,9.25140000000000,9.2584,11860.0076,10.0008,0.9466,9.0542,0.1692,10.0288,0.4922,9.5366,0.0813,11860.0076,NA,NA,NA
ZoomTracks.exe,23252,0x195FDAD7F80,DXGI,0,512,1,Hardware: Independent Flip,11870.8824,NA,9.92820000000000,9.96330000000000,9.15430000000000,9.20960000000000,9.2935,11870.0084,10.0283,0.8740,9.1543,0.1972,9.8864,0.3910,9.4954,0.0375,11870.0084,NA,NA,NA
ZoomTracks.exe,23252,0x195FDAD7F80,DXGI,0,512,1,Hardware: Independent Flip,11880.8490,NA,9.96660000000000,10.03340000000000,9.16790000000000,9.35380000000000,9.3603,11880.0367,9.9802,0.8123,9.1679,0.0553,10.1108,0.5463,9.5645,-0.0051,11880.0367,NA,NA,NA
ZoomTracks.exe,23252,0x195FDAD7F80,DXGI,0,512,1,Hardware: Independent Flip,11890.9190,NA,10.07000000000000,10.08680000000000,9.10530000000000,9.26250000000000,9.3771,11890.0169,10.0074,0.9021,9.1053,0.1859,9.9787,0.5472,9.4315,-0.1066,11890.0169,NA,NA,NA
ZoomTracks.exe,23252,0x195FDAD7F80,DXGI,0,512,1,Hardware: Independent Flip,11900.9674,NA,10.04840000000000,9.90560000000000,9.05930000000000,9.22760000000000,9.2343,11900.0243,10.0024,0.9431,9.0593,0.1572,10.0135,0.4830,9.5305,0.1018,11900.0243,NA,NA,NA
ZoomTracks.exe,23252,0x195FDAD7F80,DXGI,0,512,1,Hardware: Independent Flip,11910.8914,NA,9.92400000000000,10.01790000000000,9.14040000000000,9.32090000000000,9.3282,11910.0267,10.0051,0.8647,9.1404,0.1683,10.0173,0.4820,9.5353,-0.0155,11910.0267,NA,NA,NA
ZoomTracks.exe,23252,0x195FDAD7F80,DXGI,0,512,1,Hardware: Independent Flip,11921.1207,NA,10.22930000000000,9.95310000000000,8.89800000000000,9.04560000000000,9.0520,11920.0318,9.9869,1.0889,8.8980,0.1805,9.9540,0.5028,9.4512,0.0520,11920.0318,NA,19.3055,19.3055
ZoomTracks.exe,23252,0x195FDAD7F80,DXGI,0,512,1,Hardware: Independent Flip,11931.0486,NA,9.92790000000000,10.05460000000000,8.97110000000000,9.16920000000000,9.1787,11930.0187,10.0010,1.0299,8.9711,0.1476,10.0515,0.5098,9.5417,-0.0677,11930.0187,NA,NA,NA
ZoomTracks.exe,23252,0x195FDAD7F80,DXGI,0,512,1,Hardware: Independent Flip,11941.0231,NA,9.97450000000000,9.93390000000000,8.98200000000000,9.05810000000000,9.1381,11940.0197,9.9854,1.0034,8.9820,0.1981,9.8634,0.3784,9.4850,0.0671,11940.0197,NA,NA,NA
ZoomTracks.exe,23252,0x195FDAD7F80,DXGI,0,512,1,Hardware: Independent Flip,11951.1429,NA,10.11980000000000,10.03030000000000,8.86390000000000,9.04140000000000,9.0486,11950.0051,10.0017,1.1378,8.8639,0.0761,10.1031,0.5253,9.5778,-0.0449,11950.0051,NA,11.3069,11.3069
ZoomTracks.exe,23252,0x195FDAD7F80,DXGI,0,512,1,Hardware: Independent Flip,11960.8947,NA,9.75180000000000,10.08400000000000,9.13130000000000,9.24590000000000,9.3808,11960.0068,10.0192,0.8879,9.1313,0.1775,9.9563,0.4229,9.5334,-0.0823,11960.0068,NA,NA,NA
ZoomTracks.exe,23252,0x195FDAD7F80,DXGI,0,512,1,Hardware: Independent Flip,11970.9181,NA,10.02340000000000,9.94040000000000,9.10740000000000,9.29150000000000,9.2978,11970.0260,9.9995,0.8921,9.1074,0.1146,10.0690,0.4920,9.5770,0.0788,11970.0260,NA,NA,NA
ZoomTracks.exe,23252,0x195FDAD7F80,DXGI,0,512,1,Hardware: Independent Flip,11980.8864,NA,9.96830000000000,10.04620000000000,9.15540000000000,9.26360000000000,9.3757,11980.0255,10.0163,0.8609,9.1554,0.1841,9.9404,0.4394,9.5010,-0.0467,11980.0255,NA,NA,NA
ZoomTracks.exe,23252,0x195FDAD7F80,DXGI,0,512,1,Hardware: Independent Flip,11991.0687,NA,10.18230000000000,9.95900000000000,8.95580000000000,9.14560000000000,9.1524,11990.0418,9.9827,1.0269,8.9558,0.1082,10.0643,0.5529,9.5114,0.0573,11990.0418,NA,NA,NA
ZoomTracks.exe,23252,0x195FDAD7F80,DXGI,0,512,1,Hardware: Independent Flip,12001.0048,NA,9.93610000000000,9.99860000000000,9.03280000000000,9.20730000000000,9.2149,12000.0245,10.0131,0.9803,9.0328,0.1898,9.9978,0.4876,9.5102,-0.0159,12000.0245,NA,NA,NA
ZoomTracks.exe,23252,0x195FDAD7F80,DXGI,0,512,1,Hardware: Independent Flip,12011.1697,NA,10.16490000000000,10.06290000000000,8.86120000000000,9.10350000000000,9.1129,12010.0376,9.9933,1.1321,8.8612,0.1745,10.0611,0.6372,9.4239,-0.0498,12010.0376,NA,NA,NA
ZoomTracks.exe,23252,0x195FDAD7F80,DXGI,0,512,1,Hardware: Independent Flip,12021.2094,NA,10.03970000000000,9.93010000000000,8.81360000000000,8.99580000000000,9.0033,12020.0309,9.9921,1.1785,8.8136,0.2423,9.9320,0.5596,9.3724,0.0632,12020.0309,NA,NA,NA
ZoomTracks.exe,23252,0x195FDAD7F80,DXGI,0,512,1,Hardware: Independent Flip,12030.9632,NA,9.75380000000000,10.01030000000000,9.05970000000000,9.25290000000000,9.2598,12030.0230,9.9999,0.9402,9.0597,0.1822,10.0109,0.4962,9.5147,-0.0182,12030.0230,NA,NA,NA
ZoomTracks.exe,23252,0x195FDAD7F80,DXGI,0,512,1,Hardware: Independent Flip,12040.8871,NA,9.92390000000000,10.02240000000000,9.13020000000000,9.26380000000000,9.3583,12040.0229,9.9944,0.8642,9.1302,0.1932,9.9348,0.4977,9.4371,-0.0225,12040.0229,NA,NA,NA
ZoomTracks.exe,23252,0x195FDAD7F80,DXGI,0,512,1,Hardware: Independent Flip,12050.9254,NA,10.03830000000000,9.94810000000000,9.09350000000000,9.26130000000000,9.2681,12050.0173,10.0016,0.9081,9.0935,0.1336,10.0358,0.4641,9.5717,0.0463,12050.0173,NA,NA,NA
ZoomTracks.exe,23252,0x195FDAD7F80,DXGI,0,512,1,Hardware: Independent Flip,12061.3681,NA,10.44270000000000,10.05510000000000,8.65410000000000,8.79400000000000,8.8805,12060.0189,10.0033,1.3492,8.6541,0.1678,9.9754,0.5323,9.4431,-0.0535,12060.0189,NA,17.3739,17.3739
ZoomTracks.exe,23252,0x195FDAD7F80,DXGI,0,512,1,Hardware: Independent Flip,12071.0693,NA,9.70120000000000,9.96770000000000,8.93930000000000,9.13870000000000,9.1470,12070.0222,9.9864,1.0471,8.9393,0.1399,10.0459,0.5656,9.4803,0.0356,12070.0222,NA,NA,NA
ZoomTracks.exe,23252,0x195FDAD7F80,DXGI,0,512,1,Hardware: Independent Flip,12080.8901,NA,9.82080000000000,10.00620000000000,9.14410000000000,9.32360000000000,9.3324,12080.0086,10.0256,0.8815,9.1441,0.1994,10.0057,0.5039,9.5018,-0.0198,12080.0086,NA,NA,NA
ZoomTracks.exe,23252,0x195FDAD7F80,DXGI,0,512,1,Hardware: Independent Flip,12091.1937,NA,10.30360000000000,9.96460000000000,8.85810000000000,8.92110000000000,8.9934,12090.0342,10.0176,1.1595,8.8581,0.1795,9.9011,0.3988,9.5023,0.0610,12090.0342,NA,15.3061,15.3061
ZoomTracks.exe,23252,0x195FDAD7F80,DXGI,0,512,1,Hardware: Independent Flip,12101.0791,NA,9.88540000000000,10.03110000000000,8.95460000000000,9.13170000000000,9.1391,12100.0518,9.9819,1.0273,8.9546,0.0630,10.0960,0.4878,9.6082,-0.0135,12100.0518,NA,NA,NA
ZoomTracks.exe,23252,0x195FDAD7F80,DXGI,0,512,1,Hardware: Independent Flip,12110.9765,NA,9.89740000000000,10.03480000000000,9.04500000000000,9.17180000000000,9.2765,12110.0337,9.9878,0.9428,9.0450,0.1771,9.9375,0.4451,9.4924,-0.0529,12110.0337,NA,NA,NA
ZoomTracks.exe,23252,0x195FDAD7F80,DXGI,0,512,1,Hardware: Independent Flip,12120.9065,NA,9.93000000000000,9.96770000000000,9.11580000000000,9.30720000000000,9.3142,12120.0215,10.0008,0.8850,9.1158,0.1268,10.0654,0.5028,9.5626,0.0201,12120.0215,NA,NA,NA
ZoomTracks.exe,23252,0x195FDAD7F80,DXGI,0,512,1,Hardware: Independent Flip,12130.8937,NA,9.98720000000000,9.99550000000000,9.12760000000000,9.25400000000000,9.3225,12130.0223,9.9990,0.8714,9.1276,0.1914,9.9340,0.4593,9.4747,0.0053,12130.0223,NA,NA,NA
ZoomTracks.exe,23252,0x195FDAD7F80,DXGI,0,512,1,Hardware: Independent Flip,12140.9303,NA,10.03660000000000,10.02540000000000,9.07970000000000,9.30270000000000,9.3113,12140.0213,9.9887,0.9090,9.0797,0.1264,10.0853,0.5233,9.5620,-0.0264,12140.0213,NA,NA,NA
ZoomTracks.exe,23252,0x195FDAD7F80,DXGI,0,512,1,Hardware: Independent Flip,12151.0244,NA,10.09410000000000,9.98120000000000,9.00110000000000,9.11910000000000,9.1984,12150.0100,10.0155,1.0144,9.0011,0.2230,9.9105,0.4360,9.4745,0.0075,12150.0100,NA,NA,NA
ZoomTracks.exe,23252,0x195FDAD7F80,DXGI,0,512,1,Hardware: Independent Flip,12160.8817,NA,9.85730000000000,10.13150000000000,9.14930000000000,9.46590000000000,9.4726,12160.0255,10.0055,0.8562,9.1493,0.1180,10.2041,0.6346,9.5695,-0.1160,12160.0255,NA,NA,NA
ZoomTracks.exe,23252,0x195FDAD7F80,DXGI,0,512,1,Hardware: Independent Flip,12171.2054,NA,10.32370000000000,9.87770000000000,8.81300000000000,8.88110000000000,9.0266,12170.0310,9.9874,1.1744,8.8130,0.3166,9.7389,0.4325,9.3064,0.1278,12170.0310,NA,NA,NA
ZoomTracks.exe,23252,0x195FDAD7F80,DXGI,0,512,1,Hardware: Independent Flip,12180.8690,NA,9.66360000000000,9.97850000000000,9.17830000000000,9.33410000000000,9.3415,12180.0184,10.0289,0.8506,9.1783,0.0681,10.1166,0.4825,9.6341,0.0089,12180.0184,NA,NA,NA
ZoomTracks.exe,23252,0x195FDAD7F80,DXGI,0,512,1,Hardware: Independent Flip,12191.1773,NA,10.30830000000000,10.16680000000000,8.89360000000000,9.02290000000000,9.2000,12190.0473,10.0236,1.1300,8.8936,0.1558,9.9971,0.4930,9.5041,-0.1379,12190.0473,NA,NA,NA
ZoomTracks.exe,23252,0x195FDAD7F80,DXGI,0,512,1,Hardware: Independent Flip,12201.4637,NA,10.28640000000000,9.84300000000000,8.59070000000000,8.74870000000000,8.7566,12200.0709,9.9835,1.3928,8.5907,0.1293,10.0122,0.5129,9.4993,0.1806,12200.0709,NA,NA,NA
ZoomTracks.exe,23252,0x195FDAD7F80,DXGI,0,512,1,Hardware: Independent Flip,12211.1613,NA,9.69760000000000,9.95640000000000,8.88340000000000,8.94960000000000,9.0154,12210.0544,9.9903,1.1069,8.8834,0.1580,9.8985,0.4151,9.4834,0.0271,12210.0544,NA,NA,NA
ZoomTracks.exe,23252,0x195FDAD7F80,DXGI,0,512,1,Hardware: Independent Flip,12221.1201,NA,9.95880000000000,9.97810000000000,8.90540000000000,9.02740000000000,9.0347,12220.0447,9.9808,1.0754,8.9054,0.0662,10.0366,0.5095,9.5271,0.0122,12220.0447,NA,NA,NA
ZoomTracks.exe,23252,0x195FDAD7F80,DXGI,0,512,1,Hardware: Independent Flip,12231.0142,NA,9.89410000000000,10.04570000000000,8.98600000000000,9.17940000000000,9.1863,12230.0255,9.9747,0.9887,8.9860,0.1220,10.0461,0.4801,9.5660,-0.0649,12230.0255,NA,NA,NA
ZoomTracks.exe,23252,0x195FDAD7F80,DXGI,0,512,1,Hardware: Independent Flip,12240.9272,NA,9.91300000000000,9.96400000000000,9.11480000000000,9.16880000000000,9.2373,12240.0002,10.0418,0.9270,9.1148,0.1934,9.9024,0.4589,9.4435,0.0107,12240.0002,NA,NA,NA
ZoomTracks.exe,23252,0x195FDAD7F80,DXGI,0,512,1,Hardware: Independent Flip,12250.8243,NA,9.89710000000000,10.05130000000000,9.18910000000000,9.38540000000000,9.3915,12250.0420,9.9714,0.7823,9.1891,0.0540,10.1137,0.4894,9.6243,-0.0095,12250.0420,NA,NA,NA
ZoomTracks.exe,23252,0x195FDAD7F80,DXGI,0,512,1,Hardware: Independent Flip,12260.8758,NA,10.05150000000000,10.01940000000000,9.16690000000000,9.28790000000000,9.3594,12260.0134,10.0293,0.8624,9.1669,0.1963,9.9540,0.4461,9.5079,-0.0480,12260.0134,NA,NA,NA
ZoomTracks.exe,23252,0x195FDAD7F80,DXGI,0,512,1,Hardware: Independent Flip,12271.1684,NA,10.29260000000000,9.95760000000000,8.83530000000000,9.01800000000000,9.0244,12270.0427,9.9610,1.1257,8.8353,0.1210,10.0227,0.6368,9.3859,0.0717,12270.0427,NA,NA,NA
ZoomTracks.exe,23252,0x195FDAD7F80,DXGI,0,512,1,Hardware: Independent Flip,12280.9114,NA,9.74300000000000,10.05980000000000,9.12440000000000,9.24750000000000,9.3412,12280.0037,10.0321,0.9077,9.1244,0.1827,9.9725,0.4473,9.5252,-0.0988,12280.0037,NA,NA,NA
ZoomTracks.exe,23252,0x195FDAD7F80,DXGI,0,512,1,Hardware: Independent Flip,12291.0591,NA,10.14770000000000,9.98800000000000,8.99740000000000,9.17270000000000,9.1815,12290.0358,10.0207,1.0233,8.9974,0.1231,10.0729,0.5851,9.4878,0.0441,12290.0358,NA,NA,NA
ZoomTracks.exe,23252,0x195FDAD7F80,DXGI,0,512,1,Hardware: Independent Flip,12301.4798,NA,10.42070000000000,9.99020000000000,8.54950000000000,8.74170000000000,8.7510,12300.0565,9.9728,1.4233,8.5495,0.1753,9.9897,0.5242,9.4655,0.0305,12300.0565,NA,13.3557,13.3557
ZoomTracks.exe,23252,0x195FDAD7F80,DXGI,0,512,1,Hardware: Independent Flip,12311.0710,NA,9.59120000000000,9.96820000000000,8.93920000000000,9.12140000000000,9.1280,12310.0293,9.9809,1.0417,8.9392,0.1922,9.9709,0.5576,9.4133,0.0046,12310.0293,NA,NA,NA
ZoomTracks.exe,23252,0x195FDAD7F80,DXGI,0,512,1,Hardware: Independent Flip,12320.9282,NA,9.85720000000000,9.97370000000000,9.09700000000000,9.23540000000000,9.2445,12320.0102,10.0150,0.9180,9.0970,0.1822,9.9712,0.4931,9.4781,0.0072,12320.0102,NA,NA,NA
ZoomTracks.exe,23252,0x195FDAD7F80,DXGI,0,512,1,Hardware: Independent Flip,12331.2068,NA,10.27860000000000,10.05780000000000,8.83060000000000,9.01620000000000,9.0237,12330.0252,10.0122,1.1816,8.8306,0.1384,10.0594,0.5273,9.5321,-0.0428,12330.0252,NA,13.3311,13.3311
ZoomTracks.exe,23252,0x195FDAD7F80,DXGI,0,512,1,Hardware: Independent Flip,12340.9702,NA,9.76340000000000,9.94110000000000,9.05560000000000,9.11930000000000,9.2014,12340.0374,9.9884,0.9328,9.0556,0.1856,9.8665,0.3831,9.4834,0.0711,12340.0374,NA,NA,NA
ZoomTracks.exe,23252,0x195FDAD7F80,DXGI,0,512,1,Hardware: Independent Flip,12350.8680,NA,9.89780000000000,10.03930000000000,9.14520000000000,9.33610000000000,9.3429,12350.0258,9.9874,0.8422,9.1452,0.0637,10.1146,0.6430,9.4716,-0.0509,12350.0258,NA,NA,NA
ZoomTracks.exe,23252,0x195FDAD7F80,DXGI,0,512,1,Hardware: Independent Flip,12361.0677,NA,10.19970000000000,10.07660000000000,8.94320000000000,9.10240000000000,9.2198,12360.0132,9.9977,1.0545,8.9432,0.1909,9.9660,0.5290,9.4370,-0.0892,12360.0132,NA,NA,NA
ZoomTracks.exe,23252,0x195FDAD7F80,DXGI,0,512,1,Hardware: Independent Flip,12371.1964,NA,10.12870000000000,9.87790000000000,8.82600000000000,8.96090000000000,8.9690,12370.0109,10.0115,1.1855,8.8260,0.1592,9.9872,0.5197,9.4675,0.1198,12370.0109,NA,NA,NA
ZoomTracks.exe,23252,0x195FDAD7F80,DXGI,0,512,1,Hardware: Independent Flip,12380.9107,NA,9.71430000000000,10.10290000000000,9.11060000000000,9.25650000000000,9.3576,12380.0224,9.9989,0.8883,9.1106,0.1349,10.0099,0.4585,9.5514,-0.0914,12380.0224,NA,NA,NA
ZoomTracks.exe,23252,0x195FDAD7F80,DXGI,0,512,1,Hardware: Independent Flip,12391.1268,NA,10.21610000000000,9.91940000000000,8.88610000000000,8.95890000000000,9.0609,12390.0213,9.9916,1.1055,8.8861,0.1459,9.9185,0.4427,9.4758,0.0795,12390.0213,NA,NA,NA
ZoomTracks.exe,23252,0x195FDAD7F80,DXGI,0,512,1,Hardware: Independent Flip,12400.8622,NA,9.73540000000000,10.02650000000000,9.15570000000000,9.34380000000000,9.3520,12400.0129,10.0050,0.8493,9.1557,0.0728,10.1203,0.5473,9.5730,-0.0349,12400.0129,NA,NA,NA
ZoomTracks.exe,23252,0x195FDAD7F80,DXGI,0,512,1,Hardware: Independent Flip,12411.1101,NA,10.24790000000000,10.08550000000000,8.90280000000000,9.03150000000000,9.1896,12410.0179,9.9950,1.0922,8.9028,0.1881,9.9356,0.4377,9.4979,-0.0805,12410.0179,NA,14.4098,14.4098
ZoomTracks.exe,23252,0x195FDAD7F80,DXGI,0,512,1,Hardware: Independent Flip,12421.0228,NA,9.91270000000000,9.92360000000000,9.01360000000000,9.19040000000000,9.2005,12420.0129,10.0235,1.0099,9.0136,0.1287,10.0716,0.5430,9.5286,0.0714,12420.0129,NA,14.3542,14.3542
ZoomTracks.exe,23252,0x195FDAD7F80,DXGI,0,512,1,Hardware: Independent Flip,12431.0665,NA,10.04370000000000,9.99560000000000,8.96220000000000,9.08180000000000,9.1524,12430.0364,9.9923,1.0301,8.9622,0.1768,9.9351,0.4345,9.5006,0.0279,12430.0364,NA,NA,NA
ZoomTracks.exe,23252,0x195FDAD7F80,DXGI,0,512,1,Hardware: Independent Flip,12440.9189,NA,9.85240000000000,9.99630000000000,9.11390000000000,9.28910000000000,9.2963,12440.0287,10.0041,0.8902,9.1139,0.1196,10.0597,0.4975,9.5622,-0.0040,12440.0287,NA,NA,NA
ZoomTracks.exe,23252,0x195FDAD7F80,DXGI,0,512,1,Hardware: Independent Flip,12450.8742,NA,9.95530000000000,9.97290000000000,9.14060000000000,9.30770000000000,9.3139,12450.0328,9.9820,0.8414,9.1406,0.1752,9.9739,0.4738,9.5001,0.0312,12450.0328,NA,NA,NA
ZoomTracks.exe,23252,0x195FDAD7F80,DXGI,0,512,1,Hardware: Independent Flip,12460.8152,NA,9.94100000000000,10.03430000000000,9.21280000000000,9.40000000000000,9.4072,12460.0148,10.0132,0.8004,9.2128,0.1671,10.0333,0.5070,9.5263,-0.0523,12460.0148,NA,NA,NA
ZoomTracks.exe,23252,0x195FDAD7F80,DXGI,0,512,1,Hardware: Independent Flip,12470.9249,NA,10.10970000000000,10.00510000000000,9.08890000000000,9.21140000000000,9.3026,12470.0280,9.9858,0.8969,9.0889,0.1872,9.9211,0.4064,9.5147,0.0081,12470.0280,NA,NA,NA
ZoomTracks.exe,23252,0x195FDAD7F80,DXGI,0,512,1,Hardware: Independent Flip,12480.9064,NA,9.98150000000000,9.98240000000000,9.10510000000000,9.29620000000000,9.3035,12480.0138,9.9977,0.8926,9.1051,0.1225,10.0663,0.5387,9.5276,0.0034,12480.0138,NA,NA,NA
ZoomTracks.exe,23252,0x195FDAD7F80,DXGI,0,512,1,Hardware: Independent Flip,12490.9063,NA,9.99990000000000,9.99120000000000,9.11300000000000,9.22450000000000,9.2948,12490.0115,10.0078,0.8948,9.1130,0.1911,9.9282,0.4222,9.5060,0.0065,12490.0115,NA,NA,NA
ZoomTracks.exe,23252,0x195FDAD7F80,DXGI,0,512,1,Hardware: Independent Flip,12500.8512,NA,9.94490000000000,9.99750000000000,9.15350000000000,9.33990000000000,9.3474,12500.0193,9.9854,0.8319,9.1535,0.1115,10.0603,0.5253,9.5350,0.0103,12500.0193,NA,NA,NA
ZoomTracks.exe,23252,0x195FDAD7F80,DXGI,0,512,1,Hardware: Independent Flip,12510.8793,NA,10.02810000000000,10.04500000000000,9.15110000000000,9.27820000000000,9.3643,12510.0047,10.0257,0.8746,9.1511,0.1864,9.9664,0.4650,9.5014,-0.0596,12510.0047,NA,NA,NA
ZoomTracks.exe,23252,0x195FDAD7F80,DXGI,0,512,1,Hardware: Independent Flip,12520.9476,NA,10.06830000000000,9.99620000000000,9.14320000000000,9.21710000000000,9.2922,12520.0304,10.0604,0.9172,9.1432,0.1271,10.0072,0.4219,9.5853,0.0295,12520.0304,NA,NA,NA
ZoomTracks.exe,23252,0x195FDAD7F80,DXGI,0,512,1,Hardware: Independent Flip,12531.5116,NA,10.56400000000000,9.97710000000000,8.53230000000000,8.69930000000000,8.7053,12530.0908,9.9531,1.4208,8.5323,0.0739,10.0462,0.4941,9.5521,0.0833,12530.0908,NA,10.3529,10.3529
ZoomTracks.exe,23252,0x195FDAD7F80,DXGI,0,512,1,Hardware: Independent Flip,12540.9061,NA,9.39450000000000,9.99770000000000,9.10790000000000,9.29870000000000,9.3085,12540.0439,9.9701,0.8622,9.1079,0.1670,9.9939,0.4821,9.5118,-0.0446,12540.0439,NA,NA,NA
ZoomTracks.exe,23252,0x195FDAD7F80,DXGI,0,512,1,Hardware: Independent Flip,12550.8887,NA,9.98260000000000,10.00190000000000,9.14610000000000,9.32100000000000,9.3278,12550.0140,10.0208,0.8747,9.1461,0.1908,10.0049,0.4866,9.5183,-0.0318,12550.0140,NA,NA,NA
ZoomTracks.exe,23252,0x195FDAD7F80,DXGI,0,512,1,Hardware: Independent Flip,12560.8933,NA,10.00460000000000,9.98880000000000,9.11220000000000,9.30370000000000,9.3120,12560.0348,9.9707,0.8585,9.1122,0.1749,9.9873,0.5435,9.4438,0.0320,12560.0348,NA,NA,NA
ZoomTracks.exe,23252,0x195FDAD7F80,DXGI,0,512,1,Hardware: Independent Flip,12570.8504,NA,9.95710000000000,10.15720000000000,9.21100000000000,9.50110000000000,9.5121,12570.0055,10.0559,0.8449,9.2110,0.1915,10.1545,0.6867,9.4678,-0.1865,12570.0055,NA,NA,NA
ZoomTracks.exe,23252,0x195FDAD7F80,DXGI,0,512,1,Hardware: Independent Flip,12581.3287,NA,10.47830000000000,9.85470000000000,8.71830000000000,8.88130000000000,8.8885,12580.0614,9.9856,1.2673,8.7183,0.2901,9.8585,0.6415,9.2170,0.2012,12580.0614,NA,NA,NA
ZoomTracks.exe,23252,0x195FDAD7F80,DXGI,0,512,1,Hardware: Independent Flip,12590.9558,NA,9.62710000000000,10.03520000000000,9.07240000000000,9.28510000000000,9.2966,12590.0470,9.9812,0.9088,9.0724,0.1630,10.0309,0.5742,9.4567,-0.0496,12590.0470,NA,NA,NA
ZoomTracks.exe,23252,0x195FDAD7F80,DXGI,0,512,1,Hardware: Independent Flip,12600.9206,NA,9.96480000000000,10.07010000000000,9.09390000000000,9.21500000000000,9.4019,12600.0282,9.9863,0.8924,9.0939,0.2127,9.8947,0.4173,9.4774,-0.0889,12600.0282,NA,NA,NA
ZoomTracks.exe,23252,0x195FDAD7F80,DXGI,0,512,1,Hardware: Independent Flip,12611.1394,NA,10.21880000000000,9.90690000000000,8.88780000000000,9.08230000000000,9.0900,12610.0145,10.0127,1.1249,8.8878,0.1211,10.0861,0.5170,9.5691,0.0794,12610.0145,NA,11.3664,11.3664
ZoomTracks.exe,23252,0x195FDAD7F80,DXGI,0,512,1,Hardware: Independent Flip,12620.9099,NA,9.77050000000000,10.00900000000000,9.09370000000000,9.17360000000000,9.3285,12620.0272,9.9764,0.8827,9.0937,0.1945,9.8618,0.4747,9.3871,0.0037,12620.0272,NA,NA,NA
ZoomTracks.exe,23252,0x195FDAD7F80,DXGI,0,512,1,Hardware: Independent Flip,12630.9080,NA,9.99810000000000,9.96360000000000,9.10830000000000,9.28700000000000,9.2940,12630.0036,10.0127,0.9044,9.1083,0.0799,10.1115,0.4741,9.6374,0.0128,12630.0036,NA,NA,NA
ZoomTracks.exe,23252,0x195FDAD7F80,DXGI,0,512,1,Hardware: Independent Flip,12640.9895,NA,10.08150000000000,10.03240000000000,9.03480000000000,9.15000000000000,9.2449,12640.0163,10.0080,0.9732,9.0348,0.1787,9.9445,0.4316,9.5129,-0.0197,12640.0163,NA,18.3557,18.3557
ZoomTracks.exe,23252,0x195FDAD7F80,DXGI,0,512,1,Hardware: Independent Flip,12651.0250,NA,10.03550000000000,9.96740000000000,8.98500000000000,9.16940000000000,9.1768,12650.0243,9.9857,1.0007,8.9850,0.1152,10.0549,0.4945,9.5604,0.0406,12650.0243,NA,NA,NA
ZoomTracks.exe,23252,0x195FDAD7F80,DXGI,0,512,1,Hardware: Independent Flip,12660.9193,NA,9.89430000000000,9.99970000000000,9.08830000000000,9.27450000000000,9.2822,12660.0100,9.9976,0.9093,9.0883,0.1844,9.9994,0.5577,9.4417,-0.0140,12660.0100,NA,NA,NA
ZoomTracks.exe,23252,0x195FDAD7F80,DXGI,0,512,1,Hardware: Independent Flip,12670.8657,NA,9.94640000000000,9.96400000000000,9.13850000000000,9.29290000000000,9.2998,12670.0076,9.9966,0.8581,9.1385,0.1862,9.9648,0.5035,9.4613,0.0336,12670.0076,NA,NA,NA
ZoomTracks.exe,23252,0x195FDAD7F80,DXGI,0,512,1,Hardware: Independent Flip,12680.8648,NA,9.99910000000000,10.03200000000000,9.15720000000000,9.32610000000000,9.3327,12680.0042,10.0178,0.8606,9.1572,0.1544,10.0323,0.4804,9.5519,-0.0354,12680.0042,NA,NA,NA
ZoomTracks.exe,23252,0x195FDAD7F80,DXGI,0,512,1,Hardware: Independent Flip,12690.9536,NA,10.08880000000000,9.96730000000000,9.05480000000000,9.14090000000000,9.2112,12690.0220,9.9864,0.9316,9.0548,0.1689,9.9036,0.4380,9.4656,0.0505,12690.0220,NA,NA,NA
ZoomTracks.exe,23252,0x195FDAD7F80,DXGI,0,512,1,Hardware: Independent Flip,12701.0890,NA,10.13540000000000,10.03790000000000,8.92120000000000,9.10620000000000,9.1137,12700.0084,10.0018,1.0806,8.9212,0.0861,10.1007,0.5567,9.5440,-0.0515,12700.0084,NA,NA,NA
ZoomTracks.exe,23252,0x195FDAD7F80,DXGI,0,512,1,Hardware: Independent Flip,12711.1838,NA,10.09480000000000,10.05030000000000,8.83930000000000,8.96470000000000,9.0692,12710.0102,10.0129,1.1736,8.8393,0.1850,9.9533,0.4484,9.5049,-0.0485,12710.0102,NA,16.3748,16.3748
ZoomTracks.exe,23252,0x195FDAD7F80,DXGI,0,512,1,Hardware: Independent Flip,12720.8880,NA,9.70420000000000,9.95360000000000,9.14130000000000,9.31190000000000,9.3186,12720.0231,10.0062,0.8649,9.1413,0.1254,10.0514,0.5375,9.5139,0.0593,12720.0231,NA,NA,NA
ZoomTracks.exe,23252,0x195FDAD7F80,DXGI,0,512,1,Hardware: Independent Flip,12731.0146,NA,10.12660000000000,10.03190000000000,8.99990000000000,9.21610000000000,9.2239,12730.0293,9.9852,0.9853,8.9999,0.1706,10.0308,0.5235,9.5073,-0.0257,12730.0293,NA,NA,NA
ZoomTracks.exe,23252,0x195FDAD7F80,DXGI,0,512,1,Hardware: Independent Flip,12740.9728,NA,9.95820000000000,9.98440000000000,9.04050000000000,9.24200000000000,9.2501,12740.0145,9.9988,0.9583,9.0405,0.2162,9.9841,0.5091,9.4750,0.0008,12740.0145,NA,NA,NA
ZoomTracks.exe,23252,0x195FDAD7F80,DXGI,0,512,1,Hardware: Independent Flip,12751.2151,NA,10.24230000000000,9.98130000000000,8.79700000000000,8.98250000000000,8.9891,12750.0133,9.9988,1.2018,8.7970,0.2015,9.9828,0.5645,9.4183,0.0175,12750.0133,NA,19.3494,19.3494
ZoomTracks.exe,23252,0x195FDAD7F80,DXGI,0,512,1,Hardware: Independent Flip,12760.9503,NA,9.73520000000000,10.01190000000000,9.07570000000000,9.25810000000000,9.2658,12760.0121,10.0139,0.9382,9.0757,0.1855,10.0108,0.4899,9.5209,-0.0131,12760.0121,NA,NA,NA
ZoomTracks.exe,23252,0x195FDAD7F80,DXGI,0,512,1,Hardware: Independent Flip,12770.9070,NA,9.95670000000000,9.94480000000000,9.11270000000000,9.24620000000000,9.2539,12770.0260,9.9937,0.8810,9.1127,0.1824,9.9448,0.4845,9.4603,0.0691,12770.0260,NA,NA,NA
ZoomTracks.exe,23252,0x195FDAD7F80,DXGI,0,512,1,Hardware: Independent Flip,12780.7822,NA,9.87520000000000,10.03150000000000,9.25080000000000,9.40390000000000,9.4102,12780.0197,10.0133,0.7625,9.2508,0.1335,10.0329,0.4767,9.5562,-0.0378,12780.0197,NA,NA,NA
ZoomTracks.exe,23252,0x195FDAD7F80,DXGI,0,512,1,Hardware: Independent Flip,12790.8809,NA,10.09870000000000,10.08090000000000,9.14090000000000,9.28900000000000,9.3924,12790.0330,9.9888,0.8479,9.1409,0.1531,9.9838,0.4439,9.5399,-0.0676,12790.0330,NA,NA,NA
ZoomTracks.exe,23252,0x195FDAD7F80,DXGI,0,512,1,Hardware: Independent Flip,12801.0735,NA,10.19260000000000,9.97280000000000,8.96180000000000,9.16320000000000,9.1726,12800.0218,10.0135,1.0517,8.9618,0.1481,10.0668,0.5612,9.5056,0.0160,12800.0218,NA,11.3718,11.3718
ZoomTracks.exe,23252,0x195FDAD7F80,DXGI,0,512,1,Hardware: Independent Flip,12810.9951,NA,9.92160000000000,9.96160000000000,9.01660000000000,9.20470000000000,9.2126,12810.0353,9.9764,0.9598,9.0166,0.2014,9.9631,0.5660,9.3971,0.0519,12810.0353,NA,NA,NA
ZoomTracks.exe,23252,0x195FDAD7F80,DXGI,0,512,1,Hardware: Independent Flip,12820.8730,NA,9.87790000000000,9.92070000000000,9.12830000000000,9.24910000000000,9.2554,12820.0117,9.9896,0.8613,9.1283,0.1881,9.9223,0.4166,9.5057,0.0557,12820.0117,NA,NA,NA
ZoomTracks.exe,23252,0x195FDAD7F80,DXGI,0,512,1,Hardware: Independent Flip,12830.9664,NA,10.09340000000000,10.12790000000000,9.07640000000000,9.27860000000000,9.2899,12830.0013,10.0415,0.9651,9.0764,0.1208,10.1229,0.5190,9.6039,-0.1383,12830.0013,NA,18.4021,18.4021
ZoomTracks.exe,23252,0x195FDAD7F80,DXGI,0,512,1,Hardware: Independent Flip,12841.0174,NA,10.05100000000000,9.91050000000000,8.99880000000000,9.14000000000000,9.1494,12840.0428,9.9734,0.9746,8.9988,0.2022,9.9124,0.4416,9.4708,0.1310,12840.0428,NA,NA,NA
ZoomTracks.exe,23252,0x195FDAD7F80,DXGI,0,512,1,Hardware: Independent Flip,12850.8963,NA,9.87890000000000,10.02800000000000,9.11320000000000,9.29090000000000,9.2985,12850.0162,9.9933,0.8801,9.1132,0.1412,10.0298,0.5469,9.4829,-0.0546,12850.0162,NA,NA,NA
ZoomTracks.exe,23252,0x195FDAD7F80,DXGI,0,512,1,Hardware: Independent Flip,12860.8302,NA,9.93390000000000,10.08440000000000,9.16870000000000,9.29880000000000,9.4490,12860.0095,9.9894,0.8207,9.1687,0.1777,9.9418,0.4227,9.5191,-0.0911,12860.0095,NA,NA,NA
ZoomTracks.exe,23252,0x195FDAD7F80,DXGI,0,512,1,Hardware: Independent Flip,12870.9935,NA,10.16330000000000,9.94040000000000,9.03950000000000,9.21900000000000,9.2261,12869.9989,10.0341,0.9946,9.0395,0.1301,10.0835,0.4955,9.5880,0.0490,12869.9989,NA,NA,NA
ZoomTracks.exe,23252,0x195FDAD7F80,DXGI,0,512,1,Hardware: Independent Flip,12880.9406,NA,9.94710000000000,10.10300000000000,9.08580000000000,9.26100000000000,9.3820,12880.0330,9.9934,0.9076,9.0858,0.1795,9.9891,0.4735,9.5156,-0.0689,12880.0330,NA,NA,NA
ZoomTracks.exe,23252,0x195FDAD7F80,DXGI,0,512,1,Hardware: Independent Flip,12891.1759,NA,10.23530000000000,9.93150000000000,8.85110000000000,9.06750000000000,9.0782,12890.0264,10.0006,1.1495,8.8511,0.1752,10.0418,0.5330,9.5088,0.0619,12890.0264,NA,17.3706,17.3706
ZoomTracks.exe,23252,0x195FDAD7F80,DXGI,0,512,1,Hardware: Independent Flip,12901.2133,NA,10.03740000000000,9.93320000000000,8.80120000000000,8.96670000000000,8.9740,12900.0270,9.9875,1.1863,8.8012,0.2164,9.9366,0.4820,9.4546,0.0674,12900.0270,NA,18.3321,18.3321
ZoomTracks.exe,23252,0x195FDAD7F80,DXGI,0,512,1,Hardware: Independent Flip,12910.8857,NA,9.67240000000000,10.02860000000000,9.13320000000000,9.32270000000000,9.3302,12910.0145,10.0044,0.8712,9.1332,0.1655,10.0284,0.4883,9.5401,-0.0411,12910.0145,NA,NA,NA
ZoomTracks.exe,23252,0x195FDAD7F80,DXGI,0,512,1,Hardware: Independent Flip,12920.8947,NA,10.00900000000000,9.98880000000000,9.12970000000000,9.30090000000000,9.3100,12920.0189,10.0055,0.8758,9.1297,0.1895,9.9872,0.4885,9.4987,0.0156,12920.0189,NA,NA,NA
ZoomTracks.exe,23252,0x195FDAD7F80,DXGI,0,512,1,Hardware: Independent Flip,12930.9634,NA,10.06870000000000,9.98120000000000,9.04780000000000,9.21630000000000,9.2225,12930.0244,9.9868,0.9390,9.0478,0.1712,9.9841,0.5310,9.4531,0.0243,12930.0244,NA,NA,NA
ZoomTracks.exe,23252,0x195FDAD7F80,DXGI,0,512,1,Hardware: Independent Flip,12940.8739,NA,9.91050000000000,10.01570000000000,9.14180000000000,9.31960000000000,9.3277,12940.0112,10.0045,0.8627,9.1418,0.1685,10.0138,0.4714,9.5424,-0.0289,12940.0112,NA,NA,NA
ZoomTracks.exe,23252,0x195FDAD7F80,DXGI,0,512,1,Hardware: Independent Flip,12950.9667,NA,10.09280000000000,9.99450000000000,9.03960000000000,9.22310000000000,9.2294,12950.0157,9.9906,0.9510,9.0396,0.1778,9.9963,0.5478,9.4485,0.0100,12950.0157,NA,NA,NA
ZoomTracks.exe,23252,0x195FDAD7F80,DXGI,0,512,1,Hardware: Independent Flip,12960.8369,NA,9.87020000000000,9.99350000000000,9.17020000000000,9.34680000000000,9.3527,12960.0063,10.0008,0.8306,9.1702,0.1835,9.9939,0.4660,9.5279,-0.0029,12960.0063,NA,NA,NA
ZoomTracks.exe,23252,0x195FDAD7F80,DXGI,0,512,1,Hardware: Independent Flip,12970.8273,NA,9.99040000000000,10.02720000000000,9.20090000000000,9.38220000000000,9.3895,12970.0071,10.0211,0.8202,9.2009,0.1766,10.0258,0.4911,9.5347,-0.0264,12970.0071,NA,NA,NA
ZoomTracks.exe,23252,0x195FDAD7F80,DXGI,0,512,1,Hardware: Independent Flip,12981.0970,NA,10.26970000000000,9.97640000000000,8.92560000000000,9.08960000000000,9.0962,12980.0282,9.9944,1.0688,8.9256,0.1813,9.9771,0.5416,9.4355,0.0447,12980.0282,NA,16.3011,16.3011
ZoomTracks.exe,23252,0x195FDAD7F80,DXGI,0,512,1,Hardware: Independent Flip,12990.9482,NA,9.85120000000000,9.96840000000000,9.07630000000000,9.19770000000000,9.2134,12990.0226,10.0019,0.9256,9.0763,0.1640,9.9593,0.4254,9.5339,0.0260,12990.0226,NA,15.2992,15.2992
ZoomTracks.exe,23252,0x195FDAD7F80,DXGI,0,512,1,Hardware: Independent Flip,13000.7995,NA,9.85130000000000,10.04990000000000,9.22500000000000,9.40430000000000,9.4120,13000.0245,10.0000,0.7750,9.2250,0.1214,10.0579,0.5316,9.5263,-0.0480,13000.0245,NA,NA,NA
ZoomTracks.exe,23252,0x195FDAD7F80,DXGI,0,512,1,Hardware: Independent Flip,13010.9260,NA,10.12650000000000,9.98910000000000,9.07800000000000,9.26750000000000,9.2746,13010.0245,9.9795,0.9015,9.0780,0.1793,9.9897,0.4879,9.5018,0.0109,13010.0245,NA,NA,NA
ZoomTracks.exe,23252,0x195FDAD7F80,DXGI,0,512,1,Hardware: Independent Flip,13020.8840,NA,9.95800000000000,10.02940000000000,9.13570000000000,9.33990000000000,9.3460,13020.0040,10.0157,0.8800,9.1357,0.1895,10.0304,0.5635,9.4669,-0.0499,13020.0040,NA,NA,NA
ZoomTracks.exe,23252,0x195FDAD7F80,DXGI,0,512,1,Hardware: Independent Flip,13030.8693,NA,9.98530000000000,10.04330000000000,9.15780000000000,9.31600000000000,9.4040,13030.0197,10.0074,0.8496,9.1578,0.2042,9.9614,0.4671,9.4943,-0.0276,13030.0197,NA,NA,NA
ZoomTracks.exe,23252,0x195FDAD7F80,DXGI,0,512,1,Hardware: Independent Flip,13041.0900,NA,10.22070000000000,9.93170000000000,8.91780000000000,9.10650000000000,9.1150,13040.0271,9.9807,1.0629,8.9178,0.1582,10.0112,0.5477,9.4635,0.0757,13040.0271,NA,NA,NA
ZoomTracks.exe,23252,0x195FDAD7F80,DXGI,0,512,1,Hardware: Independent Flip,13050.8874,NA,9.79740000000000,9.99430000000000,9.12320000000000,9.30500000000000,9.3119,13050.0078,10.0028,0.8796,9.1232,0.1887,9.9959,0.4766,9.5193,-0.0136,13050.0078,NA,NA,NA
ZoomTracks.exe,23252,0x195FDAD7F80,DXGI,0,512,1,Hardware: Independent Flip,13061.1339,NA,10.24650000000000,10.01480000000000,8.90470000000000,9.07270000000000,9.0802,13060.0106,10.0280,1.1233,8.9047,0.1818,10.0142,0.5567,9.4575,-0.0120,13060.0106,NA,12.3309,12.3309
ZoomTracks.exe,23252,0x195FDAD7F80,DXGI,0,512,1,Hardware: Independent Flip,13070.9003,NA,9.76640000000000,9.93180000000000,9.11470000000000,9.23870000000000,9.2456,13070.0386,9.9764,0.8617,9.1147,0.1680,9.9324,0.4255,9.5069,0.0962,13070.0386,NA,NA,NA
ZoomTracks.exe,23252,0x195FDAD7F80,DXGI,0,512,1,Hardware: Independent Flip,13081.2646,NA,10.36430000000000,10.05190000000000,8.76050000000000,8.92620000000000,8.9332,13080.0150,10.0101,1.2496,8.7605,0.1240,10.0518,0.5463,9.5055,-0.0755,13080.0150,NA,18.3380,18.3380
ZoomTracks.exe,23252,0x195FDAD7F80,DXGI,0,512,1,Hardware: Independent Flip,13090.9482,NA,9.68360000000000,10.06180000000000,9.06770000000000,9.20850000000000,9.3114,13090.0251,9.9908,0.9231,9.0677,0.1657,9.9659,0.5149,9.4510,-0.0517,13090.0251,NA,NA,NA
ZoomTracks.exe,23252,0x195FDAD7F80,DXGI,0,512,1,Hardware: Independent Flip,13100.9811,NA,10.03290000000000,9.94740000000000,9.03130000000000,9.21810000000000,9.2259,13100.0159,9.9965,0.9652,9.0313,0.1408,10.0425,0.5337,9.5088,0.0434,13100.0159,NA,NA,NA
ZoomTracks.exe,23252,0x195FDAD7F80,DXGI,0,512,1,Hardware: Independent Flip,13110.9222,NA,9.94110000000000,10.00070000000000,9.09920000000000,9.22250000000000,9.2855,13110.0124,10.0090,0.9098,9.0992,0.1868,9.9455,0.4264,9.5191,-0.0042,13110.0124,NA,NA,NA
ZoomTracks.exe,23252,0x195FDAD7F80,DXGI,0,512,1,Hardware: Independent Flip,13120.8693,NA,9.94710000000000,10.04380000000000,9.17310000000000,9.37480000000000,9.3822,13120.0214,10.0210,0.8479,9.1731,0.1233,10.0994,0.5647,9.5347,-0.0348,13120.0214,NA,NA,NA
ZoomTracks.exe,23252,0x195FDAD7F80,DXGI,0,512,1,Hardware: Independent Flip,13130.9426,NA,10.07330000000000,9.98980000000000,9.06820000000000,9.20370000000000,9.2987,13130.0424,9.9684,0.9002,9.0682,0.2017,9.9022,0.4834,9.4188,0.0312,13130.0424,NA,NA,NA
ZoomTracks.exe,23252,0x195FDAD7F80,DXGI,0,512,1,Hardware: Independent Flip,13140.8916,NA,9.94900000000000,9.93240000000000,9.15920000000000,9.21210000000000,9.2821,13140.0108,10.0400,0.8808,9.1592,0.1355,9.9574,0.3619,9.5955,0.0360,13140.0108,NA,NA,NA
ZoomTracks.exe,23252,0x195FDAD7F80,DXGI,0,512,1,Hardware: Independent Flip,13150.8913,NA,9.99970000000000,10.04970000000000,9.13050000000000,9.26460000000000,9.3321,13150.0508,9.9710,0.8405,9.1305,0.0529,10.0522,0.4830,9.5692,-0.0097,13150.0508,NA,NA,NA
ZoomTracks.exe,23252,0x195FDAD7F80,DXGI,0,512,1,Hardware: Independent Flip,13161.0557,NA,10.16440000000000,10.02190000000000,8.94670000000000,9.17880000000000,9.1896,13160.0218,9.9806,1.0339,8.9467,0.1341,10.0786,0.5329,9.5457,-0.0509,13160.0218,NA,18.3833,18.3833
ZoomTracks.exe,23252,0x195FDAD7F80,DXGI,0,512,1,Hardware: Independent Flip,13171.1247,NA,10.06900000000000,10.07600000000000,8.89160000000000,9.18490000000000,9.1966,13170.0024,10.0139,1.1223,8.8916,0.2321,10.0751,0.6452,9.4299,-0.0954,13170.0024,NA,14.4395,14.4395
ZoomTracks.exe,23252,0x195FDAD7F80,DXGI,0,512,1,Hardware: Independent Flip,13181.1941,NA,10.06940000000000,9.89780000000000,8.84550000000000,9.01780000000000,9.0250,13180.0163,10.0233,1.1778,8.8455,0.2933,9.9023,0.4900,9.4123,0.1161,13180.0163,NA,NA,NA
ZoomTracks.exe,23252,0x195FDAD7F80,DXGI,0,512,1,Hardware: Independent Flip,13190.9491,NA,9.75500000000000,9.98990000000000,9.06100000000000,9.25260000000000,9.2599,13190.0396,9.9705,0.9095,9.0610,0.1723,9.9898,0.5550,9.4348,0.0334,13190.0396,NA,NA,NA
ZoomTracks.exe,23252,0x195FDAD7F80,DXGI,0,512,1,Hardware: Independent Flip,13200.8102,NA,9.86110000000000,10.05600000000000,9.19740000000000,9.33530000000000,9.4548,13200.0101,9.9975,0.8001,9.1974,0.1916,9.9438,0.4265,9.5173,-0.0855,13200.0101,NA,NA,NA
ZoomTracks.exe,23252,0x195FDAD7F80,DXGI,0,512,1,Hardware: Independent Flip,13210.9095,NA,10.09930000000000,9.94260000000000,9.11730000000000,9.29100000000000,9.2981,13210.0076,10.0192,0.9019,9.1173,0.1379,10.0550,0.4872,9.5678,0.0549,13210.0076,NA,NA,NA
ZoomTracks.exe,23252,0x195FDAD7F80,DXGI,0,512,1,Hardware: Independent Flip,13220.9037,NA,9.99420000000000,10.02960000000000,9.11930000000000,9.24720000000000,9.3335,13220.0268,9.9962,0.8769,9.1193,0.1737,9.9504,0.4368,9.5136,-0.0104,13220.0268,NA,NA,NA
ZoomTracks.exe,23252,0x195FDAD7F80,DXGI,0,512,1,Hardware: Independent Flip,13230.9302,NA,10.02650000000000,9.95760000000000,9.09230000000000,9.25880000000000,9.2646,13230.0230,9.9995,0.9072,9.0923,0.1279,10.0381,0.4681,9.5700,0.0386,13230.0230,NA,NA,NA
ZoomTracks.exe,23252,0x195FDAD7F80,DXGI,0,512,1,Hardware: Independent Flip,13240.9453,NA,10.01510000000000,9.99480000000000,9.06080000000000,9.23670000000000,9.2443,13240.0225,9.9836,0.9228,9.0608,0.1665,9.9930,0.5291,9.4639,0.0047,13240.0225,NA,NA,NA
ZoomTracks.exe,23252,0x195FDAD7F80,DXGI,0,512,1,Hardware: Independent Flip,13251.1274,NA,10.18210000000000,10.01700000000000,8.90710000000000,9.07190000000000,9.0792,13250.0061,10.0284,1.1213,8.9071,0.1759,10.0173,0.4797,9.5376,-0.0334,13250.0061,NA,19.3361,19.3361
ZoomTracks.exe,23252,0x195FDAD7F80,DXGI,0,512,1,Hardware: Independent Flip,13260.8415,NA,9.71410000000000,10.00930000000000,9.18520000000000,9.36700000000000,9.3744,13260.0345,9.9922,0.8070,9.1852,0.1648,10.0092,0.4841,9.5251,0.0191,13260.0345,NA,NA,NA
ZoomTracks.exe,23252,0x195FDAD7F80,DXGI,0,512,1,Hardware: Independent Flip,13271.2132,NA,10.37170000000000,9.98140000000000,8.79690000000000,8.91170000000000,8.9841,13270.0267,9.9834,1.1865,8.7969,0.1818,9.9164,0.4221,9.4943,0.0108,13270.0267,NA,15.3210,15.3210
ZoomTracks.exe,23252,0x195FDAD7F80,DXGI,0,512,1,Hardware: Independent Flip,13280.8510,NA,9.63780000000000,10.03030000000000,9.17250000000000,9.36930000000000,9.3766,13280.0101,10.0134,0.8409,9.1725,0.1148,10.0954,0.5059,9.5895,-0.0469,13280.0101,NA,NA,NA
ZoomTracks.exe,23252,0x195FDAD7F80,DXGI,0,512,1,Hardware: Independent Flip,13290.9181,NA,10.06710000000000,9.94790000000000,9.12200000000000,9.18860000000000,9.2574,13290.0235,10.0166,0.8946,9.1220,0.1968,9.8864,0.3921,9.4943,0.0655,13290.0235,NA,NA,NA
ZoomTracks.exe,23252,0x195FDAD7F80,DXGI,0,512,1,Hardware: Independent Flip,13300.9299,NA,10.01180000000000,10.01780000000000,9.08830000000000,9.25610000000000,9.2634,13300.0401,9.9781,0.8898,9.0883,0.0666,10.0793,0.5499,9.5294,-0.0012,13300.0401,NA,NA,NA
ZoomTracks.exe,23252,0x195FDAD7F80,DXGI,0,512,1,Hardware: Independent Flip,13310.8687,NA,9.93880000000000,10.04250000000000,9.13820000000000,9.26890000000000,9.3671,13310.0182,9.9887,0.8505,9.1382,0.1678,9.9516,0.4237,9.5279,-0.0644,13310.0182,NA,NA,NA
ZoomTracks.exe,23252,0x195FDAD7F80,DXGI,0,512,1,Hardware: Independent Flip,13320.8958,NA,10.02710000000000,10.01050000000000,9.12460000000000,9.34440000000000,9.3505,13320.0069,10.0135,0.8889,9.1246,0.1307,10.1026,0.5764,9.5262,-0.0218,13320.0069,NA,NA,NA
ZoomTracks.exe,23252,0x195FDAD7F80,DXGI,0,512,1,Hardware: Independent Flip,13330.9538,NA,10.05800000000000,10.03480000000000,9.08720000000000,9.23990000000000,9.3273,13330.0204,10.0206,0.9334,9.0872,0.2198,9.9535,0.4571,9.4964,-0.0213,13330.0204,NA,NA,NA
ZoomTracks.exe,23252,0x195FDAD7F80,DXGI,0,512,1,Hardware: Independent Flip,13340.9274,NA,9.97360000000000,9.92560000000000,9.09210000000000,9.27180000000000,9.2793,13340.0410,9.9785,0.8864,9.0921,0.1527,10.0055,0.4780,9.5275,0.0950,13340.0410,NA,NA,NA
ZoomTracks.exe,23252,0x195FDAD7F80,DXGI,0,512,1,Hardware: Independent Flip,13351.0395,NA,10.11210000000000,9.99230000000000,8.98470000000000,9.15270000000000,9.1595,13350.0195,10.0047,1.0200,8.9847,0.1797,9.9930,0.5421,9.4509,-0.0138,13350.0195,NA,11.3256,11.3256
ZoomTracks.exe,23252,0x195FDAD7F80,DXGI,0,512,1,Hardware: Independent Flip,13360.8609,NA,9.82140000000000,10.01220000000000,9.14910000000000,9.34290000000000,9.3503,13360.0242,9.9858,0.8367,9.1491,0.1680,10.0116,0.4845,9.5271,-0.0075,13360.0242,NA,NA,NA
ZoomTracks.exe,23252,0x195FDAD7F80,DXGI,0,512,1,Hardware: Independent Flip,13371.0325,NA,10.17160000000000,10.04980000000000,9.00490000000000,9.22010000000000,9.2285,13370.0100,10.0274,1.0225,9.0049,0.1938,10.0488,0.5939,9.4549,-0.0640,13370.0100,NA,18.3973,18.3973
ZoomTracks.exe,23252,0x195FDAD7F80,DXGI,0,512,1,Hardware: Independent Flip,13381.0207,NA,9.98820000000000,9.94340000000000,9.00210000000000,9.17760000000000,9.1837,13380.0374,9.9854,0.9833,9.0021,0.2152,9.9457,0.4926,9.4531,0.0840,13380.0374,NA,NA,NA
ZoomTracks.exe,23252,0x195FDAD7F80,DXGI,0,512,1,Hardware: Independent Flip,13390.9282,NA,9.90750000000000,10.01350000000000,9.09630000000000,9.28040000000000,9.2897,13390.0228,10.0017,0.9054,9.0963,0.1755,10.0103,0.5409,9.4694,-0.0281,13390.0228,NA,NA,NA
ZoomTracks.exe,23252,0x195FDAD7F80,DXGI,0,512,1,Hardware: Independent Flip,13400.8788,NA,9.95060000000000,10.00570000000000,9.14290000000000,9.25850000000000,9.3448,13400.0245,9.9972,0.8543,9.1429,0.1841,9.9287,0.4243,9.5044,-0.0040,13400.0245,NA,NA,NA
ZoomTracks.exe,23252,0x195FDAD7F80,DXGI,0,512,1,Hardware: Independent Flip,13410.8967,NA,10.01790000000000,9.98160000000000,9.12370000000000,9.30030000000000,9.3085,13410.0217,9.9987,0.8750,9.1237,0.1156,10.0597,0.4857,9.5740,0.0156,13410.0217,NA,NA,NA
ZoomTracks.exe,23252,0x195FDAD7F80,DXGI,0,512,1,Hardware: Independent Flip,13420.9121,NA,10.01540000000000,10.01880000000000,9.09520000000000,9.22540000000000,9.3119,13420.0204,9.9869,0.8917,9.0952,0.1766,9.9405,0.4246,9.5159,-0.0201,13420.0204,NA,NA,NA
ZoomTracks.exe,23252,0x195FDAD7F80,DXGI,0,512,1,Hardware: Independent Flip,13430.8917,NA,9.97960000000000,9.96870000000000,9.12250000000000,9.29490000000000,9.3010,13430.0073,10.0069,0.8844,9.1225,0.1302,10.0491,0.5261,9.5230,0.0182,13430.0073,NA,NA,NA
ZoomTracks.exe,23252,0x195FDAD7F80,DXGI,0,512,1,Hardware: Independent Flip,13440.8641,NA,9.97240000000000,10.05120000000000,9.26230000000000,9.31810000000000,9.3798,13440.0142,10.1122,0.8499,9.2623,0.1724,9.9956,0.3762,9.6194,-0.0443,13440.0142,NA,NA,NA
ZoomTracks.exe,23252,0x195FDAD7F80,DXGI,0,512,1,Hardware: Independent Flip,13451.2300,NA,10.36590000000000,9.97560000000000,8.78880000000000,8.98240000000000,8.9895,13450.1264,9.8924,1.1036,8.7888,0.0558,10.0302,0.5020,9.5282,0.1366,13450.1264,NA,10.3660,10.3660
ZoomTracks.exe,23252,0x195FDAD7F80,DXGI,0,512,1,Hardware: Independent Flip,13460.8916,NA,9.66160000000000,9.97740000000000,9.11960000000000,9.29850000000000,9.3053,13460.0188,9.9924,0.8728,9.1196,0.1936,9.9777,0.4749,9.5028,-0.0850,13460.0188,NA,NA,NA
ZoomTracks.exe,23252,0x195FDAD7F80,DXGI,0,512,1,Hardware: Independent Flip,13470.8630,NA,9.97140000000000,10.03860000000000,9.15690000000000,9.36380000000000,9.3725,13470.0112,10.0087,0.8518,9.1569,0.1789,10.0367,0.5062,9.5305,-0.0462,13470.0112,NA,NA,NA
ZoomTracks.exe,23252,0x195FDAD7F80,DXGI,0,512,1,Hardware: Independent Flip,13481.4079,NA,10.54490000000000,9.96230000000000,8.61010000000000,8.78220000000000,8.7899,13480.0199,9.9981,1.3880,8.6101,0.2069,9.9633,0.5614,9.4019,0.0464,13480.0199,NA,17.3377,17.3377
ZoomTracks.exe,23252,0x195FDAD7F80,DXGI,0,512,1,Hardware: Independent Flip,13490.8428,NA,9.43490000000000,10.02490000000000,9.18370000000000,9.37210000000000,9.3799,13490.0180,10.0085,0.8248,9.1837,0.1721,10.0248,0.5021,9.5227,-0.0268,13490.0180,NA,NA,NA
ZoomTracks.exe,23252,0x195FDAD7F80,DXGI,0,512,1,Hardware: Independent Flip,13500.9044,NA,10.06160000000000,9.98610000000000,9.10890000000000,9.23670000000000,9.3044,13500.0265,9.9868,0.8779,9.1089,0.1884,9.9262,0.4210,9.5052,0.0224,13500.0265,NA,NA,NA
ZoomTracks.exe,23252,0x195FDAD7F80,DXGI,0,512,1,Hardware: Independent Flip,13510.8542,NA,9.94980000000000,10.00450000000000,9.15840000000000,9.35120000000000,9.3591,13510.0133,9.9993,0.8409,9.1584,0.1278,10.0643,0.5176,9.5467,-0.0177,13510.0133,NA,NA,NA
ZoomTracks.exe,23252,0x195FDAD7F80,DXGI,0,512,1,Hardware: Independent Flip,13521.0348,NA,10.18060000000000,9.95410000000000,8.97660000000000,9.04690000000000,9.1326,13520.0126,9.9988,1.0222,8.9766,0.1928,9.8763,0.3610,9.5153,0.0452,13520.0126,NA,NA,NA
ZoomTracks.exe,23252,0x195FDAD7F80,DXGI,0,512,1,Hardware: Independent Flip,13530.8594,NA,9.82460000000000,10.04640000000000,9.18130000000000,9.34730000000000,9.3544,13530.0114,10.0293,0.8480,9.1813,0.0703,10.1250,0.4858,9.6392,-0.0476,13530.0114,NA,NA,NA
ZoomTracks.exe,23252,0x195FDAD7F80,DXGI,0,512,1,Hardware: Independent Flip,13540.9431,NA,10.08370000000000,10.02680000000000,9.07170000000000,9.19290000000000,9.2975,13540.0407,9.9741,0.9024,9.0717,0.1660,9.9293,0.4192,9.5101,0.0025,13540.0407,NA,NA,NA
ZoomTracks.exe,23252,0x195FDAD7F80,DXGI,0,512,1,Hardware: Independent Flip,13551.0184,NA,10.07530000000000,9.96860000000000,9.00950000000000,9.18360000000000,9.1908,13550.0148,10.0131,1.0036,9.0095,0.1212,10.0660,0.5304,9.5356,0.0055,13550.0148,NA,NA,NA
ZoomTracks.exe,23252,0x195FDAD7F80,DXGI,0,512,1,Hardware: Independent Flip,13561.0690,NA,10.05060000000000,10.05960000000000,8.95600000000000,9.08320000000000,9.1998,13560.0279,9.9971,1.0411,8.9560,0.1741,9.9502,0.4363,9.5139,-0.0465,13560.0279,NA,19.4108,19.4108
ZoomTracks.exe,23252,0x195FDAD7F80,DXGI,0,512,1,Hardware: Independent Flip,13570.9708,NA,9.90180000000000,10.03310000000000,9.03750000000000,9.32220000000000,9.3311,13570.0250,9.9833,0.9458,9.0375,0.1272,10.1408,0.6233,9.5175,-0.0360,13570.0250,NA,NA,NA
ZoomTracks.exe,23252,0x195FDAD7F80,DXGI,0,512,1,Hardware: Independent Flip,13581.1058,NA,10.13500000000000,9.92420000000000,8.92710000000000,9.05230000000000,9.1203,13580.0083,10.0246,1.0975,8.9271,0.2847,9.8651,0.4471,9.4180,0.0591,13580.0083,NA,NA,NA
ZoomTracks.exe,23252,0x195FDAD7F80,DXGI,0,512,1,Hardware: Independent Flip,13591.0626,NA,9.95680000000000,9.92960000000000,8.96650000000000,9.02420000000000,9.0931,13590.0329,9.9962,1.0297,8.9665,0.1252,9.9287,0.3712,9.5575,0.0950,13590.0329,NA,16.2899,16.2899
ZoomTracks.exe,23252,0x195FDAD7F80,DXGI,0,512,1,Hardware: Independent Flip,13600.8963,NA,9.83370000000000,10.10010000000000,9.11990000000000,9.24160000000000,9.3595,13600.0291,9.9871,0.8672,9.1199,0.0577,10.0511,0.4813,9.5698,-0.1039,13600.0291,NA,NA,NA
ZoomTracks.exe,23252,0x195FDAD7F80,DXGI,0,512,1,Hardware: Independent Flip,13611.0060,NA,10.10970000000000,9.96100000000000,9.00830000000000,9.20320000000000,9.2108,13610.0162,9.9981,0.9898,9.0083,0.1217,10.0713,0.5420,9.5293,0.0261,13610.0162,NA,NA,NA
ZoomTracks.exe,23252,0x195FDAD7F80,DXGI,0,512,1,Hardware: Independent Flip,13620.8498,NA,9.84380000000000,10.04800000000000,9.15480000000000,9.40710000000000,9.4150,13620.0143,9.9903,0.8355,9.1548,0.1949,10.0477,0.5514,9.4963,-0.0499,13620.0143,NA,NA,NA
ZoomTracks.exe,23252,0x195FDAD7F80,DXGI,0,512,1,Hardware: Independent Flip,13630.9586,NA,10.10880000000000,10.02930000000000,9.08930000000000,9.22460000000000,9.3355,13630.0046,10.0433,0.9540,9.0893,0.2523,9.9263,0.5069,9.4194,-0.0390,13630.0046,NA,NA,NA
ZoomTracks.exe,23252,0x195FDAD7F80,DXGI,0,512,1,Hardware: Independent Flip,13641.2591,NA,10.30050000000000,9.95190000000000,8.79350000000000,8.97860000000000,8.9869,13640.0479,10.0047,1.2112,8.7935,0.1353,10.0545,0.6273,9.4272,0.0914,13640.0479,NA,NA,NA
ZoomTracks.exe,23252,0x195FDAD7F80,DXGI,0,512,1,Hardware: Independent Flip,13650.9932,NA,9.73410000000000,9.95730000000000,9.02470000000000,9.14470000000000,9.2101,13650.0526,9.9653,0.9406,9.0247,0.1851,9.9002,0.4834,9.4168,0.0474,13650.0526,NA,NA,NA
ZoomTracks.exe,23252,0x195FDAD7F80,DXGI,0,512,1,Hardware: Independent Flip,13660.8704,NA,9.87720000000000,10.02400000000000,9.16850000000000,9.34940000000000,9.3569,13660.0179,10.0210,0.8525,9.1685,0.1200,10.0819,0.4854,9.5965,-0.0587,13660.0179,NA,NA,NA
ZoomTracks.exe,23252,0x195FDAD7F80,DXGI,0,512,1,Hardware: Independent Flip,13671.2219,NA,10.35150000000000,10.00730000000000,8.77960000000000,8.91800000000000,9.0127,13670.0389,9.9626,1.1830,8.7796,0.1809,9.9201,0.4926,9.4275,0.0137,13670.0389,NA,12.3507,12.3507
ZoomTracks.exe,23252,0x195FDAD7F80,DXGI,0,512,1,Hardware: Independent Flip,13680.8852,NA,9.66330000000000,9.97800000000000,9.13800000000000,9.32130000000000,9.3274,13680.0015,10.0217,0.8837,9.1380,0.1384,10.0666,0.4826,9.5840,-0.0154,13680.0015,NA,NA,NA
ZoomTracks.exe,23252,0x195FDAD7F80,DXGI,0,512,1,Hardware: Independent Flip,13690.8815,NA,9.99630000000000,10.01350000000000,9.13810000000000,9.27010000000000,9.3446,13690.0232,9.9964,0.8583,9.1381,0.1833,9.9451,0.5036,9.4415,0.0082,13690.0232,NA,NA,NA
ZoomTracks.exe,23252,0x195FDAD7F80,DXGI,0,512,1,Hardware: Independent Flip,13701.1807,NA,10.29920000000000,9.96090000000000,8.83050000000000,8.99980000000000,9.0063,13700.0196,9.9916,1.1611,8.8305,0.1320,10.0289,0.4748,9.5541,0.0355,13700.0196,NA,14.3092,14.3092
ZoomTracks.exe,23252,0x195FDAD7F80,DXGI,0,512,1,Hardware: Independent Flip,13710.8183,NA,9.63760000000000,10.00900000000000,9.18390000000000,9.37100000000000,9.3777,13710.0112,9.9910,0.8071,9.1839,0.1693,10.0088,0.4808,9.5280,-0.0174,13710.0112,NA,NA,NA
ZoomTracks.exe,23252,0x195FDAD7F80,DXGI,0,512,1,Hardware: Independent Flip,13720.8292,NA,10.01090000000000,10.02500000000000,9.20240000000000,9.38450000000000,9.3918,13720.0022,10.0294,0.8270,9.2024,0.1871,10.0244,0.5004,9.5240,-0.0340,13720.0022,NA,NA,NA
ZoomTracks.exe,23252,0x195FDAD7F80,DXGI,0,512,1,Hardware: Independent Flip,13730.8849,NA,10.05570000000000,9.99370000000000,9.15770000000000,9.32240000000000,9.3298,13730.0316,10.0110,0.8533,9.1577,0.1821,9.9936,0.4870,9.5066,0.0357,13730.0316,NA,NA,NA
ZoomTracks.exe,23252,0x195FDAD7F80,DXGI,0,512,1,Hardware: Independent Flip,13740.9157,NA,10.03080000000000,9.94520000000000,9.09690000000000,9.23640000000000,9.2442,13740.0426,9.9700,0.8731,9.0969,0.1647,9.9448,0.5148,9.4300,0.0658,13740.0426,NA,NA,NA
ZoomTracks.exe,23252,0x195FDAD7F80,DXGI,0,512,1,Hardware: Independent Flip,13751.0812,NA,10.16550000000000,10.15940000000000,8.95250000000000,9.22950000000000,9.2381,13750.0126,10.0211,1.0686,8.9525,0.1395,10.1586,0.5923,9.5663,-0.1894,13750.0126,NA,NA,NA
ZoomTracks.exe,23252,0x195FDAD7F80,DXGI,0,512,1,Hardware: Independent Flip,13761.0483,NA,9.96710000000000,9.89380000000000,8.96560000000000,9.15760000000000,9.1648,13760.0337,9.9802,1.0146,8.9656,0.2770,9.8952,0.5528,9.3424,0.1273,13760.0337,NA,NA,NA
ZoomTracks.exe,23252,0x195FDAD7F80,DXGI,0,512,1,Hardware: Independent Flip,13771.0607,NA,10.01240000000000,9.99910000000000,8.95970000000000,9.14410000000000,9.1515,13770.0139,10.0065,1.0468,8.9597,0.1920,9.9989,0.4931,9.5058,-0.0189,13770.0139,NA,11.3712,11.3712
ZoomTracks.exe,23252,0x195FDAD7F80,DXGI,0,512,1,Hardware: Independent Flip,13780.8890,NA,9.82830000000000,10.13680000000000,9.11620000000000,9.27500000000000,9.4600,13780.0204,9.9848,0.8686,9.1162,0.1844,9.9592,0.4564,9.5028,-0.1303,13780.0204,NA,NA,NA
ZoomTracks.exe,23252,0x195FDAD7F80,DXGI,0,512,1,Hardware: Independent Flip,13791.0117,NA,10.12270000000000,9.86960000000000,9.01960000000000,9.19760000000000,9.2069,13790.0052,10.0261,1.0065,9.0196,0.1588,10.0453,0.4846,9.5607,0.1152,13790.0052,NA,NA,NA
ZoomTracks.exe,23252,0x195FDAD7F80,DXGI,0,512,1,Hardware: Independent Flip,13800.8902,NA,9.87850000000000,10.03930000000000,9.14210000000000,9.26150000000000,9.3677,13800.0313,10.0010,0.8589,9.1421,0.1780,9.9424,0.5094,9.4330,-0.0132,13800.0313,NA,NA,NA
ZoomTracks.exe,23252,0x195FDAD7F80,DXGI,0,512,1,Hardware: Independent Flip,13811.0759,NA,10.18570000000000,9.96640000000000,8.94820000000000,9.14010000000000,9.1484,13810.0323,9.9918,1.0436,8.9482,0.1194,10.0643,0.4899,9.5744,0.0346,13810.0323,NA,NA,NA
ZoomTracks.exe,23252,0x195FDAD7F80,DXGI,0,512,1,Hardware: Independent Flip,13820.9094,NA,9.83350000000000,9.92880000000000,9.09460000000000,9.23630000000000,9.2437,13820.0241,9.9799,0.8853,9.0946,0.1919,9.9297,0.4424,9.4873,0.0630,13820.0241,NA,NA,NA
ZoomTracks.exe,23252,0x195FDAD7F80,DXGI,0,512,1,Hardware: Independent Flip,13830.8306,NA,9.92120000000000,10.07740000000000,9.17600000000000,9.39140000000000,9.3999,13830.0040,10.0026,0.8266,9.1760,0.1417,10.0763,0.5671,9.5092,-0.0975,13830.0040,NA,NA,NA
ZoomTracks.exe,23252,0x195FDAD7F80,DXGI,0,512,1,Hardware: Independent Flip,13841.0009,NA,10.17030000000000,9.96420000000000,9.00530000000000,9.18700000000000,9.1938,13840.0066,9.9996,0.9943,9.0053,0.2154,9.9659,0.5464,9.4195,0.0384,13840.0066,NA,NA,NA
ZoomTracks.exe,23252,0x195FDAD7F80,DXGI,0,512,1,Hardware: Independent Flip,13850.8670,NA,9.86610000000000,10.02740000000000,9.13730000000000,9.34680000000000,9.3551,13850.0062,9.9981,0.8608,9.1373,0.1817,10.0259,0.4979,9.5280,-0.0278,13850.0062,NA,NA,NA
ZoomTracks.exe,23252,0x195FDAD7F80,DXGI,0,512,1,Hardware: Independent Flip,13860.9353,NA,10.06830000000000,10.03680000000000,9.10570000000000,9.22620000000000,9.3236,13860.0043,10.0367,0.9310,9.1057,0.2095,9.9477,0.5071,9.4406,-0.0387,13860.0043,NA,NA,NA
ZoomTracks.exe,23252,0x195FDAD7F80,DXGI,0,512,1,Hardware: Independent Flip,13870.9358,NA,10.00050000000000,10.03560000000000,9.08260000000000,9.35100000000000,9.3587,13870.0410,9.9774,0.8948,9.0826,0.1205,10.1253,0.5636,9.5617,0.0011,13870.0410,NA,NA,NA
ZoomTracks.exe,23252,0x195FDAD7F80,DXGI,0,512,1,Hardware: Independent Flip,13881.2384,NA,10.30260000000000,9.95150000000000,8.79090000000000,8.91590000000000,9.0076,13880.0184,10.0109,1.2200,8.7909,0.2684,9.8675,0.4493,9.4182,0.0259,13880.0184,NA,17.3652,17.3652
ZoomTracks.exe,23252,0x195FDAD7F80,DXGI,0,512,1,Hardware: Independent Flip,13891.2460,NA,10.00760000000000,9.90940000000000,8.77260000000000,8.84190000000000,8.9094,13890.0293,9.9893,1.2167,8.7726,0.1250,9.9336,0.3992,9.5344,0.1015,13890.0293,NA,15.2825,15.2825
ZoomTracks.exe,23252,0x195FDAD7F80,DXGI,0,512,1,Hardware: Independent Flip,13900.8603,NA,9.61430000000000,10.13980000000000,9.18580000000000,9.30170000000000,9.4349,13900.0186,10.0275,0.8417,9.1858,0.0693,10.0741,0.4255,9.6486,-0.1505,13900.0186,NA,NA,NA
ZoomTracks.exe,23252,0x195FDAD7F80,DXGI,0,512,1,Hardware: Independent Flip,13910.9449,NA,10.08460000000000,9.92240000000000,9.07860000000000,9.20480000000000,9.2727,13910.0461,9.9774,0.8988,9.0786,0.1159,9.9877,0.4428,9.5449,0.1051,13910.0461,NA,NA,NA
ZoomTracks.exe,23252,0x195FDAD7F80,DXGI,0,512,1,Hardware: Independent Flip,13920.9425,NA,9.99760000000000,10.01270000000000,9.09090000000000,9.28110000000000,9.2878,13920.0235,10.0099,0.9190,9.0909,0.1262,10.0739,0.5013,9.5726,-0.0353,13920.0235,NA,NA,NA
ZoomTracks.exe,23252,0x195FDAD7F80,DXGI,0,512,1,Hardware: Independent Flip,13930.9216,NA,9.97910000000000,10.02420000000000,9.10160000000000,9.21860000000000,9.3329,13930.0334,9.9898,0.8882,9.1016,0.1902,9.9166,0.4267,9.4899,-0.0143,13930.0334,NA,NA,NA
ZoomTracks.exe,23252,0x195FDAD7F80,DXGI,0,512,1,Hardware: Independent Flip,13940.8872,NA,9.96560000000000,9.96720000000000,9.14340000000000,9.32700000000000,9.3345,13940.0232,10.0074,0.8640,9.1434,0.1170,10.0740,0.4869,9.5871,0.0226,13940.0232,NA,NA,NA
ZoomTracks.exe,23252,0x195FDAD7F80,DXGI,0,512,1,Hardware: Independent Flip,13950.9643,NA,10.07710000000000,10.01020000000000,9.04080000000000,9.18380000000000,9.2676,13950.0306,9.9745,0.9337,9.0408,0.1836,9.9339,0.5061,9.4278,-0.0028,13950.0306,NA,NA,NA
ZoomTracks.exe,23252,0x195FDAD7F80,DXGI,0,512,1,Hardware: Independent Flip,13961.1147,NA,10.15040000000000,9.98950000000000,8.91510000000000,9.09730000000000,9.1067,13960.0051,10.0247,1.1096,8.9151,0.1430,10.0639,0.7370,9.3269,-0.0150,13960.0051,NA,NA,NA
ZoomTracks.exe,23252,0x195FDAD7F80,DXGI,0,512,1,Hardware: Independent Flip,13971.0982,NA,9.98350000000000,9.95520000000000,8.93700000000000,9.00740000000000,9.0784,13970.0298,10.0054,1.0684,8.9370,0.1822,9.8936,0.3967,9.4969,0.0695,13970.0298,NA,12.2923,12.2923
ZoomTracks.exe,23252,0x195FDAD7F80,DXGI,0,512,1,Hardware: Independent Flip,13980.8751,NA,9.77690000000000,10.02430000000000,9.14370000000000,9.31870000000000,9.3258,13980.0352,9.9836,0.8399,9.1437,0.0704,10.0882,0.5271,9.5611,-0.0189,13980.0352,NA,NA,NA
ZoomTracks.exe,23252,0x195FDAD7F80,DXGI,0,512,1,Hardware: Independent Flip,13990.9738,NA,10.09870000000000,10.00120000000000,9.04310000000000,9.12040000000000,9.2283,13990.0188,9.9981,0.9550,9.0431,0.1750,9.9004,0.3826,9.5178,-0.0176,13990.0188,NA,17.3294,17.3294
ZoomTracks.exe,23252,0x195FDAD7F80,DXGI,0,512,1,Hardware: Independent Flip,14000.9463,NA,9.97250000000000,10.01960000000000,9.08970000000000,9.26860000000000,9.2754,14000.0169,10.0191,0.9294,9.0897,0.0773,10.1207,0.5666,9.5541,-0.0215,14000.0169,NA,NA,NA
ZoomTracks.exe,23252,0x195FDAD7F80,DXGI,0,512,1,Hardware: Independent Flip,14010.9035,NA,9.95720000000000,10.07580000000000,9.11970000000000,9.26930000000000,9.3940,14010.0360,9.9872,0.8675,9.1197,0.1789,9.9579,0.4563,9.5016,-0.0567,14010.0360,NA,NA,NA
ZoomTracks.exe,23252,0x195FDAD7F80,DXGI,0,512,1,Hardware: Independent Flip,14020.9649,NA,10.06140000000000,9.90960000000000,9.04920000000000,9.23470000000000,9.2422,14020.0232,9.9909,0.9417,9.0492,0.1496,10.0268,0.4780,9.5488,0.0776,14020.0232,NA,NA,NA
ZoomTracks.exe,23252,0x195FDAD7F80,DXGI,0,512,1,Hardware: Independent Flip,14030.8769,NA,9.91200000000000,9.98520000000000,9.11900000000000,9.30960000000000,9.3154,14030.0141,9.9818,0.8628,9.1190,0.1855,9.9869,0.4750,9.5119,0.0057,14030.0141,NA,NA,NA
ZoomTracks.exe,23252,0x195FDAD7F80,DXGI,0,512,1,Hardware: Independent Flip,14040.8202,NA,9.94330000000000,9.95450000000000,9.18370000000000,9.31890000000000,9.3266,14039.9959,10.0080,0.8243,9.1837,0.1906,9.9526,0.4220,9.5306,0.0273,14039.9959,NA,NA,NA
ZoomTracks.exe,23252,0x195FDAD7F80,DXGI,0,512,1,Hardware: Independent Flip,14050.8140,NA,9.99380000000000,10.05740000000000,9.20510000000000,9.38400000000000,9.3902,14050.0039,10.0152,0.8101,9.2051,0.1352,10.0589,0.4800,9.5789,-0.0494,14050.0039,NA,NA,NA
ZoomTracks.exe,23252,0x195FDAD7F80,DXGI,0,512,1,Hardware: Independent Flip,14060.9337,NA,10.11970000000000,10.00360000000000,9.08700000000000,9.26680000000000,9.2741,14060.0191,10.0016,0.9146,9.0870,0.1789,10.0025,0.5442,9.4583,0.0116,14060.0191,NA,NA,NA
ZoomTracks.exe,23252,0x195FDAD7F80,DXGI,0,512,1,Hardware: Independent Flip,14071.1412,NA,10.20750000000000,10.01090000000000,8.88700000000000,9.06920000000000,9.0775,14070.0207,10.0075,1.1205,8.8870,0.1798,10.0099,0.5020,9.5079,-0.0093,14070.0207,NA,18.3622,18.3622
ZoomTracks.exe,23252,0x195FDAD7F80,DXGI,0,512,1,Hardware: Independent Flip,14080.9870,NA,9.84580000000000,10.01420000000000,9.03620000000000,9.15680000000000,9.2459,14080.0282,9.9950,0.9588,9.0362,0.1822,9.9334,0.4756,9.4578,-0.0067,14080.0282,NA,NA,NA
ZoomTracks.exe,23252,0x195FDAD7F80,DXGI,0,512,1,Hardware: Independent Flip,14091.2435,NA,10.25650000000000,10.00100000000000,8.78590000000000,8.98290000000000,8.9904,14090.0232,10.0062,1.2203,8.7859,0.1206,10.0826,0.5170,9.5656,-0.0060,14090.0232,NA,13.3549,13.3549
ZoomTracks.exe,23252,0x195FDAD7F80,DXGI,0,512,1,Hardware: Independent Flip,14100.9407,NA,9.69720000000000,10.04570000000000,9.09550000000000,9.23840000000000,9.3389,14100.0294,10.0068,0.9113,9.0955,0.1970,9.9527,0.4551,9.4976,-0.0395,14100.0294,NA,NA,NA
ZoomTracks.exe,23252,0x195FDAD7F80,DXGI,0,512,1,Hardware: Independent Flip,14110.9976,NA,10.05690000000000,9.92780000000000,9.01170000000000,9.20180000000000,9.2098,14110.0362,9.9731,0.9614,9.0117,0.1429,10.0203,0.5339,9.4864,0.0790,14110.0362,NA,NA,NA
ZoomTracks.exe,23252,0x195FDAD7F80,DXGI,0,512,1,Hardware: Independent Flip,14121.0444,NA,10.04680000000000,10.00380000000000,9.01790000000000,9.08090000000000,9.1668,14120.0093,10.0530,1.0351,9.0179,0.1901,9.9259,0.3954,9.5305,-0.0307,14120.0093,NA,NA,NA
ZoomTracks.exe,23252,0x195FDAD7F80,DXGI,0,512,1,Hardware: Independent Flip,14130.9984,NA,9.95400000000000,10.00050000000000,9.01180000000000,9.20650000000000,9.2133,14130.0623,9.9479,0.9361,9.0118,0.0630,10.0796,0.5537,9.5259,0.0525,14130.0623,NA,NA,NA
ZoomTracks.exe,23252,0x195FDAD7F80,DXGI,0,512,1,Hardware: Independent Flip,14140.9109,NA,9.91250000000000,10.00020000000000,9.10030000000000,9.29120000000000,9.3010,14140.0102,10.0010,0.9007,9.1003,0.1947,9.9972,0.4881,9.5091,-0.0523,14140.0102,NA,NA,NA
ZoomTracks.exe,23252,0x195FDAD7F80,DXGI,0,512,1,Hardware: Independent Flip,14150.8938,NA,9.98290000000000,9.99600000000000,9.13080000000000,9.30670000000000,9.3141,14150.0112,10.0134,0.8826,9.1308,0.1909,9.9984,0.4748,9.5236,0.0050,14150.0112,NA,NA,NA
ZoomTracks.exe,23252,0x195FDAD7F80,DXGI,0,512,1,Hardware: Independent Flip,14161.1470,NA,10.25320000000000,10.34940000000000,8.87520000000000,9.40120000000000,9.4103,14160.0246,9.9976,1.1224,8.8752,0.1759,10.3477,0.8888,9.4589,-0.3360,14160.0246,NA,16.6914,16.6914
ZoomTracks.exe,23252,0x195FDAD7F80,DXGI,0,512,1,Hardware: Independent Flip,14171.3737,NA,10.22670000000000,9.78390000000000,8.64590000000000,8.77560000000000,8.9675,14170.0222,9.9974,1.3515,8.6459,0.5260,9.6011,0.5213,9.0798,0.2137,14170.0222,NA,NA,NA
ZoomTracks.exe,23252,0x195FDAD7F80,DXGI,0,512,1,Hardware: Independent Flip,14181.1983,NA,9.82460000000000,9.85220000000000,8.80620000000000,8.98840000000000,8.9951,14180.0196,9.9849,1.1787,8.8062,0.1297,10.0374,0.4974,9.5400,0.1452,14180.0196,NA,12.3055,12.3055
ZoomTracks.exe,23252,0x195FDAD7F80,DXGI,0,512,1,Hardware: Independent Flip,14190.9002,NA,9.70190000000000,10.14920000000000,9.12510000000000,9.21470000000000,9.4424,14190.0045,10.0208,0.8957,9.1251,0.1822,9.9282,0.4498,9.4784,-0.1643,14190.0045,NA,NA,NA
ZoomTracks.exe,23252,0x195FDAD7F80,DXGI,0,512,1,Hardware: Independent Flip,14201.0675,NA,10.16730000000000,9.99430000000000,8.96740000000000,9.26200000000000,9.2694,14200.0253,10.0096,1.0422,8.9674,0.0896,10.2146,0.6700,9.5446,0.0265,14200.0253,NA,NA,NA
ZoomTracks.exe,23252,0x195FDAD7F80,DXGI,0,512,1,Hardware: Independent Flip,14211.0952,NA,10.02770000000000,9.95670000000000,8.92640000000000,9.04650000000000,9.1984,14210.0349,9.9867,1.0603,8.9264,0.2946,9.8122,0.4842,9.3280,0.0529,14210.0349,NA,NA,NA
ZoomTracks.exe,23252,0x195FDAD7F80,DXGI,0,512,1,Hardware: Independent Flip,14220.9557,NA,9.86050000000000,9.92540000000000,9.06460000000000,9.25610000000000,9.2633,14220.0216,9.9987,0.9341,9.0646,0.1201,10.0701,0.4985,9.5716,0.0613,14220.0216,NA,NA,NA
ZoomTracks.exe,23252,0x195FDAD7F80,DXGI,0,512,1,Hardware: Independent Flip,14230.8989,NA,9.94320000000000,10.06490000000000,9.12210000000000,9.24370000000000,9.3850,14230.0203,10.0007,0.8786,9.1221,0.1915,9.9308,0.4266,9.5042,-0.0662,14230.0203,NA,NA,NA
ZoomTracks.exe,23252,0x195FDAD7F80,DXGI,0,512,1,Hardware: Independent Flip,14241.1710,NA,10.27210000000000,9.93160000000000,8.85720000000000,9.03670000000000,9.0445,14240.0210,10.0072,1.1500,8.8572,0.1216,10.0651,0.5127,9.5524,0.0691,14240.0210,NA,13.3243,13.3243
ZoomTracks.exe,23252,0x195FDAD7F80,DXGI,0,512,1,Hardware: Independent Flip,14250.9282,NA,9.75720000000000,9.99870000000000,9.09910000000000,9.21510000000000,9.2860,14250.0282,9.9991,0.9000,9.0991,0.1795,9.9356,0.4778,9.4578,0.0085,14250.0282,NA,NA,NA
ZoomTracks.exe,23252,0x195FDAD7F80,DXGI,0,512,1,Hardware: Independent Flip,14260.9462,NA,10.01800000000000,10.00920000000000,9.07330000000000,9.26940000000000,9.2772,14260.0273,9.9922,0.9189,9.0733,0.1160,10.0723,0.5545,9.5178,-0.0101,14260.0273,NA,NA,NA
ZoomTracks.exe,23252,0x195FDAD7F80,DXGI,0,512,1,Hardware: Independent Flip,14270.9680,NA,10.02180000000000,9.95850000000000,9.05600000000000,9.13250000000000,9.2139,14270.0195,10.0045,0.9485,9.0560,0.1961,9.8849,0.4487,9.4362,0.0337,14270.0195,NA,NA,NA
ZoomTracks.exe,23252,0x195FDAD7F80,DXGI,0,512,1,Hardware: Independent Flip,14281.1294,NA,10.16140000000000,10.01930000000000,8.87540000000000,9.06510000000000,9.0718,14280.0240,9.9808,1.1054,8.8754,0.0765,10.0940,0.4919,9.6021,-0.0148,14280.0240,NA,15.3029,15.3029
ZoomTracks.exe,23252,0x195FDAD7F80,DXGI,0,512,1,Hardware: Independent Flip,14290.8248,NA,9.69540000000000,9.98770000000000,9.19370000000000,9.27990000000000,9.3641,14290.0048,10.0137,0.8200,9.1937,0.1897,9.9102,0.3878,9.5224,-0.0069,14290.0048,NA,NA,NA
ZoomTracks.exe,23252,0x195FDAD7F80,DXGI,0,512,1,Hardware: Independent Flip,14300.9294,NA,10.10460000000000,10.00050000000000,9.07790000000000,9.25210000000000,9.2600,14300.0185,9.9888,0.9109,9.0779,0.0862,10.0768,0.5521,9.5247,0.0132,14300.0185,NA,NA,NA
ZoomTracks.exe,23252,0x195FDAD7F80,DXGI,0,512,1,Hardware: Independent Flip,14310.8902,NA,9.96080000000000,10.07740000000000,9.13750000000000,9.26210000000000,9.3766,14310.0073,10.0204,0.8829,9.1375,0.1742,9.9708,0.4300,9.5408,-0.0886,14310.0073,NA,NA,NA
ZoomTracks.exe,23252,0x195FDAD7F80,DXGI,0,512,1,Hardware: Independent Flip,14321.0942,NA,10.20400000000000,10.02410000000000,8.96510000000000,9.18820000000000,9.1967,14320.0277,10.0316,1.0665,8.9651,0.1246,10.1301,0.5379,9.5922,-0.0037,14320.0277,NA,15.4165,15.4165
ZoomTracks.exe,23252,0x195FDAD7F80,DXGI,0,512,1,Hardware: Independent Flip,14331.1245,NA,10.03030000000000,9.93750000000000,8.88170000000000,9.00070000000000,9.1039,14330.0593,9.9469,1.0652,8.8817,0.2231,9.8428,0.4736,9.3692,0.0941,14330.0593,NA,17.3720,17.3720
ZoomTracks.exe,23252,0x195FDAD7F80,DXGI,0,512,1,Hardware: Independent Flip,14340.9279,NA,9.80340000000000,10.00440000000000,9.10640000000000,9.29570000000000,9.3049,14340.0062,10.0281,0.9217,9.1064,0.1190,10.0984,0.5736,9.5248,-0.0575,14340.0062,NA,NA,NA
ZoomTracks.exe,23252,0x195FDAD7F80,DXGI,0,512,1,Hardware: Independent Flip,14350.9790,NA,10.05110000000000,10.03770000000000,9.04300000000000,9.15880000000000,9.2915,14350.0343,9.9877,0.9447,9.0430,0.1893,9.9142,0.4123,9.5019,-0.0096,14350.0343,NA,NA,NA
ZoomTracks.exe,23252,0x195FDAD7F80,DXGI,0,512,1,Hardware: Independent Flip,14360.9238,NA,9.94480000000000,9.92560000000000,9.09490000000000,9.26590000000000,9.2723,14360.0220,9.9967,0.9018,9.0949,0.1158,10.0519,0.4803,9.5716,0.0621,14360.0220,NA,NA,NA
ZoomTracks.exe,23252,0x195FDAD7F80,DXGI,0,512,1,Hardware: Independent Flip,14370.8262,NA,9.90240000000000,10.01230000000000,9.17970000000000,9.31300000000000,9.3822,14370.0187,9.9872,0.8075,9.1797,0.1710,9.9495,0.4820,9.4675,-0.0156,14370.0187,NA,NA,NA
ZoomTracks.exe,23252,0x195FDAD7F80,DXGI,0,512,1,Hardware: Independent Flip,14380.8803,NA,10.05410000000000,10.00270000000000,9.14640000000000,9.32360000000000,9.3308,14380.0059,10.0208,0.8744,9.1464,0.1333,10.0647,0.4737,9.5910,-0.0155,14380.0059,NA,NA,NA
ZoomTracks.exe,23252,0x195FDAD7F80,DXGI,0,512,1,Hardware: Independent Flip,14390.9032,NA,10.02290000000000,9.99920000000000,9.10840000000000,9.24220000000000,9.3071,14390.0267,9.9849,0.8765,9.1084,0.1772,9.9415,0.4830,9.4585,0.0216,14390.0267,NA,NA,NA
ZoomTracks.exe,23252,0x195FDAD7F80,DXGI,0,512,1,Hardware: Independent Flip,14400.8277,NA,9.92450000000000,9.98910000000000,9.19300000000000,9.36500000000000,9.3717,14400.0116,10.0091,0.8161,9.1930,0.1338,10.0473,0.5394,9.5079,-0.0042,14400.0116,NA,NA,NA
ZoomTracks.exe,23252,0x195FDAD7F80,DXGI,0,512,1,Hardware: Independent Flip,14410.9005,NA,10.07280000000000,10.01450000000000,9.11900000000000,9.30550000000000,9.3134,14410.0207,9.9988,0.8798,9.1190,0.1720,10.0133,0.4890,9.5243,-0.0054,14410.0207,NA,NA,NA
ZoomTracks.exe,23252,0x195FDAD7F80,DXGI,0,512,1,Hardware: Independent Flip,14421.2713,NA,10.37080000000000,10.00430000000000,8.75060000000000,8.93830000000000,8.9469,14420.0195,10.0024,1.2518,8.7506,0.1865,10.0036,0.5121,9.4915,-0.0055,14420.0195,NA,18.3526,18.3526
ZoomTracks.exe,23252,0x195FDAD7F80,DXGI,0,512,1,Hardware: Independent Flip,14430.9414,NA,9.67010000000000,10.00640000000000,9.07810000000000,9.27410000000000,9.2832,14430.0219,9.9976,0.9195,9.0781,0.1877,10.0059,0.5533,9.4526,-0.0040,14430.0219,NA,NA,NA
ZoomTracks.exe,23252,0x195FDAD7F80,DXGI,0,512,1,Hardware: Independent Flip,14441.2826,NA,10.34120000000000,9.97590000000000,8.72620000000000,8.91050000000000,8.9179,14440.0195,9.9893,1.2631,8.7262,0.1960,9.9776,0.4970,9.4806,0.0217,14440.0195,NA,18.8404,18.8404
ZoomTracks.exe,23252,0x195FDAD7F80,DXGI,0,512,1,Hardware: Independent Flip,14450.8638,NA,9.58120000000000,9.99990000000000,9.16000000000000,9.32950000000000,9.3366,14450.0088,10.0150,0.8550,9.1600,0.1843,10.0002,0.4718,9.5284,-0.0106,14450.0088,NA,NA,NA
ZoomTracks.exe,23252,0x195FDAD7F80,DXGI,0,512,1,Hardware: Independent Flip,14460.8875,NA,10.02370000000000,10.01220000000000,9.12250000000000,9.31800000000000,9.3251,14460.0238,9.9862,0.8637,9.1225,0.1695,10.0122,0.4947,9.5175,0.0028,14460.0238,NA,NA,NA
ZoomTracks.exe,23252,0x195FDAD7F80,DXGI,0,512,1,Hardware: Independent Flip,14470.8949,NA,10.00740000000000,9.96780000000000,9.11290000000000,9.27850000000000,9.2855,14470.0100,9.9978,0.8849,9.1129,0.1955,9.9679,0.4518,9.5161,0.0184,14470.0100,NA,NA,NA
ZoomTracks.exe,23252,0x195FDAD7F80,DXGI,0,512,1,Hardware: Independent Flip,14480.8661,NA,9.97120000000000,10.02420000000000,9.14120000000000,9.32960000000000,9.3385,14480.0078,9.9995,0.8583,9.1412,0.1656,10.0223,0.4855,9.5368,-0.0264,14480.0078,NA,NA,NA
ZoomTracks.exe,23252,0x195FDAD7F80,DXGI,0,512,1,Hardware: Independent Flip,14490.9292,NA,10.06310000000000,10.02180000000000,9.14510000000000,9.20590000000000,9.2972,14490.0073,10.0670,0.9219,9.1451,0.1884,9.9394,0.4445,9.4949,-0.0223,14490.0073,NA,NA,NA
ZoomTracks.exe,23252,0x195FDAD7F80,DXGI,0,512,1,Hardware: Independent Flip,14501.0728,NA,10.14360000000000,10.00060000000000,8.95500000000000,9.14700000000000,9.1542,14500.0743,9.9535,0.9985,8.9550,0.0608,10.0847,0.5096,9.5751,0.0664,14500.0743,NA,18.3605,18.3605
ZoomTracks.exe,23252,0x195FDAD7F80,DXGI,0,512,1,Hardware: Independent Flip,14510.9799,NA,9.90710000000000,9.99970000000000,9.05060000000000,9.16710000000000,9.2468,14510.0278,10.0027,0.9521,9.0506,0.1920,9.9272,0.4280,9.4992,-0.0462,14510.0278,NA,NA,NA
ZoomTracks.exe,23252,0x195FDAD7F80,DXGI,0,512,1,Hardware: Independent Flip,14520.9745,NA,9.99460000000000,9.99250000000000,9.04770000000000,9.23510000000000,9.2447,14520.0305,9.9917,0.9440,9.0477,0.1165,10.0626,0.4913,9.5713,0.0102,14520.0305,NA,13.3548,13.3548
ZoomTracks.exe,23252,0x195FDAD7F80,DXGI,0,512,1,Hardware: Independent Flip,14530.9195,NA,9.94500000000000,10.02280000000000,9.10450000000000,9.23430000000000,9.3225,14530.0222,10.0018,0.8973,9.1045,0.1874,9.9442,0.4323,9.5119,-0.0311,14530.0222,NA,NA,NA
ZoomTracks.exe,23252,0x195FDAD7F80,DXGI,0,512,1,Hardware: Independent Flip,14540.9957,NA,10.07620000000000,9.96700000000000,9.02790000000000,9.20560000000000,9.2133,14540.0240,9.9996,0.9717,9.0279,0.1298,10.0475,0.5544,9.4931,0.0348,14540.0240,NA,NA,NA
ZoomTracks.exe,23252,0x195FDAD7F80,DXGI,0,512,1,Hardware: Independent Flip,14550.9842,NA,9.98850000000000,9.97970000000000,9.02440000000000,9.19860000000000,9.2045,14550.0236,9.9850,0.9606,9.0244,0.1777,9.9815,0.5204,9.4611,0.0199,14550.0236,NA,NA,NA
ZoomTracks.exe,23252,0x195FDAD7F80,DXGI,0,512,1,Hardware: Independent Flip,14560.8903,NA,9.90610000000000,10.03330000000000,9.13470000000000,9.32350000000000,9.3317,14560.0086,10.0164,0.8817,9.1347,0.1742,10.0310,0.4895,9.5415,-0.0483,14560.0086,NA,NA,NA
ZoomTracks.exe,23252,0x195FDAD7F80,DXGI,0,512,1,Hardware: Independent Flip,14570.8791,NA,9.98880000000000,10.02550000000000,9.12630000000000,9.27630000000000,9.3684,14570.0250,9.9804,0.8541,9.1263,0.1888,9.9416,0.4412,9.5004,-0.0091,14570.0250,NA,NA,NA
ZoomTracks.exe,23252,0x195FDAD7F80,DXGI,0,512,1,Hardware: Independent Flip,14581.0242,NA,10.14510000000000,9.96040000000000,8.99020000000000,9.17720000000000,9.1837,14580.0054,10.0090,1.0188,8.9902,0.1500,10.0460,0.4863,9.5597,0.0200,14580.0054,NA,NA,NA
ZoomTracks.exe,23252,0x195FDAD7F80,DXGI,0,512,1,Hardware: Independent Flip,14591.1308,NA,10.10660000000000,9.93420000000000,8.89450000000000,9.00500000000000,9.0113,14590.0144,10.0109,1.1164,8.8945,0.1870,9.9344,0.4272,9.5072,0.0748,14590.0144,NA,15.2488,15.2488
ZoomTracks.exe,23252,0x195FDAD7F80,DXGI,0,512,1,Hardware: Independent Flip,14600.8956,NA,9.76480000000000,10.08850000000000,9.14130000000000,9.32680000000000,9.3350,14600.0253,10.0116,0.8703,9.1413,0.1105,10.0866,0.6171,9.4695,-0.0776,14600.0253,NA,NA,NA
ZoomTracks.exe,23252,0x195FDAD7F80,DXGI,0,512,1,Hardware: Independent Flip,14611.1636,NA,10.26800000000000,10.04230000000000,8.85490000000000,8.97810000000000,9.1093,14610.0369,9.9816,1.1267,8.8549,0.1855,9.9193,0.4442,9.4751,-0.0307,14610.0369,NA,12.3931,12.3931
ZoomTracks.exe,23252,0x195FDAD7F80,DXGI,0,512,1,Hardware: Independent Flip,14620.9233,NA,9.75970000000000,9.94590000000000,9.11330000000000,9.28710000000000,9.2955,14620.0185,10.0181,0.9048,9.1133,0.1232,10.0687,0.4790,9.5897,0.0357,14620.0185,NA,NA,NA
ZoomTracks.exe,23252,0x195FDAD7F80,DXGI,0,512,1,Hardware: Independent Flip,14630.9220,NA,9.99870000000000,9.99480000000000,9.07830000000000,9.21080000000000,9.2916,14630.0366,9.9637,0.8854,9.0783,0.1738,9.9224,0.4302,9.4922,0.0233,14630.0366,NA,NA,NA
ZoomTracks.exe,23252,0x195FDAD7F80,DXGI,0,512,1,Hardware: Independent Flip,14640.8702,NA,9.94820000000000,10.00270000000000,9.16710000000000,9.33780000000000,9.3461,14640.0003,10.0370,0.8699,9.1671,0.1325,10.0752,0.4869,9.5883,-0.0390,14640.0003,NA,NA,NA
ZoomTracks.exe,23252,0x195FDAD7F80,DXGI,0,512,1,Hardware: Independent Flip,14651.1673,NA,10.29710000000000,10.00520000000000,8.85390000000000,8.97230000000000,9.0542,14650.0373,9.9839,1.1300,8.8539,0.1707,9.9316,0.4493,9.4823,0.0318,14650.0373,NA,NA,NA
ZoomTracks.exe,23252,0x195FDAD7F80,DXGI,0,512,1,Hardware: Independent Flip,14660.9799,NA,9.81260000000000,9.91300000000000,9.02670000000000,9.14770000000000,9.1546,14660.0212,9.9854,0.9587,9.0267,0.1184,9.9880,0.4866,9.5014,0.0709,14660.0212,NA,NA,NA
ZoomTracks.exe,23252,0x195FDAD7F80,DXGI,0,512,1,Hardware: Independent Flip,14670.8770,NA,9.89710000000000,10.07350000000000,9.14240000000000,9.32380000000000,9.3310,14670.0066,10.0128,0.8704,9.1424,0.1210,10.0732,0.4807,9.5925,-0.0881,14670.0066,NA,NA,NA
ZoomTracks.exe,23252,0x195FDAD7F80,DXGI,0,512,1,Hardware: Independent Flip,14681.0424,NA,10.16540000000000,9.99880000000000,8.97040000000000,9.15810000000000,9.1644,14680.0194,9.9934,1.0230,8.9704,0.1814,9.9997,0.5467,9.4530,0.0140,14680.0194,NA,12.3220,12.3220
ZoomTracks.exe,23252,0x195FDAD7F80,DXGI,0,512,1,Hardware: Independent Flip,14690.9202,NA,9.87780000000000,10.04200000000000,9.11340000000000,9.31820000000000,9.3286,14690.0128,10.0208,0.9074,9.1134,0.1877,10.0379,0.5143,9.5236,-0.0486,14690.0128,NA,NA,NA
ZoomTracks.exe,23252,0x195FDAD7F80,DXGI,0,512,1,Hardware: Independent Flip,14700.9772,NA,10.05700000000000,10.00590000000000,9.11540000000000,9.18560000000000,9.2775,14700.0336,10.0590,0.9436,9.1154,0.2048,9.9244,0.4897,9.4347,0.0149,14700.0336,NA,16.3828,16.3828
ZoomTracks.exe,23252,0x195FDAD7F80,DXGI,0,512,1,Hardware: Independent Flip,14711.2946,NA,10.31740000000000,9.94760000000000,8.71400000000000,8.90110000000000,8.9077,14710.0926,9.9160,1.2020,8.7140,0.0702,10.0329,0.5788,9.4541,0.1114,14710.0926,NA,NA,NA
ZoomTracks.exe,23252,0x195FDAD7F80,DXGI,0,512,1,Hardware: Independent Flip,14720.9036,NA,9.60900000000000,10.01750000000000,9.10160000000000,9.22170000000000,9.3162,14720.0086,9.9966,0.8950,9.1016,0.1871,9.9296,0.4093,9.5203,-0.1015,14720.0086,NA,NA,NA
ZoomTracks.exe,23252,0x195FDAD7F80,DXGI,0,512,1,Hardware: Independent Flip,14730.9075,NA,10.00390000000000,9.99650000000000,9.10730000000000,9.29990000000000,9.3088,14730.0052,10.0096,0.9023,9.1073,0.1201,10.0821,0.5497,9.5324,0.0001,14730.0052,NA,NA,NA
ZoomTracks.exe,23252,0x195FDAD7F80,DXGI,0,512,1,Hardware: Independent Flip,14740.9198,NA,10.01230000000000,10.01220000000000,9.10730000000000,9.30140000000000,9.3087,14740.0148,10.0123,0.9050,9.1073,0.1926,10.0138,0.5030,9.5108,-0.0026,14740.0148,NA,NA,NA
ZoomTracks.exe,23252,0x195FDAD7F80,DXGI,0,512,1,Hardware: Independent Flip,14751.0432,NA,10.12340000000000,9.97830000000000,8.98780000000000,9.15640000000000,9.1636,14750.0271,10.0039,1.0161,8.9878,0.1941,9.9784,0.5357,9.4427,0.0340,14750.0271,NA,NA,NA
ZoomTracks.exe,23252,0x195FDAD7F80,DXGI,0,512,1,Hardware: Independent Flip,14760.8926,NA,9.84940000000000,10.00450000000000,9.12350000000000,9.31110000000000,9.3187,14760.0310,9.9851,0.8616,9.1235,0.1686,10.0041,0.4825,9.5216,-0.0006,14760.0310,NA,NA,NA
ZoomTracks.exe,23252,0x195FDAD7F80,DXGI,0,512,1,Hardware: Independent Flip,14771.1518,NA,10.25920000000000,10.04920000000000,8.86630000000000,9.10090000000000,9.1087,14770.0161,10.0020,1.1357,8.8663,0.1876,10.0490,0.5469,9.5021,-0.0641,14770.0161,NA,17.3829,17.3829
ZoomTracks.exe,23252,0x195FDAD7F80,DXGI,0,512,1,Hardware: Independent Flip,14781.2855,NA,10.13370000000000,9.94190000000000,8.73670000000000,8.91020000000000,8.9169,14780.0181,10.0041,1.2674,8.7367,0.2346,9.9430,0.4921,9.4509,0.0601,14780.0181,NA,12.2943,12.2943
ZoomTracks.exe,23252,0x195FDAD7F80,DXGI,0,512,1,Hardware: Independent Flip,14790.9196,NA,9.63410000000000,10.00150000000000,9.09780000000000,9.27630000000000,9.2843,14790.0222,9.9952,0.8974,9.0978,0.1735,10.0002,0.5508,9.4494,0.0026,14790.0222,NA,NA,NA
ZoomTracks.exe,23252,0x195FDAD7F80,DXGI,0,512,1,Hardware: Independent Flip,14800.8840,NA,9.96440000000000,10.03860000000000,9.13240000000000,9.26210000000000,9.3585,14800.0174,9.9990,0.8666,9.1324,0.1785,9.9502,0.4757,9.4745,-0.0434,14800.0174,NA,NA,NA
ZoomTracks.exe,23252,0x195FDAD7F80,DXGI,0,512,1,Hardware: Independent Flip,14810.9018,NA,10.01780000000000,9.89310000000000,9.10390000000000,9.22690000000000,9.2338,14810.0164,9.9893,0.8854,9.1039,0.1297,9.9826,0.4146,9.5680,0.1059,14810.0164,NA,NA,NA
ZoomTracks.exe,23252,0x195FDAD7F80,DXGI,0,512,1,Hardware: Independent Flip,14820.8450,NA,9.94320000000000,10.10230000000000,9.18280000000000,9.30410000000000,9.3929,14820.0057,10.0221,0.8393,9.1828,0.1230,10.0204,0.4300,9.5904,-0.1130,14820.0057,NA,NA,NA
ZoomTracks.exe,23252,0x195FDAD7F80,DXGI,0,512,1,Hardware: Independent Flip,14830.9661,NA,10.12110000000000,10.01390000000000,9.04380000000000,9.17650000000000,9.2857,14830.0278,9.9821,0.9383,9.0438,0.1213,9.9935,0.4840,9.5095,0.0082,14830.0278,NA,NA,NA
ZoomTracks.exe,23252,0x195FDAD7F80,DXGI,0,512,1,Hardware: Independent Flip,14840.9222,NA,9.95610000000000,9.97940000000000,9.10600000000000,9.30120000000000,9.3090,14840.0099,10.0183,0.9123,9.1060,0.1327,10.0808,0.5048,9.5760,0.0027,14840.0099,NA,NA,NA
ZoomTracks.exe,23252,0x195FDAD7F80,DXGI,0,512,1,Hardware: Independent Flip,14851.0504,NA,10.12820000000000,9.98170000000000,8.95680000000000,9.08400000000000,9.1625,14850.0282,9.9790,1.0222,8.9568,0.1952,9.9110,0.4227,9.4883,0.0366,14850.0282,NA,16.8383,16.8383
ZoomTracks.exe,23252,0x195FDAD7F80,DXGI,0,512,1,Hardware: Independent Flip,14860.9253,NA,9.87490000000000,10.01310000000000,9.10430000000000,9.29230000000000,9.3007,14860.0072,10.0224,0.9181,9.1043,0.1272,10.0832,0.4977,9.5855,-0.0341,14860.0072,NA,NA,NA
ZoomTracks.exe,23252,0x195FDAD7F80,DXGI,0,512,1,Hardware: Independent Flip,14871.0302,NA,10.10490000000000,10.00190000000000,8.97610000000000,9.10060000000000,9.1977,14870.0296,9.9767,1.0006,8.9761,0.1880,9.9132,0.4867,9.4265,0.0205,14870.0296,NA,19.3705,19.3705
ZoomTracks.exe,23252,0x195FDAD7F80,DXGI,0,512,1,Hardware: Independent Flip,14880.8805,NA,9.85030000000000,10.01170000000000,9.15770000000000,9.35200000000000,9.3591,14880.0063,10.0319,0.8742,9.1577,0.1245,10.1017,0.5128,9.5889,-0.0350,14880.0063,NA,NA,NA
ZoomTracks.exe,23252,0x195FDAD7F80,DXGI,0,512,1,Hardware: Independent Flip,14890.9593,NA,10.07880000000000,9.95180000000000,9.04580000000000,9.13000000000000,9.2321,14890.0382,9.9669,0.9211,9.0458,0.1943,9.8568,0.3718,9.4850,0.0801,14890.0382,NA,NA,NA
ZoomTracks.exe,23252,0x195FDAD7F80,DXGI,0,512,1,Hardware: Independent Flip,14900.8541,NA,9.89480000000000,10.01070000000000,9.15930000000000,9.34100000000000,9.3480,14900.0051,10.0083,0.8490,9.1593,0.0842,10.1058,0.5578,9.5480,-0.0438,14900.0051,NA,NA,NA
ZoomTracks.exe,23252,0x195FDAD7F80,DXGI,0,512,1,Hardware: Independent Flip,14910.9652,NA,10.11110000000000,10.06560000000000,9.06990000000000,9.17590000000000,9.3025,14910.0134,10.0217,0.9518,9.0699,0.1817,9.9460,0.4824,9.4636,-0.0573,14910.0134,NA,NA,NA
ZoomTracks.exe,23252,0x195FDAD7F80,DXGI,0,512,1,Hardware: Independent Flip,14920.9343,NA,9.96910000000000,9.93040000000000,9.09210000000000,9.25780000000000,9.2638,14920.0351,9.9913,0.8992,9.0921,0.1060,10.0510,0.5203,9.5307,0.0913,14920.0351,NA,NA,NA
ZoomTracks.exe,23252,0x195FDAD7F80,DXGI,0,512,1,Hardware: Independent Flip,14930.8737,NA,9.93940000000000,9.98660000000000,9.12750000000000,9.24940000000000,9.3110,14930.0264,9.9748,0.8473,9.1275,0.1657,9.9310,0.4147,9.5163,0.0047,14930.0264,NA,NA,NA
ZoomTracks.exe,23252,0x195FDAD7F80,DXGI,0,512,1,Hardware: Independent Flip,14941.0876,NA,10.21390000000000,9.97150000000000,8.94550000000000,9.06040000000000,9.0686,14940.0012,10.0319,1.0864,8.9455,0.1219,10.0249,0.4720,9.5529,0.0033,14940.0012,NA,11.2740,11.2740
ZoomTracks.exe,23252,0x195FDAD7F80,DXGI,0,512,1,Hardware: Independent Flip,14950.8257,NA,9.73810000000000,10.14000000000000,9.27550000000000,9.39500000000000,9.4705,14950.0331,10.0681,0.7926,9.2755,0.1149,10.0727,0.4981,9.5746,-0.1081,14950.0331,NA,NA,NA
ZoomTracks.exe,23252,0x195FDAD7F80,DXGI,0,512,1,Hardware: Independent Flip,14961.2990,NA,10.47330000000000,9.92510000000000,8.74470000000000,8.91450000000000,8.9223,14960.1012,9.9425,1.1978,8.7447,0.1195,9.9928,0.5731,9.4197,0.1430,14960.1012,NA,10.3551,10.3551
ZoomTracks.exe,23252,0x195FDAD7F80,DXGI,0,512,1,Hardware: Independent Flip,14970.9970,NA,9.69800000000000,10.00350000000000,9.01840000000000,9.22030000000000,9.2278,14970.0437,9.9717,0.9533,9.0184,0.1698,10.0038,0.4998,9.5040,-0.0610,14970.0437,NA,NA,NA
ZoomTracks.exe,23252,0x195FDAD7F80,DXGI,0,512,1,Hardware: Independent Flip,14980.8875,NA,9.89050000000000,10.04700000000000,9.12350000000000,9.25270000000000,9.3843,14980.0154,9.9956,0.8721,9.1235,0.2019,9.9229,0.4224,9.5005,-0.0753,14980.0154,NA,NA,NA
ZoomTracks.exe,23252,0x195FDAD7F80,DXGI,0,512,1,Hardware: Independent Flip,14991.1184,NA,10.23090000000000,9.94480000000000,8.91350000000000,9.09130000000000,9.0982,14990.0110,10.0209,1.1074,8.9135,0.1292,10.0695,0.4899,9.5796,0.0508,14990.0110,NA,NA,NA
ZoomTracks.exe,23252,0x195FDAD7F80,DXGI,0,512,1,Hardware: Independent Flip,15000.9738,NA,9.85540000000000,10.01920000000000,9.05670000000000,9.15860000000000,9.2620,15000.0319,9.9986,0.9419,9.0567,0.1778,9.9227,0.4623,9.4604,0.0017,15000.0319,NA,NA,NA
ZoomTracks.exe,23252,0x195FDAD7F80,DXGI,0,512,1,Hardware: Independent Flip,15010.8921,NA,9.91830000000000,9.99340000000000,9.12860000000000,9.32850000000000,9.3371,15010.0305,9.9902,0.8616,9.1286,0.1019,10.0882,0.5548,9.5334,0.0052,15010.0305,NA,NA,NA
ZoomTracks.exe,23252,0x195FDAD7F80,DXGI,0,512,1,Hardware: Independent Flip,15020.8731,NA,9.98100000000000,9.99170000000000,9.15450000000000,9.27880000000000,9.3478,15020.0207,10.0069,0.8524,9.1545,0.1999,9.9313,0.4371,9.4942,-0.0015,15020.0207,NA,NA,NA
ZoomTracks.exe,23252,0x195FDAD7F80,DXGI,0,512,1,Hardware: Independent Flip,15031.0311,NA,10.15800000000000,9.99100000000000,8.99070000000000,9.17410000000000,9.1808,15030.0276,9.9942,1.0035,8.9907,0.1243,10.0533,0.5426,9.5107,0.0159,15030.0276,NA,17.3463,17.3463
ZoomTracks.exe,23252,0x195FDAD7F80,DXGI,0,512,1,Hardware: Independent Flip,15040.8697,NA,9.83860000000000,10.00900000000000,9.15520000000000,9.34290000000000,9.3512,15040.0218,10.0031,0.8479,9.1552,0.1834,10.0074,0.4937,9.5137,-0.0148,15040.0218,NA,NA,NA
ZoomTracks.exe,23252,0x195FDAD7F80,DXGI,0,512,1,Hardware: Independent Flip,15050.9961,NA,10.12640000000000,9.98720000000000,9.02280000000000,9.20440000000000,9.2120,15050.0249,9.9940,0.9712,9.0228,0.1877,9.9879,0.5258,9.4621,0.0159,15050.0249,NA,15.3195,15.3195
ZoomTracks.exe,23252,0x195FDAD7F80,DXGI,0,512,1,Hardware: Independent Flip,15060.9187,NA,9.92260000000000,10.00910000000000,9.09900000000000,9.29140000000000,9.2985,15060.0189,9.9988,0.8998,9.0990,0.1816,10.0096,0.4855,9.5241,-0.0151,15060.0189,NA,NA,NA
ZoomTracks.exe,23252,0x195FDAD7F80,DXGI,0,512,1,Hardware: Independent Flip,15070.8868,NA,9.96810000000000,9.99720000000000,9.12650000000000,9.31970000000000,9.3276,15070.0177,9.9956,0.8691,9.1265,0.1924,9.9964,0.4874,9.5090,0.0016,15070.0177,NA,NA,NA
ZoomTracks.exe,23252,0x195FDAD7F80,DXGI,0,512,1,Hardware: Independent Flip,15080.8807,NA,9.99390000000000,10.01050000000000,9.12230000000000,9.33680000000000,9.3442,15080.0133,9.9897,0.8674,9.1223,0.1932,10.0110,0.5060,9.5050,-0.0149,15080.0133,NA,NA,NA
ZoomTracks.exe,23252,0x195FDAD7F80,DXGI,0,512,1,Hardware: Independent Flip,15090.8805,NA,9.99980000000000,9.91550000000000,9.10890000000000,9.25260000000000,9.2599,15090.0030,9.9864,0.8775,9.1089,0.2145,9.9156,0.4247,9.4909,0.0742,15090.0030,NA,NA,NA
ZoomTracks.exe,23252,0x195FDAD7F80,DXGI,0,512,1,Hardware: Independent Flip,15100.8110,NA,9.93050000000000,10.06550000000000,9.21250000000000,9.38750000000000,9.3949,15099.9894,10.0341,0.8216,9.2125,0.1437,10.0654,0.4770,9.5884,-0.0791,15099.9894,NA,NA,NA
ZoomTracks.exe,23252,0x195FDAD7F80,DXGI,0,512,1,Hardware: Independent Flip,15111.1436,NA,10.33260000000000,10.03590000000000,8.89310000000000,9.00410000000000,9.0982,15110.0235,10.0132,1.1201,8.8931,0.1750,9.9492,0.4255,9.5237,-0.0018,15110.0235,NA,12.3434,12.3434
ZoomTracks.exe,23252,0x195FDAD7F80,DXGI,0,512,1,Hardware: Independent Flip,15121.2808,NA,10.13720000000000,9.98950000000000,8.75350000000000,8.94190000000000,8.9505,15120.0367,9.9976,1.2441,8.7535,0.1110,10.0750,0.5151,9.5599,0.0237,15120.0367,NA,12.8483,12.8483
ZoomTracks.exe,23252,0x195FDAD7F80,DXGI,0,512,1,Hardware: Independent Flip,15130.9593,NA,9.67850000000000,9.98880000000000,9.04670000000000,9.17610000000000,9.2608,15130.0343,9.9717,0.9250,9.0467,0.1884,9.9127,0.4890,9.4237,0.0088,15130.0343,NA,NA,NA
ZoomTracks.exe,23252,0x195FDAD7F80,DXGI,0,512,1,Hardware: Independent Flip,15140.9048,NA,9.94550000000000,9.97340000000000,9.09290000000000,9.28150000000000,9.2887,15140.0060,9.9917,0.8988,9.0929,0.1294,10.0509,0.4719,9.5790,-0.0017,15140.0060,NA,NA,NA
ZoomTracks.exe,23252,0x195FDAD7F80,DXGI,0,512,1,Hardware: Independent Flip,15150.8442,NA,9.93940000000000,10.02070000000000,9.16560000000000,9.29860000000000,9.3700,15149.9977,10.0121,0.8465,9.1656,0.1886,9.9565,0.4252,9.5313,-0.0290,15149.9977,NA,NA,NA
ZoomTracks.exe,23252,0x195FDAD7F80,DXGI,0,512,1,Hardware: Independent Flip,15160.8677,NA,10.02350000000000,9.99140000000000,9.14720000000000,9.33110000000000,9.3379,15160.0098,10.0051,0.8579,9.1472,0.1330,10.0560,0.5346,9.5214,0.0207,15160.0098,NA,NA,NA
ZoomTracks.exe,23252,0x195FDAD7F80,DXGI,0,512,1,Hardware: Independent Flip,15170.9068,NA,10.03910000000000,9.99460000000000,9.09670000000000,9.28650000000000,9.2934,15170.0149,9.9886,0.8919,9.0967,0.1839,9.9945,0.4917,9.5028,0.0105,15170.0149,NA,NA,NA
ZoomTracks.exe,23252,0x195FDAD7F80,DXGI,0,512,1,Hardware: Independent Flip,15180.9334,NA,10.02660000000000,10.05640000000000,9.07030000000000,9.31510000000000,9.3232,15180.0035,10.0002,0.9299,9.0703,0.1898,10.0552,0.5867,9.4685,-0.0678,15180.0035,NA,NA,NA
ZoomTracks.exe,23252,0x195FDAD7F80,DXGI,0,512,1,Hardware: Independent Flip,15190.9431,NA,10.00970000000000,9.98620000000000,9.07720000000000,9.22040000000000,9.2997,15190.0037,10.0166,0.9394,9.0772,0.2448,9.9150,0.4280,9.4870,0.0140,15190.0037,NA,NA,NA
ZoomTracks.exe,23252,0x195FDAD7F80,DXGI,0,512,1,Hardware: Independent Flip,15200.8941,NA,9.95100000000000,9.95620000000000,9.13110000000000,9.29870000000000,9.3049,15200.0203,10.0049,0.8738,9.1311,0.1432,10.0293,0.5140,9.5153,0.0604,15200.0203,NA,NA,NA
ZoomTracks.exe,23252,0x195FDAD7F80,DXGI,0,512,1,Hardware: Independent Flip,15210.8504,NA,9.95630000000000,10.02330000000000,9.18490000000000,9.30490000000000,9.3719,15210.0252,10.0101,0.8252,9.1849,0.1676,9.9625,0.4367,9.5258,-0.0184,15210.0252,NA,NA,NA
ZoomTracks.exe,23252,0x195FDAD7F80,DXGI,0,512,1,Hardware: Independent Flip,15221.1418,NA,10.29140000000000,10.01080000000000,8.89840000000000,9.08310000000000,9.0913,15220.0353,10.0049,1.1065,8.8984,0.1200,10.0696,0.5757,9.4939,-0.0007,15220.0353,NA,11.3820,11.3820
ZoomTracks.exe,23252,0x195FDAD7F80,DXGI,0,512,1,Hardware: Independent Flip,15230.9489,NA,9.80710000000000,9.97440000000000,9.08710000000000,9.19540000000000,9.2586,15230.0402,9.9958,0.9087,9.0871,0.1847,9.9194,0.4851,9.4343,0.0305,15230.0402,NA,NA,NA
ZoomTracks.exe,23252,0x195FDAD7F80,DXGI,0,512,1,Hardware: Independent Flip,15240.9094,NA,9.96050000000000,10.04390000000000,9.11580000000000,9.33060000000000,9.3420,15240.0360,9.9892,0.8734,9.1158,0.1083,10.0957,0.5160,9.5797,-0.0481,15240.0360,NA,NA,NA
ZoomTracks.exe,23252,0x195FDAD7F80,DXGI,0,512,1,Hardware: Independent Flip,15251.0661,NA,10.15670000000000,9.98660000000000,8.94480000000000,9.08170000000000,9.1719,15250.0252,9.9857,1.0409,8.9448,0.2148,9.9078,0.4987,9.4091,0.0026,15250.0252,NA,NA,NA
ZoomTracks.exe,23252,0x195FDAD7F80,DXGI,0,512,1,Hardware: Independent Flip,15260.9282,NA,9.86210000000000,9.93080000000000,9.07630000000000,9.23170000000000,9.2406,15260.0109,9.9936,0.9173,9.0763,0.1369,10.0121,0.4415,9.5706,0.0549,15260.0109,NA,NA,NA
ZoomTracks.exe,23252,0x195FDAD7F80,DXGI,0,512,1,Hardware: Independent Flip,15271.0310,NA,10.10280000000000,10.02320000000000,8.97820000000000,9.15480000000000,9.1610,15270.0045,10.0047,1.0265,8.9782,0.1554,10.0259,0.5371,9.4888,-0.0296,15270.0045,NA,NA,NA
ZoomTracks.exe,23252,0x195FDAD7F80,DXGI,0,512,1,Hardware: Independent Flip,15280.8797,NA,9.84870000000000,10.05450000000000,9.17650000000000,9.35950000000000,9.3668,15280.0092,10.0470,0.8705,9.1765,0.1766,10.0534,0.4859,9.5675,-0.0498,15280.0092,NA,NA,NA
ZoomTracks.exe,23252,0x195FDAD7F80,DXGI,0,512,1,Hardware: Independent Flip,15290.9751,NA,10.09540000000000,9.97280000000000,9.04650000000000,9.23630000000000,9.2442,15290.0562,9.9654,0.9189,9.0465,0.1830,9.9722,0.6302,9.3420,0.0742,15290.0562,NA,NA,NA
ZoomTracks.exe,23252,0x195FDAD7F80,DXGI,0,512,1,Hardware: Independent Flip,15301.1571,NA,10.18200000000000,10.02130000000000,8.86580000000000,9.07640000000000,9.0835,15300.0216,10.0013,1.1355,8.8658,0.1898,10.0221,0.5785,9.4436,-0.0559,15300.0216,NA,18.8790,18.8790
ZoomTracks.exe,23252,0x195FDAD7F80,DXGI,0,512,1,Hardware: Independent Flip,15311.1847,NA,10.02760000000000,10.02380000000000,8.83530000000000,8.98730000000000,9.0797,15310.0229,9.9971,1.1618,8.8353,0.2106,9.9385,0.4776,9.4609,-0.0225,15310.0229,NA,12.3810,12.3810
ZoomTracks.exe,23252,0x195FDAD7F80,DXGI,0,512,1,Hardware: Independent Flip,15320.9197,NA,9.73500000000000,9.93360000000000,9.08090000000000,9.27090000000000,9.2783,15320.0200,9.9806,0.8997,9.0809,0.1520,10.0186,0.4804,9.5382,0.0635,15320.0200,NA,NA,NA
ZoomTracks.exe,23252,0x195FDAD7F80,DXGI,0,512,1,Hardware: Independent Flip,15330.8924,NA,9.97270000000000,10.01330000000000,9.12430000000000,9.31200000000000,9.3189,15330.0006,10.0161,0.8918,9.1243,0.1900,10.0138,0.5398,9.4740,-0.0327,15330.0006,NA,NA,NA
ZoomTracks.exe,23252,0x195FDAD7F80,DXGI,0,512,1,Hardware: Independent Flip,15340.9104,NA,10.01800000000000,9.99520000000000,9.08480000000000,9.28890000000000,9.2961,15340.0167,9.9785,0.8937,9.0848,0.1877,9.9949,0.4968,9.4981,0.0209,15340.0167,NA,NA,NA
ZoomTracks.exe,23252,0x195FDAD7F80,DXGI,0,512,1,Hardware: Independent Flip,15350.8922,NA,9.98180000000000,10.01220000000000,9.11540000000000,9.31850000000000,9.3265,15349.9952,10.0124,0.8970,9.1154,0.2041,10.0114,0.5617,9.4497,-0.0337,15349.9952,NA,NA,NA
ZoomTracks.exe,23252,0x195FDAD7F80,DXGI,0,512,1,Hardware: Independent Flip,15360.9784,NA,10.08620000000000,9.99920000000000,9.04650000000000,9.23270000000000,9.2395,15360.0076,10.0173,0.9708,9.0465,0.2031,10.0004,0.4980,9.5024,0.0132,15360.0076,NA,NA,NA
ZoomTracks.exe,23252,0x195FDAD7F80,DXGI,0,512,1,Hardware: Independent Flip,15370.9088,NA,9.93040000000000,10.00580000000000,9.12720000000000,9.30840000000000,9.3149,15370.0249,10.0111,0.8839,9.1272,0.1862,10.0061,0.4935,9.5126,0.0115,15370.0249,NA,NA,NA
ZoomTracks.exe,23252,0x195FDAD7F80,DXGI,0,512,1,Hardware: Independent Flip,15381.0324,NA,10.12360000000000,10.02240000000000,8.97540000000000,9.20830000000000,9.2137,15380.0360,9.9718,0.9964,8.9754,0.1812,10.0235,0.5365,9.4870,-0.0113,15380.0360,NA,15.3686,15.3686
ZoomTracks.exe,23252,0x195FDAD7F80,DXGI,0,512,1,Hardware: Independent Flip,15390.9460,NA,9.91360000000000,9.91260000000000,9.07880000000000,9.20390000000000,9.2127,15390.0078,10.0170,0.9382,9.0788,0.2329,9.9092,0.5075,9.4017,0.0592,15390.0078,NA,NA,NA
ZoomTracks.exe,23252,0x195FDAD7F80,DXGI,0,512,1,Hardware: Independent Flip,15400.9359,NA,9.98990000000000,10.05940000000000,9.08350000000000,9.27430000000000,9.2822,15400.0248,9.9946,0.9111,9.0835,0.1251,10.0603,0.4911,9.5692,-0.0424,15400.0248,NA,15.3360,15.3360
ZoomTracks.exe,23252,0x195FDAD7F80,DXGI,0,512,1,Hardware: Independent Flip,15410.8750,NA,9.93910000000000,10.08400000000000,9.14350000000000,9.30300000000000,9.4271,15410.0194,9.9991,0.8556,9.1435,0.1908,9.9678,0.5146,9.4532,-0.0894,15410.0194,NA,NA,NA
ZoomTracks.exe,23252,0x195FDAD7F80,DXGI,0,512,1,Hardware: Independent Flip,15420.9739,NA,10.09890000000000,9.90570000000000,9.03280000000000,9.22620000000000,9.2339,15420.0185,9.9882,0.9554,9.0328,0.1595,10.0221,0.4814,9.5407,0.0934,15420.0185,NA,NA,NA
ZoomTracks.exe,23252,0x195FDAD7F80,DXGI,0,512,1,Hardware: Independent Flip,15430.9291,NA,9.95520000000000,10.09040000000000,9.07160000000000,9.36250000000000,9.3691,15430.0067,9.9940,0.9224,9.0716,0.1934,10.0915,0.5856,9.5059,-0.1022,15430.0067,NA,NA,NA
ZoomTracks.exe,23252,0x195FDAD7F80,DXGI,0,512,1,Hardware: Independent Flip,15440.9553,NA,10.02620000000000,9.90350000000000,9.04660000000000,9.23920000000000,9.2464,15440.0007,10.0012,0.9546,9.0466,0.2909,9.9029,0.5588,9.3441,0.0905,15440.0007,NA,NA,NA
ZoomTracks.exe,23252,0x195FDAD7F80,DXGI,0,512,1,Hardware: Independent Flip,15450.8493,NA,9.89400000000000,10.00810000000000,9.22890000000000,9.35300000000000,9.3605,15450.0019,10.0763,0.8474,9.2289,0.1926,10.0078,0.4924,9.5154,-0.0069,15450.0019,NA,NA,NA
ZoomTracks.exe,23252,0x195FDAD7F80,DXGI,0,512,1,Hardware: Independent Flip,15461.2091,NA,10.35980000000000,10.08670000000000,8.80550000000000,8.94570000000000,9.0874,15460.0782,9.9364,1.1309,8.8055,0.1241,9.9525,0.5739,9.3786,-0.0104,15460.0782,NA,13.4088,13.4088
ZoomTracks.exe,23252,0x195FDAD7F80,DXGI,0,512,1,Hardware: Independent Flip,15470.9699,NA,9.76080000000000,9.91120000000000,9.05350000000000,9.23010000000000,9.2378,15470.0146,10.0088,0.9553,9.0535,0.1402,10.0452,0.4817,9.5635,0.0252,15470.0146,NA,NA,NA
ZoomTracks.exe,23252,0x195FDAD7F80,DXGI,0,512,1,Hardware: Independent Flip,15480.9149,NA,9.94500000000000,10.13290000000000,9.10580000000000,9.28660000000000,9.4257,15480.0234,9.9973,0.8915,9.1058,0.1766,10.0015,0.5379,9.4636,-0.1241,15480.0234,NA,NA,NA
ZoomTracks.exe,23252,0x195FDAD7F80,DXGI,0,512,1,Hardware: Independent Flip,15490.9945,NA,10.07960000000000,9.88350000000000,9.04290000000000,9.15990000000000,9.2296,15490.0207,10.0167,0.9738,9.0429,0.1808,9.9529,0.4284,9.5245,0.1138,15490.0207,NA,NA,NA
ZoomTracks.exe,23252,0x195FDAD7F80,DXGI,0,512,1,Hardware: Independent Flip,15501.4178,NA,10.42330000000000,9.98950000000000,8.61600000000000,8.78790000000000,8.7958,15500.0374,9.9964,1.3804,8.6160,0.1170,10.0513,0.5557,9.4956,0.0272,15500.0374,NA,19.3441,19.3441
ZoomTracks.exe,23252,0x195FDAD7F80,DXGI,0,512,1,Hardware: Independent Flip,15510.9967,NA,9.57890000000000,10.03110000000000,9.00970000000000,9.14250000000000,9.2480,15510.0338,9.9726,0.9629,9.0097,0.1719,9.9335,0.4231,9.5104,-0.0347,15510.0338,NA,NA,NA
ZoomTracks.exe,23252,0x195FDAD7F80,DXGI,0,512,1,Hardware: Independent Flip,15520.9307,NA,9.93400000000000,9.96680000000000,9.08340000000000,9.27400000000000,9.2808,15520.0064,10.0077,0.9243,9.0834,0.1328,10.0655,0.4957,9.5698,0.0058,15520.0064,NA,NA,NA
ZoomTracks.exe,23252,0x195FDAD7F80,DXGI,0,512,1,Hardware: Independent Flip,15530.9375,NA,10.00680000000000,10.14180000000000,9.07350000000000,9.26610000000000,9.4158,15530.0141,9.9969,0.9234,9.0735,0.1906,9.9989,0.5022,9.4967,-0.1341,15530.0141,NA,NA,NA
ZoomTracks.exe,23252,0x195FDAD7F80,DXGI,0,512,1,Hardware: Independent Flip,15541.0331,NA,10.09560000000000,9.84510000000000,8.99560000000000,9.15830000000000,9.1653,15540.0110,10.0177,1.0221,8.9956,0.1926,9.9878,0.4810,9.5068,0.1518,15540.0110,NA,NA,NA
ZoomTracks.exe,23252,0x195FDAD7F80,DXGI,0,512,1,Hardware: Independent Flip,15551.0511,NA,10.01800000000000,10.33250000000000,8.95920000000000,9.47240000000000,9.4798,15550.0287,9.9816,1.0224,8.9592,0.1627,10.3321,0.8101,9.5220,-0.3148,15550.0287,NA,11.6644,11.6644
ZoomTracks.exe,23252,0x195FDAD7F80,DXGI,0,512,1,Hardware: Independent Flip,15561.2063,NA,10.15520000000000,9.69360000000000,8.83040000000000,8.94940000000000,9.0182,15560.0103,10.0264,1.1960,8.8304,0.5132,9.6322,0.4979,9.1343,0.2880,15560.0103,NA,NA,NA
ZoomTracks.exe,23252,0x195FDAD7F80,DXGI,0,512,1,Hardware: Independent Flip,15570.8790,NA,9.67270000000000,9.99220000000000,9.13940000000000,9.33020000000000,9.3377,15570.0367,9.9817,0.8423,9.1394,0.1190,10.0535,0.4941,9.5594,0.0342,15570.0367,NA,NA,NA
ZoomTracks.exe,23252,0x195FDAD7F80,DXGI,0,512,1,Hardware: Independent Flip,15580.8946,NA,10.01560000000000,10.32340000000000,9.12030000000000,9.31280000000000,9.6455,15580.0184,9.9965,0.8762,9.1203,0.1908,9.9982,0.4944,9.5038,-0.3417,15580.0184,NA,NA,NA
ZoomTracks.exe,23252,0x195FDAD7F80,DXGI,0,512,1,Hardware: Independent Flip,15591.2840,NA,10.38940000000000,9.66880000000000,8.74000000000000,8.91740000000000,8.9249,15590.0149,10.0091,1.2691,8.7400,0.1925,9.9940,0.5479,9.4461,0.3277,15590.0149,NA,NA,NA
ZoomTracks.exe,23252,0x195FDAD7F80,DXGI,0,512,1,Hardware: Independent Flip,15600.8660,NA,9.58200000000000,10.17830000000000,9.14100000000000,9.29410000000000,9.5212,15600.0240,9.9830,0.8420,9.1410,0.1774,9.9587,0.4361,9.5226,-0.1692,15600.0240,NA,NA,NA
ZoomTracks.exe,23252,0x195FDAD7F80,DXGI,0,512,1,Hardware: Independent Flip,15611.0971,NA,10.23110000000000,9.82890000000000,8.94340000000000,8.99960000000000,9.1190,15610.0070,10.0335,1.0901,8.9434,0.1531,9.9366,0.3753,9.5613,0.1541,15610.0070,NA,NA,NA
ZoomTracks.exe,23252,0x195FDAD7F80,DXGI,0,512,1,Hardware: Independent Flip,15621.1795,NA,10.08240000000000,10.01420000000000,8.83420000000000,9.04110000000000,9.0508,15620.0405,9.9732,1.1390,8.8342,0.0562,10.1239,0.6318,9.4921,0.0193,15620.0405,NA,15.3516,15.3516
ZoomTracks.exe,23252,0x195FDAD7F80,DXGI,0,512,1,Hardware: Independent Flip,15631.1968,NA,10.01730000000000,10.18550000000000,8.80950000000000,8.94740000000000,9.2190,15630.0137,9.9926,1.1831,8.8095,0.2069,9.9236,0.4522,9.4714,-0.2123,15630.0137,NA,17.5581,17.5581
ZoomTracks.exe,23252,0x195FDAD7F80,DXGI,0,512,1,Hardware: Independent Flip,15641.1200,NA,9.92320000000000,9.79000000000000,8.88690000000000,9.07770000000000,9.0858,15640.0063,10.0006,1.1137,8.8869,0.1379,10.0535,0.5461,9.5074,0.2026,15640.0063,NA,NA,NA
ZoomTracks.exe,23252,0x195FDAD7F80,DXGI,0,512,1,Hardware: Independent Flip,15650.8618,NA,9.74180000000000,10.01220000000000,9.14410000000000,9.27690000000000,9.3562,15650.0069,9.9990,0.8549,9.1441,0.1908,9.9410,0.4287,9.5123,-0.0116,15650.0069,NA,NA,NA
ZoomTracks.exe,23252,0x195FDAD7F80,DXGI,0,512,1,Hardware: Independent Flip,15660.8864,NA,10.02460000000000,9.99610000000000,9.13390000000000,9.32020000000000,9.3277,15660.0059,10.0144,0.8805,9.1339,0.1328,10.0679,0.4966,9.5713,0.0029,15660.0059,NA,NA,NA
ZoomTracks.exe,23252,0x195FDAD7F80,DXGI,0,512,1,Hardware: Independent Flip,15670.9083,NA,10.02190000000000,10.04520000000000,9.10300000000000,9.28540000000000,9.3510,15670.0203,9.9910,0.8880,9.1030,0.1863,9.9871,0.5507,9.4364,-0.0308,15670.0203,NA,NA,NA
ZoomTracks.exe,23252,0x195FDAD7F80,DXGI,0,512,1,Hardware: Independent Flip,15681.0301,NA,10.12180000000000,9.94110000000000,8.97170000000000,9.16400000000000,9.1703,15680.0113,9.9905,1.0188,8.9717,0.1824,10.0004,0.4904,9.5100,0.0499,15680.0113,NA,12.3253,12.3253
ZoomTracks.exe,23252,0x195FDAD7F80,DXGI,0,512,1,Hardware: Independent Flip,15690.9880,NA,9.95790000000000,9.95050000000000,9.03350000000000,9.14700000000000,9.1629,15690.0018,10.0197,0.9862,9.0335,0.1923,9.9409,0.5006,9.4403,0.0400,15690.0018,NA,NA,NA
ZoomTracks.exe,23252,0x195FDAD7F80,DXGI,0,512,1,Hardware: Independent Flip,15701.0507,NA,10.06270000000000,10.07720000000000,8.97870000000000,9.16990000000000,9.1774,15700.0215,10.0079,1.0292,8.9787,0.1135,10.0856,0.4990,9.5866,-0.0575,15700.0215,NA,NA,NA
ZoomTracks.exe,23252,0x195FDAD7F80,DXGI,0,512,1,Hardware: Independent Flip,15710.9756,NA,9.92490000000000,9.96320000000000,9.03320000000000,9.13200000000000,9.2157,15710.0294,9.9794,0.9462,9.0332,0.1912,9.8870,0.4775,9.4095,0.0447,15710.0294,NA,NA,NA
ZoomTracks.exe,23252,0x195FDAD7F80,DXGI,0,512,1,Hardware: Independent Flip,15720.8470,NA,9.87140000000000,10.01820000000000,9.17370000000000,9.35530000000000,9.3625,15720.0088,10.0119,0.8382,9.1737,0.0988,10.0947,0.4791,9.6156,-0.0388,15720.0088,NA,NA,NA
ZoomTracks.exe,23252,0x195FDAD7F80,DXGI,0,512,1,Hardware: Independent Flip,15731.0079,NA,10.16090000000000,10.12010000000000,9.01590000000000,9.15420000000000,9.3217,15730.0207,10.0031,0.9872,9.0159,0.1816,9.9598,0.5078,9.4520,-0.1082,15730.0207,NA,NA,NA
ZoomTracks.exe,23252,0x195FDAD7F80,DXGI,0,512,1,Hardware: Independent Flip,15741.1367,NA,10.12880000000000,9.86670000000000,8.86360000000000,9.05270000000000,9.0596,15740.0238,9.9765,1.1129,8.8636,0.1383,10.0273,0.5515,9.4758,0.1364,15740.0238,NA,NA,NA
ZoomTracks.exe,23252,0x195FDAD7F80,DXGI,0,512,1,Hardware: Independent Flip,15750.8669,NA,9.73020000000000,10.02610000000000,9.17150000000000,9.34720000000000,9.3555,15750.0003,10.0381,0.8666,9.1715,0.1891,10.0247,0.4869,9.5378,-0.0496,15750.0003,NA,NA,NA
ZoomTracks.exe,23252,0x195FDAD7F80,DXGI,0,512,1,Hardware: Independent Flip,15761.4021,NA,10.53520000000000,9.96690000000000,8.63390000000000,8.77710000000000,8.7872,15760.0384,9.9976,1.3637,8.6339,0.1757,9.9651,0.4790,9.4861,0.0712,15760.0384,NA,11.3181,11.3181
ZoomTracks.exe,23252,0x195FDAD7F80,DXGI,0,512,1,Hardware: Independent Flip,15771.0237,NA,9.62160000000000,10.00240000000000,8.98370000000000,9.16150000000000,9.1680,15770.0360,9.9714,0.9877,8.9837,0.1432,10.0060,0.5533,9.4527,-0.0048,15770.0360,NA,NA,NA
ZoomTracks.exe,23252,0x195FDAD7F80,DXGI,0,512,1,Hardware: Independent Flip,15780.9897,NA,9.96600000000000,9.99980000000000,9.01620000000000,9.19570000000000,9.2018,15780.0074,9.9985,0.9823,9.0162,0.1778,10.0002,0.5412,9.4590,-0.0284,15780.0074,NA,NA,NA
ZoomTracks.exe,23252,0x195FDAD7F80,DXGI,0,512,1,Hardware: Independent Flip,15790.8609,NA,9.87120000000000,10.01100000000000,9.15440000000000,9.33490000000000,9.3416,15790.0059,10.0094,0.8550,9.1544,0.1795,10.0104,0.4834,9.5270,-0.0125,15790.0059,NA,NA,NA
ZoomTracks.exe,23252,0x195FDAD7F80,DXGI,0,512,1,Hardware: Independent Flip,15800.8766,NA,10.01570000000000,10.00160000000000,9.15410000000000,9.32110000000000,9.3275,15800.0153,10.0154,0.8613,9.1541,0.1805,10.0019,0.5219,9.4800,0.0078,15800.0153,NA,NA,NA
ZoomTracks.exe,23252,0x195FDAD7F80,DXGI,0,512,1,Hardware: Independent Flip,15810.8549,NA,9.97830000000000,10.01100000000000,9.16520000000000,9.35300000000000,9.3602,15810.0307,9.9894,0.8242,9.1652,0.1670,10.0102,0.4866,9.5236,0.0044,15810.0307,NA,NA,NA
ZoomTracks.exe,23252,0x195FDAD7F80,DXGI,0,512,1,Hardware: Independent Flip,15820.8970,NA,10.04210000000000,10.01600000000000,9.12840000000000,9.27080000000000,9.3341,15820.0201,10.0053,0.8769,9.1284,0.1878,9.9599,0.4593,9.5006,-0.0266,15820.0201,NA,NA,NA
ZoomTracks.exe,23252,0x195FDAD7F80,DXGI,0,512,1,Hardware: Independent Flip,15830.9882,NA,10.09120000000000,9.96630000000000,9.02070000000000,9.20280000000000,9.2092,15830.0254,9.9835,0.9628,9.0207,0.1424,10.0232,0.6190,9.4042,0.0390,15830.0254,NA,NA,NA
ZoomTracks.exe,23252,0x195FDAD7F80,DXGI,0,512,1,Hardware: Independent Flip,15840.9135,NA,9.92530000000000,9.96780000000000,9.10880000000000,9.24220000000000,9.2517,15840.0089,10.0134,0.9046,9.1088,0.1821,9.9647,0.5254,9.4393,0.0157,15840.0089,NA,NA,NA
ZoomTracks.exe,23252,0x195FDAD7F80,DXGI,0,512,1,Hardware: Independent Flip,15850.8460,NA,9.93250000000000,10.04770000000000,9.18910000000000,9.35950000000000,9.3669,15850.0223,10.0128,0.8237,9.1891,0.1334,10.0498,0.5190,9.5308,-0.0343,15850.0223,NA,NA,NA
ZoomTracks.exe,23252,0x195FDAD7F80,DXGI,0,512,1,Hardware: Independent Flip,15860.9103,NA,10.06430000000000,9.92010000000000,9.10170000000000,9.21570000000000,9.2227,15860.0351,9.9769,0.8752,9.1017,0.1704,9.9205,0.4065,9.5140,0.0927,15860.0351,NA,NA,NA
ZoomTracks.exe,23252,0x195FDAD7F80,DXGI,0,512,1,Hardware: Independent Flip,15870.8516,NA,9.94130000000000,10.10560000000000,9.18110000000000,9.38010000000000,9.3870,15870.0120,10.0207,0.8396,9.1811,0.1140,10.1057,0.6204,9.4853,-0.1287,15870.0120,NA,NA,NA
ZoomTracks.exe,23252,0x195FDAD7F80,DXGI,0,512,1,Hardware: Independent Flip,15881.0048,NA,10.15320000000000,10.05000000000000,9.02990000000000,9.15400000000000,9.2838,15880.0327,10.0020,0.9721,9.0299,0.1990,9.9271,0.4367,9.4904,-0.0293,15880.0327,NA,NA,NA
